solid OpenSCAD_Model
  facet normal 0 0.130588 -0.991437
    outer loop
      vertex 51.5 1.27683 -14.5943
      vertex 21.6073 2.54395 -14.4274
      vertex 51.5 2.54395 -14.4274
    endloop
  endfacet
  facet normal 0 0.130588 -0.991437
    outer loop
      vertex 21.6073 2.54395 -14.4274
      vertex 51.5 1.27683 -14.5943
      vertex 21.501 1.27683 -14.5943
    endloop
  endfacet
  facet normal 0 0.0435822 -0.99905
    outer loop
      vertex 51.5 0 -14.65
      vertex 21.501 1.27683 -14.5943
      vertex 51.5 1.27683 -14.5943
    endloop
  endfacet
  facet normal 0 0.0435822 -0.99905
    outer loop
      vertex 21.501 1.27683 -14.5943
      vertex 51.5 0 -14.65
      vertex 21.4655 0 -14.65
    endloop
  endfacet
  facet normal 0 0.216425 -0.976299
    outer loop
      vertex 51.5 2.54395 -14.4274
      vertex 21.7835 3.7917 -14.1508
      vertex 51.5 3.7917 -14.1508
    endloop
  endfacet
  facet normal 0 0.216425 -0.976299
    outer loop
      vertex 21.7835 3.7917 -14.1508
      vertex 51.5 2.54395 -14.4274
      vertex 21.6073 2.54395 -14.4274
    endloop
  endfacet
  facet normal 0 0.923877 -0.382689
    outer loop
      vertex 51.5 13.2774 -6.19136
      vertex 8 13.7665 -5.01059
      vertex 51.5 13.7665 -5.01059
    endloop
  endfacet
  facet normal 0 0.923877 -0.382689
    outer loop
      vertex 8 13.7665 -5.01059
      vertex 51.5 13.2774 -6.19136
      vertex 8 13.2774 -6.19136
    endloop
  endfacet
  facet normal -0 0.0435822 0.99905
    outer loop
      vertex 21.501 1.27683 14.5943
      vertex 51.5 0 14.65
      vertex 51.5 1.27683 14.5943
    endloop
  endfacet
  facet normal 0 0.0435822 0.99905
    outer loop
      vertex 51.5 0 14.65
      vertex 21.501 1.27683 14.5943
      vertex 21.4655 0 14.65
    endloop
  endfacet
  facet normal 0 0.675623 -0.737247
    outer loop
      vertex 8 9.41684 -11.2226
      vertex 51.5 10.3591 -10.3591
      vertex 51.5 9.41684 -11.2226
    endloop
  endfacet
  facet normal 0 0.675623 -0.737247
    outer loop
      vertex 51.5 10.3591 -10.3591
      vertex 8 9.41684 -11.2226
      vertex 8 10.3591 -10.3591
    endloop
  endfacet
  facet normal -8.27496e-07 -0.300695 0.95372
    outer loop
      vertex 51.5 -3.7917 14.1508
      vertex 21.8254 -4 14.0851
      vertex 51.5 -5.01059 13.7665
    endloop
  endfacet
  facet normal 0 -0.300803 0.953686
    outer loop
      vertex 21.8254 -4 14.0851
      vertex 51.5 -3.7917 14.1508
      vertex 21.7835 -3.7917 14.1508
    endloop
  endfacet
  facet normal 0 -0.300673 0.953727
    outer loop
      vertex 8 -5.01059 13.7665
      vertex 21.8254 -4 14.0851
      vertex 8 -4 14.0851
    endloop
  endfacet
  facet normal 0 -0.300673 0.953727
    outer loop
      vertex 21.8254 -4 14.0851
      vertex 8 -5.01059 13.7665
      vertex 51.5 -5.01059 13.7665
    endloop
  endfacet
  facet normal 0 0.991437 0.130588
    outer loop
      vertex 51.5 14.5943 1.27683
      vertex 8 14.4274 2.54395
      vertex 51.5 14.4274 2.54395
    endloop
  endfacet
  facet normal 0 0.991437 0.130588
    outer loop
      vertex 8 14.4274 2.54395
      vertex 51.5 14.5943 1.27683
      vertex 8 14.5943 1.27683
    endloop
  endfacet
  facet normal 0 -0.737247 0.675623
    outer loop
      vertex 8 -11.2226 9.41684
      vertex 51.5 -10.3591 10.3591
      vertex 8 -10.3591 10.3591
    endloop
  endfacet
  facet normal 0 -0.737247 0.675623
    outer loop
      vertex 51.5 -10.3591 10.3591
      vertex 8 -11.2226 9.41684
      vertex 51.5 -11.2226 9.41684
    endloop
  endfacet
  facet normal 0 -0.991437 -0.130588
    outer loop
      vertex 8 -14.4274 -2.54395
      vertex 51.5 -14.5943 -1.27683
      vertex 8 -14.5943 -1.27683
    endloop
  endfacet
  facet normal 0 -0.991437 -0.130588
    outer loop
      vertex 51.5 -14.5943 -1.27683
      vertex 8 -14.4274 -2.54395
      vertex 51.5 -14.4274 -2.54395
    endloop
  endfacet
  facet normal 0 -0.608746 0.793365
    outer loop
      vertex 8 -8.40289 12.0006
      vertex 51.5 -9.41684 11.2226
      vertex 51.5 -8.40289 12.0006
    endloop
  endfacet
  facet normal 0 -0.608746 0.793365
    outer loop
      vertex 51.5 -9.41684 11.2226
      vertex 8 -8.40289 12.0006
      vertex 8 -9.41684 11.2226
    endloop
  endfacet
  facet normal 0 -0.923877 -0.382689
    outer loop
      vertex 8 -13.2774 -6.19136
      vertex 51.5 -13.7665 -5.01059
      vertex 8 -13.7665 -5.01059
    endloop
  endfacet
  facet normal 0 -0.923877 -0.382689
    outer loop
      vertex 51.5 -13.7665 -5.01059
      vertex 8 -13.2774 -6.19136
      vertex 51.5 -13.2774 -6.19136
    endloop
  endfacet
  facet normal 0 -0.675623 -0.737247
    outer loop
      vertex 8 -10.3591 -10.3591
      vertex 51.5 -9.41684 -11.2226
      vertex 51.5 -10.3591 -10.3591
    endloop
  endfacet
  facet normal -0 -0.675623 -0.737247
    outer loop
      vertex 51.5 -9.41684 -11.2226
      vertex 8 -10.3591 -10.3591
      vertex 8 -9.41684 -11.2226
    endloop
  endfacet
  facet normal 0 -0.537304 0.843388
    outer loop
      vertex 8 -7.325 12.6873
      vertex 51.5 -8.40289 12.0006
      vertex 51.5 -7.325 12.6873
    endloop
  endfacet
  facet normal 0 -0.537304 0.843388
    outer loop
      vertex 51.5 -8.40289 12.0006
      vertex 8 -7.325 12.6873
      vertex 8 -8.40289 12.0006
    endloop
  endfacet
  facet normal 0 -0.793365 0.608746
    outer loop
      vertex 8 -12.0006 8.40289
      vertex 51.5 -11.2226 9.41684
      vertex 8 -11.2226 9.41684
    endloop
  endfacet
  facet normal 0 -0.793365 0.608746
    outer loop
      vertex 51.5 -11.2226 9.41684
      vertex 8 -12.0006 8.40289
      vertex 51.5 -12.0006 8.40289
    endloop
  endfacet
  facet normal 0 0.843388 0.537304
    outer loop
      vertex 51.5 12.6873 7.325
      vertex 8 12.0006 8.40289
      vertex 51.5 12.0006 8.40289
    endloop
  endfacet
  facet normal 0 0.843388 0.537304
    outer loop
      vertex 8 12.0006 8.40289
      vertex 51.5 12.6873 7.325
      vertex 8 12.6873 7.325
    endloop
  endfacet
  facet normal 0 0.887022 -0.461727
    outer loop
      vertex 51.5 12.6873 -7.325
      vertex 8 13.2774 -6.19136
      vertex 51.5 13.2774 -6.19136
    endloop
  endfacet
  facet normal 0 0.887022 -0.461727
    outer loop
      vertex 8 13.2774 -6.19136
      vertex 51.5 12.6873 -7.325
      vertex 8 12.6873 -7.325
    endloop
  endfacet
  facet normal 0 -0.461727 0.887022
    outer loop
      vertex 8 -6.19136 13.2774
      vertex 51.5 -7.325 12.6873
      vertex 51.5 -6.19136 13.2774
    endloop
  endfacet
  facet normal 0 -0.461727 0.887022
    outer loop
      vertex 51.5 -7.325 12.6873
      vertex 8 -6.19136 13.2774
      vertex 8 -7.325 12.6873
    endloop
  endfacet
  facet normal 0 -0.216425 0.976299
    outer loop
      vertex 51.5 -2.54395 14.4274
      vertex 21.7835 -3.7917 14.1508
      vertex 51.5 -3.7917 14.1508
    endloop
  endfacet
  facet normal 0 -0.216425 0.976299
    outer loop
      vertex 21.7835 -3.7917 14.1508
      vertex 51.5 -2.54395 14.4274
      vertex 21.6073 -2.54395 14.4274
    endloop
  endfacet
  facet normal -8.27496e-07 -0.300695 -0.95372
    outer loop
      vertex 51.5 -5.01059 -13.7665
      vertex 21.8254 -4 -14.0851
      vertex 51.5 -3.7917 -14.1508
    endloop
  endfacet
  facet normal 0 -0.300673 -0.953727
    outer loop
      vertex 8 -5.01059 -13.7665
      vertex 21.8254 -4 -14.0851
      vertex 51.5 -5.01059 -13.7665
    endloop
  endfacet
  facet normal -0 -0.300673 -0.953727
    outer loop
      vertex 21.8254 -4 -14.0851
      vertex 8 -5.01059 -13.7665
      vertex 8 -4 -14.0851
    endloop
  endfacet
  facet normal -0 -0.300803 -0.953686
    outer loop
      vertex 51.5 -3.7917 -14.1508
      vertex 21.8254 -4 -14.0851
      vertex 21.7835 -3.7917 -14.1508
    endloop
  endfacet
  facet normal 0 0.976299 -0.216425
    outer loop
      vertex 51.5 14.1508 -3.7917
      vertex 8 14.4274 -2.54395
      vertex 51.5 14.4274 -2.54395
    endloop
  endfacet
  facet normal 0 0.976299 -0.216425
    outer loop
      vertex 8 14.4274 -2.54395
      vertex 51.5 14.1508 -3.7917
      vertex 8 14.1508 -3.7917
    endloop
  endfacet
  facet normal -0 0.216425 0.976299
    outer loop
      vertex 21.7835 3.7917 14.1508
      vertex 51.5 2.54395 14.4274
      vertex 51.5 3.7917 14.1508
    endloop
  endfacet
  facet normal 0 0.216425 0.976299
    outer loop
      vertex 51.5 2.54395 14.4274
      vertex 21.7835 3.7917 14.1508
      vertex 21.6073 2.54395 14.4274
    endloop
  endfacet
  facet normal 0 0.95372 0.300695
    outer loop
      vertex 51.5 14.1508 3.7917
      vertex 8 13.7665 5.01059
      vertex 51.5 13.7665 5.01059
    endloop
  endfacet
  facet normal 0 0.95372 0.300695
    outer loop
      vertex 8 13.7665 5.01059
      vertex 51.5 14.1508 3.7917
      vertex 8 14.1508 3.7917
    endloop
  endfacet
  facet normal 0 -0.976299 -0.216425
    outer loop
      vertex 8 -14.1508 -3.7917
      vertex 51.5 -14.4274 -2.54395
      vertex 8 -14.4274 -2.54395
    endloop
  endfacet
  facet normal 0 -0.976299 -0.216425
    outer loop
      vertex 51.5 -14.4274 -2.54395
      vertex 8 -14.1508 -3.7917
      vertex 51.5 -14.1508 -3.7917
    endloop
  endfacet
  facet normal 0 -0.991437 0.130588
    outer loop
      vertex 8 -14.5943 1.27683
      vertex 51.5 -14.4274 2.54395
      vertex 8 -14.4274 2.54395
    endloop
  endfacet
  facet normal 0 -0.991437 0.130588
    outer loop
      vertex 51.5 -14.4274 2.54395
      vertex 8 -14.5943 1.27683
      vertex 51.5 -14.5943 1.27683
    endloop
  endfacet
  facet normal 0 0.976299 0.216425
    outer loop
      vertex 51.5 14.4274 2.54395
      vertex 8 14.1508 3.7917
      vertex 51.5 14.1508 3.7917
    endloop
  endfacet
  facet normal 0 0.976299 0.216425
    outer loop
      vertex 8 14.1508 3.7917
      vertex 51.5 14.4274 2.54395
      vertex 8 14.4274 2.54395
    endloop
  endfacet
  facet normal 0 0.537304 -0.843388
    outer loop
      vertex 8 7.325 -12.6873
      vertex 51.5 8.40289 -12.0006
      vertex 51.5 7.325 -12.6873
    endloop
  endfacet
  facet normal 0 0.537304 -0.843388
    outer loop
      vertex 51.5 8.40289 -12.0006
      vertex 8 7.325 -12.6873
      vertex 8 8.40289 -12.0006
    endloop
  endfacet
  facet normal 0 -0.923877 0.382689
    outer loop
      vertex 8 -13.7665 5.01059
      vertex 51.5 -13.2774 6.19136
      vertex 8 -13.2774 6.19136
    endloop
  endfacet
  facet normal 0 -0.923877 0.382689
    outer loop
      vertex 51.5 -13.2774 6.19136
      vertex 8 -13.7665 5.01059
      vertex 51.5 -13.7665 5.01059
    endloop
  endfacet
  facet normal 0 0.843388 -0.537304
    outer loop
      vertex 51.5 12.0006 -8.40289
      vertex 8 12.6873 -7.325
      vertex 51.5 12.6873 -7.325
    endloop
  endfacet
  facet normal 0 0.843388 -0.537304
    outer loop
      vertex 8 12.6873 -7.325
      vertex 51.5 12.0006 -8.40289
      vertex 8 12.0006 -8.40289
    endloop
  endfacet
  facet normal 0 -0.0435822 -0.99905
    outer loop
      vertex 21.501 -1.27683 -14.5943
      vertex 51.5 0 -14.65
      vertex 51.5 -1.27683 -14.5943
    endloop
  endfacet
  facet normal -0 -0.0435822 -0.99905
    outer loop
      vertex 51.5 0 -14.65
      vertex 21.501 -1.27683 -14.5943
      vertex 21.4655 0 -14.65
    endloop
  endfacet
  facet normal -0 0.675623 0.737247
    outer loop
      vertex 8 10.3591 10.3591
      vertex 51.5 9.41684 11.2226
      vertex 51.5 10.3591 10.3591
    endloop
  endfacet
  facet normal 0 0.675623 0.737247
    outer loop
      vertex 51.5 9.41684 11.2226
      vertex 8 10.3591 10.3591
      vertex 8 9.41684 11.2226
    endloop
  endfacet
  facet normal 0 -0.461727 -0.887022
    outer loop
      vertex 8 -7.325 -12.6873
      vertex 51.5 -6.19136 -13.2774
      vertex 51.5 -7.325 -12.6873
    endloop
  endfacet
  facet normal -0 -0.461727 -0.887022
    outer loop
      vertex 51.5 -6.19136 -13.2774
      vertex 8 -7.325 -12.6873
      vertex 8 -6.19136 -13.2774
    endloop
  endfacet
  facet normal 0 0.923877 0.382689
    outer loop
      vertex 51.5 13.7665 5.01059
      vertex 8 13.2774 6.19136
      vertex 51.5 13.2774 6.19136
    endloop
  endfacet
  facet normal 0 0.923877 0.382689
    outer loop
      vertex 8 13.2774 6.19136
      vertex 51.5 13.7665 5.01059
      vertex 8 13.7665 5.01059
    endloop
  endfacet
  facet normal 0 0.793365 -0.608746
    outer loop
      vertex 51.5 11.2226 -9.41684
      vertex 8 12.0006 -8.40289
      vertex 51.5 12.0006 -8.40289
    endloop
  endfacet
  facet normal 0 0.793365 -0.608746
    outer loop
      vertex 8 12.0006 -8.40289
      vertex 51.5 11.2226 -9.41684
      vertex 8 11.2226 -9.41684
    endloop
  endfacet
  facet normal 0 0.793365 0.608746
    outer loop
      vertex 51.5 12.0006 8.40289
      vertex 8 11.2226 9.41684
      vertex 51.5 11.2226 9.41684
    endloop
  endfacet
  facet normal 0 0.793365 0.608746
    outer loop
      vertex 8 11.2226 9.41684
      vertex 51.5 12.0006 8.40289
      vertex 8 12.0006 8.40289
    endloop
  endfacet
  facet normal 0 0.737247 -0.675623
    outer loop
      vertex 51.5 10.3591 -10.3591
      vertex 8 11.2226 -9.41684
      vertex 51.5 11.2226 -9.41684
    endloop
  endfacet
  facet normal 0 0.737247 -0.675623
    outer loop
      vertex 8 11.2226 -9.41684
      vertex 51.5 10.3591 -10.3591
      vertex 8 10.3591 -10.3591
    endloop
  endfacet
  facet normal 0 -0.216425 -0.976299
    outer loop
      vertex 21.7835 -3.7917 -14.1508
      vertex 51.5 -2.54395 -14.4274
      vertex 51.5 -3.7917 -14.1508
    endloop
  endfacet
  facet normal -0 -0.216425 -0.976299
    outer loop
      vertex 51.5 -2.54395 -14.4274
      vertex 21.7835 -3.7917 -14.1508
      vertex 21.6073 -2.54395 -14.4274
    endloop
  endfacet
  facet normal 0 -0.843388 0.537304
    outer loop
      vertex 8 -12.6873 7.325
      vertex 51.5 -12.0006 8.40289
      vertex 8 -12.0006 8.40289
    endloop
  endfacet
  facet normal 0 -0.843388 0.537304
    outer loop
      vertex 51.5 -12.0006 8.40289
      vertex 8 -12.6873 7.325
      vertex 51.5 -12.6873 7.325
    endloop
  endfacet
  facet normal 0 -0.99905 -0.0435822
    outer loop
      vertex 8 -14.5943 -1.27683
      vertex 51.5 -14.65 0
      vertex 8 -14.65 0
    endloop
  endfacet
  facet normal 0 -0.99905 -0.0435822
    outer loop
      vertex 51.5 -14.65 0
      vertex 8 -14.5943 -1.27683
      vertex 51.5 -14.5943 -1.27683
    endloop
  endfacet
  facet normal -8.27496e-07 0.300695 -0.95372
    outer loop
      vertex 51.5 3.7917 -14.1508
      vertex 21.8254 4 -14.0851
      vertex 51.5 5.01059 -13.7665
    endloop
  endfacet
  facet normal 0 0.300803 -0.953686
    outer loop
      vertex 21.8254 4 -14.0851
      vertex 51.5 3.7917 -14.1508
      vertex 21.7835 3.7917 -14.1508
    endloop
  endfacet
  facet normal 0 0.300673 -0.953727
    outer loop
      vertex 8 5.01059 -13.7665
      vertex 21.8254 4 -14.0851
      vertex 8 4 -14.0851
    endloop
  endfacet
  facet normal 0 0.300673 -0.953727
    outer loop
      vertex 21.8254 4 -14.0851
      vertex 8 5.01059 -13.7665
      vertex 51.5 5.01059 -13.7665
    endloop
  endfacet
  facet normal 0 0.991437 -0.130588
    outer loop
      vertex 51.5 14.4274 -2.54395
      vertex 8 14.5943 -1.27683
      vertex 51.5 14.5943 -1.27683
    endloop
  endfacet
  facet normal 0 0.991437 -0.130588
    outer loop
      vertex 8 14.5943 -1.27683
      vertex 51.5 14.4274 -2.54395
      vertex 8 14.4274 -2.54395
    endloop
  endfacet
  facet normal 0 -0.382689 -0.923877
    outer loop
      vertex 8 -6.19136 -13.2774
      vertex 51.5 -5.01059 -13.7665
      vertex 51.5 -6.19136 -13.2774
    endloop
  endfacet
  facet normal -0 -0.382689 -0.923877
    outer loop
      vertex 51.5 -5.01059 -13.7665
      vertex 8 -6.19136 -13.2774
      vertex 8 -5.01059 -13.7665
    endloop
  endfacet
  facet normal 0 0.99905 0.0435822
    outer loop
      vertex 51.5 14.65 0
      vertex 8 14.5943 1.27683
      vertex 51.5 14.5943 1.27683
    endloop
  endfacet
  facet normal 0 0.99905 0.0435822
    outer loop
      vertex 8 14.5943 1.27683
      vertex 51.5 14.65 0
      vertex 8 14.65 0
    endloop
  endfacet
  facet normal 0 -0.130588 -0.991437
    outer loop
      vertex 21.6073 -2.54395 -14.4274
      vertex 51.5 -1.27683 -14.5943
      vertex 51.5 -2.54395 -14.4274
    endloop
  endfacet
  facet normal -0 -0.130588 -0.991437
    outer loop
      vertex 51.5 -1.27683 -14.5943
      vertex 21.6073 -2.54395 -14.4274
      vertex 21.501 -1.27683 -14.5943
    endloop
  endfacet
  facet normal 0 0.99905 -0.0435822
    outer loop
      vertex 51.5 14.5943 -1.27683
      vertex 8 14.65 0
      vertex 51.5 14.65 0
    endloop
  endfacet
  facet normal 0 0.99905 -0.0435822
    outer loop
      vertex 8 14.65 0
      vertex 51.5 14.5943 -1.27683
      vertex 8 14.5943 -1.27683
    endloop
  endfacet
  facet normal 0 0.382689 -0.923877
    outer loop
      vertex 8 5.01059 -13.7665
      vertex 51.5 6.19136 -13.2774
      vertex 51.5 5.01059 -13.7665
    endloop
  endfacet
  facet normal 0 0.382689 -0.923877
    outer loop
      vertex 51.5 6.19136 -13.2774
      vertex 8 5.01059 -13.7665
      vertex 8 6.19136 -13.2774
    endloop
  endfacet
  facet normal 0 0.461727 -0.887022
    outer loop
      vertex 8 6.19136 -13.2774
      vertex 51.5 7.325 -12.6873
      vertex 51.5 6.19136 -13.2774
    endloop
  endfacet
  facet normal 0 0.461727 -0.887022
    outer loop
      vertex 51.5 7.325 -12.6873
      vertex 8 6.19136 -13.2774
      vertex 8 7.325 -12.6873
    endloop
  endfacet
  facet normal 0 -0.887022 0.461727
    outer loop
      vertex 8 -13.2774 6.19136
      vertex 51.5 -12.6873 7.325
      vertex 8 -12.6873 7.325
    endloop
  endfacet
  facet normal 0 -0.887022 0.461727
    outer loop
      vertex 51.5 -12.6873 7.325
      vertex 8 -13.2774 6.19136
      vertex 51.5 -13.2774 6.19136
    endloop
  endfacet
  facet normal 0 0.737247 0.675623
    outer loop
      vertex 51.5 11.2226 9.41684
      vertex 8 10.3591 10.3591
      vertex 51.5 10.3591 10.3591
    endloop
  endfacet
  facet normal 0 0.737247 0.675623
    outer loop
      vertex 8 10.3591 10.3591
      vertex 51.5 11.2226 9.41684
      vertex 8 11.2226 9.41684
    endloop
  endfacet
  facet normal -1 0 0
    outer loop
      vertex 8 14.5943 -1.27683
      vertex 8 14.5943 1.27683
      vertex 8 14.65 0
    endloop
  endfacet
  facet normal -1 0 0
    outer loop
      vertex 8 14.4274 -2.54395
      vertex 8 14.5943 1.27683
      vertex 8 14.5943 -1.27683
    endloop
  endfacet
  facet normal -1 0 0
    outer loop
      vertex 8 14.4274 -2.54395
      vertex 8 14.4274 2.54395
      vertex 8 14.5943 1.27683
    endloop
  endfacet
  facet normal -1 0 0
    outer loop
      vertex 8 14.1508 -3.7917
      vertex 8 14.4274 2.54395
      vertex 8 14.4274 -2.54395
    endloop
  endfacet
  facet normal -1 0 0
    outer loop
      vertex 8 14.1508 -3.7917
      vertex 8 14.1508 3.7917
      vertex 8 14.4274 2.54395
    endloop
  endfacet
  facet normal -1 0 0
    outer loop
      vertex 8 13.7665 -5.01059
      vertex 8 14.1508 3.7917
      vertex 8 14.1508 -3.7917
    endloop
  endfacet
  facet normal -1 0 0
    outer loop
      vertex 8 13.7665 -5.01059
      vertex 8 13.7665 5.01059
      vertex 8 14.1508 3.7917
    endloop
  endfacet
  facet normal -1 0 0
    outer loop
      vertex 8 13.2774 -6.19136
      vertex 8 13.7665 5.01059
      vertex 8 13.7665 -5.01059
    endloop
  endfacet
  facet normal -1 0 0
    outer loop
      vertex 8 13.2774 -6.19136
      vertex 8 13.2774 6.19136
      vertex 8 13.7665 5.01059
    endloop
  endfacet
  facet normal -1 0 0
    outer loop
      vertex 8 12.6873 -7.325
      vertex 8 13.2774 6.19136
      vertex 8 13.2774 -6.19136
    endloop
  endfacet
  facet normal -1 0 0
    outer loop
      vertex 8 12.6873 -7.325
      vertex 8 12.6873 7.325
      vertex 8 13.2774 6.19136
    endloop
  endfacet
  facet normal -1 0 0
    outer loop
      vertex 8 12.0006 -8.40289
      vertex 8 12.6873 7.325
      vertex 8 12.6873 -7.325
    endloop
  endfacet
  facet normal -1 0 0
    outer loop
      vertex 8 12.0006 -8.40289
      vertex 8 12.0006 8.40289
      vertex 8 12.6873 7.325
    endloop
  endfacet
  facet normal -1 0 0
    outer loop
      vertex 8 11.2226 -9.41684
      vertex 8 12.0006 8.40289
      vertex 8 12.0006 -8.40289
    endloop
  endfacet
  facet normal -1 0 0
    outer loop
      vertex 8 11.2226 -9.41684
      vertex 8 11.2226 9.41684
      vertex 8 12.0006 8.40289
    endloop
  endfacet
  facet normal -1 0 0
    outer loop
      vertex 8 10.3591 -10.3591
      vertex 8 11.2226 9.41684
      vertex 8 11.2226 -9.41684
    endloop
  endfacet
  facet normal -1 0 0
    outer loop
      vertex 8 10.3591 -10.3591
      vertex 8 10.3591 10.3591
      vertex 8 11.2226 9.41684
    endloop
  endfacet
  facet normal -1 0 0
    outer loop
      vertex 8 9.41684 -11.2226
      vertex 8 10.3591 10.3591
      vertex 8 10.3591 -10.3591
    endloop
  endfacet
  facet normal -1 0 0
    outer loop
      vertex 8 9.41684 -11.2226
      vertex 8 9.41684 11.2226
      vertex 8 10.3591 10.3591
    endloop
  endfacet
  facet normal -1 0 0
    outer loop
      vertex 8 8.40289 -12.0006
      vertex 8 9.41684 11.2226
      vertex 8 9.41684 -11.2226
    endloop
  endfacet
  facet normal -1 0 0
    outer loop
      vertex 8 8.40289 -12.0006
      vertex 8 8.40289 12.0006
      vertex 8 9.41684 11.2226
    endloop
  endfacet
  facet normal -1 0 0
    outer loop
      vertex 8 7.325 -12.6873
      vertex 8 8.40289 12.0006
      vertex 8 8.40289 -12.0006
    endloop
  endfacet
  facet normal -1 0 0
    outer loop
      vertex 8 7.325 -12.6873
      vertex 8 7.325 12.6873
      vertex 8 8.40289 12.0006
    endloop
  endfacet
  facet normal -1 0 0
    outer loop
      vertex 8 6.19136 -13.2774
      vertex 8 7.325 12.6873
      vertex 8 7.325 -12.6873
    endloop
  endfacet
  facet normal -1 0 0
    outer loop
      vertex 8 6.19136 -13.2774
      vertex 8 6.19136 13.2774
      vertex 8 7.325 12.6873
    endloop
  endfacet
  facet normal -1 0 0
    outer loop
      vertex 8 5.01059 -13.7665
      vertex 8 6.19136 13.2774
      vertex 8 6.19136 -13.2774
    endloop
  endfacet
  facet normal -1 0 0
    outer loop
      vertex 8 5.01059 -13.7665
      vertex 8 5.01059 13.7665
      vertex 8 6.19136 13.2774
    endloop
  endfacet
  facet normal -1 0 0
    outer loop
      vertex 8 4 -14.0851
      vertex 8 5.01059 13.7665
      vertex 8 5.01059 -13.7665
    endloop
  endfacet
  facet normal -1 -0 0
    outer loop
      vertex 8 5.01059 13.7665
      vertex 8 4 -14.0851
      vertex 8 4 14.0851
    endloop
  endfacet
  facet normal -1 0 0
    outer loop
      vertex 8 -5.01059 -13.7665
      vertex 8 -4 14.0851
      vertex 8 -4 -14.0851
    endloop
  endfacet
  facet normal -1 0 0
    outer loop
      vertex 8 -5.01059 -13.7665
      vertex 8 -5.01059 13.7665
      vertex 8 -4 14.0851
    endloop
  endfacet
  facet normal -1 0 0
    outer loop
      vertex 8 -6.19136 -13.2774
      vertex 8 -5.01059 13.7665
      vertex 8 -5.01059 -13.7665
    endloop
  endfacet
  facet normal -1 0 0
    outer loop
      vertex 8 -6.19136 -13.2774
      vertex 8 -6.19136 13.2774
      vertex 8 -5.01059 13.7665
    endloop
  endfacet
  facet normal -1 0 0
    outer loop
      vertex 8 -7.325 -12.6873
      vertex 8 -6.19136 13.2774
      vertex 8 -6.19136 -13.2774
    endloop
  endfacet
  facet normal -1 0 0
    outer loop
      vertex 8 -7.325 -12.6873
      vertex 8 -7.325 12.6873
      vertex 8 -6.19136 13.2774
    endloop
  endfacet
  facet normal -1 0 0
    outer loop
      vertex 8 -8.40289 -12.0006
      vertex 8 -7.325 12.6873
      vertex 8 -7.325 -12.6873
    endloop
  endfacet
  facet normal -1 0 0
    outer loop
      vertex 8 -8.40289 -12.0006
      vertex 8 -8.40289 12.0006
      vertex 8 -7.325 12.6873
    endloop
  endfacet
  facet normal -1 0 0
    outer loop
      vertex 8 -9.41684 -11.2226
      vertex 8 -8.40289 12.0006
      vertex 8 -8.40289 -12.0006
    endloop
  endfacet
  facet normal -1 0 0
    outer loop
      vertex 8 -9.41684 -11.2226
      vertex 8 -9.41684 11.2226
      vertex 8 -8.40289 12.0006
    endloop
  endfacet
  facet normal -1 0 0
    outer loop
      vertex 8 -10.3591 -10.3591
      vertex 8 -9.41684 11.2226
      vertex 8 -9.41684 -11.2226
    endloop
  endfacet
  facet normal -1 0 0
    outer loop
      vertex 8 -10.3591 -10.3591
      vertex 8 -10.3591 10.3591
      vertex 8 -9.41684 11.2226
    endloop
  endfacet
  facet normal -1 0 0
    outer loop
      vertex 8 -11.2226 -9.41684
      vertex 8 -10.3591 10.3591
      vertex 8 -10.3591 -10.3591
    endloop
  endfacet
  facet normal -1 0 0
    outer loop
      vertex 8 -11.2226 -9.41684
      vertex 8 -11.2226 9.41684
      vertex 8 -10.3591 10.3591
    endloop
  endfacet
  facet normal -1 0 0
    outer loop
      vertex 8 -12.0006 -8.40289
      vertex 8 -11.2226 9.41684
      vertex 8 -11.2226 -9.41684
    endloop
  endfacet
  facet normal -1 0 0
    outer loop
      vertex 8 -12.0006 -8.40289
      vertex 8 -12.0006 8.40289
      vertex 8 -11.2226 9.41684
    endloop
  endfacet
  facet normal -1 0 0
    outer loop
      vertex 8 -12.6873 -7.325
      vertex 8 -12.0006 8.40289
      vertex 8 -12.0006 -8.40289
    endloop
  endfacet
  facet normal -1 0 0
    outer loop
      vertex 8 -12.6873 -7.325
      vertex 8 -12.6873 7.325
      vertex 8 -12.0006 8.40289
    endloop
  endfacet
  facet normal -1 0 0
    outer loop
      vertex 8 -13.2774 -6.19136
      vertex 8 -12.6873 7.325
      vertex 8 -12.6873 -7.325
    endloop
  endfacet
  facet normal -1 0 0
    outer loop
      vertex 8 -13.2774 -6.19136
      vertex 8 -13.2774 6.19136
      vertex 8 -12.6873 7.325
    endloop
  endfacet
  facet normal -1 0 0
    outer loop
      vertex 8 -13.7665 -5.01059
      vertex 8 -13.2774 6.19136
      vertex 8 -13.2774 -6.19136
    endloop
  endfacet
  facet normal -1 0 0
    outer loop
      vertex 8 -13.7665 -5.01059
      vertex 8 -13.7665 5.01059
      vertex 8 -13.2774 6.19136
    endloop
  endfacet
  facet normal -1 0 0
    outer loop
      vertex 8 -14.1508 -3.7917
      vertex 8 -13.7665 5.01059
      vertex 8 -13.7665 -5.01059
    endloop
  endfacet
  facet normal -1 0 0
    outer loop
      vertex 8 -14.1508 -3.7917
      vertex 8 -14.1508 3.7917
      vertex 8 -13.7665 5.01059
    endloop
  endfacet
  facet normal -1 0 0
    outer loop
      vertex 8 -14.4274 -2.54395
      vertex 8 -14.1508 3.7917
      vertex 8 -14.1508 -3.7917
    endloop
  endfacet
  facet normal -1 0 0
    outer loop
      vertex 8 -14.4274 -2.54395
      vertex 8 -14.4274 2.54395
      vertex 8 -14.1508 3.7917
    endloop
  endfacet
  facet normal -1 0 0
    outer loop
      vertex 8 -14.5943 -1.27683
      vertex 8 -14.4274 2.54395
      vertex 8 -14.4274 -2.54395
    endloop
  endfacet
  facet normal -1 0 0
    outer loop
      vertex 8 -14.5943 -1.27683
      vertex 8 -14.5943 1.27683
      vertex 8 -14.4274 2.54395
    endloop
  endfacet
  facet normal -1 0 -0
    outer loop
      vertex 8 -14.5943 1.27683
      vertex 8 -14.5943 -1.27683
      vertex 8 -14.65 0
    endloop
  endfacet
  facet normal 0 -0.976299 0.216425
    outer loop
      vertex 8 -14.4274 2.54395
      vertex 51.5 -14.1508 3.7917
      vertex 8 -14.1508 3.7917
    endloop
  endfacet
  facet normal 0 -0.976299 0.216425
    outer loop
      vertex 51.5 -14.1508 3.7917
      vertex 8 -14.4274 2.54395
      vertex 51.5 -14.4274 2.54395
    endloop
  endfacet
  facet normal 0 -0.675623 0.737247
    outer loop
      vertex 8 -9.41684 11.2226
      vertex 51.5 -10.3591 10.3591
      vertex 51.5 -9.41684 11.2226
    endloop
  endfacet
  facet normal 0 -0.675623 0.737247
    outer loop
      vertex 51.5 -10.3591 10.3591
      vertex 8 -9.41684 11.2226
      vertex 8 -10.3591 10.3591
    endloop
  endfacet
  facet normal 0 0.95372 -0.300695
    outer loop
      vertex 51.5 13.7665 -5.01059
      vertex 8 14.1508 -3.7917
      vertex 51.5 14.1508 -3.7917
    endloop
  endfacet
  facet normal 0 0.95372 -0.300695
    outer loop
      vertex 8 14.1508 -3.7917
      vertex 51.5 13.7665 -5.01059
      vertex 8 13.7665 -5.01059
    endloop
  endfacet
  facet normal 0 -0.608746 -0.793365
    outer loop
      vertex 8 -9.41684 -11.2226
      vertex 51.5 -8.40289 -12.0006
      vertex 51.5 -9.41684 -11.2226
    endloop
  endfacet
  facet normal -0 -0.608746 -0.793365
    outer loop
      vertex 51.5 -8.40289 -12.0006
      vertex 8 -9.41684 -11.2226
      vertex 8 -8.40289 -12.0006
    endloop
  endfacet
  facet normal 0 -0.130588 0.991437
    outer loop
      vertex 51.5 -1.27683 14.5943
      vertex 21.6073 -2.54395 14.4274
      vertex 51.5 -2.54395 14.4274
    endloop
  endfacet
  facet normal 0 -0.130588 0.991437
    outer loop
      vertex 21.6073 -2.54395 14.4274
      vertex 51.5 -1.27683 14.5943
      vertex 21.501 -1.27683 14.5943
    endloop
  endfacet
  facet normal -8.27496e-07 0.300695 0.95372
    outer loop
      vertex 51.5 5.01059 13.7665
      vertex 21.8254 4 14.0851
      vertex 51.5 3.7917 14.1508
    endloop
  endfacet
  facet normal -0 0.300673 0.953727
    outer loop
      vertex 8 5.01059 13.7665
      vertex 21.8254 4 14.0851
      vertex 51.5 5.01059 13.7665
    endloop
  endfacet
  facet normal 0 0.300673 0.953727
    outer loop
      vertex 21.8254 4 14.0851
      vertex 8 5.01059 13.7665
      vertex 8 4 14.0851
    endloop
  endfacet
  facet normal 0 0.300803 0.953686
    outer loop
      vertex 51.5 3.7917 14.1508
      vertex 21.8254 4 14.0851
      vertex 21.7835 3.7917 14.1508
    endloop
  endfacet
  facet normal 0 -0.95372 -0.300695
    outer loop
      vertex 8 -13.7665 -5.01059
      vertex 51.5 -14.1508 -3.7917
      vertex 8 -14.1508 -3.7917
    endloop
  endfacet
  facet normal 0 -0.95372 -0.300695
    outer loop
      vertex 51.5 -14.1508 -3.7917
      vertex 8 -13.7665 -5.01059
      vertex 51.5 -13.7665 -5.01059
    endloop
  endfacet
  facet normal 0 0.887022 0.461727
    outer loop
      vertex 51.5 13.2774 6.19136
      vertex 8 12.6873 7.325
      vertex 51.5 12.6873 7.325
    endloop
  endfacet
  facet normal 0 0.887022 0.461727
    outer loop
      vertex 8 12.6873 7.325
      vertex 51.5 13.2774 6.19136
      vertex 8 13.2774 6.19136
    endloop
  endfacet
  facet normal 0 -0.0435822 0.99905
    outer loop
      vertex 51.5 0 14.65
      vertex 21.501 -1.27683 14.5943
      vertex 51.5 -1.27683 14.5943
    endloop
  endfacet
  facet normal 0 -0.0435822 0.99905
    outer loop
      vertex 21.501 -1.27683 14.5943
      vertex 51.5 0 14.65
      vertex 21.4655 0 14.65
    endloop
  endfacet
  facet normal 0 -0.99905 0.0435822
    outer loop
      vertex 8 -14.65 0
      vertex 51.5 -14.5943 1.27683
      vertex 8 -14.5943 1.27683
    endloop
  endfacet
  facet normal 0 -0.99905 0.0435822
    outer loop
      vertex 51.5 -14.5943 1.27683
      vertex 8 -14.65 0
      vertex 51.5 -14.65 0
    endloop
  endfacet
  facet normal 0 -0.887022 -0.461727
    outer loop
      vertex 8 -12.6873 -7.325
      vertex 51.5 -13.2774 -6.19136
      vertex 8 -13.2774 -6.19136
    endloop
  endfacet
  facet normal 0 -0.887022 -0.461727
    outer loop
      vertex 51.5 -13.2774 -6.19136
      vertex 8 -12.6873 -7.325
      vertex 51.5 -12.6873 -7.325
    endloop
  endfacet
  facet normal -0 0.537304 0.843388
    outer loop
      vertex 8 8.40289 12.0006
      vertex 51.5 7.325 12.6873
      vertex 51.5 8.40289 12.0006
    endloop
  endfacet
  facet normal 0 0.537304 0.843388
    outer loop
      vertex 51.5 7.325 12.6873
      vertex 8 8.40289 12.0006
      vertex 8 7.325 12.6873
    endloop
  endfacet
  facet normal 0 -0.537304 -0.843388
    outer loop
      vertex 8 -8.40289 -12.0006
      vertex 51.5 -7.325 -12.6873
      vertex 51.5 -8.40289 -12.0006
    endloop
  endfacet
  facet normal -0 -0.537304 -0.843388
    outer loop
      vertex 51.5 -7.325 -12.6873
      vertex 8 -8.40289 -12.0006
      vertex 8 -7.325 -12.6873
    endloop
  endfacet
  facet normal 0 0.608746 -0.793365
    outer loop
      vertex 8 8.40289 -12.0006
      vertex 51.5 9.41684 -11.2226
      vertex 51.5 8.40289 -12.0006
    endloop
  endfacet
  facet normal 0 0.608746 -0.793365
    outer loop
      vertex 51.5 9.41684 -11.2226
      vertex 8 8.40289 -12.0006
      vertex 8 9.41684 -11.2226
    endloop
  endfacet
  facet normal 0 -0.793365 -0.608746
    outer loop
      vertex 8 -11.2226 -9.41684
      vertex 51.5 -12.0006 -8.40289
      vertex 8 -12.0006 -8.40289
    endloop
  endfacet
  facet normal 0 -0.793365 -0.608746
    outer loop
      vertex 51.5 -12.0006 -8.40289
      vertex 8 -11.2226 -9.41684
      vertex 51.5 -11.2226 -9.41684
    endloop
  endfacet
  facet normal 0 -0.843388 -0.537304
    outer loop
      vertex 8 -12.0006 -8.40289
      vertex 51.5 -12.6873 -7.325
      vertex 8 -12.6873 -7.325
    endloop
  endfacet
  facet normal 0 -0.843388 -0.537304
    outer loop
      vertex 51.5 -12.6873 -7.325
      vertex 8 -12.0006 -8.40289
      vertex 51.5 -12.0006 -8.40289
    endloop
  endfacet
  facet normal 0 -0.382689 0.923877
    outer loop
      vertex 8 -5.01059 13.7665
      vertex 51.5 -6.19136 13.2774
      vertex 51.5 -5.01059 13.7665
    endloop
  endfacet
  facet normal 0 -0.382689 0.923877
    outer loop
      vertex 51.5 -6.19136 13.2774
      vertex 8 -5.01059 13.7665
      vertex 8 -6.19136 13.2774
    endloop
  endfacet
  facet normal -0 0.130588 0.991437
    outer loop
      vertex 21.6073 2.54395 14.4274
      vertex 51.5 1.27683 14.5943
      vertex 51.5 2.54395 14.4274
    endloop
  endfacet
  facet normal 0 0.130588 0.991437
    outer loop
      vertex 51.5 1.27683 14.5943
      vertex 21.6073 2.54395 14.4274
      vertex 21.501 1.27683 14.5943
    endloop
  endfacet
  facet normal 0 -0.95372 0.300695
    outer loop
      vertex 8 -14.1508 3.7917
      vertex 51.5 -13.7665 5.01059
      vertex 8 -13.7665 5.01059
    endloop
  endfacet
  facet normal 0 -0.95372 0.300695
    outer loop
      vertex 51.5 -13.7665 5.01059
      vertex 8 -14.1508 3.7917
      vertex 51.5 -14.1508 3.7917
    endloop
  endfacet
  facet normal -0 0.382689 0.923877
    outer loop
      vertex 8 6.19136 13.2774
      vertex 51.5 5.01059 13.7665
      vertex 51.5 6.19136 13.2774
    endloop
  endfacet
  facet normal 0 0.382689 0.923877
    outer loop
      vertex 51.5 5.01059 13.7665
      vertex 8 6.19136 13.2774
      vertex 8 5.01059 13.7665
    endloop
  endfacet
  facet normal 0 -0.737247 -0.675623
    outer loop
      vertex 8 -10.3591 -10.3591
      vertex 51.5 -11.2226 -9.41684
      vertex 8 -11.2226 -9.41684
    endloop
  endfacet
  facet normal 0 -0.737247 -0.675623
    outer loop
      vertex 51.5 -11.2226 -9.41684
      vertex 8 -10.3591 -10.3591
      vertex 51.5 -10.3591 -10.3591
    endloop
  endfacet
  facet normal -0 0.461727 0.887022
    outer loop
      vertex 8 7.325 12.6873
      vertex 51.5 6.19136 13.2774
      vertex 51.5 7.325 12.6873
    endloop
  endfacet
  facet normal 0 0.461727 0.887022
    outer loop
      vertex 51.5 6.19136 13.2774
      vertex 8 7.325 12.6873
      vertex 8 6.19136 13.2774
    endloop
  endfacet
  facet normal -0 0.608746 0.793365
    outer loop
      vertex 8 9.41684 11.2226
      vertex 51.5 8.40289 12.0006
      vertex 51.5 9.41684 11.2226
    endloop
  endfacet
  facet normal 0 0.608746 0.793365
    outer loop
      vertex 51.5 8.40289 12.0006
      vertex 8 9.41684 11.2226
      vertex 8 8.40289 12.0006
    endloop
  endfacet
  facet normal -0.706765 -0.430676 0.56125
    outer loop
      vertex 53 -9.26326 13.2293
      vertex 51.5 -8.40289 12.0006
      vertex 53 -10.381 12.3716
    endloop
  endfacet
  facet normal -0.706778 0.627511 0.326642
    outer loop
      vertex 51.5 13.2774 6.19136
      vertex 51.5 12.6873 7.325
      vertex 53 14.6369 6.82528
    endloop
  endfacet
  facet normal -0.706754 -0.561273 0.430663
    outer loop
      vertex 51.5 -11.2226 9.41684
      vertex 51.5 -12.0006 8.40289
      vertex 53 -12.3716 10.381
    endloop
  endfacet
  facet normal -0.70677 0.0308804 -0.70677
    outer loop
      vertex 53 0 -16.15
      vertex 51.5 0 -14.65
      vertex 53 1.40757 -16.0885
    endloop
  endfacet
  facet normal -0.706748 0.0308329 -0.706793
    outer loop
      vertex 53 1.40757 -16.0885
      vertex 51.5 0 -14.65
      vertex 51.5 1.27683 -14.5943
    endloop
  endfacet
  facet normal -0.706762 -0.270702 0.653611
    outer loop
      vertex 53 -5.52362 15.176
      vertex 51.5 -5.01059 13.7665
      vertex 53 -6.82528 14.6369
    endloop
  endfacet
  facet normal -0.706765 -0.430676 -0.56125
    outer loop
      vertex 53 -10.381 -12.3716
      vertex 51.5 -8.40289 -12.0006
      vertex 53 -9.26326 -13.2293
    endloop
  endfacet
  facet normal -0.706762 0.380111 0.596659
    outer loop
      vertex 53 9.26326 13.2293
      vertex 51.5 7.325 12.6873
      vertex 53 8.075 13.9863
    endloop
  endfacet
  facet normal -0.70677 0.0308804 0.70677
    outer loop
      vertex 53 1.40757 16.0885
      vertex 51.5 0 14.65
      vertex 53 0 16.15
    endloop
  endfacet
  facet normal -0.706762 0.596659 -0.380111
    outer loop
      vertex 53 13.2293 -9.26326
      vertex 51.5 12.6873 -7.325
      vertex 53 13.9863 -8.075
    endloop
  endfacet
  facet normal -0.706762 -0.596659 -0.380111
    outer loop
      vertex 53 -13.9863 -8.075
      vertex 51.5 -12.6873 -7.325
      vertex 53 -13.2293 -9.26326
    endloop
  endfacet
  facet normal -0.706754 -0.521572 -0.477976
    outer loop
      vertex 53 -12.3716 -10.381
      vertex 51.5 -11.2226 -9.41684
      vertex 51.5 -10.3591 -10.3591
    endloop
  endfacet
  facet normal -0.706783 -0.47791 -0.521594
    outer loop
      vertex 53 -11.4198 -11.4198
      vertex 51.5 -10.3591 -10.3591
      vertex 53 -10.381 -12.3716
    endloop
  endfacet
  facet normal -0.706778 0.326642 0.627511
    outer loop
      vertex 51.5 7.325 12.6873
      vertex 51.5 6.19136 13.2774
      vertex 53 6.82528 14.6369
    endloop
  endfacet
  facet normal -0.706754 -0.521572 0.477976
    outer loop
      vertex 51.5 -10.3591 10.3591
      vertex 51.5 -11.2226 9.41684
      vertex 53 -12.3716 10.381
    endloop
  endfacet
  facet normal -0.706768 -0.701387 0.0923839
    outer loop
      vertex 51.5 -14.4274 2.54395
      vertex 51.5 -14.5943 1.27683
      vertex 53 -15.9046 2.80442
    endloop
  endfacet
  facet normal -0.706765 -0.380115 -0.596654
    outer loop
      vertex 53 -9.26326 -13.2293
      vertex 51.5 -8.40289 -12.0006
      vertex 51.5 -7.325 -12.6873
    endloop
  endfacet
  facet normal -0.706762 0.326679 0.627509
    outer loop
      vertex 53 8.075 13.9863
      vertex 51.5 7.325 12.6873
      vertex 53 6.82528 14.6369
    endloop
  endfacet
  facet normal -0.706772 -0.153098 -0.690677
    outer loop
      vertex 53 -4.17993 -15.5997
      vertex 51.5 -3.7917 -14.1508
      vertex 53 -2.80442 -15.9046
    endloop
  endfacet
  facet normal -0.706762 -0.212751 -0.674704
    outer loop
      vertex 53 -5.52362 -15.176
      vertex 51.5 -5.01059 -13.7665
      vertex 53 -4.17993 -15.5997
    endloop
  endfacet
  facet normal -0.70677 -0.70677 -0.0308804
    outer loop
      vertex 53 -16.15 0
      vertex 51.5 -14.65 0
      vertex 53 -16.0885 -1.40757
    endloop
  endfacet
  facet normal -0.706765 0.380115 0.596654
    outer loop
      vertex 51.5 8.40289 12.0006
      vertex 51.5 7.325 12.6873
      vertex 53 9.26326 13.2293
    endloop
  endfacet
  facet normal -0.706748 -0.706793 -0.0308329
    outer loop
      vertex 53 -16.0885 -1.40757
      vertex 51.5 -14.65 0
      vertex 51.5 -14.5943 -1.27683
    endloop
  endfacet
  facet normal -0.706754 -0.561273 -0.430663
    outer loop
      vertex 53 -12.3716 -10.381
      vertex 51.5 -12.0006 -8.40289
      vertex 51.5 -11.2226 -9.41684
    endloop
  endfacet
  facet normal -0.706778 -0.653583 0.270728
    outer loop
      vertex 51.5 -13.2774 6.19136
      vertex 51.5 -13.7665 5.01059
      vertex 53 -14.6369 6.82528
    endloop
  endfacet
  facet normal -0.70677 0.70677 0.0308804
    outer loop
      vertex 53 16.15 0
      vertex 51.5 14.65 0
      vertex 53 16.0885 1.40757
    endloop
  endfacet
  facet normal -0.706778 -0.653583 -0.270728
    outer loop
      vertex 53 -14.6369 -6.82528
      vertex 51.5 -13.7665 -5.01059
      vertex 51.5 -13.2774 -6.19136
    endloop
  endfacet
  facet normal -0.706773 0.6747 -0.212724
    outer loop
      vertex 53 15.5997 -4.17993
      vertex 51.5 13.7665 -5.01059
      vertex 51.5 14.1508 -3.7917
    endloop
  endfacet
  facet normal -0.706768 -0.0923839 -0.701387
    outer loop
      vertex 53 -2.80442 -15.9046
      vertex 51.5 -2.54395 -14.4274
      vertex 51.5 -1.27683 -14.5943
    endloop
  endfacet
  facet normal -0.706765 0.596654 -0.380115
    outer loop
      vertex 53 13.2293 -9.26326
      vertex 51.5 12.0006 -8.40289
      vertex 51.5 12.6873 -7.325
    endloop
  endfacet
  facet normal -0.706762 -0.270702 -0.653611
    outer loop
      vertex 53 -6.82528 -14.6369
      vertex 51.5 -5.01059 -13.7665
      vertex 53 -5.52362 -15.176
    endloop
  endfacet
  facet normal -0.706773 -0.212724 0.6747
    outer loop
      vertex 51.5 -3.7917 14.1508
      vertex 51.5 -5.01059 13.7665
      vertex 53 -4.17993 15.5997
    endloop
  endfacet
  facet normal -0.706768 0.0923839 0.701387
    outer loop
      vertex 51.5 2.54395 14.4274
      vertex 51.5 1.27683 14.5943
      vertex 53 2.80442 15.9046
    endloop
  endfacet
  facet normal -0.706778 0.270728 0.653583
    outer loop
      vertex 51.5 6.19136 13.2774
      vertex 51.5 5.01059 13.7665
      vertex 53 6.82528 14.6369
    endloop
  endfacet
  facet normal -0.706767 -0.690679 0.153109
    outer loop
      vertex 51.5 -14.1508 3.7917
      vertex 51.5 -14.4274 2.54395
      vertex 53 -15.9046 2.80442
    endloop
  endfacet
  facet normal -0.706767 -0.153109 -0.690679
    outer loop
      vertex 53 -2.80442 -15.9046
      vertex 51.5 -3.7917 -14.1508
      vertex 51.5 -2.54395 -14.4274
    endloop
  endfacet
  facet normal -0.706749 -0.701412 -0.0923433
    outer loop
      vertex 53 -16.0885 -1.40757
      vertex 51.5 -14.5943 -1.27683
      vertex 53 -15.9046 -2.80442
    endloop
  endfacet
  facet normal -0.706762 0.380111 -0.596659
    outer loop
      vertex 53 8.075 -13.9863
      vertex 51.5 7.325 -12.6873
      vertex 53 9.26326 -13.2293
    endloop
  endfacet
  facet normal -0.70677 0.70677 -0.0308804
    outer loop
      vertex 53 16.0885 -1.40757
      vertex 51.5 14.65 0
      vertex 53 16.15 0
    endloop
  endfacet
  facet normal -0.706754 0.521572 0.477976
    outer loop
      vertex 51.5 11.2226 9.41684
      vertex 51.5 10.3591 10.3591
      vertex 53 12.3716 10.381
    endloop
  endfacet
  facet normal -0.706772 0.690677 -0.153098
    outer loop
      vertex 53 15.5997 -4.17993
      vertex 51.5 14.1508 -3.7917
      vertex 53 15.9046 -2.80442
    endloop
  endfacet
  facet normal -0.706762 -0.380111 -0.596659
    outer loop
      vertex 53 -9.26326 -13.2293
      vertex 51.5 -7.325 -12.6873
      vertex 53 -8.075 -13.9863
    endloop
  endfacet
  facet normal -0.706754 0.477976 -0.521572
    outer loop
      vertex 53 10.381 -12.3716
      vertex 51.5 9.41684 -11.2226
      vertex 51.5 10.3591 -10.3591
    endloop
  endfacet
  facet normal -0.706754 0.430663 0.561273
    outer loop
      vertex 51.5 9.41684 11.2226
      vertex 51.5 8.40289 12.0006
      vertex 53 10.381 12.3716
    endloop
  endfacet
  facet normal -0.706762 0.212751 0.674704
    outer loop
      vertex 53 5.52362 15.176
      vertex 51.5 5.01059 13.7665
      vertex 53 4.17993 15.5997
    endloop
  endfacet
  facet normal -0.706762 -0.212751 0.674704
    outer loop
      vertex 53 -4.17993 15.5997
      vertex 51.5 -5.01059 13.7665
      vertex 53 -5.52362 15.176
    endloop
  endfacet
  facet normal -0.706762 -0.627509 0.326679
    outer loop
      vertex 53 -13.9863 8.075
      vertex 51.5 -12.6873 7.325
      vertex 53 -14.6369 6.82528
    endloop
  endfacet
  facet normal -0.70677 -0.0308804 0.70677
    outer loop
      vertex 53 0 16.15
      vertex 51.5 0 14.65
      vertex 53 -1.40757 16.0885
    endloop
  endfacet
  facet normal -0.706773 -0.212724 -0.6747
    outer loop
      vertex 53 -4.17993 -15.5997
      vertex 51.5 -5.01059 -13.7665
      vertex 51.5 -3.7917 -14.1508
    endloop
  endfacet
  facet normal -0.706768 0.701387 -0.0923839
    outer loop
      vertex 53 15.9046 -2.80442
      vertex 51.5 14.4274 -2.54395
      vertex 51.5 14.5943 -1.27683
    endloop
  endfacet
  facet normal -0.706765 -0.380115 0.596654
    outer loop
      vertex 51.5 -7.325 12.6873
      vertex 51.5 -8.40289 12.0006
      vertex 53 -9.26326 13.2293
    endloop
  endfacet
  facet normal -0.706778 -0.326642 -0.627511
    outer loop
      vertex 53 -6.82528 -14.6369
      vertex 51.5 -7.325 -12.6873
      vertex 51.5 -6.19136 -13.2774
    endloop
  endfacet
  facet normal -0.706778 -0.270728 0.653583
    outer loop
      vertex 51.5 -5.01059 13.7665
      vertex 51.5 -6.19136 13.2774
      vertex 53 -6.82528 14.6369
    endloop
  endfacet
  facet normal -0.706772 0.153098 0.690677
    outer loop
      vertex 53 4.17993 15.5997
      vertex 51.5 3.7917 14.1508
      vertex 53 2.80442 15.9046
    endloop
  endfacet
  facet normal -0.706778 0.627511 -0.326642
    outer loop
      vertex 53 14.6369 -6.82528
      vertex 51.5 12.6873 -7.325
      vertex 51.5 13.2774 -6.19136
    endloop
  endfacet
  facet normal -0.706778 -0.270728 -0.653583
    outer loop
      vertex 53 -6.82528 -14.6369
      vertex 51.5 -6.19136 -13.2774
      vertex 51.5 -5.01059 -13.7665
    endloop
  endfacet
  facet normal -0.706762 -0.326679 -0.627509
    outer loop
      vertex 53 -8.075 -13.9863
      vertex 51.5 -7.325 -12.6873
      vertex 53 -6.82528 -14.6369
    endloop
  endfacet
  facet normal -0.706783 -0.521594 -0.47791
    outer loop
      vertex 53 -12.3716 -10.381
      vertex 51.5 -10.3591 -10.3591
      vertex 53 -11.4198 -11.4198
    endloop
  endfacet
  facet normal -0.706749 -0.0923433 -0.701412
    outer loop
      vertex 53 -2.80442 -15.9046
      vertex 51.5 -1.27683 -14.5943
      vertex 53 -1.40757 -16.0885
    endloop
  endfacet
  facet normal -0.706748 -0.0308329 -0.706793
    outer loop
      vertex 53 -1.40757 -16.0885
      vertex 51.5 -1.27683 -14.5943
      vertex 51.5 0 -14.65
    endloop
  endfacet
  facet normal -0.70677 -0.0308804 -0.70677
    outer loop
      vertex 53 -1.40757 -16.0885
      vertex 51.5 0 -14.65
      vertex 53 0 -16.15
    endloop
  endfacet
  facet normal -0.706765 -0.56125 -0.430676
    outer loop
      vertex 53 -13.2293 -9.26326
      vertex 51.5 -12.0006 -8.40289
      vertex 53 -12.3716 -10.381
    endloop
  endfacet
  facet normal -0.70677 -0.70677 0.0308804
    outer loop
      vertex 53 -16.0885 1.40757
      vertex 51.5 -14.65 0
      vertex 53 -16.15 0
    endloop
  endfacet
  facet normal -0.706762 -0.674704 -0.212751
    outer loop
      vertex 53 -15.5997 -4.17993
      vertex 51.5 -13.7665 -5.01059
      vertex 53 -15.176 -5.52362
    endloop
  endfacet
  facet normal -0.706762 -0.653611 -0.270702
    outer loop
      vertex 53 -15.176 -5.52362
      vertex 51.5 -13.7665 -5.01059
      vertex 53 -14.6369 -6.82528
    endloop
  endfacet
  facet normal -0.706768 -0.701387 -0.0923839
    outer loop
      vertex 53 -15.9046 -2.80442
      vertex 51.5 -14.5943 -1.27683
      vertex 51.5 -14.4274 -2.54395
    endloop
  endfacet
  facet normal -0.706762 -0.326679 0.627509
    outer loop
      vertex 53 -6.82528 14.6369
      vertex 51.5 -7.325 12.6873
      vertex 53 -8.075 13.9863
    endloop
  endfacet
  facet normal -0.706754 0.561273 0.430663
    outer loop
      vertex 51.5 12.0006 8.40289
      vertex 51.5 11.2226 9.41684
      vertex 53 12.3716 10.381
    endloop
  endfacet
  facet normal -0.706762 0.596659 0.380111
    outer loop
      vertex 53 13.9863 8.075
      vertex 51.5 12.6873 7.325
      vertex 53 13.2293 9.26326
    endloop
  endfacet
  facet normal -0.706754 -0.430663 -0.561273
    outer loop
      vertex 53 -10.381 -12.3716
      vertex 51.5 -9.41684 -11.2226
      vertex 51.5 -8.40289 -12.0006
    endloop
  endfacet
  facet normal -0.706783 0.47791 -0.521594
    outer loop
      vertex 53 10.381 -12.3716
      vertex 51.5 10.3591 -10.3591
      vertex 53 11.4198 -11.4198
    endloop
  endfacet
  facet normal -0.706762 0.627509 0.326679
    outer loop
      vertex 53 14.6369 6.82528
      vertex 51.5 12.6873 7.325
      vertex 53 13.9863 8.075
    endloop
  endfacet
  facet normal -0.706762 0.674704 0.212751
    outer loop
      vertex 53 15.5997 4.17993
      vertex 51.5 13.7665 5.01059
      vertex 53 15.176 5.52362
    endloop
  endfacet
  facet normal -0.706765 0.596654 0.380115
    outer loop
      vertex 51.5 12.6873 7.325
      vertex 51.5 12.0006 8.40289
      vertex 53 13.2293 9.26326
    endloop
  endfacet
  facet normal -0.706778 0.653583 0.270728
    outer loop
      vertex 51.5 13.7665 5.01059
      vertex 51.5 13.2774 6.19136
      vertex 53 14.6369 6.82528
    endloop
  endfacet
  facet normal -0.706767 -0.690679 -0.153109
    outer loop
      vertex 53 -15.9046 -2.80442
      vertex 51.5 -14.4274 -2.54395
      vertex 51.5 -14.1508 -3.7917
    endloop
  endfacet
  facet normal -0.706754 -0.477976 -0.521572
    outer loop
      vertex 53 -10.381 -12.3716
      vertex 51.5 -10.3591 -10.3591
      vertex 51.5 -9.41684 -11.2226
    endloop
  endfacet
  facet normal -0.706768 -0.0923839 0.701387
    outer loop
      vertex 51.5 -1.27683 14.5943
      vertex 51.5 -2.54395 14.4274
      vertex 53 -2.80442 15.9046
    endloop
  endfacet
  facet normal -0.706762 -0.653611 0.270702
    outer loop
      vertex 53 -14.6369 6.82528
      vertex 51.5 -13.7665 5.01059
      vertex 53 -15.176 5.52362
    endloop
  endfacet
  facet normal -0.706778 -0.627511 -0.326642
    outer loop
      vertex 53 -14.6369 -6.82528
      vertex 51.5 -13.2774 -6.19136
      vertex 51.5 -12.6873 -7.325
    endloop
  endfacet
  facet normal -0.706749 0.0923433 0.701412
    outer loop
      vertex 53 2.80442 15.9046
      vertex 51.5 1.27683 14.5943
      vertex 53 1.40757 16.0885
    endloop
  endfacet
  facet normal -0.706762 -0.627509 -0.326679
    outer loop
      vertex 53 -14.6369 -6.82528
      vertex 51.5 -12.6873 -7.325
      vertex 53 -13.9863 -8.075
    endloop
  endfacet
  facet normal -0.706765 -0.596654 -0.380115
    outer loop
      vertex 53 -13.2293 -9.26326
      vertex 51.5 -12.6873 -7.325
      vertex 51.5 -12.0006 -8.40289
    endloop
  endfacet
  facet normal -0.706767 0.690679 -0.153109
    outer loop
      vertex 53 15.9046 -2.80442
      vertex 51.5 14.1508 -3.7917
      vertex 51.5 14.4274 -2.54395
    endloop
  endfacet
  facet normal -0.706772 -0.690677 -0.153098
    outer loop
      vertex 53 -15.9046 -2.80442
      vertex 51.5 -14.1508 -3.7917
      vertex 53 -15.5997 -4.17993
    endloop
  endfacet
  facet normal -0.706773 -0.6747 -0.212724
    outer loop
      vertex 53 -15.5997 -4.17993
      vertex 51.5 -14.1508 -3.7917
      vertex 51.5 -13.7665 -5.01059
    endloop
  endfacet
  facet normal -0.706762 -0.596659 0.380111
    outer loop
      vertex 53 -13.2293 9.26326
      vertex 51.5 -12.6873 7.325
      vertex 53 -13.9863 8.075
    endloop
  endfacet
  facet normal -0.706783 -0.47791 0.521594
    outer loop
      vertex 53 -10.381 12.3716
      vertex 51.5 -10.3591 10.3591
      vertex 53 -11.4198 11.4198
    endloop
  endfacet
  facet normal 1 0 0
    outer loop
      vertex 53 11.45 0
      vertex 53 16.15 0
      vertex 53 16.0885 1.40757
    endloop
  endfacet
  facet normal 1 0 0
    outer loop
      vertex 53 11.4064 0.997932
      vertex 53 16.0885 1.40757
      vertex 53 15.9046 2.80442
    endloop
  endfacet
  facet normal 1 0 0
    outer loop
      vertex 53 16.15 0
      vertex 53 11.45 0
      vertex 53 16.0885 -1.40757
    endloop
  endfacet
  facet normal 1 0 0
    outer loop
      vertex 53 11.276 1.98827
      vertex 53 15.9046 2.80442
      vertex 53 15.5997 4.17993
    endloop
  endfacet
  facet normal 1 -0 0
    outer loop
      vertex 53 11.4064 -0.997932
      vertex 53 16.0885 -1.40757
      vertex 53 11.45 0
    endloop
  endfacet
  facet normal 1 0 0
    outer loop
      vertex 53 11.0599 2.96348
      vertex 53 15.5997 4.17993
      vertex 53 15.176 5.52362
    endloop
  endfacet
  facet normal 1 0 0
    outer loop
      vertex 53 16.0885 -1.40757
      vertex 53 11.4064 -0.997932
      vertex 53 15.9046 -2.80442
    endloop
  endfacet
  facet normal 1 0 0
    outer loop
      vertex 53 10.7595 3.91613
      vertex 53 15.176 5.52362
      vertex 53 14.6369 6.82528
    endloop
  endfacet
  facet normal 1 -0 0
    outer loop
      vertex 53 11.276 -1.98827
      vertex 53 15.9046 -2.80442
      vertex 53 11.4064 -0.997932
    endloop
  endfacet
  facet normal 1 0 0
    outer loop
      vertex 53 10.3772 4.83898
      vertex 53 14.6369 6.82528
      vertex 53 13.9863 8.075
    endloop
  endfacet
  facet normal 1 0 0
    outer loop
      vertex 53 15.9046 -2.80442
      vertex 53 11.276 -1.98827
      vertex 53 15.5997 -4.17993
    endloop
  endfacet
  facet normal 1 0 0
    outer loop
      vertex 53 9.91599 5.725
      vertex 53 13.9863 8.075
      vertex 53 13.2293 9.26326
    endloop
  endfacet
  facet normal 1 -0 0
    outer loop
      vertex 53 11.0599 -2.96348
      vertex 53 15.5997 -4.17993
      vertex 53 11.276 -1.98827
    endloop
  endfacet
  facet normal 1 0 0
    outer loop
      vertex 53 9.37929 6.56745
      vertex 53 13.2293 9.26326
      vertex 53 12.3716 10.381
    endloop
  endfacet
  facet normal 1 0 0
    outer loop
      vertex 53 15.5997 -4.17993
      vertex 53 11.0599 -2.96348
      vertex 53 15.176 -5.52362
    endloop
  endfacet
  facet normal 1 -0 0
    outer loop
      vertex 53 10.7595 -3.91613
      vertex 53 15.176 -5.52362
      vertex 53 11.0599 -2.96348
    endloop
  endfacet
  facet normal 1 0 0
    outer loop
      vertex 53 8.77121 7.35992
      vertex 53 12.3716 10.381
      vertex 53 11.4198 11.4198
    endloop
  endfacet
  facet normal 1 0 0
    outer loop
      vertex 53 16.0885 1.40757
      vertex 53 11.4064 0.997932
      vertex 53 11.45 0
    endloop
  endfacet
  facet normal 1 0 0
    outer loop
      vertex 53 15.9046 2.80442
      vertex 53 11.276 1.98827
      vertex 53 11.4064 0.997932
    endloop
  endfacet
  facet normal 1 0 0
    outer loop
      vertex 53 15.5997 4.17993
      vertex 53 11.0599 2.96348
      vertex 53 11.276 1.98827
    endloop
  endfacet
  facet normal 1 0 0
    outer loop
      vertex 53 15.176 5.52362
      vertex 53 10.7595 3.91613
      vertex 53 11.0599 2.96348
    endloop
  endfacet
  facet normal 1 0 0
    outer loop
      vertex 53 8.09637 8.09637
      vertex 53 11.4198 11.4198
      vertex 53 10.381 12.3716
    endloop
  endfacet
  facet normal 1 0 0
    outer loop
      vertex 53 14.6369 6.82528
      vertex 53 10.3772 4.83898
      vertex 53 10.7595 3.91613
    endloop
  endfacet
  facet normal 1 0 0
    outer loop
      vertex 53 13.9863 8.075
      vertex 53 9.91599 5.725
      vertex 53 10.3772 4.83898
    endloop
  endfacet
  facet normal 1 0 0
    outer loop
      vertex 53 13.2293 9.26326
      vertex 53 9.37929 6.56745
      vertex 53 9.91599 5.725
    endloop
  endfacet
  facet normal 1 0 0
    outer loop
      vertex 53 7.35992 8.77121
      vertex 53 10.381 12.3716
      vertex 53 9.26326 13.2293
    endloop
  endfacet
  facet normal 1 0 0
    outer loop
      vertex 53 12.3716 10.381
      vertex 53 8.77121 7.35992
      vertex 53 9.37929 6.56745
    endloop
  endfacet
  facet normal 1 0 0
    outer loop
      vertex 53 11.4198 11.4198
      vertex 53 8.09637 8.09637
      vertex 53 8.77121 7.35992
    endloop
  endfacet
  facet normal 1 0 0
    outer loop
      vertex 53 6.56745 9.37929
      vertex 53 9.26326 13.2293
      vertex 53 8.075 13.9863
    endloop
  endfacet
  facet normal 1 0 0
    outer loop
      vertex 53 10.381 12.3716
      vertex 53 7.35992 8.77121
      vertex 53 8.09637 8.09637
    endloop
  endfacet
  facet normal 1 0 0
    outer loop
      vertex 53 5.725 9.91599
      vertex 53 8.075 13.9863
      vertex 53 6.82528 14.6369
    endloop
  endfacet
  facet normal 1 0 0
    outer loop
      vertex 53 9.26326 13.2293
      vertex 53 6.56745 9.37929
      vertex 53 7.35992 8.77121
    endloop
  endfacet
  facet normal 1 0 0
    outer loop
      vertex 53 8.075 13.9863
      vertex 53 5.725 9.91599
      vertex 53 6.56745 9.37929
    endloop
  endfacet
  facet normal 1 0 0
    outer loop
      vertex 53 4.83898 10.3772
      vertex 53 6.82528 14.6369
      vertex 53 5.52362 15.176
    endloop
  endfacet
  facet normal 1 0 0
    outer loop
      vertex 53 6.82528 14.6369
      vertex 53 4.83898 10.3772
      vertex 53 5.725 9.91599
    endloop
  endfacet
  facet normal 1 0 0
    outer loop
      vertex 53 3.91613 10.7595
      vertex 53 5.52362 15.176
      vertex 53 4.17993 15.5997
    endloop
  endfacet
  facet normal 1 0 0
    outer loop
      vertex 53 5.52362 15.176
      vertex 53 3.91613 10.7595
      vertex 53 4.83898 10.3772
    endloop
  endfacet
  facet normal 1 0 0
    outer loop
      vertex 53 4.17993 15.5997
      vertex 53 2.96348 11.0599
      vertex 53 3.91613 10.7595
    endloop
  endfacet
  facet normal 1 0 0
    outer loop
      vertex 53 2.80442 15.9046
      vertex 53 2.96348 11.0599
      vertex 53 4.17993 15.5997
    endloop
  endfacet
  facet normal 1 0 0
    outer loop
      vertex 53 2.80442 15.9046
      vertex 53 1.98827 11.276
      vertex 53 2.96348 11.0599
    endloop
  endfacet
  facet normal 1 0 0
    outer loop
      vertex 53 1.40757 16.0885
      vertex 53 1.98827 11.276
      vertex 53 2.80442 15.9046
    endloop
  endfacet
  facet normal 1 0 0
    outer loop
      vertex 53 1.40757 16.0885
      vertex 53 0.997932 11.4064
      vertex 53 1.98827 11.276
    endloop
  endfacet
  facet normal 1 0 0
    outer loop
      vertex 53 0 16.15
      vertex 53 0.997932 11.4064
      vertex 53 1.40757 16.0885
    endloop
  endfacet
  facet normal 1 0 0
    outer loop
      vertex 53 0 16.15
      vertex 53 0 11.45
      vertex 53 0.997932 11.4064
    endloop
  endfacet
  facet normal 1 0 0
    outer loop
      vertex 53 0 16.15
      vertex 53 -0.997932 11.4064
      vertex 53 0 11.45
    endloop
  endfacet
  facet normal 1 -0 0
    outer loop
      vertex 53 -1.40757 16.0885
      vertex 53 -0.997932 11.4064
      vertex 53 0 16.15
    endloop
  endfacet
  facet normal 1 0 0
    outer loop
      vertex 53 -1.40757 16.0885
      vertex 53 -1.98827 11.276
      vertex 53 -0.997932 11.4064
    endloop
  endfacet
  facet normal 1 -0 0
    outer loop
      vertex 53 -2.80442 15.9046
      vertex 53 -1.98827 11.276
      vertex 53 -1.40757 16.0885
    endloop
  endfacet
  facet normal 1 0 0
    outer loop
      vertex 53 -2.80442 15.9046
      vertex 53 -2.96348 11.0599
      vertex 53 -1.98827 11.276
    endloop
  endfacet
  facet normal 1 -0 0
    outer loop
      vertex 53 -4.17993 15.5997
      vertex 53 -2.96348 11.0599
      vertex 53 -2.80442 15.9046
    endloop
  endfacet
  facet normal 1 0 0
    outer loop
      vertex 53 -2.96348 11.0599
      vertex 53 -4.17993 15.5997
      vertex 53 -3.91613 10.7595
    endloop
  endfacet
  facet normal 1 -0 0
    outer loop
      vertex 53 -5.52362 15.176
      vertex 53 -3.91613 10.7595
      vertex 53 -4.17993 15.5997
    endloop
  endfacet
  facet normal 1 0 0
    outer loop
      vertex 53 -3.91613 10.7595
      vertex 53 -5.52362 15.176
      vertex 53 -4.83898 10.3772
    endloop
  endfacet
  facet normal 1 -0 0
    outer loop
      vertex 53 -6.82528 14.6369
      vertex 53 -4.83898 10.3772
      vertex 53 -5.52362 15.176
    endloop
  endfacet
  facet normal 1 0 0
    outer loop
      vertex 53 -4.83898 10.3772
      vertex 53 -6.82528 14.6369
      vertex 53 -5.725 9.91599
    endloop
  endfacet
  facet normal 1 -0 0
    outer loop
      vertex 53 -8.075 13.9863
      vertex 53 -5.725 9.91599
      vertex 53 -6.82528 14.6369
    endloop
  endfacet
  facet normal 1 0 0
    outer loop
      vertex 53 -5.725 9.91599
      vertex 53 -8.075 13.9863
      vertex 53 -6.56745 9.37929
    endloop
  endfacet
  facet normal 1 -0 0
    outer loop
      vertex 53 -9.26326 13.2293
      vertex 53 -6.56745 9.37929
      vertex 53 -8.075 13.9863
    endloop
  endfacet
  facet normal 1 0 0
    outer loop
      vertex 53 -6.56745 9.37929
      vertex 53 -9.26326 13.2293
      vertex 53 -7.35992 8.77121
    endloop
  endfacet
  facet normal 1 -0 0
    outer loop
      vertex 53 -10.381 12.3716
      vertex 53 -7.35992 8.77121
      vertex 53 -9.26326 13.2293
    endloop
  endfacet
  facet normal 1 0 0
    outer loop
      vertex 53 -7.35992 8.77121
      vertex 53 -10.381 12.3716
      vertex 53 -8.09637 8.09637
    endloop
  endfacet
  facet normal 1 -0 0
    outer loop
      vertex 53 -11.4198 11.4198
      vertex 53 -8.09637 8.09637
      vertex 53 -10.381 12.3716
    endloop
  endfacet
  facet normal 1 0 0
    outer loop
      vertex 53 -8.09637 8.09637
      vertex 53 -11.4198 11.4198
      vertex 53 -8.77121 7.35992
    endloop
  endfacet
  facet normal 1 -0 0
    outer loop
      vertex 53 -12.3716 10.381
      vertex 53 -8.77121 7.35992
      vertex 53 -11.4198 11.4198
    endloop
  endfacet
  facet normal 1 0 0
    outer loop
      vertex 53 -8.77121 7.35992
      vertex 53 -12.3716 10.381
      vertex 53 -9.37929 6.56745
    endloop
  endfacet
  facet normal 1 -0 0
    outer loop
      vertex 53 -13.2293 9.26326
      vertex 53 -9.37929 6.56745
      vertex 53 -12.3716 10.381
    endloop
  endfacet
  facet normal 1 0 0
    outer loop
      vertex 53 -9.37929 6.56745
      vertex 53 -13.2293 9.26326
      vertex 53 -9.91599 5.725
    endloop
  endfacet
  facet normal 1 -0 0
    outer loop
      vertex 53 -13.9863 8.075
      vertex 53 -9.91599 5.725
      vertex 53 -13.2293 9.26326
    endloop
  endfacet
  facet normal 1 0 0
    outer loop
      vertex 53 -9.91599 5.725
      vertex 53 -13.9863 8.075
      vertex 53 -10.3772 4.83898
    endloop
  endfacet
  facet normal 1 -0 0
    outer loop
      vertex 53 -14.6369 6.82528
      vertex 53 -10.3772 4.83898
      vertex 53 -13.9863 8.075
    endloop
  endfacet
  facet normal 1 0 0
    outer loop
      vertex 53 -10.3772 4.83898
      vertex 53 -14.6369 6.82528
      vertex 53 -10.7595 3.91613
    endloop
  endfacet
  facet normal 1 -0 0
    outer loop
      vertex 53 -15.176 5.52362
      vertex 53 -10.7595 3.91613
      vertex 53 -14.6369 6.82528
    endloop
  endfacet
  facet normal 1 0 0
    outer loop
      vertex 53 15.176 -5.52362
      vertex 53 10.7595 -3.91613
      vertex 53 14.6369 -6.82528
    endloop
  endfacet
  facet normal 1 -0 0
    outer loop
      vertex 53 10.3772 -4.83898
      vertex 53 14.6369 -6.82528
      vertex 53 10.7595 -3.91613
    endloop
  endfacet
  facet normal 1 0 0
    outer loop
      vertex 53 14.6369 -6.82528
      vertex 53 10.3772 -4.83898
      vertex 53 13.9863 -8.075
    endloop
  endfacet
  facet normal 1 -0 0
    outer loop
      vertex 53 9.91599 -5.725
      vertex 53 13.9863 -8.075
      vertex 53 10.3772 -4.83898
    endloop
  endfacet
  facet normal 1 0 0
    outer loop
      vertex 53 13.9863 -8.075
      vertex 53 9.91599 -5.725
      vertex 53 13.2293 -9.26326
    endloop
  endfacet
  facet normal 1 -0 0
    outer loop
      vertex 53 9.37929 -6.56745
      vertex 53 13.2293 -9.26326
      vertex 53 9.91599 -5.725
    endloop
  endfacet
  facet normal 1 0 0
    outer loop
      vertex 53 13.2293 -9.26326
      vertex 53 9.37929 -6.56745
      vertex 53 12.3716 -10.381
    endloop
  endfacet
  facet normal 1 -0 0
    outer loop
      vertex 53 8.77121 -7.35992
      vertex 53 12.3716 -10.381
      vertex 53 9.37929 -6.56745
    endloop
  endfacet
  facet normal 1 0 0
    outer loop
      vertex 53 12.3716 -10.381
      vertex 53 8.77121 -7.35992
      vertex 53 11.4198 -11.4198
    endloop
  endfacet
  facet normal 1 -0 0
    outer loop
      vertex 53 8.09637 -8.09637
      vertex 53 11.4198 -11.4198
      vertex 53 8.77121 -7.35992
    endloop
  endfacet
  facet normal 1 0 0
    outer loop
      vertex 53 11.4198 -11.4198
      vertex 53 8.09637 -8.09637
      vertex 53 10.381 -12.3716
    endloop
  endfacet
  facet normal 1 -0 0
    outer loop
      vertex 53 7.35992 -8.77121
      vertex 53 10.381 -12.3716
      vertex 53 8.09637 -8.09637
    endloop
  endfacet
  facet normal 1 0 0
    outer loop
      vertex 53 10.381 -12.3716
      vertex 53 7.35992 -8.77121
      vertex 53 9.26326 -13.2293
    endloop
  endfacet
  facet normal 1 -0 0
    outer loop
      vertex 53 6.56745 -9.37929
      vertex 53 9.26326 -13.2293
      vertex 53 7.35992 -8.77121
    endloop
  endfacet
  facet normal 1 0 0
    outer loop
      vertex 53 9.26326 -13.2293
      vertex 53 6.56745 -9.37929
      vertex 53 8.075 -13.9863
    endloop
  endfacet
  facet normal 1 -0 0
    outer loop
      vertex 53 5.725 -9.91599
      vertex 53 8.075 -13.9863
      vertex 53 6.56745 -9.37929
    endloop
  endfacet
  facet normal 1 0 0
    outer loop
      vertex 53 8.075 -13.9863
      vertex 53 5.725 -9.91599
      vertex 53 6.82528 -14.6369
    endloop
  endfacet
  facet normal 1 -0 0
    outer loop
      vertex 53 4.83898 -10.3772
      vertex 53 6.82528 -14.6369
      vertex 53 5.725 -9.91599
    endloop
  endfacet
  facet normal 1 0 0
    outer loop
      vertex 53 6.82528 -14.6369
      vertex 53 4.83898 -10.3772
      vertex 53 5.52362 -15.176
    endloop
  endfacet
  facet normal 1 -0 0
    outer loop
      vertex 53 3.91613 -10.7595
      vertex 53 5.52362 -15.176
      vertex 53 4.83898 -10.3772
    endloop
  endfacet
  facet normal 1 0 0
    outer loop
      vertex 53 5.52362 -15.176
      vertex 53 3.91613 -10.7595
      vertex 53 4.17993 -15.5997
    endloop
  endfacet
  facet normal 1 -0 0
    outer loop
      vertex 53 2.96348 -11.0599
      vertex 53 4.17993 -15.5997
      vertex 53 3.91613 -10.7595
    endloop
  endfacet
  facet normal 1 0 0
    outer loop
      vertex 53 2.96348 -11.0599
      vertex 53 2.80442 -15.9046
      vertex 53 4.17993 -15.5997
    endloop
  endfacet
  facet normal 1 -0 0
    outer loop
      vertex 53 1.98827 -11.276
      vertex 53 2.80442 -15.9046
      vertex 53 2.96348 -11.0599
    endloop
  endfacet
  facet normal 1 0 0
    outer loop
      vertex 53 1.98827 -11.276
      vertex 53 1.40757 -16.0885
      vertex 53 2.80442 -15.9046
    endloop
  endfacet
  facet normal 1 -0 0
    outer loop
      vertex 53 0.997932 -11.4064
      vertex 53 1.40757 -16.0885
      vertex 53 1.98827 -11.276
    endloop
  endfacet
  facet normal 1 -0 0
    outer loop
      vertex 53 0 -11.45
      vertex 53 1.40757 -16.0885
      vertex 53 0.997932 -11.4064
    endloop
  endfacet
  facet normal 1 0 0
    outer loop
      vertex 53 0 -11.45
      vertex 53 0 -16.15
      vertex 53 1.40757 -16.0885
    endloop
  endfacet
  facet normal 1 0 0
    outer loop
      vertex 53 -0.997932 -11.4064
      vertex 53 0 -16.15
      vertex 53 0 -11.45
    endloop
  endfacet
  facet normal 1 0 0
    outer loop
      vertex 53 -0.997932 -11.4064
      vertex 53 -1.40757 -16.0885
      vertex 53 0 -16.15
    endloop
  endfacet
  facet normal 1 0 0
    outer loop
      vertex 53 -1.98827 -11.276
      vertex 53 -1.40757 -16.0885
      vertex 53 -0.997932 -11.4064
    endloop
  endfacet
  facet normal 1 0 0
    outer loop
      vertex 53 -1.98827 -11.276
      vertex 53 -2.80442 -15.9046
      vertex 53 -1.40757 -16.0885
    endloop
  endfacet
  facet normal 1 0 0
    outer loop
      vertex 53 -2.96348 -11.0599
      vertex 53 -2.80442 -15.9046
      vertex 53 -1.98827 -11.276
    endloop
  endfacet
  facet normal 1 0 0
    outer loop
      vertex 53 -4.17993 -15.5997
      vertex 53 -2.96348 -11.0599
      vertex 53 -3.91613 -10.7595
    endloop
  endfacet
  facet normal 1 0 0
    outer loop
      vertex 53 -2.96348 -11.0599
      vertex 53 -4.17993 -15.5997
      vertex 53 -2.80442 -15.9046
    endloop
  endfacet
  facet normal 1 0 0
    outer loop
      vertex 53 -5.52362 -15.176
      vertex 53 -3.91613 -10.7595
      vertex 53 -4.83898 -10.3772
    endloop
  endfacet
  facet normal 1 0 0
    outer loop
      vertex 53 -3.91613 -10.7595
      vertex 53 -5.52362 -15.176
      vertex 53 -4.17993 -15.5997
    endloop
  endfacet
  facet normal 1 0 0
    outer loop
      vertex 53 -6.82528 -14.6369
      vertex 53 -4.83898 -10.3772
      vertex 53 -5.725 -9.91599
    endloop
  endfacet
  facet normal 1 0 0
    outer loop
      vertex 53 -8.075 -13.9863
      vertex 53 -5.725 -9.91599
      vertex 53 -6.56745 -9.37929
    endloop
  endfacet
  facet normal 1 0 0
    outer loop
      vertex 53 -4.83898 -10.3772
      vertex 53 -6.82528 -14.6369
      vertex 53 -5.52362 -15.176
    endloop
  endfacet
  facet normal 1 0 0
    outer loop
      vertex 53 -9.26326 -13.2293
      vertex 53 -6.56745 -9.37929
      vertex 53 -7.35992 -8.77121
    endloop
  endfacet
  facet normal 1 0 0
    outer loop
      vertex 53 -5.725 -9.91599
      vertex 53 -8.075 -13.9863
      vertex 53 -6.82528 -14.6369
    endloop
  endfacet
  facet normal 1 0 0
    outer loop
      vertex 53 -10.381 -12.3716
      vertex 53 -7.35992 -8.77121
      vertex 53 -8.09637 -8.09637
    endloop
  endfacet
  facet normal 1 0 0
    outer loop
      vertex 53 -11.4198 -11.4198
      vertex 53 -8.09637 -8.09637
      vertex 53 -8.77121 -7.35992
    endloop
  endfacet
  facet normal 1 0 0
    outer loop
      vertex 53 -6.56745 -9.37929
      vertex 53 -9.26326 -13.2293
      vertex 53 -8.075 -13.9863
    endloop
  endfacet
  facet normal 1 0 0
    outer loop
      vertex 53 -12.3716 -10.381
      vertex 53 -8.77121 -7.35992
      vertex 53 -9.37929 -6.56745
    endloop
  endfacet
  facet normal 1 0 0
    outer loop
      vertex 53 -13.2293 -9.26326
      vertex 53 -9.37929 -6.56745
      vertex 53 -9.91599 -5.725
    endloop
  endfacet
  facet normal 1 0 0
    outer loop
      vertex 53 -13.9863 -8.075
      vertex 53 -9.91599 -5.725
      vertex 53 -10.3772 -4.83898
    endloop
  endfacet
  facet normal 1 0 0
    outer loop
      vertex 53 -7.35992 -8.77121
      vertex 53 -10.381 -12.3716
      vertex 53 -9.26326 -13.2293
    endloop
  endfacet
  facet normal 1 0 0
    outer loop
      vertex 53 -14.6369 -6.82528
      vertex 53 -10.3772 -4.83898
      vertex 53 -10.7595 -3.91613
    endloop
  endfacet
  facet normal 1 0 0
    outer loop
      vertex 53 -15.176 -5.52362
      vertex 53 -10.7595 -3.91613
      vertex 53 -11.0599 -2.96348
    endloop
  endfacet
  facet normal 1 0 0
    outer loop
      vertex 53 -15.5997 -4.17993
      vertex 53 -11.0599 -2.96348
      vertex 53 -11.276 -1.98827
    endloop
  endfacet
  facet normal 1 0 0
    outer loop
      vertex 53 -15.9046 -2.80442
      vertex 53 -11.276 -1.98827
      vertex 53 -11.4064 -0.997932
    endloop
  endfacet
  facet normal 1 0 0
    outer loop
      vertex 53 -8.09637 -8.09637
      vertex 53 -11.4198 -11.4198
      vertex 53 -10.381 -12.3716
    endloop
  endfacet
  facet normal 1 0 0
    outer loop
      vertex 53 -16.0885 -1.40757
      vertex 53 -11.4064 -0.997932
      vertex 53 -11.45 0
    endloop
  endfacet
  facet normal 1 0 0
    outer loop
      vertex 53 -10.7595 3.91613
      vertex 53 -15.176 5.52362
      vertex 53 -11.0599 2.96348
    endloop
  endfacet
  facet normal 1 0 0
    outer loop
      vertex 53 -8.77121 -7.35992
      vertex 53 -12.3716 -10.381
      vertex 53 -11.4198 -11.4198
    endloop
  endfacet
  facet normal 1 -0 0
    outer loop
      vertex 53 -15.5997 4.17993
      vertex 53 -11.0599 2.96348
      vertex 53 -15.176 5.52362
    endloop
  endfacet
  facet normal 1 0 0
    outer loop
      vertex 53 -9.37929 -6.56745
      vertex 53 -13.2293 -9.26326
      vertex 53 -12.3716 -10.381
    endloop
  endfacet
  facet normal 1 0 0
    outer loop
      vertex 53 -11.0599 2.96348
      vertex 53 -15.5997 4.17993
      vertex 53 -11.276 1.98827
    endloop
  endfacet
  facet normal 1 0 0
    outer loop
      vertex 53 -9.91599 -5.725
      vertex 53 -13.9863 -8.075
      vertex 53 -13.2293 -9.26326
    endloop
  endfacet
  facet normal 1 -0 0
    outer loop
      vertex 53 -15.9046 2.80442
      vertex 53 -11.276 1.98827
      vertex 53 -15.5997 4.17993
    endloop
  endfacet
  facet normal 1 0 0
    outer loop
      vertex 53 -10.3772 -4.83898
      vertex 53 -14.6369 -6.82528
      vertex 53 -13.9863 -8.075
    endloop
  endfacet
  facet normal 1 0 0
    outer loop
      vertex 53 -11.276 1.98827
      vertex 53 -15.9046 2.80442
      vertex 53 -11.4064 0.997932
    endloop
  endfacet
  facet normal 1 0 0
    outer loop
      vertex 53 -10.7595 -3.91613
      vertex 53 -15.176 -5.52362
      vertex 53 -14.6369 -6.82528
    endloop
  endfacet
  facet normal 1 -0 0
    outer loop
      vertex 53 -16.0885 1.40757
      vertex 53 -11.4064 0.997932
      vertex 53 -15.9046 2.80442
    endloop
  endfacet
  facet normal 1 0 0
    outer loop
      vertex 53 -11.0599 -2.96348
      vertex 53 -15.5997 -4.17993
      vertex 53 -15.176 -5.52362
    endloop
  endfacet
  facet normal 1 0 0
    outer loop
      vertex 53 -11.4064 0.997932
      vertex 53 -16.0885 1.40757
      vertex 53 -11.45 0
    endloop
  endfacet
  facet normal 1 0 0
    outer loop
      vertex 53 -11.276 -1.98827
      vertex 53 -15.9046 -2.80442
      vertex 53 -15.5997 -4.17993
    endloop
  endfacet
  facet normal 1 0 0
    outer loop
      vertex 53 -16.15 0
      vertex 53 -11.45 0
      vertex 53 -16.0885 1.40757
    endloop
  endfacet
  facet normal 1 0 0
    outer loop
      vertex 53 -11.4064 -0.997932
      vertex 53 -16.0885 -1.40757
      vertex 53 -15.9046 -2.80442
    endloop
  endfacet
  facet normal 1 0 0
    outer loop
      vertex 53 -11.45 0
      vertex 53 -16.15 0
      vertex 53 -16.0885 -1.40757
    endloop
  endfacet
  facet normal -0.706749 -0.701412 0.0923433
    outer loop
      vertex 53 -15.9046 2.80442
      vertex 51.5 -14.5943 1.27683
      vertex 53 -16.0885 1.40757
    endloop
  endfacet
  facet normal -0.706762 -0.674704 0.212751
    outer loop
      vertex 53 -15.176 5.52362
      vertex 51.5 -13.7665 5.01059
      vertex 53 -15.5997 4.17993
    endloop
  endfacet
  facet normal -0.706754 0.477976 0.521572
    outer loop
      vertex 51.5 10.3591 10.3591
      vertex 51.5 9.41684 11.2226
      vertex 53 10.381 12.3716
    endloop
  endfacet
  facet normal -0.706765 0.56125 -0.430676
    outer loop
      vertex 53 12.3716 -10.381
      vertex 51.5 12.0006 -8.40289
      vertex 53 13.2293 -9.26326
    endloop
  endfacet
  facet normal -0.706748 0.0308329 0.706793
    outer loop
      vertex 51.5 1.27683 14.5943
      vertex 51.5 0 14.65
      vertex 53 1.40757 16.0885
    endloop
  endfacet
  facet normal -0.706778 0.326642 -0.627511
    outer loop
      vertex 53 6.82528 -14.6369
      vertex 51.5 6.19136 -13.2774
      vertex 51.5 7.325 -12.6873
    endloop
  endfacet
  facet normal -0.706749 -0.0923433 0.701412
    outer loop
      vertex 53 -1.40757 16.0885
      vertex 51.5 -1.27683 14.5943
      vertex 53 -2.80442 15.9046
    endloop
  endfacet
  facet normal -0.706765 0.380115 -0.596654
    outer loop
      vertex 53 9.26326 -13.2293
      vertex 51.5 7.325 -12.6873
      vertex 51.5 8.40289 -12.0006
    endloop
  endfacet
  facet normal -0.706772 -0.690677 0.153098
    outer loop
      vertex 53 -15.5997 4.17993
      vertex 51.5 -14.1508 3.7917
      vertex 53 -15.9046 2.80442
    endloop
  endfacet
  facet normal -0.706748 -0.0308329 0.706793
    outer loop
      vertex 51.5 0 14.65
      vertex 51.5 -1.27683 14.5943
      vertex 53 -1.40757 16.0885
    endloop
  endfacet
  facet normal -0.706773 0.212724 0.6747
    outer loop
      vertex 51.5 5.01059 13.7665
      vertex 51.5 3.7917 14.1508
      vertex 53 4.17993 15.5997
    endloop
  endfacet
  facet normal -0.706748 -0.706793 0.0308329
    outer loop
      vertex 51.5 -14.5943 1.27683
      vertex 51.5 -14.65 0
      vertex 53 -16.0885 1.40757
    endloop
  endfacet
  facet normal -0.706754 0.521572 -0.477976
    outer loop
      vertex 53 12.3716 -10.381
      vertex 51.5 10.3591 -10.3591
      vertex 51.5 11.2226 -9.41684
    endloop
  endfacet
  facet normal -0.706778 -0.627511 0.326642
    outer loop
      vertex 51.5 -12.6873 7.325
      vertex 51.5 -13.2774 6.19136
      vertex 53 -14.6369 6.82528
    endloop
  endfacet
  facet normal -0.706768 0.701387 0.0923839
    outer loop
      vertex 51.5 14.5943 1.27683
      vertex 51.5 14.4274 2.54395
      vertex 53 15.9046 2.80442
    endloop
  endfacet
  facet normal -0.706748 0.706793 0.0308329
    outer loop
      vertex 51.5 14.65 0
      vertex 51.5 14.5943 1.27683
      vertex 53 16.0885 1.40757
    endloop
  endfacet
  facet normal -0.706767 0.153109 0.690679
    outer loop
      vertex 51.5 3.7917 14.1508
      vertex 51.5 2.54395 14.4274
      vertex 53 2.80442 15.9046
    endloop
  endfacet
  facet normal -0.706772 -0.153098 0.690677
    outer loop
      vertex 53 -2.80442 15.9046
      vertex 51.5 -3.7917 14.1508
      vertex 53 -4.17993 15.5997
    endloop
  endfacet
  facet normal -0.706767 -0.153109 0.690679
    outer loop
      vertex 51.5 -2.54395 14.4274
      vertex 51.5 -3.7917 14.1508
      vertex 53 -2.80442 15.9046
    endloop
  endfacet
  facet normal -0.706773 0.6747 0.212724
    outer loop
      vertex 51.5 14.1508 3.7917
      vertex 51.5 13.7665 5.01059
      vertex 53 15.5997 4.17993
    endloop
  endfacet
  facet normal -0.706762 0.674704 -0.212751
    outer loop
      vertex 53 15.176 -5.52362
      vertex 51.5 13.7665 -5.01059
      vertex 53 15.5997 -4.17993
    endloop
  endfacet
  facet normal -0.706749 0.701412 0.0923433
    outer loop
      vertex 53 16.0885 1.40757
      vertex 51.5 14.5943 1.27683
      vertex 53 15.9046 2.80442
    endloop
  endfacet
  facet normal -0.706762 -0.380111 0.596659
    outer loop
      vertex 53 -8.075 13.9863
      vertex 51.5 -7.325 12.6873
      vertex 53 -9.26326 13.2293
    endloop
  endfacet
  facet normal -0.706762 0.653611 0.270702
    outer loop
      vertex 53 15.176 5.52362
      vertex 51.5 13.7665 5.01059
      vertex 53 14.6369 6.82528
    endloop
  endfacet
  facet normal -0.706773 -0.6747 0.212724
    outer loop
      vertex 51.5 -13.7665 5.01059
      vertex 51.5 -14.1508 3.7917
      vertex 53 -15.5997 4.17993
    endloop
  endfacet
  facet normal -0.706765 0.430676 0.56125
    outer loop
      vertex 53 10.381 12.3716
      vertex 51.5 8.40289 12.0006
      vertex 53 9.26326 13.2293
    endloop
  endfacet
  facet normal -0.706762 0.326679 -0.627509
    outer loop
      vertex 53 6.82528 -14.6369
      vertex 51.5 7.325 -12.6873
      vertex 53 8.075 -13.9863
    endloop
  endfacet
  facet normal -0.706778 0.653583 -0.270728
    outer loop
      vertex 53 14.6369 -6.82528
      vertex 51.5 13.2774 -6.19136
      vertex 51.5 13.7665 -5.01059
    endloop
  endfacet
  facet normal -0.706765 -0.596654 0.380115
    outer loop
      vertex 51.5 -12.0006 8.40289
      vertex 51.5 -12.6873 7.325
      vertex 53 -13.2293 9.26326
    endloop
  endfacet
  facet normal -0.706765 -0.56125 0.430676
    outer loop
      vertex 53 -12.3716 10.381
      vertex 51.5 -12.0006 8.40289
      vertex 53 -13.2293 9.26326
    endloop
  endfacet
  facet normal -0.706778 -0.326642 0.627511
    outer loop
      vertex 51.5 -6.19136 13.2774
      vertex 51.5 -7.325 12.6873
      vertex 53 -6.82528 14.6369
    endloop
  endfacet
  facet normal -0.706754 -0.477976 0.521572
    outer loop
      vertex 51.5 -9.41684 11.2226
      vertex 51.5 -10.3591 10.3591
      vertex 53 -10.381 12.3716
    endloop
  endfacet
  facet normal -0.706783 -0.521594 0.47791
    outer loop
      vertex 53 -11.4198 11.4198
      vertex 51.5 -10.3591 10.3591
      vertex 53 -12.3716 10.381
    endloop
  endfacet
  facet normal -0.706749 0.701412 -0.0923433
    outer loop
      vertex 53 15.9046 -2.80442
      vertex 51.5 14.5943 -1.27683
      vertex 53 16.0885 -1.40757
    endloop
  endfacet
  facet normal -0.706783 0.47791 0.521594
    outer loop
      vertex 53 11.4198 11.4198
      vertex 51.5 10.3591 10.3591
      vertex 53 10.381 12.3716
    endloop
  endfacet
  facet normal -0.706783 0.521594 0.47791
    outer loop
      vertex 53 12.3716 10.381
      vertex 51.5 10.3591 10.3591
      vertex 53 11.4198 11.4198
    endloop
  endfacet
  facet normal -0.706783 0.521594 -0.47791
    outer loop
      vertex 53 11.4198 -11.4198
      vertex 51.5 10.3591 -10.3591
      vertex 53 12.3716 -10.381
    endloop
  endfacet
  facet normal -0.706762 0.270702 -0.653611
    outer loop
      vertex 53 5.52362 -15.176
      vertex 51.5 5.01059 -13.7665
      vertex 53 6.82528 -14.6369
    endloop
  endfacet
  facet normal -0.706765 0.56125 0.430676
    outer loop
      vertex 53 13.2293 9.26326
      vertex 51.5 12.0006 8.40289
      vertex 53 12.3716 10.381
    endloop
  endfacet
  facet normal -0.706754 -0.430663 0.561273
    outer loop
      vertex 51.5 -8.40289 12.0006
      vertex 51.5 -9.41684 11.2226
      vertex 53 -10.381 12.3716
    endloop
  endfacet
  facet normal -0.706754 0.430663 -0.561273
    outer loop
      vertex 53 10.381 -12.3716
      vertex 51.5 8.40289 -12.0006
      vertex 51.5 9.41684 -11.2226
    endloop
  endfacet
  facet normal -0.706767 0.690679 0.153109
    outer loop
      vertex 51.5 14.4274 2.54395
      vertex 51.5 14.1508 3.7917
      vertex 53 15.9046 2.80442
    endloop
  endfacet
  facet normal -0.706772 0.690677 0.153098
    outer loop
      vertex 53 15.9046 2.80442
      vertex 51.5 14.1508 3.7917
      vertex 53 15.5997 4.17993
    endloop
  endfacet
  facet normal -0.706754 0.561273 -0.430663
    outer loop
      vertex 53 12.3716 -10.381
      vertex 51.5 11.2226 -9.41684
      vertex 51.5 12.0006 -8.40289
    endloop
  endfacet
  facet normal -0.706748 0.706793 -0.0308329
    outer loop
      vertex 53 16.0885 -1.40757
      vertex 51.5 14.5943 -1.27683
      vertex 51.5 14.65 0
    endloop
  endfacet
  facet normal -0.706765 0.430676 -0.56125
    outer loop
      vertex 53 9.26326 -13.2293
      vertex 51.5 8.40289 -12.0006
      vertex 53 10.381 -12.3716
    endloop
  endfacet
  facet normal -0.706762 0.270702 0.653611
    outer loop
      vertex 53 6.82528 14.6369
      vertex 51.5 5.01059 13.7665
      vertex 53 5.52362 15.176
    endloop
  endfacet
  facet normal -0.706762 0.627509 -0.326679
    outer loop
      vertex 53 13.9863 -8.075
      vertex 51.5 12.6873 -7.325
      vertex 53 14.6369 -6.82528
    endloop
  endfacet
  facet normal -0.706773 0.212724 -0.6747
    outer loop
      vertex 53 4.17993 -15.5997
      vertex 51.5 3.7917 -14.1508
      vertex 51.5 5.01059 -13.7665
    endloop
  endfacet
  facet normal -0.706772 0.153098 -0.690677
    outer loop
      vertex 53 2.80442 -15.9046
      vertex 51.5 3.7917 -14.1508
      vertex 53 4.17993 -15.5997
    endloop
  endfacet
  facet normal -0.706762 0.653611 -0.270702
    outer loop
      vertex 53 14.6369 -6.82528
      vertex 51.5 13.7665 -5.01059
      vertex 53 15.176 -5.52362
    endloop
  endfacet
  facet normal -0.706749 0.0923433 -0.701412
    outer loop
      vertex 53 1.40757 -16.0885
      vertex 51.5 1.27683 -14.5943
      vertex 53 2.80442 -15.9046
    endloop
  endfacet
  facet normal -0.706778 0.270728 -0.653583
    outer loop
      vertex 53 6.82528 -14.6369
      vertex 51.5 5.01059 -13.7665
      vertex 51.5 6.19136 -13.2774
    endloop
  endfacet
  facet normal -0.706762 0.212751 -0.674704
    outer loop
      vertex 53 4.17993 -15.5997
      vertex 51.5 5.01059 -13.7665
      vertex 53 5.52362 -15.176
    endloop
  endfacet
  facet normal -0.706767 0.153109 -0.690679
    outer loop
      vertex 53 2.80442 -15.9046
      vertex 51.5 2.54395 -14.4274
      vertex 51.5 3.7917 -14.1508
    endloop
  endfacet
  facet normal -0.706768 0.0923839 -0.701387
    outer loop
      vertex 53 2.80442 -15.9046
      vertex 51.5 1.27683 -14.5943
      vertex 51.5 2.54395 -14.4274
    endloop
  endfacet
  facet normal -0.737273 0 0.675595
    outer loop
      vertex -19.9172 -4 16.7125
      vertex -18.3848 4 18.3848
      vertex -19.9172 4 16.7125
    endloop
  endfacet
  facet normal -0.737273 0 0.675595
    outer loop
      vertex -18.3848 4 18.3848
      vertex -19.9172 -4 16.7125
      vertex -18.3848 -4 18.3848
    endloop
  endfacet
  facet normal 0.216427 0 -0.976299
    outer loop
      vertex 4.51485 -4 -25.605
      vertex 6.72929 4 -25.1141
      vertex 6.72929 -4 -25.1141
    endloop
  endfacet
  facet normal 0.216427 0 -0.976299
    outer loop
      vertex 6.72929 4 -25.1141
      vertex 4.51485 -4 -25.605
      vertex 4.51485 4 -25.605
    endloop
  endfacet
  facet normal -0.216427 0 0.976299
    outer loop
      vertex -6.72929 4 25.1141
      vertex -4.51485 -4 25.605
      vertex -4.51485 4 25.605
    endloop
  endfacet
  facet normal -0.216427 0 0.976299
    outer loop
      vertex -4.51485 -4 25.605
      vertex -6.72929 4 25.1141
      vertex -6.72929 -4 25.1141
    endloop
  endfacet
  facet normal -0.887016 0 -0.461739
    outer loop
      vertex -22.5167 -4 -13
      vertex -23.564 4 -10.9881
      vertex -22.5167 4 -13
    endloop
  endfacet
  facet normal -0.887016 -0 -0.461739
    outer loop
      vertex -23.564 4 -10.9881
      vertex -22.5167 -4 -13
      vertex -23.564 -4 -10.9881
    endloop
  endfacet
  facet normal 0.461739 0 -0.887016
    outer loop
      vertex 10.9881 -4 -23.564
      vertex 13 4 -22.5167
      vertex 13 -4 -22.5167
    endloop
  endfacet
  facet normal 0.461739 0 -0.887016
    outer loop
      vertex 13 4 -22.5167
      vertex 10.9881 -4 -23.564
      vertex 10.9881 4 -23.564
    endloop
  endfacet
  facet normal -0.537295 0 -0.843395
    outer loop
      vertex -14.913 -4 -21.298
      vertex -13 4 -22.5167
      vertex -13 -4 -22.5167
    endloop
  endfacet
  facet normal -0.537295 0 -0.843395
    outer loop
      vertex -13 4 -22.5167
      vertex -14.913 -4 -21.298
      vertex -14.913 4 -21.298
    endloop
  endfacet
  facet normal 0.793354 0 -0.60876
    outer loop
      vertex 21.298 -4 -14.913
      vertex 19.9172 4 -16.7125
      vertex 21.298 4 -14.913
    endloop
  endfacet
  facet normal 0.793354 0 -0.60876
    outer loop
      vertex 19.9172 4 -16.7125
      vertex 21.298 -4 -14.913
      vertex 19.9172 -4 -16.7125
    endloop
  endfacet
  facet normal -0.953712 0 -0.30072
    outer loop
      vertex -24.432 -4 -8.89252
      vertex -25.1141 4 -6.72929
      vertex -24.432 4 -8.89252
    endloop
  endfacet
  facet normal -0.953712 -0 -0.30072
    outer loop
      vertex -25.1141 4 -6.72929
      vertex -24.432 -4 -8.89252
      vertex -25.1141 -4 -6.72929
    endloop
  endfacet
  facet normal 0.0436027 0 0.999049
    outer loop
      vertex 0 4 26
      vertex 2.26605 -4 25.9011
      vertex 2.26605 4 25.9011
    endloop
  endfacet
  facet normal 0.0436027 0 0.999049
    outer loop
      vertex 2.26605 -4 25.9011
      vertex 0 4 26
      vertex 0 -4 26
    endloop
  endfacet
  facet normal 0.216427 0 0.976299
    outer loop
      vertex 4.51485 4 25.605
      vertex 6.72929 -4 25.1141
      vertex 6.72929 4 25.1141
    endloop
  endfacet
  facet normal 0.216427 0 0.976299
    outer loop
      vertex 6.72929 -4 25.1141
      vertex 4.51485 4 25.605
      vertex 4.51485 -4 25.605
    endloop
  endfacet
  facet normal -0.923882 0 -0.382677
    outer loop
      vertex -23.564 -4 -10.9881
      vertex -24.432 4 -8.89252
      vertex -23.564 4 -10.9881
    endloop
  endfacet
  facet normal -0.923882 -0 -0.382677
    outer loop
      vertex -24.432 4 -8.89252
      vertex -23.564 -4 -10.9881
      vertex -24.432 -4 -8.89252
    endloop
  endfacet
  facet normal 0.737273 0 -0.675595
    outer loop
      vertex 19.9172 -4 -16.7125
      vertex 18.3848 4 -18.3848
      vertex 19.9172 4 -16.7125
    endloop
  endfacet
  facet normal 0.737273 0 -0.675595
    outer loop
      vertex 18.3848 4 -18.3848
      vertex 19.9172 -4 -16.7125
      vertex 18.3848 -4 -18.3848
    endloop
  endfacet
  facet normal 0.843405 -0.000189905 0.537278
    outer loop
      vertex 21.298 4 14.913
      vertex 21.7835 3.7917 14.1508
      vertex 21.8254 4 14.0851
    endloop
  endfacet
  facet normal 0.843428 -8.64625e-06 0.537242
    outer loop
      vertex 21.298 4 14.913
      vertex 21.6073 2.54395 14.4274
      vertex 21.7835 3.7917 14.1508
    endloop
  endfacet
  facet normal 0.843444 2.83988e-06 0.537218
    outer loop
      vertex 21.298 4 14.913
      vertex 21.501 1.27683 14.5943
      vertex 21.6073 2.54395 14.4274
    endloop
  endfacet
  facet normal 0.843393 -1.01913e-05 0.537297
    outer loop
      vertex 21.298 4 14.913
      vertex 21.4655 0 14.65
      vertex 21.501 1.27683 14.5943
    endloop
  endfacet
  facet normal 0.843463 -0 0.537187
    outer loop
      vertex 21.298 -4 14.913
      vertex 21.4655 0 14.65
      vertex 21.298 4 14.913
    endloop
  endfacet
  facet normal 0.843393 1.01913e-05 0.537297
    outer loop
      vertex 21.4655 0 14.65
      vertex 21.298 -4 14.913
      vertex 21.501 -1.27683 14.5943
    endloop
  endfacet
  facet normal 0.843444 -2.83988e-06 0.537218
    outer loop
      vertex 21.298 -4 14.913
      vertex 21.6073 -2.54395 14.4274
      vertex 21.501 -1.27683 14.5943
    endloop
  endfacet
  facet normal 0.843428 8.64625e-06 0.537242
    outer loop
      vertex 21.298 -4 14.913
      vertex 21.7835 -3.7917 14.1508
      vertex 21.6073 -2.54395 14.4274
    endloop
  endfacet
  facet normal 0.843405 0.000189905 0.537278
    outer loop
      vertex 21.7835 -3.7917 14.1508
      vertex 21.298 -4 14.913
      vertex 21.8254 -4 14.0851
    endloop
  endfacet
  facet normal 0.130543 0 -0.991443
    outer loop
      vertex 2.26605 -4 -25.9011
      vertex 4.51485 4 -25.605
      vertex 4.51485 -4 -25.605
    endloop
  endfacet
  facet normal 0.130543 0 -0.991443
    outer loop
      vertex 4.51485 4 -25.605
      vertex 2.26605 -4 -25.9011
      vertex 2.26605 4 -25.9011
    endloop
  endfacet
  facet normal -0.887016 0 0.461739
    outer loop
      vertex -23.564 -4 10.9881
      vertex -22.5167 4 13
      vertex -23.564 4 10.9881
    endloop
  endfacet
  facet normal -0.887016 0 0.461739
    outer loop
      vertex -22.5167 4 13
      vertex -23.564 -4 10.9881
      vertex -22.5167 -4 13
    endloop
  endfacet
  facet normal 0.737273 -0 0.675595
    outer loop
      vertex 18.3848 -4 18.3848
      vertex 19.9172 4 16.7125
      vertex 18.3848 4 18.3848
    endloop
  endfacet
  facet normal 0.737273 0 0.675595
    outer loop
      vertex 19.9172 4 16.7125
      vertex 18.3848 -4 18.3848
      vertex 19.9172 -4 16.7125
    endloop
  endfacet
  facet normal 0.60876 0 0.793354
    outer loop
      vertex 14.913 4 21.298
      vertex 16.7125 -4 19.9172
      vertex 16.7125 4 19.9172
    endloop
  endfacet
  facet normal 0.60876 0 0.793354
    outer loop
      vertex 16.7125 -4 19.9172
      vertex 14.913 4 21.298
      vertex 14.913 -4 21.298
    endloop
  endfacet
  facet normal 0.382677 0 0.923882
    outer loop
      vertex 8.89252 4 24.432
      vertex 10.9881 -4 23.564
      vertex 10.9881 4 23.564
    endloop
  endfacet
  facet normal 0.382677 0 0.923882
    outer loop
      vertex 10.9881 -4 23.564
      vertex 8.89252 4 24.432
      vertex 8.89252 -4 24.432
    endloop
  endfacet
  facet normal 0.461739 0 0.887016
    outer loop
      vertex 10.9881 4 23.564
      vertex 13 -4 22.5167
      vertex 13 4 22.5167
    endloop
  endfacet
  facet normal 0.461739 0 0.887016
    outer loop
      vertex 13 -4 22.5167
      vertex 10.9881 4 23.564
      vertex 10.9881 -4 23.564
    endloop
  endfacet
  facet normal -0.60876 0 0.793354
    outer loop
      vertex -16.7125 4 19.9172
      vertex -14.913 -4 21.298
      vertex -14.913 4 21.298
    endloop
  endfacet
  facet normal -0.60876 0 0.793354
    outer loop
      vertex -14.913 -4 21.298
      vertex -16.7125 4 19.9172
      vertex -16.7125 -4 19.9172
    endloop
  endfacet
  facet normal -0.793354 0 0.60876
    outer loop
      vertex -21.298 -4 14.913
      vertex -19.9172 4 16.7125
      vertex -21.298 4 14.913
    endloop
  endfacet
  facet normal -0.793354 0 0.60876
    outer loop
      vertex -19.9172 4 16.7125
      vertex -21.298 -4 14.913
      vertex -19.9172 -4 16.7125
    endloop
  endfacet
  facet normal 0.537295 0 0.843395
    outer loop
      vertex 13 4 22.5167
      vertex 14.913 -4 21.298
      vertex 14.913 4 21.298
    endloop
  endfacet
  facet normal 0.537295 0 0.843395
    outer loop
      vertex 14.913 -4 21.298
      vertex 13 4 22.5167
      vertex 13 -4 22.5167
    endloop
  endfacet
  facet normal -0.923882 0 0.382677
    outer loop
      vertex -24.432 -4 8.89252
      vertex -23.564 4 10.9881
      vertex -24.432 4 8.89252
    endloop
  endfacet
  facet normal -0.923882 0 0.382677
    outer loop
      vertex -23.564 4 10.9881
      vertex -24.432 -4 8.89252
      vertex -23.564 -4 10.9881
    endloop
  endfacet
  facet normal -0.999049 0 -0.0436027
    outer loop
      vertex -25.9011 -4 -2.26605
      vertex -26 4 0
      vertex -25.9011 4 -2.26605
    endloop
  endfacet
  facet normal -0.999049 -0 -0.0436027
    outer loop
      vertex -26 4 0
      vertex -25.9011 -4 -2.26605
      vertex -26 -4 0
    endloop
  endfacet
  facet normal -0.991443 0 0.130543
    outer loop
      vertex -25.9011 -4 2.26605
      vertex -25.605 4 4.51485
      vertex -25.9011 4 2.26605
    endloop
  endfacet
  facet normal -0.991443 0 0.130543
    outer loop
      vertex -25.605 4 4.51485
      vertex -25.9011 -4 2.26605
      vertex -25.605 -4 4.51485
    endloop
  endfacet
  facet normal 0.537295 0 -0.843395
    outer loop
      vertex 13 -4 -22.5167
      vertex 14.913 4 -21.298
      vertex 14.913 -4 -21.298
    endloop
  endfacet
  facet normal 0.537295 0 -0.843395
    outer loop
      vertex 14.913 4 -21.298
      vertex 13 -4 -22.5167
      vertex 13 4 -22.5167
    endloop
  endfacet
  facet normal -0.30072 0 -0.953712
    outer loop
      vertex -8.89252 -4 -24.432
      vertex -6.72929 4 -25.1141
      vertex -6.72929 -4 -25.1141
    endloop
  endfacet
  facet normal -0.30072 0 -0.953712
    outer loop
      vertex -6.72929 4 -25.1141
      vertex -8.89252 -4 -24.432
      vertex -8.89252 4 -24.432
    endloop
  endfacet
  facet normal -0.216427 0 -0.976299
    outer loop
      vertex -6.72929 -4 -25.1141
      vertex -4.51485 4 -25.605
      vertex -4.51485 -4 -25.605
    endloop
  endfacet
  facet normal -0.216427 0 -0.976299
    outer loop
      vertex -4.51485 4 -25.605
      vertex -6.72929 -4 -25.1141
      vertex -6.72929 4 -25.1141
    endloop
  endfacet
  facet normal 0.675595 0 0.737273
    outer loop
      vertex 16.7125 4 19.9172
      vertex 18.3848 -4 18.3848
      vertex 18.3848 4 18.3848
    endloop
  endfacet
  facet normal 0.675595 0 0.737273
    outer loop
      vertex 18.3848 -4 18.3848
      vertex 16.7125 4 19.9172
      vertex 16.7125 -4 19.9172
    endloop
  endfacet
  facet normal 0.0436027 0 -0.999049
    outer loop
      vertex 0 -4 -26
      vertex 2.26605 4 -25.9011
      vertex 2.26605 -4 -25.9011
    endloop
  endfacet
  facet normal 0.0436027 0 -0.999049
    outer loop
      vertex 2.26605 4 -25.9011
      vertex 0 -4 -26
      vertex 0 4 -26
    endloop
  endfacet
  facet normal -0.843395 0 -0.537295
    outer loop
      vertex -21.298 -4 -14.913
      vertex -22.5167 4 -13
      vertex -21.298 4 -14.913
    endloop
  endfacet
  facet normal -0.843395 -0 -0.537295
    outer loop
      vertex -22.5167 4 -13
      vertex -21.298 -4 -14.913
      vertex -22.5167 -4 -13
    endloop
  endfacet
  facet normal -0.130543 0 0.991443
    outer loop
      vertex -4.51485 4 25.605
      vertex -2.26605 -4 25.9011
      vertex -2.26605 4 25.9011
    endloop
  endfacet
  facet normal -0.130543 0 0.991443
    outer loop
      vertex -2.26605 -4 25.9011
      vertex -4.51485 4 25.605
      vertex -4.51485 -4 25.605
    endloop
  endfacet
  facet normal -0.130543 0 -0.991443
    outer loop
      vertex -4.51485 -4 -25.605
      vertex -2.26605 4 -25.9011
      vertex -2.26605 -4 -25.9011
    endloop
  endfacet
  facet normal -0.130543 0 -0.991443
    outer loop
      vertex -2.26605 4 -25.9011
      vertex -4.51485 -4 -25.605
      vertex -4.51485 4 -25.605
    endloop
  endfacet
  facet normal -0.675595 0 0.737273
    outer loop
      vertex -18.3848 4 18.3848
      vertex -16.7125 -4 19.9172
      vertex -16.7125 4 19.9172
    endloop
  endfacet
  facet normal -0.675595 0 0.737273
    outer loop
      vertex -16.7125 -4 19.9172
      vertex -18.3848 4 18.3848
      vertex -18.3848 -4 18.3848
    endloop
  endfacet
  facet normal -0.461739 0 -0.887016
    outer loop
      vertex -13 -4 -22.5167
      vertex -10.9881 4 -23.564
      vertex -10.9881 -4 -23.564
    endloop
  endfacet
  facet normal -0.461739 0 -0.887016
    outer loop
      vertex -10.9881 4 -23.564
      vertex -13 -4 -22.5167
      vertex -13 4 -22.5167
    endloop
  endfacet
  facet normal -0.843395 0 0.537295
    outer loop
      vertex -22.5167 -4 13
      vertex -21.298 4 14.913
      vertex -22.5167 4 13
    endloop
  endfacet
  facet normal -0.843395 0 0.537295
    outer loop
      vertex -21.298 4 14.913
      vertex -22.5167 -4 13
      vertex -21.298 -4 14.913
    endloop
  endfacet
  facet normal -0.382677 0 0.923882
    outer loop
      vertex -10.9881 4 23.564
      vertex -8.89252 -4 24.432
      vertex -8.89252 4 24.432
    endloop
  endfacet
  facet normal -0.382677 0 0.923882
    outer loop
      vertex -8.89252 -4 24.432
      vertex -10.9881 4 23.564
      vertex -10.9881 -4 23.564
    endloop
  endfacet
  facet normal 0.60876 0 -0.793354
    outer loop
      vertex 14.913 -4 -21.298
      vertex 16.7125 4 -19.9172
      vertex 16.7125 -4 -19.9172
    endloop
  endfacet
  facet normal 0.60876 0 -0.793354
    outer loop
      vertex 16.7125 4 -19.9172
      vertex 14.913 -4 -21.298
      vertex 14.913 4 -21.298
    endloop
  endfacet
  facet normal -0.0436027 0 0.999049
    outer loop
      vertex -2.26605 4 25.9011
      vertex 0 -4 26
      vertex 0 4 26
    endloop
  endfacet
  facet normal -0.0436027 0 0.999049
    outer loop
      vertex 0 -4 26
      vertex -2.26605 4 25.9011
      vertex -2.26605 -4 25.9011
    endloop
  endfacet
  facet normal 0.130543 0 0.991443
    outer loop
      vertex 2.26605 4 25.9011
      vertex 4.51485 -4 25.605
      vertex 4.51485 4 25.605
    endloop
  endfacet
  facet normal 0.130543 0 0.991443
    outer loop
      vertex 4.51485 -4 25.605
      vertex 2.26605 4 25.9011
      vertex 2.26605 -4 25.9011
    endloop
  endfacet
  facet normal -0.60876 0 -0.793354
    outer loop
      vertex -16.7125 -4 -19.9172
      vertex -14.913 4 -21.298
      vertex -14.913 -4 -21.298
    endloop
  endfacet
  facet normal -0.60876 0 -0.793354
    outer loop
      vertex -14.913 4 -21.298
      vertex -16.7125 -4 -19.9172
      vertex -16.7125 4 -19.9172
    endloop
  endfacet
  facet normal 0.382677 0 -0.923882
    outer loop
      vertex 8.89252 -4 -24.432
      vertex 10.9881 4 -23.564
      vertex 10.9881 -4 -23.564
    endloop
  endfacet
  facet normal 0.382677 0 -0.923882
    outer loop
      vertex 10.9881 4 -23.564
      vertex 8.89252 -4 -24.432
      vertex 8.89252 4 -24.432
    endloop
  endfacet
  facet normal -0.461739 0 0.887016
    outer loop
      vertex -13 4 22.5167
      vertex -10.9881 -4 23.564
      vertex -10.9881 4 23.564
    endloop
  endfacet
  facet normal -0.461739 0 0.887016
    outer loop
      vertex -10.9881 -4 23.564
      vertex -13 4 22.5167
      vertex -13 -4 22.5167
    endloop
  endfacet
  facet normal -0.737273 0 -0.675595
    outer loop
      vertex -18.3848 -4 -18.3848
      vertex -19.9172 4 -16.7125
      vertex -18.3848 4 -18.3848
    endloop
  endfacet
  facet normal -0.737273 -0 -0.675595
    outer loop
      vertex -19.9172 4 -16.7125
      vertex -18.3848 -4 -18.3848
      vertex -19.9172 -4 -16.7125
    endloop
  endfacet
  facet normal -0.793354 0 -0.60876
    outer loop
      vertex -19.9172 -4 -16.7125
      vertex -21.298 4 -14.913
      vertex -19.9172 4 -16.7125
    endloop
  endfacet
  facet normal -0.793354 -0 -0.60876
    outer loop
      vertex -21.298 4 -14.913
      vertex -19.9172 -4 -16.7125
      vertex -21.298 -4 -14.913
    endloop
  endfacet
  facet normal -0.991443 0 -0.130543
    outer loop
      vertex -25.605 -4 -4.51485
      vertex -25.9011 4 -2.26605
      vertex -25.605 4 -4.51485
    endloop
  endfacet
  facet normal -0.991443 -0 -0.130543
    outer loop
      vertex -25.9011 4 -2.26605
      vertex -25.605 -4 -4.51485
      vertex -25.9011 -4 -2.26605
    endloop
  endfacet
  facet normal 0.843405 -0.000189905 -0.537278
    outer loop
      vertex 21.7835 3.7917 -14.1508
      vertex 21.298 4 -14.913
      vertex 21.8254 4 -14.0851
    endloop
  endfacet
  facet normal 0.843428 -8.64625e-06 -0.537242
    outer loop
      vertex 21.6073 2.54395 -14.4274
      vertex 21.298 4 -14.913
      vertex 21.7835 3.7917 -14.1508
    endloop
  endfacet
  facet normal 0.843444 2.83988e-06 -0.537218
    outer loop
      vertex 21.501 1.27683 -14.5943
      vertex 21.298 4 -14.913
      vertex 21.6073 2.54395 -14.4274
    endloop
  endfacet
  facet normal 0.843393 -1.01913e-05 -0.537297
    outer loop
      vertex 21.4655 0 -14.65
      vertex 21.298 4 -14.913
      vertex 21.501 1.27683 -14.5943
    endloop
  endfacet
  facet normal 0.843393 1.01913e-05 -0.537297
    outer loop
      vertex 21.298 -4 -14.913
      vertex 21.4655 0 -14.65
      vertex 21.501 -1.27683 -14.5943
    endloop
  endfacet
  facet normal 0.843463 0 -0.537187
    outer loop
      vertex 21.4655 0 -14.65
      vertex 21.298 -4 -14.913
      vertex 21.298 4 -14.913
    endloop
  endfacet
  facet normal 0.843444 -2.83988e-06 -0.537218
    outer loop
      vertex 21.6073 -2.54395 -14.4274
      vertex 21.298 -4 -14.913
      vertex 21.501 -1.27683 -14.5943
    endloop
  endfacet
  facet normal 0.843428 8.64625e-06 -0.537242
    outer loop
      vertex 21.7835 -3.7917 -14.1508
      vertex 21.298 -4 -14.913
      vertex 21.6073 -2.54395 -14.4274
    endloop
  endfacet
  facet normal 0.843405 0.000189905 -0.537278
    outer loop
      vertex 21.298 -4 -14.913
      vertex 21.7835 -3.7917 -14.1508
      vertex 21.8254 -4 -14.0851
    endloop
  endfacet
  facet normal -0.953712 0 0.30072
    outer loop
      vertex -25.1141 -4 6.72929
      vertex -24.432 4 8.89252
      vertex -25.1141 4 6.72929
    endloop
  endfacet
  facet normal -0.953712 0 0.30072
    outer loop
      vertex -24.432 4 8.89252
      vertex -25.1141 -4 6.72929
      vertex -24.432 -4 8.89252
    endloop
  endfacet
  facet normal -0.675595 0 -0.737273
    outer loop
      vertex -18.3848 -4 -18.3848
      vertex -16.7125 4 -19.9172
      vertex -16.7125 -4 -19.9172
    endloop
  endfacet
  facet normal -0.675595 0 -0.737273
    outer loop
      vertex -16.7125 4 -19.9172
      vertex -18.3848 -4 -18.3848
      vertex -18.3848 4 -18.3848
    endloop
  endfacet
  facet normal 0 1 0
    outer loop
      vertex 21.8254 4 -14.0851
      vertex 21.298 4 -14.913
      vertex 8 4 -14.0851
    endloop
  endfacet
  facet normal 0 1 0
    outer loop
      vertex 8 4 14.0851
      vertex 0 4 26
      vertex 2.26605 4 25.9011
    endloop
  endfacet
  facet normal 0 1 0
    outer loop
      vertex 8 4 14.0851
      vertex 2.26605 4 25.9011
      vertex 4.51485 4 25.605
    endloop
  endfacet
  facet normal 0 1 0
    outer loop
      vertex 0 4 26
      vertex 8 4 14.0851
      vertex -2.26605 4 25.9011
    endloop
  endfacet
  facet normal 0 1 0
    outer loop
      vertex 8 4 14.0851
      vertex 4.51485 4 25.605
      vertex 6.72929 4 25.1141
    endloop
  endfacet
  facet normal 0 1 0
    outer loop
      vertex -2.26605 4 25.9011
      vertex 8 4 14.0851
      vertex -4.51485 4 25.605
    endloop
  endfacet
  facet normal 0 1 -0
    outer loop
      vertex 8 4 14.0851
      vertex 6.72929 4 25.1141
      vertex 8.89252 4 24.432
    endloop
  endfacet
  facet normal 0 1 -0
    outer loop
      vertex -0.738005 4 4.18543
      vertex -4.51485 4 25.605
      vertex 8 4 14.0851
    endloop
  endfacet
  facet normal 0 1 0
    outer loop
      vertex 8 4 14.0851
      vertex 8.89252 4 24.432
      vertex 10.9881 4 23.564
    endloop
  endfacet
  facet normal 0 1 0
    outer loop
      vertex -4.51485 4 25.605
      vertex -0.738005 4 4.18543
      vertex -6.72929 4 25.1141
    endloop
  endfacet
  facet normal 0 1 0
    outer loop
      vertex 8 4 14.0851
      vertex 10.9881 4 23.564
      vertex 13 4 22.5167
    endloop
  endfacet
  facet normal 0 1 -0
    outer loop
      vertex -1.09998 4 4.10518
      vertex -6.72929 4 25.1141
      vertex -0.738005 4 4.18543
    endloop
  endfacet
  facet normal 0 1 0
    outer loop
      vertex 8 4 14.0851
      vertex 13 4 22.5167
      vertex 14.913 4 21.298
    endloop
  endfacet
  facet normal 0 1 -0
    outer loop
      vertex -1.45358 4 3.99369
      vertex -8.89252 4 24.432
      vertex -1.09998 4 4.10518
    endloop
  endfacet
  facet normal 0 1 0
    outer loop
      vertex 8 4 14.0851
      vertex 14.913 4 21.298
      vertex 16.7125 4 19.9172
    endloop
  endfacet
  facet normal 0 1 0
    outer loop
      vertex -8.89252 4 24.432
      vertex -1.45358 4 3.99369
      vertex -10.9881 4 23.564
    endloop
  endfacet
  facet normal 0 1 0
    outer loop
      vertex 8 4 14.0851
      vertex 16.7125 4 19.9172
      vertex 18.3848 4 18.3848
    endloop
  endfacet
  facet normal 0 1 -0
    outer loop
      vertex -1.79613 4 3.85181
      vertex -10.9881 4 23.564
      vertex -1.45358 4 3.99369
    endloop
  endfacet
  facet normal 0 1 0
    outer loop
      vertex 8 4 14.0851
      vertex 18.3848 4 18.3848
      vertex 19.9172 4 16.7125
    endloop
  endfacet
  facet normal 0 1 0
    outer loop
      vertex -10.9881 4 23.564
      vertex -1.79613 4 3.85181
      vertex -13 4 22.5167
    endloop
  endfacet
  facet normal 0 1 0
    outer loop
      vertex 8 4 14.0851
      vertex 19.9172 4 16.7125
      vertex 21.298 4 14.913
    endloop
  endfacet
  facet normal 0 1 -0
    outer loop
      vertex -2.125 4 3.68061
      vertex -13 4 22.5167
      vertex -1.79613 4 3.85181
    endloop
  endfacet
  facet normal 0 1 0
    outer loop
      vertex 8 4 14.0851
      vertex 21.298 4 14.913
      vertex 21.8254 4 14.0851
    endloop
  endfacet
  facet normal 0 1 -0
    outer loop
      vertex -2.4377 4 3.4814
      vertex -14.913 4 21.298
      vertex -2.125 4 3.68061
    endloop
  endfacet
  facet normal 0 1 0
    outer loop
      vertex -14.913 4 21.298
      vertex -2.4377 4 3.4814
      vertex -16.7125 4 19.9172
    endloop
  endfacet
  facet normal 0 1 -0
    outer loop
      vertex -2.73185 4 3.25569
      vertex -16.7125 4 19.9172
      vertex -2.4377 4 3.4814
    endloop
  endfacet
  facet normal 0 1 -0
    outer loop
      vertex -3.0052 4 3.0052
      vertex -18.3848 4 18.3848
      vertex -2.73185 4 3.25569
    endloop
  endfacet
  facet normal 0 1 0
    outer loop
      vertex -18.3848 4 18.3848
      vertex -3.0052 4 3.0052
      vertex -19.9172 4 16.7125
    endloop
  endfacet
  facet normal 0 1 -0
    outer loop
      vertex -3.25569 4 2.73185
      vertex -19.9172 4 16.7125
      vertex -3.0052 4 3.0052
    endloop
  endfacet
  facet normal 0 1 0
    outer loop
      vertex -0.370412 4 4.23383
      vertex 8 4 14.0851
      vertex 0 4 4.25
    endloop
  endfacet
  facet normal 0 1 0
    outer loop
      vertex 8 4 14.0851
      vertex 0.370412 4 4.23383
      vertex 0 4 4.25
    endloop
  endfacet
  facet normal 0 1 0
    outer loop
      vertex 8 4 14.0851
      vertex 0.738005 4 4.18543
      vertex 0.370412 4 4.23383
    endloop
  endfacet
  facet normal 0 1 0
    outer loop
      vertex 8 4 14.0851
      vertex 1.09998 4 4.10518
      vertex 0.738005 4 4.18543
    endloop
  endfacet
  facet normal 0 1 0
    outer loop
      vertex 8 4 14.0851
      vertex 1.45358 4 3.99369
      vertex 1.09998 4 4.10518
    endloop
  endfacet
  facet normal 0 1 0
    outer loop
      vertex 8 4 14.0851
      vertex 1.79613 4 3.85181
      vertex 1.45358 4 3.99369
    endloop
  endfacet
  facet normal 0 1 0
    outer loop
      vertex 8 4 14.0851
      vertex 2.125 4 3.68061
      vertex 1.79613 4 3.85181
    endloop
  endfacet
  facet normal 0 1 0
    outer loop
      vertex 8 4 14.0851
      vertex 2.4377 4 3.4814
      vertex 2.125 4 3.68061
    endloop
  endfacet
  facet normal 0 1 0
    outer loop
      vertex 8 4 14.0851
      vertex 2.73185 4 3.25569
      vertex 2.4377 4 3.4814
    endloop
  endfacet
  facet normal 0 1 0
    outer loop
      vertex 8 4 14.0851
      vertex 3.0052 4 3.0052
      vertex 2.73185 4 3.25569
    endloop
  endfacet
  facet normal 0 1 0
    outer loop
      vertex 8 4 14.0851
      vertex 3.25569 4 2.73185
      vertex 3.0052 4 3.0052
    endloop
  endfacet
  facet normal 0 1 0
    outer loop
      vertex 8 4 14.0851
      vertex 3.4814 4 2.4377
      vertex 3.25569 4 2.73185
    endloop
  endfacet
  facet normal 0 1 0
    outer loop
      vertex 8 4 14.0851
      vertex 3.68061 4 2.125
      vertex 3.4814 4 2.4377
    endloop
  endfacet
  facet normal 0 1 0
    outer loop
      vertex 8 4 14.0851
      vertex 3.85181 4 1.79613
      vertex 3.68061 4 2.125
    endloop
  endfacet
  facet normal 0 1 0
    outer loop
      vertex 8 4 14.0851
      vertex 3.99369 4 1.45358
      vertex 3.85181 4 1.79613
    endloop
  endfacet
  facet normal 0 1 0
    outer loop
      vertex 8 4 14.0851
      vertex 4.10518 4 1.09998
      vertex 3.99369 4 1.45358
    endloop
  endfacet
  facet normal 0 1 0
    outer loop
      vertex 8 4 14.0851
      vertex 4.18543 4 0.738005
      vertex 4.10518 4 1.09998
    endloop
  endfacet
  facet normal 0 1 0
    outer loop
      vertex 8 4 14.0851
      vertex 4.23383 4 0.370412
      vertex 4.18543 4 0.738005
    endloop
  endfacet
  facet normal 0 1 0
    outer loop
      vertex 8 4 14.0851
      vertex 4.25 4 0
      vertex 4.23383 4 0.370412
    endloop
  endfacet
  facet normal 0 1 -0
    outer loop
      vertex 8 4 -14.0851
      vertex 4.25 4 0
      vertex 8 4 14.0851
    endloop
  endfacet
  facet normal 0 1 0
    outer loop
      vertex 4.25 4 0
      vertex 8 4 -14.0851
      vertex 4.23383 4 -0.370412
    endloop
  endfacet
  facet normal 0 1 0
    outer loop
      vertex 4.23383 4 -0.370412
      vertex 8 4 -14.0851
      vertex 4.18543 4 -0.738005
    endloop
  endfacet
  facet normal 0 1 0
    outer loop
      vertex -4.10518 4 -1.09998
      vertex -25.1141 4 -6.72929
      vertex -25.605 4 -4.51485
    endloop
  endfacet
  facet normal 0 1 0
    outer loop
      vertex 8 4 -14.0851
      vertex 0 4 -4.25
      vertex 0.370412 4 -4.23383
    endloop
  endfacet
  facet normal 0 1 0
    outer loop
      vertex -0.370412 4 -4.23383
      vertex -24.432 4 -8.89252
      vertex -25.1141 4 -6.72929
    endloop
  endfacet
  facet normal 0 1 0
    outer loop
      vertex 8 4 -14.0851
      vertex 0.370412 4 -4.23383
      vertex 0.738005 4 -4.18543
    endloop
  endfacet
  facet normal 0 1 0
    outer loop
      vertex -0.370412 4 -4.23383
      vertex -23.564 4 -10.9881
      vertex -24.432 4 -8.89252
    endloop
  endfacet
  facet normal 0 1 0
    outer loop
      vertex 8 4 -14.0851
      vertex 0.738005 4 -4.18543
      vertex 1.09998 4 -4.10518
    endloop
  endfacet
  facet normal 0 1 0
    outer loop
      vertex -0.370412 4 -4.23383
      vertex -22.5167 4 -13
      vertex -23.564 4 -10.9881
    endloop
  endfacet
  facet normal 0 1 0
    outer loop
      vertex 8 4 -14.0851
      vertex 1.09998 4 -4.10518
      vertex 1.45358 4 -3.99369
    endloop
  endfacet
  facet normal 0 1 0
    outer loop
      vertex 4.18543 4 -0.738005
      vertex 8 4 -14.0851
      vertex 4.10518 4 -1.09998
    endloop
  endfacet
  facet normal 0 1 0
    outer loop
      vertex 8 4 -14.0851
      vertex 3.99369 4 -1.45358
      vertex 4.10518 4 -1.09998
    endloop
  endfacet
  facet normal 0 1 0
    outer loop
      vertex 8 4 -14.0851
      vertex 3.85181 4 -1.79613
      vertex 3.99369 4 -1.45358
    endloop
  endfacet
  facet normal 0 1 0
    outer loop
      vertex 8 4 -14.0851
      vertex 3.68061 4 -2.125
      vertex 3.85181 4 -1.79613
    endloop
  endfacet
  facet normal 0 1 0
    outer loop
      vertex 8 4 -14.0851
      vertex 3.4814 4 -2.4377
      vertex 3.68061 4 -2.125
    endloop
  endfacet
  facet normal 0 1 0
    outer loop
      vertex 8 4 -14.0851
      vertex 3.25569 4 -2.73185
      vertex 3.4814 4 -2.4377
    endloop
  endfacet
  facet normal 0 1 0
    outer loop
      vertex 8 4 -14.0851
      vertex 3.0052 4 -3.0052
      vertex 3.25569 4 -2.73185
    endloop
  endfacet
  facet normal 0 1 0
    outer loop
      vertex 8 4 -14.0851
      vertex 2.73185 4 -3.25569
      vertex 3.0052 4 -3.0052
    endloop
  endfacet
  facet normal 0 1 0
    outer loop
      vertex 8 4 -14.0851
      vertex 2.4377 4 -3.4814
      vertex 2.73185 4 -3.25569
    endloop
  endfacet
  facet normal 0 1 0
    outer loop
      vertex 8 4 -14.0851
      vertex 2.125 4 -3.68061
      vertex 2.4377 4 -3.4814
    endloop
  endfacet
  facet normal 0 1 0
    outer loop
      vertex 8 4 -14.0851
      vertex 1.79613 4 -3.85181
      vertex 2.125 4 -3.68061
    endloop
  endfacet
  facet normal 0 1 0
    outer loop
      vertex 8 4 -14.0851
      vertex 1.45358 4 -3.99369
      vertex 1.79613 4 -3.85181
    endloop
  endfacet
  facet normal 0 1 0
    outer loop
      vertex -0.370412 4 -4.23383
      vertex 8 4 -14.0851
      vertex -4.51485 4 -25.605
    endloop
  endfacet
  facet normal 0 1 -0
    outer loop
      vertex 19.9172 4 -16.7125
      vertex 8 4 -14.0851
      vertex 21.298 4 -14.913
    endloop
  endfacet
  facet normal 0 1 0
    outer loop
      vertex -0.370412 4 -4.23383
      vertex -21.298 4 -14.913
      vertex -22.5167 4 -13
    endloop
  endfacet
  facet normal 0 1 -0
    outer loop
      vertex 18.3848 4 -18.3848
      vertex 8 4 -14.0851
      vertex 19.9172 4 -16.7125
    endloop
  endfacet
  facet normal 0 1 0
    outer loop
      vertex -0.370412 4 -4.23383
      vertex -19.9172 4 -16.7125
      vertex -21.298 4 -14.913
    endloop
  endfacet
  facet normal 0 1 -0
    outer loop
      vertex 16.7125 4 -19.9172
      vertex 8 4 -14.0851
      vertex 18.3848 4 -18.3848
    endloop
  endfacet
  facet normal 0 1 0
    outer loop
      vertex -0.370412 4 -4.23383
      vertex -18.3848 4 -18.3848
      vertex -19.9172 4 -16.7125
    endloop
  endfacet
  facet normal 0 1 -0
    outer loop
      vertex 14.913 4 -21.298
      vertex 8 4 -14.0851
      vertex 16.7125 4 -19.9172
    endloop
  endfacet
  facet normal 0 1 0
    outer loop
      vertex -0.370412 4 -4.23383
      vertex -16.7125 4 -19.9172
      vertex -18.3848 4 -18.3848
    endloop
  endfacet
  facet normal 0 1 -0
    outer loop
      vertex 13 4 -22.5167
      vertex 8 4 -14.0851
      vertex 14.913 4 -21.298
    endloop
  endfacet
  facet normal 0 1 0
    outer loop
      vertex -0.370412 4 -4.23383
      vertex -14.913 4 -21.298
      vertex -16.7125 4 -19.9172
    endloop
  endfacet
  facet normal 0 1 -0
    outer loop
      vertex 10.9881 4 -23.564
      vertex 8 4 -14.0851
      vertex 13 4 -22.5167
    endloop
  endfacet
  facet normal 0 1 0
    outer loop
      vertex -0.370412 4 -4.23383
      vertex -13 4 -22.5167
      vertex -14.913 4 -21.298
    endloop
  endfacet
  facet normal 0 1 -0
    outer loop
      vertex 8.89252 4 -24.432
      vertex 8 4 -14.0851
      vertex 10.9881 4 -23.564
    endloop
  endfacet
  facet normal 0 1 0
    outer loop
      vertex -0.370412 4 -4.23383
      vertex -10.9881 4 -23.564
      vertex -13 4 -22.5167
    endloop
  endfacet
  facet normal 0 1 0
    outer loop
      vertex 6.72929 4 -25.1141
      vertex 8 4 -14.0851
      vertex 8.89252 4 -24.432
    endloop
  endfacet
  facet normal 0 1 0
    outer loop
      vertex -0.370412 4 -4.23383
      vertex -8.89252 4 -24.432
      vertex -10.9881 4 -23.564
    endloop
  endfacet
  facet normal 0 1 0
    outer loop
      vertex 4.51485 4 -25.605
      vertex 8 4 -14.0851
      vertex 6.72929 4 -25.1141
    endloop
  endfacet
  facet normal 0 1 0
    outer loop
      vertex -0.370412 4 -4.23383
      vertex -6.72929 4 -25.1141
      vertex -8.89252 4 -24.432
    endloop
  endfacet
  facet normal 0 1 0
    outer loop
      vertex 2.26605 4 -25.9011
      vertex 8 4 -14.0851
      vertex 4.51485 4 -25.605
    endloop
  endfacet
  facet normal 0 1 0
    outer loop
      vertex -0.370412 4 -4.23383
      vertex -4.51485 4 -25.605
      vertex -6.72929 4 -25.1141
    endloop
  endfacet
  facet normal 0 1 0
    outer loop
      vertex 0 4 -26
      vertex 8 4 -14.0851
      vertex 2.26605 4 -25.9011
    endloop
  endfacet
  facet normal 0 1 0
    outer loop
      vertex 8 4 -14.0851
      vertex -2.26605 4 -25.9011
      vertex -4.51485 4 -25.605
    endloop
  endfacet
  facet normal 0 1 0
    outer loop
      vertex 8 4 -14.0851
      vertex 0 4 -26
      vertex -2.26605 4 -25.9011
    endloop
  endfacet
  facet normal 0 1 0
    outer loop
      vertex -0.738005 4 4.18543
      vertex 8 4 14.0851
      vertex -0.370412 4 4.23383
    endloop
  endfacet
  facet normal 0 1 0
    outer loop
      vertex -6.72929 4 25.1141
      vertex -1.09998 4 4.10518
      vertex -8.89252 4 24.432
    endloop
  endfacet
  facet normal 0 1 0
    outer loop
      vertex -13 4 22.5167
      vertex -2.125 4 3.68061
      vertex -14.913 4 21.298
    endloop
  endfacet
  facet normal 0 1 0
    outer loop
      vertex -16.7125 4 19.9172
      vertex -2.73185 4 3.25569
      vertex -18.3848 4 18.3848
    endloop
  endfacet
  facet normal 0 1 0
    outer loop
      vertex -19.9172 4 16.7125
      vertex -3.25569 4 2.73185
      vertex -21.298 4 14.913
    endloop
  endfacet
  facet normal 0 1 -0
    outer loop
      vertex -3.4814 4 2.4377
      vertex -21.298 4 14.913
      vertex -3.25569 4 2.73185
    endloop
  endfacet
  facet normal 0 1 0
    outer loop
      vertex -21.298 4 14.913
      vertex -3.4814 4 2.4377
      vertex -22.5167 4 13
    endloop
  endfacet
  facet normal 0 1 -0
    outer loop
      vertex -3.68061 4 2.125
      vertex -22.5167 4 13
      vertex -3.4814 4 2.4377
    endloop
  endfacet
  facet normal 0 1 0
    outer loop
      vertex -22.5167 4 13
      vertex -3.68061 4 2.125
      vertex -23.564 4 10.9881
    endloop
  endfacet
  facet normal 0 1 -0
    outer loop
      vertex -3.85181 4 1.79613
      vertex -23.564 4 10.9881
      vertex -3.68061 4 2.125
    endloop
  endfacet
  facet normal 0 1 0
    outer loop
      vertex -23.564 4 10.9881
      vertex -3.85181 4 1.79613
      vertex -24.432 4 8.89252
    endloop
  endfacet
  facet normal 0 1 -0
    outer loop
      vertex -3.99369 4 1.45358
      vertex -24.432 4 8.89252
      vertex -3.85181 4 1.79613
    endloop
  endfacet
  facet normal 0 1 0
    outer loop
      vertex -24.432 4 8.89252
      vertex -3.99369 4 1.45358
      vertex -25.1141 4 6.72929
    endloop
  endfacet
  facet normal 0 1 -0
    outer loop
      vertex -4.10518 4 1.09998
      vertex -25.1141 4 6.72929
      vertex -3.99369 4 1.45358
    endloop
  endfacet
  facet normal 0 1 0
    outer loop
      vertex -25.1141 4 6.72929
      vertex -4.10518 4 1.09998
      vertex -25.605 4 4.51485
    endloop
  endfacet
  facet normal 0 1 -0
    outer loop
      vertex -4.18543 4 0.738005
      vertex -25.605 4 4.51485
      vertex -4.10518 4 1.09998
    endloop
  endfacet
  facet normal 0 1 0
    outer loop
      vertex -25.605 4 4.51485
      vertex -4.18543 4 0.738005
      vertex -25.9011 4 2.26605
    endloop
  endfacet
  facet normal 0 1 -0
    outer loop
      vertex -4.23383 4 0.370412
      vertex -25.9011 4 2.26605
      vertex -4.18543 4 0.738005
    endloop
  endfacet
  facet normal 0 1 -0
    outer loop
      vertex -4.25 4 0
      vertex -25.9011 4 2.26605
      vertex -4.23383 4 0.370412
    endloop
  endfacet
  facet normal 0 1 0
    outer loop
      vertex -4.25 4 0
      vertex -26 4 0
      vertex -25.9011 4 2.26605
    endloop
  endfacet
  facet normal 0 1 0
    outer loop
      vertex -4.23383 4 -0.370412
      vertex -26 4 0
      vertex -4.25 4 0
    endloop
  endfacet
  facet normal 0 1 0
    outer loop
      vertex -25.9011 4 -2.26605
      vertex -4.23383 4 -0.370412
      vertex -4.18543 4 -0.738005
    endloop
  endfacet
  facet normal 0 1 0
    outer loop
      vertex -25.605 4 -4.51485
      vertex -4.18543 4 -0.738005
      vertex -4.10518 4 -1.09998
    endloop
  endfacet
  facet normal 0 1 0
    outer loop
      vertex -25.1141 4 -6.72929
      vertex -4.10518 4 -1.09998
      vertex -3.99369 4 -1.45358
    endloop
  endfacet
  facet normal 0 1 0
    outer loop
      vertex -25.1141 4 -6.72929
      vertex -3.99369 4 -1.45358
      vertex -3.85181 4 -1.79613
    endloop
  endfacet
  facet normal 0 1 0
    outer loop
      vertex -25.1141 4 -6.72929
      vertex -3.85181 4 -1.79613
      vertex -3.68061 4 -2.125
    endloop
  endfacet
  facet normal 0 1 0
    outer loop
      vertex -4.23383 4 -0.370412
      vertex -25.9011 4 -2.26605
      vertex -26 4 0
    endloop
  endfacet
  facet normal 0 1 0
    outer loop
      vertex -25.1141 4 -6.72929
      vertex -3.68061 4 -2.125
      vertex -3.4814 4 -2.4377
    endloop
  endfacet
  facet normal 0 1 0
    outer loop
      vertex -25.1141 4 -6.72929
      vertex -3.4814 4 -2.4377
      vertex -3.25569 4 -2.73185
    endloop
  endfacet
  facet normal 0 1 0
    outer loop
      vertex -25.1141 4 -6.72929
      vertex -3.25569 4 -2.73185
      vertex -3.0052 4 -3.0052
    endloop
  endfacet
  facet normal 0 1 0
    outer loop
      vertex -25.1141 4 -6.72929
      vertex -3.0052 4 -3.0052
      vertex -2.73185 4 -3.25569
    endloop
  endfacet
  facet normal 0 1 0
    outer loop
      vertex -25.1141 4 -6.72929
      vertex -2.73185 4 -3.25569
      vertex -2.4377 4 -3.4814
    endloop
  endfacet
  facet normal 0 1 0
    outer loop
      vertex -25.1141 4 -6.72929
      vertex -2.4377 4 -3.4814
      vertex -2.125 4 -3.68061
    endloop
  endfacet
  facet normal 0 1 0
    outer loop
      vertex -25.1141 4 -6.72929
      vertex -2.125 4 -3.68061
      vertex -1.79613 4 -3.85181
    endloop
  endfacet
  facet normal 0 1 0
    outer loop
      vertex -25.1141 4 -6.72929
      vertex -1.79613 4 -3.85181
      vertex -1.45358 4 -3.99369
    endloop
  endfacet
  facet normal 0 1 0
    outer loop
      vertex -25.1141 4 -6.72929
      vertex -1.45358 4 -3.99369
      vertex -1.09998 4 -4.10518
    endloop
  endfacet
  facet normal 0 1 0
    outer loop
      vertex -25.1141 4 -6.72929
      vertex -1.09998 4 -4.10518
      vertex -0.738005 4 -4.18543
    endloop
  endfacet
  facet normal 0 1 0
    outer loop
      vertex -25.1141 4 -6.72929
      vertex -0.738005 4 -4.18543
      vertex -0.370412 4 -4.23383
    endloop
  endfacet
  facet normal 0 1 0
    outer loop
      vertex -4.18543 4 -0.738005
      vertex -25.605 4 -4.51485
      vertex -25.9011 4 -2.26605
    endloop
  endfacet
  facet normal 0 1 0
    outer loop
      vertex 8 4 -14.0851
      vertex -0.370412 4 -4.23383
      vertex 0 4 -4.25
    endloop
  endfacet
  facet normal 0.30072 0 -0.953712
    outer loop
      vertex 6.72929 -4 -25.1141
      vertex 8.89252 4 -24.432
      vertex 8.89252 -4 -24.432
    endloop
  endfacet
  facet normal 0.30072 0 -0.953712
    outer loop
      vertex 8.89252 4 -24.432
      vertex 6.72929 -4 -25.1141
      vertex 6.72929 4 -25.1141
    endloop
  endfacet
  facet normal 0.793354 -0 0.60876
    outer loop
      vertex 19.9172 -4 16.7125
      vertex 21.298 4 14.913
      vertex 19.9172 4 16.7125
    endloop
  endfacet
  facet normal 0.793354 0 0.60876
    outer loop
      vertex 21.298 4 14.913
      vertex 19.9172 -4 16.7125
      vertex 21.298 -4 14.913
    endloop
  endfacet
  facet normal -0.30072 0 0.953712
    outer loop
      vertex -8.89252 4 24.432
      vertex -6.72929 -4 25.1141
      vertex -6.72929 4 25.1141
    endloop
  endfacet
  facet normal -0.30072 0 0.953712
    outer loop
      vertex -6.72929 -4 25.1141
      vertex -8.89252 4 24.432
      vertex -8.89252 -4 24.432
    endloop
  endfacet
  facet normal -0.537295 0 0.843395
    outer loop
      vertex -14.913 4 21.298
      vertex -13 -4 22.5167
      vertex -13 4 22.5167
    endloop
  endfacet
  facet normal -0.537295 0 0.843395
    outer loop
      vertex -13 -4 22.5167
      vertex -14.913 4 21.298
      vertex -14.913 -4 21.298
    endloop
  endfacet
  facet normal -0.999049 0 0.0436027
    outer loop
      vertex -26 -4 0
      vertex -25.9011 4 2.26605
      vertex -26 4 0
    endloop
  endfacet
  facet normal -0.999049 0 0.0436027
    outer loop
      vertex -25.9011 4 2.26605
      vertex -26 -4 0
      vertex -25.9011 -4 2.26605
    endloop
  endfacet
  facet normal -0.382677 0 -0.923882
    outer loop
      vertex -10.9881 -4 -23.564
      vertex -8.89252 4 -24.432
      vertex -8.89252 -4 -24.432
    endloop
  endfacet
  facet normal -0.382677 0 -0.923882
    outer loop
      vertex -8.89252 4 -24.432
      vertex -10.9881 -4 -23.564
      vertex -10.9881 4 -23.564
    endloop
  endfacet
  facet normal 0 -1 0
    outer loop
      vertex 8 -4 14.0851
      vertex -0.370412 -4 4.23383
      vertex 0 -4 4.25
    endloop
  endfacet
  facet normal 0 -1 0
    outer loop
      vertex -25.1141 -4 6.72929
      vertex -0.738005 -4 4.18543
      vertex -0.370412 -4 4.23383
    endloop
  endfacet
  facet normal 0 -1 0
    outer loop
      vertex -25.1141 -4 6.72929
      vertex -1.09998 -4 4.10518
      vertex -0.738005 -4 4.18543
    endloop
  endfacet
  facet normal 0 -1 0
    outer loop
      vertex -25.1141 -4 6.72929
      vertex -1.45358 -4 3.99369
      vertex -1.09998 -4 4.10518
    endloop
  endfacet
  facet normal 0 -1 0
    outer loop
      vertex -25.1141 -4 6.72929
      vertex -1.79613 -4 3.85181
      vertex -1.45358 -4 3.99369
    endloop
  endfacet
  facet normal 0 -1 0
    outer loop
      vertex -25.1141 -4 6.72929
      vertex -2.125 -4 3.68061
      vertex -1.79613 -4 3.85181
    endloop
  endfacet
  facet normal 0 -1 0
    outer loop
      vertex -25.1141 -4 6.72929
      vertex -2.4377 -4 3.4814
      vertex -2.125 -4 3.68061
    endloop
  endfacet
  facet normal 0 -1 0
    outer loop
      vertex -25.1141 -4 6.72929
      vertex -2.73185 -4 3.25569
      vertex -2.4377 -4 3.4814
    endloop
  endfacet
  facet normal 0 -1 0
    outer loop
      vertex -25.1141 -4 6.72929
      vertex -3.0052 -4 3.0052
      vertex -2.73185 -4 3.25569
    endloop
  endfacet
  facet normal 0 -1 0
    outer loop
      vertex -25.1141 -4 6.72929
      vertex -3.25569 -4 2.73185
      vertex -3.0052 -4 3.0052
    endloop
  endfacet
  facet normal 0 -1 0
    outer loop
      vertex -25.1141 -4 6.72929
      vertex -3.4814 -4 2.4377
      vertex -3.25569 -4 2.73185
    endloop
  endfacet
  facet normal 0 -1 0
    outer loop
      vertex -4.18543 -4 0.738005
      vertex -25.605 -4 4.51485
      vertex -25.9011 -4 2.26605
    endloop
  endfacet
  facet normal 0 -1 0
    outer loop
      vertex -25.1141 -4 6.72929
      vertex -3.68061 -4 2.125
      vertex -3.4814 -4 2.4377
    endloop
  endfacet
  facet normal 0 -1 0
    outer loop
      vertex -25.1141 -4 6.72929
      vertex -3.85181 -4 1.79613
      vertex -3.68061 -4 2.125
    endloop
  endfacet
  facet normal 0 -1 0
    outer loop
      vertex -25.1141 -4 6.72929
      vertex -3.99369 -4 1.45358
      vertex -3.85181 -4 1.79613
    endloop
  endfacet
  facet normal 0 -1 0
    outer loop
      vertex -25.1141 -4 6.72929
      vertex -4.10518 -4 1.09998
      vertex -3.99369 -4 1.45358
    endloop
  endfacet
  facet normal 0 -1 0
    outer loop
      vertex -25.605 -4 4.51485
      vertex -4.18543 -4 0.738005
      vertex -4.10518 -4 1.09998
    endloop
  endfacet
  facet normal 0 -1 0
    outer loop
      vertex -25.9011 -4 2.26605
      vertex -4.23383 -4 0.370412
      vertex -4.18543 -4 0.738005
    endloop
  endfacet
  facet normal 0 -1 0
    outer loop
      vertex -26 -4 0
      vertex -4.23383 -4 0.370412
      vertex -25.9011 -4 2.26605
    endloop
  endfacet
  facet normal 0 -1 0
    outer loop
      vertex -26 -4 0
      vertex -4.25 -4 0
      vertex -4.23383 -4 0.370412
    endloop
  endfacet
  facet normal 0 -1 0
    outer loop
      vertex -26 -4 0
      vertex -4.23383 -4 -0.370412
      vertex -4.25 -4 0
    endloop
  endfacet
  facet normal 0 -1 0
    outer loop
      vertex -25.9011 -4 -2.26605
      vertex -4.23383 -4 -0.370412
      vertex -26 -4 0
    endloop
  endfacet
  facet normal 0 -1 -0
    outer loop
      vertex -4.23383 -4 -0.370412
      vertex -25.9011 -4 -2.26605
      vertex -4.18543 -4 -0.738005
    endloop
  endfacet
  facet normal 0 -1 0
    outer loop
      vertex -25.605 -4 -4.51485
      vertex -4.18543 -4 -0.738005
      vertex -25.9011 -4 -2.26605
    endloop
  endfacet
  facet normal 0 -1 -0
    outer loop
      vertex -4.18543 -4 -0.738005
      vertex -25.605 -4 -4.51485
      vertex -4.10518 -4 -1.09998
    endloop
  endfacet
  facet normal 0 -1 0
    outer loop
      vertex -25.1141 -4 -6.72929
      vertex -4.10518 -4 -1.09998
      vertex -25.605 -4 -4.51485
    endloop
  endfacet
  facet normal 0 -1 -0
    outer loop
      vertex -4.10518 -4 -1.09998
      vertex -25.1141 -4 -6.72929
      vertex -3.99369 -4 -1.45358
    endloop
  endfacet
  facet normal 0 -1 0
    outer loop
      vertex -24.432 -4 -8.89252
      vertex -3.99369 -4 -1.45358
      vertex -25.1141 -4 -6.72929
    endloop
  endfacet
  facet normal 0 -1 -0
    outer loop
      vertex -3.99369 -4 -1.45358
      vertex -24.432 -4 -8.89252
      vertex -3.85181 -4 -1.79613
    endloop
  endfacet
  facet normal 0 -1 0
    outer loop
      vertex -23.564 -4 -10.9881
      vertex -3.85181 -4 -1.79613
      vertex -24.432 -4 -8.89252
    endloop
  endfacet
  facet normal 0 -1 -0
    outer loop
      vertex -3.85181 -4 -1.79613
      vertex -23.564 -4 -10.9881
      vertex -3.68061 -4 -2.125
    endloop
  endfacet
  facet normal 0 -1 0
    outer loop
      vertex -22.5167 -4 -13
      vertex -3.68061 -4 -2.125
      vertex -23.564 -4 -10.9881
    endloop
  endfacet
  facet normal 0 -1 -0
    outer loop
      vertex -3.68061 -4 -2.125
      vertex -22.5167 -4 -13
      vertex -3.4814 -4 -2.4377
    endloop
  endfacet
  facet normal 0 -1 0
    outer loop
      vertex -21.298 -4 -14.913
      vertex -3.4814 -4 -2.4377
      vertex -22.5167 -4 -13
    endloop
  endfacet
  facet normal 0 -1 -0
    outer loop
      vertex -3.4814 -4 -2.4377
      vertex -21.298 -4 -14.913
      vertex -3.25569 -4 -2.73185
    endloop
  endfacet
  facet normal 0 -1 0
    outer loop
      vertex -19.9172 -4 -16.7125
      vertex -3.25569 -4 -2.73185
      vertex -21.298 -4 -14.913
    endloop
  endfacet
  facet normal 0 -1 -0
    outer loop
      vertex -3.25569 -4 -2.73185
      vertex -19.9172 -4 -16.7125
      vertex -3.0052 -4 -3.0052
    endloop
  endfacet
  facet normal 0 -1 0
    outer loop
      vertex -18.3848 -4 -18.3848
      vertex -3.0052 -4 -3.0052
      vertex -19.9172 -4 -16.7125
    endloop
  endfacet
  facet normal 0 -1 0
    outer loop
      vertex -16.7125 -4 -19.9172
      vertex -2.73185 -4 -3.25569
      vertex -18.3848 -4 -18.3848
    endloop
  endfacet
  facet normal 0 -1 -0
    outer loop
      vertex -3.0052 -4 -3.0052
      vertex -18.3848 -4 -18.3848
      vertex -2.73185 -4 -3.25569
    endloop
  endfacet
  facet normal 0 -1 0
    outer loop
      vertex 8 -4 14.0851
      vertex 0 -4 26
      vertex -2.26605 -4 25.9011
    endloop
  endfacet
  facet normal 0 -1 0
    outer loop
      vertex 8 -4 14.0851
      vertex -2.26605 -4 25.9011
      vertex -4.51485 -4 25.605
    endloop
  endfacet
  facet normal 0 -1 0
    outer loop
      vertex 0 -4 26
      vertex 8 -4 14.0851
      vertex 2.26605 -4 25.9011
    endloop
  endfacet
  facet normal 0 -1 0
    outer loop
      vertex -0.370412 -4 4.23383
      vertex -4.51485 -4 25.605
      vertex -6.72929 -4 25.1141
    endloop
  endfacet
  facet normal 0 -1 0
    outer loop
      vertex 2.26605 -4 25.9011
      vertex 8 -4 14.0851
      vertex 4.51485 -4 25.605
    endloop
  endfacet
  facet normal 0 -1 0
    outer loop
      vertex -0.370412 -4 4.23383
      vertex -6.72929 -4 25.1141
      vertex -8.89252 -4 24.432
    endloop
  endfacet
  facet normal 0 -1 0
    outer loop
      vertex 4.51485 -4 25.605
      vertex 8 -4 14.0851
      vertex 6.72929 -4 25.1141
    endloop
  endfacet
  facet normal 0 -1 0
    outer loop
      vertex -0.370412 -4 4.23383
      vertex -8.89252 -4 24.432
      vertex -10.9881 -4 23.564
    endloop
  endfacet
  facet normal 0 -1 0
    outer loop
      vertex 6.72929 -4 25.1141
      vertex 8 -4 14.0851
      vertex 8.89252 -4 24.432
    endloop
  endfacet
  facet normal 0 -1 0
    outer loop
      vertex -0.370412 -4 4.23383
      vertex -10.9881 -4 23.564
      vertex -13 -4 22.5167
    endloop
  endfacet
  facet normal 0 -1 -0
    outer loop
      vertex 8.89252 -4 24.432
      vertex 8 -4 14.0851
      vertex 10.9881 -4 23.564
    endloop
  endfacet
  facet normal 0 -1 0
    outer loop
      vertex -0.370412 -4 4.23383
      vertex -13 -4 22.5167
      vertex -14.913 -4 21.298
    endloop
  endfacet
  facet normal 0 -1 -0
    outer loop
      vertex 10.9881 -4 23.564
      vertex 8 -4 14.0851
      vertex 13 -4 22.5167
    endloop
  endfacet
  facet normal 0 -1 0
    outer loop
      vertex -0.370412 -4 4.23383
      vertex -14.913 -4 21.298
      vertex -16.7125 -4 19.9172
    endloop
  endfacet
  facet normal 0 -1 -0
    outer loop
      vertex 13 -4 22.5167
      vertex 8 -4 14.0851
      vertex 14.913 -4 21.298
    endloop
  endfacet
  facet normal 0 -1 0
    outer loop
      vertex -0.370412 -4 4.23383
      vertex -16.7125 -4 19.9172
      vertex -18.3848 -4 18.3848
    endloop
  endfacet
  facet normal 0 -1 -0
    outer loop
      vertex 14.913 -4 21.298
      vertex 8 -4 14.0851
      vertex 16.7125 -4 19.9172
    endloop
  endfacet
  facet normal 0 -1 0
    outer loop
      vertex -0.370412 -4 4.23383
      vertex -18.3848 -4 18.3848
      vertex -19.9172 -4 16.7125
    endloop
  endfacet
  facet normal 0 -1 -0
    outer loop
      vertex 16.7125 -4 19.9172
      vertex 8 -4 14.0851
      vertex 18.3848 -4 18.3848
    endloop
  endfacet
  facet normal 0 -1 0
    outer loop
      vertex -0.370412 -4 4.23383
      vertex -19.9172 -4 16.7125
      vertex -21.298 -4 14.913
    endloop
  endfacet
  facet normal 0 -1 -0
    outer loop
      vertex 18.3848 -4 18.3848
      vertex 8 -4 14.0851
      vertex 19.9172 -4 16.7125
    endloop
  endfacet
  facet normal 0 -1 -0
    outer loop
      vertex 19.9172 -4 16.7125
      vertex 8 -4 14.0851
      vertex 21.298 -4 14.913
    endloop
  endfacet
  facet normal 0 -1 0
    outer loop
      vertex -0.370412 -4 4.23383
      vertex -21.298 -4 14.913
      vertex -22.5167 -4 13
    endloop
  endfacet
  facet normal 0 -1 0
    outer loop
      vertex -0.370412 -4 4.23383
      vertex -22.5167 -4 13
      vertex -23.564 -4 10.9881
    endloop
  endfacet
  facet normal 0 -1 0
    outer loop
      vertex -0.370412 -4 4.23383
      vertex -23.564 -4 10.9881
      vertex -24.432 -4 8.89252
    endloop
  endfacet
  facet normal 0 -1 0
    outer loop
      vertex -0.370412 -4 4.23383
      vertex -24.432 -4 8.89252
      vertex -25.1141 -4 6.72929
    endloop
  endfacet
  facet normal 0 -1 0
    outer loop
      vertex -4.10518 -4 1.09998
      vertex -25.1141 -4 6.72929
      vertex -25.605 -4 4.51485
    endloop
  endfacet
  facet normal 0 -1 0
    outer loop
      vertex -0.370412 -4 4.23383
      vertex 8 -4 14.0851
      vertex -4.51485 -4 25.605
    endloop
  endfacet
  facet normal 0 -1 0
    outer loop
      vertex 0.370412 -4 4.23383
      vertex 8 -4 14.0851
      vertex 0 -4 4.25
    endloop
  endfacet
  facet normal 0 -1 0
    outer loop
      vertex 0.738005 -4 4.18543
      vertex 8 -4 14.0851
      vertex 0.370412 -4 4.23383
    endloop
  endfacet
  facet normal 0 -1 0
    outer loop
      vertex 1.09998 -4 4.10518
      vertex 8 -4 14.0851
      vertex 0.738005 -4 4.18543
    endloop
  endfacet
  facet normal 0 -1 0
    outer loop
      vertex 1.45358 -4 3.99369
      vertex 8 -4 14.0851
      vertex 1.09998 -4 4.10518
    endloop
  endfacet
  facet normal 0 -1 0
    outer loop
      vertex 1.79613 -4 3.85181
      vertex 8 -4 14.0851
      vertex 1.45358 -4 3.99369
    endloop
  endfacet
  facet normal 0 -1 0
    outer loop
      vertex 2.125 -4 3.68061
      vertex 8 -4 14.0851
      vertex 1.79613 -4 3.85181
    endloop
  endfacet
  facet normal 0 -1 0
    outer loop
      vertex 2.4377 -4 3.4814
      vertex 8 -4 14.0851
      vertex 2.125 -4 3.68061
    endloop
  endfacet
  facet normal 0 -1 0
    outer loop
      vertex 2.73185 -4 3.25569
      vertex 8 -4 14.0851
      vertex 2.4377 -4 3.4814
    endloop
  endfacet
  facet normal 0 -1 0
    outer loop
      vertex 3.0052 -4 3.0052
      vertex 8 -4 14.0851
      vertex 2.73185 -4 3.25569
    endloop
  endfacet
  facet normal 0 -1 0
    outer loop
      vertex 3.25569 -4 2.73185
      vertex 8 -4 14.0851
      vertex 3.0052 -4 3.0052
    endloop
  endfacet
  facet normal 0 -1 0
    outer loop
      vertex 3.4814 -4 2.4377
      vertex 8 -4 14.0851
      vertex 3.25569 -4 2.73185
    endloop
  endfacet
  facet normal 0 -1 0
    outer loop
      vertex 3.68061 -4 2.125
      vertex 8 -4 14.0851
      vertex 3.4814 -4 2.4377
    endloop
  endfacet
  facet normal 0 -1 0
    outer loop
      vertex 3.85181 -4 1.79613
      vertex 8 -4 14.0851
      vertex 3.68061 -4 2.125
    endloop
  endfacet
  facet normal 0 -1 0
    outer loop
      vertex 3.99369 -4 1.45358
      vertex 8 -4 14.0851
      vertex 3.85181 -4 1.79613
    endloop
  endfacet
  facet normal 0 -1 0
    outer loop
      vertex 4.10518 -4 1.09998
      vertex 8 -4 14.0851
      vertex 3.99369 -4 1.45358
    endloop
  endfacet
  facet normal 0 -1 0
    outer loop
      vertex 4.18543 -4 0.738005
      vertex 8 -4 14.0851
      vertex 4.10518 -4 1.09998
    endloop
  endfacet
  facet normal 0 -1 0
    outer loop
      vertex 4.23383 -4 0.370412
      vertex 8 -4 14.0851
      vertex 4.18543 -4 0.738005
    endloop
  endfacet
  facet normal 0 -1 0
    outer loop
      vertex 4.25 -4 0
      vertex 8 -4 14.0851
      vertex 4.23383 -4 0.370412
    endloop
  endfacet
  facet normal 0 -1 0
    outer loop
      vertex 8 -4 -14.0851
      vertex 4.25 -4 0
      vertex 4.23383 -4 -0.370412
    endloop
  endfacet
  facet normal 0 -1 0
    outer loop
      vertex 8 -4 -14.0851
      vertex 4.23383 -4 -0.370412
      vertex 4.18543 -4 -0.738005
    endloop
  endfacet
  facet normal 0 -1 0
    outer loop
      vertex 8 -4 -14.0851
      vertex 4.18543 -4 -0.738005
      vertex 4.10518 -4 -1.09998
    endloop
  endfacet
  facet normal 0 -1 -0
    outer loop
      vertex -2.73185 -4 -3.25569
      vertex -16.7125 -4 -19.9172
      vertex -2.4377 -4 -3.4814
    endloop
  endfacet
  facet normal 0 -1 0
    outer loop
      vertex -14.913 -4 -21.298
      vertex -2.4377 -4 -3.4814
      vertex -16.7125 -4 -19.9172
    endloop
  endfacet
  facet normal 0 -1 -0
    outer loop
      vertex -2.4377 -4 -3.4814
      vertex -14.913 -4 -21.298
      vertex -2.125 -4 -3.68061
    endloop
  endfacet
  facet normal 0 -1 0
    outer loop
      vertex -13 -4 -22.5167
      vertex -2.125 -4 -3.68061
      vertex -14.913 -4 -21.298
    endloop
  endfacet
  facet normal 0 -1 -0
    outer loop
      vertex -2.125 -4 -3.68061
      vertex -13 -4 -22.5167
      vertex -1.79613 -4 -3.85181
    endloop
  endfacet
  facet normal 0 -1 0
    outer loop
      vertex -10.9881 -4 -23.564
      vertex -1.79613 -4 -3.85181
      vertex -13 -4 -22.5167
    endloop
  endfacet
  facet normal 0 -1 -0
    outer loop
      vertex -1.79613 -4 -3.85181
      vertex -10.9881 -4 -23.564
      vertex -1.45358 -4 -3.99369
    endloop
  endfacet
  facet normal 0 -1 0
    outer loop
      vertex -8.89252 -4 -24.432
      vertex -1.45358 -4 -3.99369
      vertex -10.9881 -4 -23.564
    endloop
  endfacet
  facet normal 0 -1 0
    outer loop
      vertex 4.25 -4 0
      vertex 8 -4 -14.0851
      vertex 8 -4 14.0851
    endloop
  endfacet
  facet normal 0 -1 0
    outer loop
      vertex 3.99369 -4 -1.45358
      vertex 8 -4 -14.0851
      vertex 4.10518 -4 -1.09998
    endloop
  endfacet
  facet normal 0 -1 0
    outer loop
      vertex 3.85181 -4 -1.79613
      vertex 8 -4 -14.0851
      vertex 3.99369 -4 -1.45358
    endloop
  endfacet
  facet normal 0 -1 0
    outer loop
      vertex 3.68061 -4 -2.125
      vertex 8 -4 -14.0851
      vertex 3.85181 -4 -1.79613
    endloop
  endfacet
  facet normal 0 -1 0
    outer loop
      vertex 3.4814 -4 -2.4377
      vertex 8 -4 -14.0851
      vertex 3.68061 -4 -2.125
    endloop
  endfacet
  facet normal 0 -1 0
    outer loop
      vertex 3.25569 -4 -2.73185
      vertex 8 -4 -14.0851
      vertex 3.4814 -4 -2.4377
    endloop
  endfacet
  facet normal 0 -1 0
    outer loop
      vertex 3.0052 -4 -3.0052
      vertex 8 -4 -14.0851
      vertex 3.25569 -4 -2.73185
    endloop
  endfacet
  facet normal 0 -1 0
    outer loop
      vertex 2.73185 -4 -3.25569
      vertex 8 -4 -14.0851
      vertex 3.0052 -4 -3.0052
    endloop
  endfacet
  facet normal 0 -1 0
    outer loop
      vertex 2.4377 -4 -3.4814
      vertex 8 -4 -14.0851
      vertex 2.73185 -4 -3.25569
    endloop
  endfacet
  facet normal 0 -1 0
    outer loop
      vertex 2.125 -4 -3.68061
      vertex 8 -4 -14.0851
      vertex 2.4377 -4 -3.4814
    endloop
  endfacet
  facet normal 0 -1 0
    outer loop
      vertex 1.79613 -4 -3.85181
      vertex 8 -4 -14.0851
      vertex 2.125 -4 -3.68061
    endloop
  endfacet
  facet normal 0 -1 0
    outer loop
      vertex 1.45358 -4 -3.99369
      vertex 8 -4 -14.0851
      vertex 1.79613 -4 -3.85181
    endloop
  endfacet
  facet normal 0 -1 -0
    outer loop
      vertex -1.45358 -4 -3.99369
      vertex -8.89252 -4 -24.432
      vertex -1.09998 -4 -4.10518
    endloop
  endfacet
  facet normal 0 -1 0
    outer loop
      vertex -6.72929 -4 -25.1141
      vertex -1.09998 -4 -4.10518
      vertex -8.89252 -4 -24.432
    endloop
  endfacet
  facet normal 0 -1 -0
    outer loop
      vertex -1.09998 -4 -4.10518
      vertex -6.72929 -4 -25.1141
      vertex -0.738005 -4 -4.18543
    endloop
  endfacet
  facet normal 0 -1 0
    outer loop
      vertex -4.51485 -4 -25.605
      vertex -0.738005 -4 -4.18543
      vertex -6.72929 -4 -25.1141
    endloop
  endfacet
  facet normal -0 -1 0
    outer loop
      vertex 21.298 -4 -14.913
      vertex 8 -4 -14.0851
      vertex 19.9172 -4 -16.7125
    endloop
  endfacet
  facet normal 0 -1 0
    outer loop
      vertex 8 -4 -14.0851
      vertex 21.298 -4 -14.913
      vertex 21.8254 -4 -14.0851
    endloop
  endfacet
  facet normal -0 -1 0
    outer loop
      vertex 8 -4 -14.0851
      vertex -0.738005 -4 -4.18543
      vertex -4.51485 -4 -25.605
    endloop
  endfacet
  facet normal 0 -1 0
    outer loop
      vertex 8 -4 -14.0851
      vertex 18.3848 -4 -18.3848
      vertex 19.9172 -4 -16.7125
    endloop
  endfacet
  facet normal 0 -1 0
    outer loop
      vertex -0.738005 -4 -4.18543
      vertex 8 -4 -14.0851
      vertex -0.370412 -4 -4.23383
    endloop
  endfacet
  facet normal 0 -1 0
    outer loop
      vertex 8 -4 -14.0851
      vertex 16.7125 -4 -19.9172
      vertex 18.3848 -4 -18.3848
    endloop
  endfacet
  facet normal 0 -1 0
    outer loop
      vertex -0.370412 -4 -4.23383
      vertex 8 -4 -14.0851
      vertex 0 -4 -4.25
    endloop
  endfacet
  facet normal 0 -1 0
    outer loop
      vertex 8 -4 -14.0851
      vertex 14.913 -4 -21.298
      vertex 16.7125 -4 -19.9172
    endloop
  endfacet
  facet normal 0 -1 0
    outer loop
      vertex 0 -4 -4.25
      vertex 8 -4 -14.0851
      vertex 0.370412 -4 -4.23383
    endloop
  endfacet
  facet normal 0 -1 0
    outer loop
      vertex 8 -4 -14.0851
      vertex 13 -4 -22.5167
      vertex 14.913 -4 -21.298
    endloop
  endfacet
  facet normal 0 -1 0
    outer loop
      vertex 0.738005 -4 -4.18543
      vertex 8 -4 -14.0851
      vertex 1.09998 -4 -4.10518
    endloop
  endfacet
  facet normal 0 -1 0
    outer loop
      vertex 8 -4 -14.0851
      vertex 10.9881 -4 -23.564
      vertex 13 -4 -22.5167
    endloop
  endfacet
  facet normal 0 -1 0
    outer loop
      vertex 1.09998 -4 -4.10518
      vertex 8 -4 -14.0851
      vertex 1.45358 -4 -3.99369
    endloop
  endfacet
  facet normal 0 -1 0
    outer loop
      vertex 8 -4 -14.0851
      vertex 8.89252 -4 -24.432
      vertex 10.9881 -4 -23.564
    endloop
  endfacet
  facet normal 0 -1 0
    outer loop
      vertex 0.370412 -4 -4.23383
      vertex 8 -4 -14.0851
      vertex 0.738005 -4 -4.18543
    endloop
  endfacet
  facet normal 0 -1 -0
    outer loop
      vertex 8 -4 -14.0851
      vertex 6.72929 -4 -25.1141
      vertex 8.89252 -4 -24.432
    endloop
  endfacet
  facet normal 0 -1 0
    outer loop
      vertex -2.26605 -4 -25.9011
      vertex 8 -4 -14.0851
      vertex -4.51485 -4 -25.605
    endloop
  endfacet
  facet normal 0 -1 0
    outer loop
      vertex 8 -4 -14.0851
      vertex 4.51485 -4 -25.605
      vertex 6.72929 -4 -25.1141
    endloop
  endfacet
  facet normal 0 -1 0
    outer loop
      vertex 0 -4 -26
      vertex 8 -4 -14.0851
      vertex -2.26605 -4 -25.9011
    endloop
  endfacet
  facet normal 0 -1 0
    outer loop
      vertex 8 -4 -14.0851
      vertex 2.26605 -4 -25.9011
      vertex 4.51485 -4 -25.605
    endloop
  endfacet
  facet normal 0 -1 0
    outer loop
      vertex 8 -4 -14.0851
      vertex 0 -4 -26
      vertex 2.26605 -4 -25.9011
    endloop
  endfacet
  facet normal 0 -1 -0
    outer loop
      vertex 21.298 -4 14.913
      vertex 8 -4 14.0851
      vertex 21.8254 -4 14.0851
    endloop
  endfacet
  facet normal 0.675595 0 -0.737273
    outer loop
      vertex 16.7125 -4 -19.9172
      vertex 18.3848 4 -18.3848
      vertex 18.3848 -4 -18.3848
    endloop
  endfacet
  facet normal 0.675595 0 -0.737273
    outer loop
      vertex 18.3848 4 -18.3848
      vertex 16.7125 -4 -19.9172
      vertex 16.7125 4 -19.9172
    endloop
  endfacet
  facet normal -0.0436027 0 -0.999049
    outer loop
      vertex -2.26605 -4 -25.9011
      vertex 0 4 -26
      vertex 0 -4 -26
    endloop
  endfacet
  facet normal -0.0436027 0 -0.999049
    outer loop
      vertex 0 4 -26
      vertex -2.26605 -4 -25.9011
      vertex -2.26605 4 -25.9011
    endloop
  endfacet
  facet normal -0.976299 0 0.216427
    outer loop
      vertex -25.605 -4 4.51485
      vertex -25.1141 4 6.72929
      vertex -25.605 4 4.51485
    endloop
  endfacet
  facet normal -0.976299 0 0.216427
    outer loop
      vertex -25.1141 4 6.72929
      vertex -25.605 -4 4.51485
      vertex -25.1141 -4 6.72929
    endloop
  endfacet
  facet normal -0.976299 0 -0.216427
    outer loop
      vertex -25.1141 -4 -6.72929
      vertex -25.605 4 -4.51485
      vertex -25.1141 4 -6.72929
    endloop
  endfacet
  facet normal -0.976299 -0 -0.216427
    outer loop
      vertex -25.605 4 -4.51485
      vertex -25.1141 -4 -6.72929
      vertex -25.605 -4 -4.51485
    endloop
  endfacet
  facet normal 0.30072 0 0.953712
    outer loop
      vertex 6.72929 4 25.1141
      vertex 8.89252 -4 24.432
      vertex 8.89252 4 24.432
    endloop
  endfacet
  facet normal 0.30072 0 0.953712
    outer loop
      vertex 8.89252 -4 24.432
      vertex 6.72929 4 25.1141
      vertex 6.72929 -4 25.1141
    endloop
  endfacet
  facet normal -0.991443 0 -0.130541
    outer loop
      vertex 4.23383 -4 0.370412
      vertex 4.18543 4 0.738005
      vertex 4.23383 4 0.370412
    endloop
  endfacet
  facet normal -0.991443 -0 -0.130541
    outer loop
      vertex 4.18543 4 0.738005
      vertex 4.23383 -4 0.370412
      vertex 4.18543 -4 0.738005
    endloop
  endfacet
  facet normal -0.999049 0 -0.0436126
    outer loop
      vertex 4.25 -4 0
      vertex 4.23383 4 0.370412
      vertex 4.25 4 0
    endloop
  endfacet
  facet normal -0.999049 -0 -0.0436126
    outer loop
      vertex 4.23383 4 0.370412
      vertex 4.25 -4 0
      vertex 4.23383 -4 0.370412
    endloop
  endfacet
  facet normal -0.976295 0 -0.216445
    outer loop
      vertex 4.18543 -4 0.738005
      vertex 4.10518 4 1.09998
      vertex 4.18543 4 0.738005
    endloop
  endfacet
  facet normal -0.976295 -0 -0.216445
    outer loop
      vertex 4.10518 4 1.09998
      vertex 4.18543 -4 0.738005
      vertex 4.10518 -4 1.09998
    endloop
  endfacet
  facet normal -0.953717 0 -0.300707
    outer loop
      vertex 4.10518 -4 1.09998
      vertex 3.99369 4 1.45358
      vertex 4.10518 4 1.09998
    endloop
  endfacet
  facet normal -0.953717 -0 -0.300707
    outer loop
      vertex 3.99369 4 1.45358
      vertex 4.10518 -4 1.09998
      vertex 3.99369 -4 1.45358
    endloop
  endfacet
  facet normal 0.0436126 0 -0.999049
    outer loop
      vertex -0.370412 -4 4.23383
      vertex 0 4 4.25
      vertex 0 -4 4.25
    endloop
  endfacet
  facet normal 0.0436126 0 -0.999049
    outer loop
      vertex 0 4 4.25
      vertex -0.370412 -4 4.23383
      vertex -0.370412 4 4.23383
    endloop
  endfacet
  facet normal -0.923888 0 -0.382663
    outer loop
      vertex 3.99369 -4 1.45358
      vertex 3.85181 4 1.79613
      vertex 3.99369 4 1.45358
    endloop
  endfacet
  facet normal -0.923888 -0 -0.382663
    outer loop
      vertex 3.85181 4 1.79613
      vertex 3.99369 -4 1.45358
      vertex 3.85181 -4 1.79613
    endloop
  endfacet
  facet normal -0.991443 0 0.130541
    outer loop
      vertex 4.18543 -4 -0.738005
      vertex 4.23383 4 -0.370412
      vertex 4.18543 4 -0.738005
    endloop
  endfacet
  facet normal -0.991443 0 0.130541
    outer loop
      vertex 4.23383 4 -0.370412
      vertex 4.18543 -4 -0.738005
      vertex 4.23383 -4 -0.370412
    endloop
  endfacet
  facet normal 0.461751 0 -0.88701
    outer loop
      vertex -2.125 -4 3.68061
      vertex -1.79613 4 3.85181
      vertex -1.79613 -4 3.85181
    endloop
  endfacet
  facet normal 0.461751 0 -0.88701
    outer loop
      vertex -1.79613 4 3.85181
      vertex -2.125 -4 3.68061
      vertex -2.125 4 3.68061
    endloop
  endfacet
  facet normal 0.461751 0 0.88701
    outer loop
      vertex -2.125 4 -3.68061
      vertex -1.79613 -4 -3.85181
      vertex -1.79613 4 -3.85181
    endloop
  endfacet
  facet normal 0.461751 0 0.88701
    outer loop
      vertex -1.79613 -4 -3.85181
      vertex -2.125 4 -3.68061
      vertex -2.125 -4 -3.68061
    endloop
  endfacet
  facet normal -0.461751 0 0.88701
    outer loop
      vertex 1.79613 4 -3.85181
      vertex 2.125 -4 -3.68061
      vertex 2.125 4 -3.68061
    endloop
  endfacet
  facet normal -0.461751 0 0.88701
    outer loop
      vertex 2.125 -4 -3.68061
      vertex 1.79613 4 -3.85181
      vertex 1.79613 -4 -3.85181
    endloop
  endfacet
  facet normal -0.88701 0 0.461751
    outer loop
      vertex 3.68061 -4 -2.125
      vertex 3.85181 4 -1.79613
      vertex 3.68061 4 -2.125
    endloop
  endfacet
  facet normal -0.88701 0 0.461751
    outer loop
      vertex 3.85181 4 -1.79613
      vertex 3.68061 -4 -2.125
      vertex 3.85181 -4 -1.79613
    endloop
  endfacet
  facet normal 0.923888 -0 0.382663
    outer loop
      vertex -3.99369 -4 -1.45358
      vertex -3.85181 4 -1.79613
      vertex -3.99369 4 -1.45358
    endloop
  endfacet
  facet normal 0.923888 0 0.382663
    outer loop
      vertex -3.85181 4 -1.79613
      vertex -3.99369 -4 -1.45358
      vertex -3.85181 -4 -1.79613
    endloop
  endfacet
  facet normal -0.793352 0 0.608763
    outer loop
      vertex 3.25569 -4 -2.73185
      vertex 3.4814 4 -2.4377
      vertex 3.25569 4 -2.73185
    endloop
  endfacet
  facet normal -0.793352 0 0.608763
    outer loop
      vertex 3.4814 4 -2.4377
      vertex 3.25569 -4 -2.73185
      vertex 3.4814 -4 -2.4377
    endloop
  endfacet
  facet normal 0.675606 0 0.737263
    outer loop
      vertex -3.0052 4 -3.0052
      vertex -2.73185 -4 -3.25569
      vertex -2.73185 4 -3.25569
    endloop
  endfacet
  facet normal 0.675606 0 0.737263
    outer loop
      vertex -2.73185 -4 -3.25569
      vertex -3.0052 4 -3.0052
      vertex -3.0052 -4 -3.0052
    endloop
  endfacet
  facet normal 0.999049 -0 0.0436126
    outer loop
      vertex -4.25 -4 0
      vertex -4.23383 4 -0.370412
      vertex -4.25 4 0
    endloop
  endfacet
  facet normal 0.999049 0 0.0436126
    outer loop
      vertex -4.23383 4 -0.370412
      vertex -4.25 -4 0
      vertex -4.23383 -4 -0.370412
    endloop
  endfacet
  facet normal -0.0436126 0 -0.999049
    outer loop
      vertex 0 -4 4.25
      vertex 0.370412 4 4.23383
      vertex 0.370412 -4 4.23383
    endloop
  endfacet
  facet normal -0.0436126 0 -0.999049
    outer loop
      vertex 0.370412 4 4.23383
      vertex 0 -4 4.25
      vertex 0 4 4.25
    endloop
  endfacet
  facet normal 0.88701 0 -0.461751
    outer loop
      vertex -3.68061 -4 2.125
      vertex -3.85181 4 1.79613
      vertex -3.68061 4 2.125
    endloop
  endfacet
  facet normal 0.88701 0 -0.461751
    outer loop
      vertex -3.85181 4 1.79613
      vertex -3.68061 -4 2.125
      vertex -3.85181 -4 1.79613
    endloop
  endfacet
  facet normal -0.216445 0 0.976295
    outer loop
      vertex 0.738005 4 -4.18543
      vertex 1.09998 -4 -4.10518
      vertex 1.09998 4 -4.10518
    endloop
  endfacet
  facet normal -0.216445 0 0.976295
    outer loop
      vertex 1.09998 -4 -4.10518
      vertex 0.738005 4 -4.18543
      vertex 0.738005 -4 -4.18543
    endloop
  endfacet
  facet normal -0.843394 0 0.537296
    outer loop
      vertex 3.4814 -4 -2.4377
      vertex 3.68061 4 -2.125
      vertex 3.4814 4 -2.4377
    endloop
  endfacet
  facet normal -0.843394 0 0.537296
    outer loop
      vertex 3.68061 4 -2.125
      vertex 3.4814 -4 -2.4377
      vertex 3.68061 -4 -2.125
    endloop
  endfacet
  facet normal -0.216445 0 -0.976295
    outer loop
      vertex 0.738005 -4 4.18543
      vertex 1.09998 4 4.10518
      vertex 1.09998 -4 4.10518
    endloop
  endfacet
  facet normal -0.216445 0 -0.976295
    outer loop
      vertex 1.09998 4 4.10518
      vertex 0.738005 -4 4.18543
      vertex 0.738005 4 4.18543
    endloop
  endfacet
  facet normal -0.923888 0 0.382663
    outer loop
      vertex 3.85181 -4 -1.79613
      vertex 3.99369 4 -1.45358
      vertex 3.85181 4 -1.79613
    endloop
  endfacet
  facet normal -0.923888 0 0.382663
    outer loop
      vertex 3.99369 4 -1.45358
      vertex 3.85181 -4 -1.79613
      vertex 3.99369 -4 -1.45358
    endloop
  endfacet
  facet normal -0.537296 0 -0.843394
    outer loop
      vertex 2.125 -4 3.68061
      vertex 2.4377 4 3.4814
      vertex 2.4377 -4 3.4814
    endloop
  endfacet
  facet normal -0.537296 0 -0.843394
    outer loop
      vertex 2.4377 4 3.4814
      vertex 2.125 -4 3.68061
      vertex 2.125 4 3.68061
    endloop
  endfacet
  facet normal -0.130541 0 -0.991443
    outer loop
      vertex 0.370412 -4 4.23383
      vertex 0.738005 4 4.18543
      vertex 0.738005 -4 4.18543
    endloop
  endfacet
  facet normal -0.130541 0 -0.991443
    outer loop
      vertex 0.738005 4 4.18543
      vertex 0.370412 -4 4.23383
      vertex 0.370412 4 4.23383
    endloop
  endfacet
  facet normal -0.461751 0 -0.88701
    outer loop
      vertex 1.79613 -4 3.85181
      vertex 2.125 4 3.68061
      vertex 2.125 -4 3.68061
    endloop
  endfacet
  facet normal -0.461751 0 -0.88701
    outer loop
      vertex 2.125 4 3.68061
      vertex 1.79613 -4 3.85181
      vertex 1.79613 4 3.85181
    endloop
  endfacet
  facet normal 0.608763 0 -0.793352
    outer loop
      vertex -2.73185 -4 3.25569
      vertex -2.4377 4 3.4814
      vertex -2.4377 -4 3.4814
    endloop
  endfacet
  facet normal 0.608763 0 -0.793352
    outer loop
      vertex -2.4377 4 3.4814
      vertex -2.73185 -4 3.25569
      vertex -2.73185 4 3.25569
    endloop
  endfacet
  facet normal 0.737263 0 -0.675606
    outer loop
      vertex -3.0052 -4 3.0052
      vertex -3.25569 4 2.73185
      vertex -3.0052 4 3.0052
    endloop
  endfacet
  facet normal 0.737263 0 -0.675606
    outer loop
      vertex -3.25569 4 2.73185
      vertex -3.0052 -4 3.0052
      vertex -3.25569 -4 2.73185
    endloop
  endfacet
  facet normal 0.793352 -0 0.608763
    outer loop
      vertex -3.4814 -4 -2.4377
      vertex -3.25569 4 -2.73185
      vertex -3.4814 4 -2.4377
    endloop
  endfacet
  facet normal 0.793352 0 0.608763
    outer loop
      vertex -3.25569 4 -2.73185
      vertex -3.4814 -4 -2.4377
      vertex -3.25569 -4 -2.73185
    endloop
  endfacet
  facet normal 0.843394 -0 0.537296
    outer loop
      vertex -3.68061 -4 -2.125
      vertex -3.4814 4 -2.4377
      vertex -3.68061 4 -2.125
    endloop
  endfacet
  facet normal 0.843394 0 0.537296
    outer loop
      vertex -3.4814 4 -2.4377
      vertex -3.68061 -4 -2.125
      vertex -3.4814 -4 -2.4377
    endloop
  endfacet
  facet normal -0.0436126 0 0.999049
    outer loop
      vertex 0 4 -4.25
      vertex 0.370412 -4 -4.23383
      vertex 0.370412 4 -4.23383
    endloop
  endfacet
  facet normal -0.0436126 0 0.999049
    outer loop
      vertex 0.370412 -4 -4.23383
      vertex 0 4 -4.25
      vertex 0 -4 -4.25
    endloop
  endfacet
  facet normal 0.537296 0 0.843394
    outer loop
      vertex -2.4377 4 -3.4814
      vertex -2.125 -4 -3.68061
      vertex -2.125 4 -3.68061
    endloop
  endfacet
  facet normal 0.537296 0 0.843394
    outer loop
      vertex -2.125 -4 -3.68061
      vertex -2.4377 4 -3.4814
      vertex -2.4377 -4 -3.4814
    endloop
  endfacet
  facet normal 0.976295 0 -0.216445
    outer loop
      vertex -4.10518 -4 1.09998
      vertex -4.18543 4 0.738005
      vertex -4.10518 4 1.09998
    endloop
  endfacet
  facet normal 0.976295 0 -0.216445
    outer loop
      vertex -4.18543 4 0.738005
      vertex -4.10518 -4 1.09998
      vertex -4.18543 -4 0.738005
    endloop
  endfacet
  facet normal 0.216445 0 -0.976295
    outer loop
      vertex -1.09998 -4 4.10518
      vertex -0.738005 4 4.18543
      vertex -0.738005 -4 4.18543
    endloop
  endfacet
  facet normal 0.216445 0 -0.976295
    outer loop
      vertex -0.738005 4 4.18543
      vertex -1.09998 -4 4.10518
      vertex -1.09998 4 4.10518
    endloop
  endfacet
  facet normal 0.953717 -0 0.300707
    outer loop
      vertex -4.10518 -4 -1.09998
      vertex -3.99369 4 -1.45358
      vertex -4.10518 4 -1.09998
    endloop
  endfacet
  facet normal 0.953717 0 0.300707
    outer loop
      vertex -3.99369 4 -1.45358
      vertex -4.10518 -4 -1.09998
      vertex -3.99369 -4 -1.45358
    endloop
  endfacet
  facet normal 0.953717 0 -0.300707
    outer loop
      vertex -3.99369 -4 1.45358
      vertex -4.10518 4 1.09998
      vertex -3.99369 4 1.45358
    endloop
  endfacet
  facet normal 0.953717 0 -0.300707
    outer loop
      vertex -4.10518 4 1.09998
      vertex -3.99369 -4 1.45358
      vertex -4.10518 -4 1.09998
    endloop
  endfacet
  facet normal 0.300707 0 0.953717
    outer loop
      vertex -1.45358 4 -3.99369
      vertex -1.09998 -4 -4.10518
      vertex -1.09998 4 -4.10518
    endloop
  endfacet
  facet normal 0.300707 0 0.953717
    outer loop
      vertex -1.09998 -4 -4.10518
      vertex -1.45358 4 -3.99369
      vertex -1.45358 -4 -3.99369
    endloop
  endfacet
  facet normal -0.976295 0 0.216445
    outer loop
      vertex 4.10518 -4 -1.09998
      vertex 4.18543 4 -0.738005
      vertex 4.10518 4 -1.09998
    endloop
  endfacet
  facet normal -0.976295 0 0.216445
    outer loop
      vertex 4.18543 4 -0.738005
      vertex 4.10518 -4 -1.09998
      vertex 4.18543 -4 -0.738005
    endloop
  endfacet
  facet normal 0.300707 0 -0.953717
    outer loop
      vertex -1.45358 -4 3.99369
      vertex -1.09998 4 4.10518
      vertex -1.09998 -4 4.10518
    endloop
  endfacet
  facet normal 0.300707 0 -0.953717
    outer loop
      vertex -1.09998 4 4.10518
      vertex -1.45358 -4 3.99369
      vertex -1.45358 4 3.99369
    endloop
  endfacet
  facet normal 0.991443 0 -0.130541
    outer loop
      vertex -4.18543 -4 0.738005
      vertex -4.23383 4 0.370412
      vertex -4.18543 4 0.738005
    endloop
  endfacet
  facet normal 0.991443 0 -0.130541
    outer loop
      vertex -4.23383 4 0.370412
      vertex -4.18543 -4 0.738005
      vertex -4.23383 -4 0.370412
    endloop
  endfacet
  facet normal -0.130541 0 0.991443
    outer loop
      vertex 0.370412 4 -4.23383
      vertex 0.738005 -4 -4.18543
      vertex 0.738005 4 -4.18543
    endloop
  endfacet
  facet normal -0.130541 0 0.991443
    outer loop
      vertex 0.738005 -4 -4.18543
      vertex 0.370412 4 -4.23383
      vertex 0.370412 -4 -4.23383
    endloop
  endfacet
  facet normal 0.923888 0 -0.382663
    outer loop
      vertex -3.85181 -4 1.79613
      vertex -3.99369 4 1.45358
      vertex -3.85181 4 1.79613
    endloop
  endfacet
  facet normal 0.923888 0 -0.382663
    outer loop
      vertex -3.99369 4 1.45358
      vertex -3.85181 -4 1.79613
      vertex -3.99369 -4 1.45358
    endloop
  endfacet
  facet normal -0.608763 0 -0.793352
    outer loop
      vertex 2.4377 -4 3.4814
      vertex 2.73185 4 3.25569
      vertex 2.73185 -4 3.25569
    endloop
  endfacet
  facet normal -0.608763 0 -0.793352
    outer loop
      vertex 2.73185 4 3.25569
      vertex 2.4377 -4 3.4814
      vertex 2.4377 4 3.4814
    endloop
  endfacet
  facet normal -0.953717 0 0.300707
    outer loop
      vertex 3.99369 -4 -1.45358
      vertex 4.10518 4 -1.09998
      vertex 3.99369 4 -1.45358
    endloop
  endfacet
  facet normal -0.953717 0 0.300707
    outer loop
      vertex 4.10518 4 -1.09998
      vertex 3.99369 -4 -1.45358
      vertex 4.10518 -4 -1.09998
    endloop
  endfacet
  facet normal -0.382663 0 -0.923888
    outer loop
      vertex 1.45358 -4 3.99369
      vertex 1.79613 4 3.85181
      vertex 1.79613 -4 3.85181
    endloop
  endfacet
  facet normal -0.382663 0 -0.923888
    outer loop
      vertex 1.79613 4 3.85181
      vertex 1.45358 -4 3.99369
      vertex 1.45358 4 3.99369
    endloop
  endfacet
  facet normal -0.793352 0 -0.608763
    outer loop
      vertex 3.4814 -4 2.4377
      vertex 3.25569 4 2.73185
      vertex 3.4814 4 2.4377
    endloop
  endfacet
  facet normal -0.793352 -0 -0.608763
    outer loop
      vertex 3.25569 4 2.73185
      vertex 3.4814 -4 2.4377
      vertex 3.25569 -4 2.73185
    endloop
  endfacet
  facet normal -0.843394 0 -0.537296
    outer loop
      vertex 3.68061 -4 2.125
      vertex 3.4814 4 2.4377
      vertex 3.68061 4 2.125
    endloop
  endfacet
  facet normal -0.843394 -0 -0.537296
    outer loop
      vertex 3.4814 4 2.4377
      vertex 3.68061 -4 2.125
      vertex 3.4814 -4 2.4377
    endloop
  endfacet
  facet normal -0.382663 0 0.923888
    outer loop
      vertex 1.45358 4 -3.99369
      vertex 1.79613 -4 -3.85181
      vertex 1.79613 4 -3.85181
    endloop
  endfacet
  facet normal -0.382663 0 0.923888
    outer loop
      vertex 1.79613 -4 -3.85181
      vertex 1.45358 4 -3.99369
      vertex 1.45358 -4 -3.99369
    endloop
  endfacet
  facet normal -0.999049 0 0.0436126
    outer loop
      vertex 4.23383 -4 -0.370412
      vertex 4.25 4 0
      vertex 4.23383 4 -0.370412
    endloop
  endfacet
  facet normal -0.999049 0 0.0436126
    outer loop
      vertex 4.25 4 0
      vertex 4.23383 -4 -0.370412
      vertex 4.25 -4 0
    endloop
  endfacet
  facet normal -0.88701 0 -0.461751
    outer loop
      vertex 3.85181 -4 1.79613
      vertex 3.68061 4 2.125
      vertex 3.85181 4 1.79613
    endloop
  endfacet
  facet normal -0.88701 -0 -0.461751
    outer loop
      vertex 3.68061 4 2.125
      vertex 3.85181 -4 1.79613
      vertex 3.68061 -4 2.125
    endloop
  endfacet
  facet normal 0.675606 0 -0.737263
    outer loop
      vertex -3.0052 -4 3.0052
      vertex -2.73185 4 3.25569
      vertex -2.73185 -4 3.25569
    endloop
  endfacet
  facet normal 0.675606 0 -0.737263
    outer loop
      vertex -2.73185 4 3.25569
      vertex -3.0052 -4 3.0052
      vertex -3.0052 4 3.0052
    endloop
  endfacet
  facet normal 0.88701 -0 0.461751
    outer loop
      vertex -3.85181 -4 -1.79613
      vertex -3.68061 4 -2.125
      vertex -3.85181 4 -1.79613
    endloop
  endfacet
  facet normal 0.88701 0 0.461751
    outer loop
      vertex -3.68061 4 -2.125
      vertex -3.85181 -4 -1.79613
      vertex -3.68061 -4 -2.125
    endloop
  endfacet
  facet normal -0.675606 0 -0.737263
    outer loop
      vertex 2.73185 -4 3.25569
      vertex 3.0052 4 3.0052
      vertex 3.0052 -4 3.0052
    endloop
  endfacet
  facet normal -0.675606 0 -0.737263
    outer loop
      vertex 3.0052 4 3.0052
      vertex 2.73185 -4 3.25569
      vertex 2.73185 4 3.25569
    endloop
  endfacet
  facet normal 0.382663 0 -0.923888
    outer loop
      vertex -1.79613 -4 3.85181
      vertex -1.45358 4 3.99369
      vertex -1.45358 -4 3.99369
    endloop
  endfacet
  facet normal 0.382663 0 -0.923888
    outer loop
      vertex -1.45358 4 3.99369
      vertex -1.79613 -4 3.85181
      vertex -1.79613 4 3.85181
    endloop
  endfacet
  facet normal 0.999049 0 -0.0436126
    outer loop
      vertex -4.23383 -4 0.370412
      vertex -4.25 4 0
      vertex -4.23383 4 0.370412
    endloop
  endfacet
  facet normal 0.999049 0 -0.0436126
    outer loop
      vertex -4.25 4 0
      vertex -4.23383 -4 0.370412
      vertex -4.25 -4 0
    endloop
  endfacet
  facet normal 0.793352 0 -0.608763
    outer loop
      vertex -3.25569 -4 2.73185
      vertex -3.4814 4 2.4377
      vertex -3.25569 4 2.73185
    endloop
  endfacet
  facet normal 0.793352 0 -0.608763
    outer loop
      vertex -3.4814 4 2.4377
      vertex -3.25569 -4 2.73185
      vertex -3.4814 -4 2.4377
    endloop
  endfacet
  facet normal -0.537296 0 0.843394
    outer loop
      vertex 2.125 4 -3.68061
      vertex 2.4377 -4 -3.4814
      vertex 2.4377 4 -3.4814
    endloop
  endfacet
  facet normal -0.537296 0 0.843394
    outer loop
      vertex 2.4377 -4 -3.4814
      vertex 2.125 4 -3.68061
      vertex 2.125 -4 -3.68061
    endloop
  endfacet
  facet normal -0.300707 0 0.953717
    outer loop
      vertex 1.09998 4 -4.10518
      vertex 1.45358 -4 -3.99369
      vertex 1.45358 4 -3.99369
    endloop
  endfacet
  facet normal -0.300707 0 0.953717
    outer loop
      vertex 1.45358 -4 -3.99369
      vertex 1.09998 4 -4.10518
      vertex 1.09998 -4 -4.10518
    endloop
  endfacet
  facet normal 0.737263 -0 0.675606
    outer loop
      vertex -3.25569 -4 -2.73185
      vertex -3.0052 4 -3.0052
      vertex -3.25569 4 -2.73185
    endloop
  endfacet
  facet normal 0.737263 0 0.675606
    outer loop
      vertex -3.0052 4 -3.0052
      vertex -3.25569 -4 -2.73185
      vertex -3.0052 -4 -3.0052
    endloop
  endfacet
  facet normal -0.737263 0 -0.675606
    outer loop
      vertex 3.25569 -4 2.73185
      vertex 3.0052 4 3.0052
      vertex 3.25569 4 2.73185
    endloop
  endfacet
  facet normal -0.737263 -0 -0.675606
    outer loop
      vertex 3.0052 4 3.0052
      vertex 3.25569 -4 2.73185
      vertex 3.0052 -4 3.0052
    endloop
  endfacet
  facet normal 0.976295 -0 0.216445
    outer loop
      vertex -4.18543 -4 -0.738005
      vertex -4.10518 4 -1.09998
      vertex -4.18543 4 -0.738005
    endloop
  endfacet
  facet normal 0.976295 0 0.216445
    outer loop
      vertex -4.10518 4 -1.09998
      vertex -4.18543 -4 -0.738005
      vertex -4.10518 -4 -1.09998
    endloop
  endfacet
  facet normal 0.608763 0 0.793352
    outer loop
      vertex -2.73185 4 -3.25569
      vertex -2.4377 -4 -3.4814
      vertex -2.4377 4 -3.4814
    endloop
  endfacet
  facet normal 0.608763 0 0.793352
    outer loop
      vertex -2.4377 -4 -3.4814
      vertex -2.73185 4 -3.25569
      vertex -2.73185 -4 -3.25569
    endloop
  endfacet
  facet normal 0.991443 -0 0.130541
    outer loop
      vertex -4.23383 -4 -0.370412
      vertex -4.18543 4 -0.738005
      vertex -4.23383 4 -0.370412
    endloop
  endfacet
  facet normal 0.991443 0 0.130541
    outer loop
      vertex -4.18543 4 -0.738005
      vertex -4.23383 -4 -0.370412
      vertex -4.18543 -4 -0.738005
    endloop
  endfacet
  facet normal 0.130541 0 -0.991443
    outer loop
      vertex -0.738005 -4 4.18543
      vertex -0.370412 4 4.23383
      vertex -0.370412 -4 4.23383
    endloop
  endfacet
  facet normal 0.130541 0 -0.991443
    outer loop
      vertex -0.370412 4 4.23383
      vertex -0.738005 -4 4.18543
      vertex -0.738005 4 4.18543
    endloop
  endfacet
  facet normal 0.0436126 0 0.999049
    outer loop
      vertex -0.370412 4 -4.23383
      vertex 0 -4 -4.25
      vertex 0 4 -4.25
    endloop
  endfacet
  facet normal 0.0436126 0 0.999049
    outer loop
      vertex 0 -4 -4.25
      vertex -0.370412 4 -4.23383
      vertex -0.370412 -4 -4.23383
    endloop
  endfacet
  facet normal -0.608763 0 0.793352
    outer loop
      vertex 2.4377 4 -3.4814
      vertex 2.73185 -4 -3.25569
      vertex 2.73185 4 -3.25569
    endloop
  endfacet
  facet normal -0.608763 0 0.793352
    outer loop
      vertex 2.73185 -4 -3.25569
      vertex 2.4377 4 -3.4814
      vertex 2.4377 -4 -3.4814
    endloop
  endfacet
  facet normal 0.537296 0 -0.843394
    outer loop
      vertex -2.4377 -4 3.4814
      vertex -2.125 4 3.68061
      vertex -2.125 -4 3.68061
    endloop
  endfacet
  facet normal 0.537296 0 -0.843394
    outer loop
      vertex -2.125 4 3.68061
      vertex -2.4377 -4 3.4814
      vertex -2.4377 4 3.4814
    endloop
  endfacet
  facet normal 0.382663 0 0.923888
    outer loop
      vertex -1.79613 4 -3.85181
      vertex -1.45358 -4 -3.99369
      vertex -1.45358 4 -3.99369
    endloop
  endfacet
  facet normal 0.382663 0 0.923888
    outer loop
      vertex -1.45358 -4 -3.99369
      vertex -1.79613 4 -3.85181
      vertex -1.79613 -4 -3.85181
    endloop
  endfacet
  facet normal -0.737263 0 0.675606
    outer loop
      vertex 3.0052 -4 -3.0052
      vertex 3.25569 4 -2.73185
      vertex 3.0052 4 -3.0052
    endloop
  endfacet
  facet normal -0.737263 0 0.675606
    outer loop
      vertex 3.25569 4 -2.73185
      vertex 3.0052 -4 -3.0052
      vertex 3.25569 -4 -2.73185
    endloop
  endfacet
  facet normal 0.216445 0 0.976295
    outer loop
      vertex -1.09998 4 -4.10518
      vertex -0.738005 -4 -4.18543
      vertex -0.738005 4 -4.18543
    endloop
  endfacet
  facet normal 0.216445 0 0.976295
    outer loop
      vertex -0.738005 -4 -4.18543
      vertex -1.09998 4 -4.10518
      vertex -1.09998 -4 -4.10518
    endloop
  endfacet
  facet normal -0.300707 0 -0.953717
    outer loop
      vertex 1.09998 -4 4.10518
      vertex 1.45358 4 3.99369
      vertex 1.45358 -4 3.99369
    endloop
  endfacet
  facet normal -0.300707 0 -0.953717
    outer loop
      vertex 1.45358 4 3.99369
      vertex 1.09998 -4 4.10518
      vertex 1.09998 4 4.10518
    endloop
  endfacet
  facet normal -0.675606 0 0.737263
    outer loop
      vertex 2.73185 4 -3.25569
      vertex 3.0052 -4 -3.0052
      vertex 3.0052 4 -3.0052
    endloop
  endfacet
  facet normal -0.675606 0 0.737263
    outer loop
      vertex 3.0052 -4 -3.0052
      vertex 2.73185 4 -3.25569
      vertex 2.73185 -4 -3.25569
    endloop
  endfacet
  facet normal 0.130541 0 0.991443
    outer loop
      vertex -0.738005 4 -4.18543
      vertex -0.370412 -4 -4.23383
      vertex -0.370412 4 -4.23383
    endloop
  endfacet
  facet normal 0.130541 0 0.991443
    outer loop
      vertex -0.370412 -4 -4.23383
      vertex -0.738005 4 -4.18543
      vertex -0.738005 -4 -4.18543
    endloop
  endfacet
  facet normal 0.843394 0 -0.537296
    outer loop
      vertex -3.4814 -4 2.4377
      vertex -3.68061 4 2.125
      vertex -3.4814 4 2.4377
    endloop
  endfacet
  facet normal 0.843394 0 -0.537296
    outer loop
      vertex -3.68061 4 2.125
      vertex -3.4814 -4 2.4377
      vertex -3.68061 -4 2.125
    endloop
  endfacet
  facet normal -0 0.300734 0.953708
    outer loop
      vertex 16 -2.96348 -11.0599
      vertex 53 -3.91613 -10.7595
      vertex 53 -2.96348 -11.0599
    endloop
  endfacet
  facet normal 0 0.300734 0.953708
    outer loop
      vertex 53 -3.91613 -10.7595
      vertex 16 -2.96348 -11.0599
      vertex 16 -3.91613 -10.7595
    endloop
  endfacet
  facet normal 0 -0.216345 0.976317
    outer loop
      vertex 16 2.96348 -11.0599
      vertex 53 1.98827 -11.276
      vertex 53 2.96348 -11.0599
    endloop
  endfacet
  facet normal 0 -0.216345 0.976317
    outer loop
      vertex 53 1.98827 -11.276
      vertex 16 2.96348 -11.0599
      vertex 16 1.98827 -11.276
    endloop
  endfacet
  facet normal 0 -0.300734 0.953708
    outer loop
      vertex 16 3.91613 -10.7595
      vertex 53 2.96348 -11.0599
      vertex 53 3.91613 -10.7595
    endloop
  endfacet
  facet normal 0 -0.300734 0.953708
    outer loop
      vertex 53 2.96348 -11.0599
      vertex 16 3.91613 -10.7595
      vertex 16 2.96348 -11.0599
    endloop
  endfacet
  facet normal -0 0.608759 0.793355
    outer loop
      vertex 16 -6.56745 -9.37929
      vertex 53 -7.35992 -8.77121
      vertex 53 -6.56745 -9.37929
    endloop
  endfacet
  facet normal 0 0.608759 0.793355
    outer loop
      vertex 53 -7.35992 -8.77121
      vertex 16 -6.56745 -9.37929
      vertex 16 -7.35992 -8.77121
    endloop
  endfacet
  facet normal 0 -0.5373 0.843391
    outer loop
      vertex 16 6.56745 -9.37929
      vertex 53 5.725 -9.91599
      vertex 53 6.56745 -9.37929
    endloop
  endfacet
  facet normal 0 -0.5373 0.843391
    outer loop
      vertex 53 5.725 -9.91599
      vertex 16 6.56745 -9.37929
      vertex 16 5.725 -9.91599
    endloop
  endfacet
  facet normal 0 -0.5373 -0.843391
    outer loop
      vertex 16 5.725 9.91599
      vertex 53 6.56745 9.37929
      vertex 53 5.725 9.91599
    endloop
  endfacet
  facet normal -0 -0.5373 -0.843391
    outer loop
      vertex 53 6.56745 9.37929
      vertex 16 5.725 9.91599
      vertex 16 6.56745 9.37929
    endloop
  endfacet
  facet normal 0 -0.38272 0.923864
    outer loop
      vertex 16 4.83898 -10.3772
      vertex 53 3.91613 -10.7595
      vertex 53 4.83898 -10.3772
    endloop
  endfacet
  facet normal 0 -0.38272 0.923864
    outer loop
      vertex 53 3.91613 -10.7595
      vertex 16 4.83898 -10.3772
      vertex 16 3.91613 -10.7595
    endloop
  endfacet
  facet normal 0 -0.0436487 0.999047
    outer loop
      vertex 16 0.997932 -11.4064
      vertex 53 0 -11.45
      vertex 53 0.997932 -11.4064
    endloop
  endfacet
  facet normal 0 -0.0436487 0.999047
    outer loop
      vertex 53 0 -11.45
      vertex 16 0.997932 -11.4064
      vertex 16 0 -11.45
    endloop
  endfacet
  facet normal 0 0.976317 0.216345
    outer loop
      vertex 53 -11.0599 -2.96348
      vertex 16 -11.276 -1.98827
      vertex 53 -11.276 -1.98827
    endloop
  endfacet
  facet normal 0 0.976317 0.216345
    outer loop
      vertex 16 -11.276 -1.98827
      vertex 53 -11.0599 -2.96348
      vertex 16 -11.0599 -2.96348
    endloop
  endfacet
  facet normal -0 0.130545 0.991442
    outer loop
      vertex 16 -0.997932 -11.4064
      vertex 53 -1.98827 -11.276
      vertex 53 -0.997932 -11.4064
    endloop
  endfacet
  facet normal 0 0.130545 0.991442
    outer loop
      vertex 53 -1.98827 -11.276
      vertex 16 -0.997932 -11.4064
      vertex 16 -1.98827 -11.276
    endloop
  endfacet
  facet normal 0 -0.923864 0.38272
    outer loop
      vertex 16 10.3772 -4.83898
      vertex 53 10.7595 -3.91613
      vertex 16 10.7595 -3.91613
    endloop
  endfacet
  facet normal 0 -0.923864 0.38272
    outer loop
      vertex 53 10.7595 -3.91613
      vertex 16 10.3772 -4.83898
      vertex 53 10.3772 -4.83898
    endloop
  endfacet
  facet normal 0 0.608759 -0.793355
    outer loop
      vertex 16 -7.35992 8.77121
      vertex 53 -6.56745 9.37929
      vertex 53 -7.35992 8.77121
    endloop
  endfacet
  facet normal 0 0.608759 -0.793355
    outer loop
      vertex 53 -6.56745 9.37929
      vertex 16 -7.35992 8.77121
      vertex 16 -6.56745 9.37929
    endloop
  endfacet
  facet normal 0 0.461731 -0.88702
    outer loop
      vertex 16 -5.725 9.91599
      vertex 53 -4.83898 10.3772
      vertex 53 -5.725 9.91599
    endloop
  endfacet
  facet normal 0 0.461731 -0.88702
    outer loop
      vertex 53 -4.83898 10.3772
      vertex 16 -5.725 9.91599
      vertex 16 -4.83898 10.3772
    endloop
  endfacet
  facet normal 0 -0.608759 -0.793355
    outer loop
      vertex 16 6.56745 9.37929
      vertex 53 7.35992 8.77121
      vertex 53 6.56745 9.37929
    endloop
  endfacet
  facet normal -0 -0.608759 -0.793355
    outer loop
      vertex 53 7.35992 8.77121
      vertex 16 6.56745 9.37929
      vertex 16 7.35992 8.77121
    endloop
  endfacet
  facet normal 0 -0.976317 -0.216345
    outer loop
      vertex 16 11.276 1.98827
      vertex 53 11.0599 2.96348
      vertex 16 11.0599 2.96348
    endloop
  endfacet
  facet normal 0 -0.976317 -0.216345
    outer loop
      vertex 53 11.0599 2.96348
      vertex 16 11.276 1.98827
      vertex 53 11.276 1.98827
    endloop
  endfacet
  facet normal 0 0.0436487 -0.999047
    outer loop
      vertex 16 -0.997932 11.4064
      vertex 53 0 11.45
      vertex 53 -0.997932 11.4064
    endloop
  endfacet
  facet normal 0 0.0436487 -0.999047
    outer loop
      vertex 53 0 11.45
      vertex 16 -0.997932 11.4064
      vertex 16 0 11.45
    endloop
  endfacet
  facet normal 0 0.38272 -0.923864
    outer loop
      vertex 16 -4.83898 10.3772
      vertex 53 -3.91613 10.7595
      vertex 53 -4.83898 10.3772
    endloop
  endfacet
  facet normal 0 0.38272 -0.923864
    outer loop
      vertex 53 -3.91613 10.7595
      vertex 16 -4.83898 10.3772
      vertex 16 -3.91613 10.7595
    endloop
  endfacet
  facet normal 0 -0.923864 -0.38272
    outer loop
      vertex 16 10.7595 3.91613
      vertex 53 10.3772 4.83898
      vertex 16 10.3772 4.83898
    endloop
  endfacet
  facet normal 0 -0.923864 -0.38272
    outer loop
      vertex 53 10.3772 4.83898
      vertex 16 10.7595 3.91613
      vertex 53 10.7595 3.91613
    endloop
  endfacet
  facet normal 0 0.923864 0.38272
    outer loop
      vertex 53 -10.3772 -4.83898
      vertex 16 -10.7595 -3.91613
      vertex 53 -10.7595 -3.91613
    endloop
  endfacet
  facet normal 0 0.923864 0.38272
    outer loop
      vertex 16 -10.7595 -3.91613
      vertex 53 -10.3772 -4.83898
      vertex 16 -10.3772 -4.83898
    endloop
  endfacet
  facet normal 0 -0.675595 0.737273
    outer loop
      vertex 16 8.09637 -8.09637
      vertex 53 7.35992 -8.77121
      vertex 53 8.09637 -8.09637
    endloop
  endfacet
  facet normal 0 -0.675595 0.737273
    outer loop
      vertex 53 7.35992 -8.77121
      vertex 16 8.09637 -8.09637
      vertex 16 7.35992 -8.77121
    endloop
  endfacet
  facet normal 0 0.216345 -0.976317
    outer loop
      vertex 16 -2.96348 11.0599
      vertex 53 -1.98827 11.276
      vertex 53 -2.96348 11.0599
    endloop
  endfacet
  facet normal 0 0.216345 -0.976317
    outer loop
      vertex 53 -1.98827 11.276
      vertex 16 -2.96348 11.0599
      vertex 16 -1.98827 11.276
    endloop
  endfacet
  facet normal 0 0.999047 0.0436487
    outer loop
      vertex 53 -11.4064 -0.997932
      vertex 16 -11.45 0
      vertex 53 -11.45 0
    endloop
  endfacet
  facet normal 0 0.999047 0.0436487
    outer loop
      vertex 16 -11.45 0
      vertex 53 -11.4064 -0.997932
      vertex 16 -11.4064 -0.997932
    endloop
  endfacet
  facet normal -0 0.38272 0.923864
    outer loop
      vertex 16 -3.91613 -10.7595
      vertex 53 -4.83898 -10.3772
      vertex 53 -3.91613 -10.7595
    endloop
  endfacet
  facet normal 0 0.38272 0.923864
    outer loop
      vertex 53 -4.83898 -10.3772
      vertex 16 -3.91613 -10.7595
      vertex 16 -4.83898 -10.3772
    endloop
  endfacet
  facet normal 0 0.976317 -0.216345
    outer loop
      vertex 53 -11.276 1.98827
      vertex 16 -11.0599 2.96348
      vertex 53 -11.0599 2.96348
    endloop
  endfacet
  facet normal 0 0.976317 -0.216345
    outer loop
      vertex 16 -11.0599 2.96348
      vertex 53 -11.276 1.98827
      vertex 16 -11.276 1.98827
    endloop
  endfacet
  facet normal 0 0.88702 -0.461731
    outer loop
      vertex 53 -10.3772 4.83898
      vertex 16 -9.91599 5.725
      vertex 53 -9.91599 5.725
    endloop
  endfacet
  facet normal 0 0.88702 -0.461731
    outer loop
      vertex 16 -9.91599 5.725
      vertex 53 -10.3772 4.83898
      vertex 16 -10.3772 4.83898
    endloop
  endfacet
  facet normal 0 -0.953708 -0.300734
    outer loop
      vertex 16 11.0599 2.96348
      vertex 53 10.7595 3.91613
      vertex 16 10.7595 3.91613
    endloop
  endfacet
  facet normal 0 -0.953708 -0.300734
    outer loop
      vertex 53 10.7595 3.91613
      vertex 16 11.0599 2.96348
      vertex 53 11.0599 2.96348
    endloop
  endfacet
  facet normal 0 0.737273 0.675595
    outer loop
      vertex 53 -8.09637 -8.09637
      vertex 16 -8.77121 -7.35992
      vertex 53 -8.77121 -7.35992
    endloop
  endfacet
  facet normal 0 0.737273 0.675595
    outer loop
      vertex 16 -8.77121 -7.35992
      vertex 53 -8.09637 -8.09637
      vertex 16 -8.09637 -8.09637
    endloop
  endfacet
  facet normal 0 0.675595 -0.737273
    outer loop
      vertex 16 -8.09637 8.09637
      vertex 53 -7.35992 8.77121
      vertex 53 -8.09637 8.09637
    endloop
  endfacet
  facet normal 0 0.675595 -0.737273
    outer loop
      vertex 53 -7.35992 8.77121
      vertex 16 -8.09637 8.09637
      vertex 16 -7.35992 8.77121
    endloop
  endfacet
  facet normal 0 -0.88702 0.461731
    outer loop
      vertex 16 9.91599 -5.725
      vertex 53 10.3772 -4.83898
      vertex 16 10.3772 -4.83898
    endloop
  endfacet
  facet normal 0 -0.88702 0.461731
    outer loop
      vertex 53 10.3772 -4.83898
      vertex 16 9.91599 -5.725
      vertex 53 9.91599 -5.725
    endloop
  endfacet
  facet normal 0 -0.793355 -0.608759
    outer loop
      vertex 16 9.37929 6.56745
      vertex 53 8.77121 7.35992
      vertex 16 8.77121 7.35992
    endloop
  endfacet
  facet normal 0 -0.793355 -0.608759
    outer loop
      vertex 53 8.77121 7.35992
      vertex 16 9.37929 6.56745
      vertex 53 9.37929 6.56745
    endloop
  endfacet
  facet normal 0 -0.461731 0.88702
    outer loop
      vertex 16 5.725 -9.91599
      vertex 53 4.83898 -10.3772
      vertex 53 5.725 -9.91599
    endloop
  endfacet
  facet normal 0 -0.461731 0.88702
    outer loop
      vertex 53 4.83898 -10.3772
      vertex 16 5.725 -9.91599
      vertex 16 4.83898 -10.3772
    endloop
  endfacet
  facet normal 1 0 0
    outer loop
      vertex 16 11.4064 0.997932
      vertex 16 11.4064 -0.997932
      vertex 16 11.45 0
    endloop
  endfacet
  facet normal 1 0 0
    outer loop
      vertex 16 11.276 1.98827
      vertex 16 11.4064 -0.997932
      vertex 16 11.4064 0.997932
    endloop
  endfacet
  facet normal 1 0 0
    outer loop
      vertex 16 11.276 1.98827
      vertex 16 11.276 -1.98827
      vertex 16 11.4064 -0.997932
    endloop
  endfacet
  facet normal 1 0 0
    outer loop
      vertex 16 11.0599 2.96348
      vertex 16 11.276 -1.98827
      vertex 16 11.276 1.98827
    endloop
  endfacet
  facet normal 1 0 0
    outer loop
      vertex 16 11.0599 2.96348
      vertex 16 11.0599 -2.96348
      vertex 16 11.276 -1.98827
    endloop
  endfacet
  facet normal 1 0 0
    outer loop
      vertex 16 10.7595 3.91613
      vertex 16 11.0599 -2.96348
      vertex 16 11.0599 2.96348
    endloop
  endfacet
  facet normal 1 0 0
    outer loop
      vertex 16 10.7595 3.91613
      vertex 16 10.7595 -3.91613
      vertex 16 11.0599 -2.96348
    endloop
  endfacet
  facet normal 1 0 0
    outer loop
      vertex 16 10.3772 4.83898
      vertex 16 10.7595 -3.91613
      vertex 16 10.7595 3.91613
    endloop
  endfacet
  facet normal 1 0 0
    outer loop
      vertex 16 10.3772 4.83898
      vertex 16 10.3772 -4.83898
      vertex 16 10.7595 -3.91613
    endloop
  endfacet
  facet normal 1 0 0
    outer loop
      vertex 16 9.91599 5.725
      vertex 16 10.3772 -4.83898
      vertex 16 10.3772 4.83898
    endloop
  endfacet
  facet normal 1 0 0
    outer loop
      vertex 16 9.91599 5.725
      vertex 16 9.91599 -5.725
      vertex 16 10.3772 -4.83898
    endloop
  endfacet
  facet normal 1 0 0
    outer loop
      vertex 16 9.37929 6.56745
      vertex 16 9.91599 -5.725
      vertex 16 9.91599 5.725
    endloop
  endfacet
  facet normal 1 0 0
    outer loop
      vertex 16 9.37929 6.56745
      vertex 16 9.37929 -6.56745
      vertex 16 9.91599 -5.725
    endloop
  endfacet
  facet normal 1 0 0
    outer loop
      vertex 16 8.77121 7.35992
      vertex 16 9.37929 -6.56745
      vertex 16 9.37929 6.56745
    endloop
  endfacet
  facet normal 1 0 0
    outer loop
      vertex 16 8.77121 7.35992
      vertex 16 8.77121 -7.35992
      vertex 16 9.37929 -6.56745
    endloop
  endfacet
  facet normal 1 0 0
    outer loop
      vertex 16 8.09637 8.09637
      vertex 16 8.77121 -7.35992
      vertex 16 8.77121 7.35992
    endloop
  endfacet
  facet normal 1 0 0
    outer loop
      vertex 16 8.09637 8.09637
      vertex 16 8.09637 -8.09637
      vertex 16 8.77121 -7.35992
    endloop
  endfacet
  facet normal 1 0 0
    outer loop
      vertex 16 7.35992 8.77121
      vertex 16 8.09637 -8.09637
      vertex 16 8.09637 8.09637
    endloop
  endfacet
  facet normal 1 0 0
    outer loop
      vertex 16 7.35992 8.77121
      vertex 16 7.35992 -8.77121
      vertex 16 8.09637 -8.09637
    endloop
  endfacet
  facet normal 1 0 0
    outer loop
      vertex 16 6.56745 9.37929
      vertex 16 7.35992 -8.77121
      vertex 16 7.35992 8.77121
    endloop
  endfacet
  facet normal 1 0 0
    outer loop
      vertex 16 6.56745 9.37929
      vertex 16 6.56745 -9.37929
      vertex 16 7.35992 -8.77121
    endloop
  endfacet
  facet normal 1 0 0
    outer loop
      vertex 16 5.725 9.91599
      vertex 16 6.56745 -9.37929
      vertex 16 6.56745 9.37929
    endloop
  endfacet
  facet normal 1 0 0
    outer loop
      vertex 16 5.725 9.91599
      vertex 16 5.725 -9.91599
      vertex 16 6.56745 -9.37929
    endloop
  endfacet
  facet normal 1 0 0
    outer loop
      vertex 16 4.83898 10.3772
      vertex 16 5.725 -9.91599
      vertex 16 5.725 9.91599
    endloop
  endfacet
  facet normal 1 0 0
    outer loop
      vertex 16 4.83898 10.3772
      vertex 16 4.83898 -10.3772
      vertex 16 5.725 -9.91599
    endloop
  endfacet
  facet normal 1 0 0
    outer loop
      vertex 16 3.91613 10.7595
      vertex 16 4.83898 -10.3772
      vertex 16 4.83898 10.3772
    endloop
  endfacet
  facet normal 1 0 0
    outer loop
      vertex 16 3.91613 10.7595
      vertex 16 3.91613 -10.7595
      vertex 16 4.83898 -10.3772
    endloop
  endfacet
  facet normal 1 0 0
    outer loop
      vertex 16 2.96348 11.0599
      vertex 16 3.91613 -10.7595
      vertex 16 3.91613 10.7595
    endloop
  endfacet
  facet normal 1 0 0
    outer loop
      vertex 16 2.96348 11.0599
      vertex 16 2.96348 -11.0599
      vertex 16 3.91613 -10.7595
    endloop
  endfacet
  facet normal 1 0 0
    outer loop
      vertex 16 1.98827 11.276
      vertex 16 2.96348 -11.0599
      vertex 16 2.96348 11.0599
    endloop
  endfacet
  facet normal 1 0 0
    outer loop
      vertex 16 1.98827 11.276
      vertex 16 1.98827 -11.276
      vertex 16 2.96348 -11.0599
    endloop
  endfacet
  facet normal 1 0 0
    outer loop
      vertex 16 0.997932 11.4064
      vertex 16 1.98827 -11.276
      vertex 16 1.98827 11.276
    endloop
  endfacet
  facet normal 1 0 0
    outer loop
      vertex 16 0.997932 11.4064
      vertex 16 0.997932 -11.4064
      vertex 16 1.98827 -11.276
    endloop
  endfacet
  facet normal 1 0 0
    outer loop
      vertex 16 0 11.45
      vertex 16 0.997932 -11.4064
      vertex 16 0.997932 11.4064
    endloop
  endfacet
  facet normal 1 0 0
    outer loop
      vertex 16 0 11.45
      vertex 16 0 -11.45
      vertex 16 0.997932 -11.4064
    endloop
  endfacet
  facet normal 1 -0 0
    outer loop
      vertex 16 -0.997932 11.4064
      vertex 16 0 -11.45
      vertex 16 0 11.45
    endloop
  endfacet
  facet normal 1 0 0
    outer loop
      vertex 16 -0.997932 11.4064
      vertex 16 -0.997932 -11.4064
      vertex 16 0 -11.45
    endloop
  endfacet
  facet normal 1 -0 0
    outer loop
      vertex 16 -1.98827 11.276
      vertex 16 -0.997932 -11.4064
      vertex 16 -0.997932 11.4064
    endloop
  endfacet
  facet normal 1 0 0
    outer loop
      vertex 16 -1.98827 11.276
      vertex 16 -1.98827 -11.276
      vertex 16 -0.997932 -11.4064
    endloop
  endfacet
  facet normal 1 -0 0
    outer loop
      vertex 16 -2.96348 11.0599
      vertex 16 -1.98827 -11.276
      vertex 16 -1.98827 11.276
    endloop
  endfacet
  facet normal 1 0 0
    outer loop
      vertex 16 -2.96348 11.0599
      vertex 16 -2.96348 -11.0599
      vertex 16 -1.98827 -11.276
    endloop
  endfacet
  facet normal 1 -0 0
    outer loop
      vertex 16 -3.91613 10.7595
      vertex 16 -2.96348 -11.0599
      vertex 16 -2.96348 11.0599
    endloop
  endfacet
  facet normal 1 0 0
    outer loop
      vertex 16 -3.91613 10.7595
      vertex 16 -3.91613 -10.7595
      vertex 16 -2.96348 -11.0599
    endloop
  endfacet
  facet normal 1 -0 0
    outer loop
      vertex 16 -4.83898 10.3772
      vertex 16 -3.91613 -10.7595
      vertex 16 -3.91613 10.7595
    endloop
  endfacet
  facet normal 1 0 0
    outer loop
      vertex 16 -4.83898 10.3772
      vertex 16 -4.83898 -10.3772
      vertex 16 -3.91613 -10.7595
    endloop
  endfacet
  facet normal 1 -0 0
    outer loop
      vertex 16 -5.725 9.91599
      vertex 16 -4.83898 -10.3772
      vertex 16 -4.83898 10.3772
    endloop
  endfacet
  facet normal 1 0 0
    outer loop
      vertex 16 -5.725 9.91599
      vertex 16 -5.725 -9.91599
      vertex 16 -4.83898 -10.3772
    endloop
  endfacet
  facet normal 1 -0 0
    outer loop
      vertex 16 -6.56745 9.37929
      vertex 16 -5.725 -9.91599
      vertex 16 -5.725 9.91599
    endloop
  endfacet
  facet normal 1 0 0
    outer loop
      vertex 16 -6.56745 9.37929
      vertex 16 -6.56745 -9.37929
      vertex 16 -5.725 -9.91599
    endloop
  endfacet
  facet normal 1 -0 0
    outer loop
      vertex 16 -7.35992 8.77121
      vertex 16 -6.56745 -9.37929
      vertex 16 -6.56745 9.37929
    endloop
  endfacet
  facet normal 1 0 0
    outer loop
      vertex 16 -7.35992 8.77121
      vertex 16 -7.35992 -8.77121
      vertex 16 -6.56745 -9.37929
    endloop
  endfacet
  facet normal 1 -0 0
    outer loop
      vertex 16 -8.09637 8.09637
      vertex 16 -7.35992 -8.77121
      vertex 16 -7.35992 8.77121
    endloop
  endfacet
  facet normal 1 0 0
    outer loop
      vertex 16 -8.09637 8.09637
      vertex 16 -8.09637 -8.09637
      vertex 16 -7.35992 -8.77121
    endloop
  endfacet
  facet normal 1 -0 0
    outer loop
      vertex 16 -8.77121 7.35992
      vertex 16 -8.09637 -8.09637
      vertex 16 -8.09637 8.09637
    endloop
  endfacet
  facet normal 1 0 0
    outer loop
      vertex 16 -8.77121 7.35992
      vertex 16 -8.77121 -7.35992
      vertex 16 -8.09637 -8.09637
    endloop
  endfacet
  facet normal 1 -0 0
    outer loop
      vertex 16 -9.37929 6.56745
      vertex 16 -8.77121 -7.35992
      vertex 16 -8.77121 7.35992
    endloop
  endfacet
  facet normal 1 0 0
    outer loop
      vertex 16 -9.37929 6.56745
      vertex 16 -9.37929 -6.56745
      vertex 16 -8.77121 -7.35992
    endloop
  endfacet
  facet normal 1 -0 0
    outer loop
      vertex 16 -9.91599 5.725
      vertex 16 -9.37929 -6.56745
      vertex 16 -9.37929 6.56745
    endloop
  endfacet
  facet normal 1 0 0
    outer loop
      vertex 16 -9.91599 5.725
      vertex 16 -9.91599 -5.725
      vertex 16 -9.37929 -6.56745
    endloop
  endfacet
  facet normal 1 -0 0
    outer loop
      vertex 16 -10.3772 4.83898
      vertex 16 -9.91599 -5.725
      vertex 16 -9.91599 5.725
    endloop
  endfacet
  facet normal 1 0 0
    outer loop
      vertex 16 -10.3772 4.83898
      vertex 16 -10.3772 -4.83898
      vertex 16 -9.91599 -5.725
    endloop
  endfacet
  facet normal 1 -0 0
    outer loop
      vertex 16 -10.7595 3.91613
      vertex 16 -10.3772 -4.83898
      vertex 16 -10.3772 4.83898
    endloop
  endfacet
  facet normal 1 0 0
    outer loop
      vertex 16 -10.7595 3.91613
      vertex 16 -10.7595 -3.91613
      vertex 16 -10.3772 -4.83898
    endloop
  endfacet
  facet normal 1 -0 0
    outer loop
      vertex 16 -11.0599 2.96348
      vertex 16 -10.7595 -3.91613
      vertex 16 -10.7595 3.91613
    endloop
  endfacet
  facet normal 1 0 0
    outer loop
      vertex 16 -11.0599 2.96348
      vertex 16 -11.0599 -2.96348
      vertex 16 -10.7595 -3.91613
    endloop
  endfacet
  facet normal 1 -0 0
    outer loop
      vertex 16 -11.276 1.98827
      vertex 16 -11.0599 -2.96348
      vertex 16 -11.0599 2.96348
    endloop
  endfacet
  facet normal 1 0 0
    outer loop
      vertex 16 -11.276 1.98827
      vertex 16 -11.276 -1.98827
      vertex 16 -11.0599 -2.96348
    endloop
  endfacet
  facet normal 1 -0 0
    outer loop
      vertex 16 -11.4064 0.997932
      vertex 16 -11.276 -1.98827
      vertex 16 -11.276 1.98827
    endloop
  endfacet
  facet normal 1 0 0
    outer loop
      vertex 16 -11.4064 0.997932
      vertex 16 -11.4064 -0.997932
      vertex 16 -11.276 -1.98827
    endloop
  endfacet
  facet normal 1 0 -0
    outer loop
      vertex 16 -11.4064 -0.997932
      vertex 16 -11.4064 0.997932
      vertex 16 -11.45 0
    endloop
  endfacet
  facet normal -0 0.5373 0.843391
    outer loop
      vertex 16 -5.725 -9.91599
      vertex 53 -6.56745 -9.37929
      vertex 53 -5.725 -9.91599
    endloop
  endfacet
  facet normal 0 0.5373 0.843391
    outer loop
      vertex 53 -6.56745 -9.37929
      vertex 16 -5.725 -9.91599
      vertex 16 -6.56745 -9.37929
    endloop
  endfacet
  facet normal 0 -0.461731 -0.88702
    outer loop
      vertex 16 4.83898 10.3772
      vertex 53 5.725 9.91599
      vertex 53 4.83898 10.3772
    endloop
  endfacet
  facet normal -0 -0.461731 -0.88702
    outer loop
      vertex 53 5.725 9.91599
      vertex 16 4.83898 10.3772
      vertex 16 5.725 9.91599
    endloop
  endfacet
  facet normal 0 -0.130545 -0.991442
    outer loop
      vertex 16 0.997932 11.4064
      vertex 53 1.98827 11.276
      vertex 53 0.997932 11.4064
    endloop
  endfacet
  facet normal -0 -0.130545 -0.991442
    outer loop
      vertex 53 1.98827 11.276
      vertex 16 0.997932 11.4064
      vertex 16 1.98827 11.276
    endloop
  endfacet
  facet normal 0 -0.793355 0.608759
    outer loop
      vertex 16 8.77121 -7.35992
      vertex 53 9.37929 -6.56745
      vertex 16 9.37929 -6.56745
    endloop
  endfacet
  facet normal 0 -0.793355 0.608759
    outer loop
      vertex 53 9.37929 -6.56745
      vertex 16 8.77121 -7.35992
      vertex 53 8.77121 -7.35992
    endloop
  endfacet
  facet normal 0 -0.88702 -0.461731
    outer loop
      vertex 16 10.3772 4.83898
      vertex 53 9.91599 5.725
      vertex 16 9.91599 5.725
    endloop
  endfacet
  facet normal 0 -0.88702 -0.461731
    outer loop
      vertex 53 9.91599 5.725
      vertex 16 10.3772 4.83898
      vertex 53 10.3772 4.83898
    endloop
  endfacet
  facet normal -0 0.0436487 0.999047
    outer loop
      vertex 16 0 -11.45
      vertex 53 -0.997932 -11.4064
      vertex 53 0 -11.45
    endloop
  endfacet
  facet normal 0 0.0436487 0.999047
    outer loop
      vertex 53 -0.997932 -11.4064
      vertex 16 0 -11.45
      vertex 16 -0.997932 -11.4064
    endloop
  endfacet
  facet normal 0 -0.737273 0.675595
    outer loop
      vertex 16 8.09637 -8.09637
      vertex 53 8.77121 -7.35992
      vertex 16 8.77121 -7.35992
    endloop
  endfacet
  facet normal 0 -0.737273 0.675595
    outer loop
      vertex 53 8.77121 -7.35992
      vertex 16 8.09637 -8.09637
      vertex 53 8.09637 -8.09637
    endloop
  endfacet
  facet normal 0 0.953708 -0.300734
    outer loop
      vertex 53 -11.0599 2.96348
      vertex 16 -10.7595 3.91613
      vertex 53 -10.7595 3.91613
    endloop
  endfacet
  facet normal 0 0.953708 -0.300734
    outer loop
      vertex 16 -10.7595 3.91613
      vertex 53 -11.0599 2.96348
      vertex 16 -11.0599 2.96348
    endloop
  endfacet
  facet normal -0 0.216345 0.976317
    outer loop
      vertex 16 -1.98827 -11.276
      vertex 53 -2.96348 -11.0599
      vertex 53 -1.98827 -11.276
    endloop
  endfacet
  facet normal 0 0.216345 0.976317
    outer loop
      vertex 53 -2.96348 -11.0599
      vertex 16 -1.98827 -11.276
      vertex 16 -2.96348 -11.0599
    endloop
  endfacet
  facet normal 0 -0.608759 0.793355
    outer loop
      vertex 16 7.35992 -8.77121
      vertex 53 6.56745 -9.37929
      vertex 53 7.35992 -8.77121
    endloop
  endfacet
  facet normal 0 -0.608759 0.793355
    outer loop
      vertex 53 6.56745 -9.37929
      vertex 16 7.35992 -8.77121
      vertex 16 6.56745 -9.37929
    endloop
  endfacet
  facet normal 0 -0.991442 -0.130545
    outer loop
      vertex 16 11.4064 0.997932
      vertex 53 11.276 1.98827
      vertex 16 11.276 1.98827
    endloop
  endfacet
  facet normal 0 -0.991442 -0.130545
    outer loop
      vertex 53 11.276 1.98827
      vertex 16 11.4064 0.997932
      vertex 53 11.4064 0.997932
    endloop
  endfacet
  facet normal 0 0.999047 -0.0436487
    outer loop
      vertex 53 -11.45 0
      vertex 16 -11.4064 0.997932
      vertex 53 -11.4064 0.997932
    endloop
  endfacet
  facet normal 0 0.999047 -0.0436487
    outer loop
      vertex 16 -11.4064 0.997932
      vertex 53 -11.45 0
      vertex 16 -11.45 0
    endloop
  endfacet
  facet normal 0 -0.999047 -0.0436487
    outer loop
      vertex 16 11.45 0
      vertex 53 11.4064 0.997932
      vertex 16 11.4064 0.997932
    endloop
  endfacet
  facet normal 0 -0.999047 -0.0436487
    outer loop
      vertex 53 11.4064 0.997932
      vertex 16 11.45 0
      vertex 53 11.45 0
    endloop
  endfacet
  facet normal 0 -0.999047 0.0436487
    outer loop
      vertex 16 11.4064 -0.997932
      vertex 53 11.45 0
      vertex 16 11.45 0
    endloop
  endfacet
  facet normal 0 -0.999047 0.0436487
    outer loop
      vertex 53 11.45 0
      vertex 16 11.4064 -0.997932
      vertex 53 11.4064 -0.997932
    endloop
  endfacet
  facet normal 0 0.953708 0.300734
    outer loop
      vertex 53 -10.7595 -3.91613
      vertex 16 -11.0599 -2.96348
      vertex 53 -11.0599 -2.96348
    endloop
  endfacet
  facet normal 0 0.953708 0.300734
    outer loop
      vertex 16 -11.0599 -2.96348
      vertex 53 -10.7595 -3.91613
      vertex 16 -10.7595 -3.91613
    endloop
  endfacet
  facet normal 0 -0.843391 0.5373
    outer loop
      vertex 16 9.37929 -6.56745
      vertex 53 9.91599 -5.725
      vertex 16 9.91599 -5.725
    endloop
  endfacet
  facet normal 0 -0.843391 0.5373
    outer loop
      vertex 53 9.91599 -5.725
      vertex 16 9.37929 -6.56745
      vertex 53 9.37929 -6.56745
    endloop
  endfacet
  facet normal 0 -0.38272 -0.923864
    outer loop
      vertex 16 3.91613 10.7595
      vertex 53 4.83898 10.3772
      vertex 53 3.91613 10.7595
    endloop
  endfacet
  facet normal -0 -0.38272 -0.923864
    outer loop
      vertex 53 4.83898 10.3772
      vertex 16 3.91613 10.7595
      vertex 16 4.83898 10.3772
    endloop
  endfacet
  facet normal 0 -0.991442 0.130545
    outer loop
      vertex 16 11.276 -1.98827
      vertex 53 11.4064 -0.997932
      vertex 16 11.4064 -0.997932
    endloop
  endfacet
  facet normal 0 -0.991442 0.130545
    outer loop
      vertex 53 11.4064 -0.997932
      vertex 16 11.276 -1.98827
      vertex 53 11.276 -1.98827
    endloop
  endfacet
  facet normal 0 -0.130545 0.991442
    outer loop
      vertex 16 1.98827 -11.276
      vertex 53 0.997932 -11.4064
      vertex 53 1.98827 -11.276
    endloop
  endfacet
  facet normal 0 -0.130545 0.991442
    outer loop
      vertex 53 0.997932 -11.4064
      vertex 16 1.98827 -11.276
      vertex 16 0.997932 -11.4064
    endloop
  endfacet
  facet normal 0 -0.300734 -0.953708
    outer loop
      vertex 16 2.96348 11.0599
      vertex 53 3.91613 10.7595
      vertex 53 2.96348 11.0599
    endloop
  endfacet
  facet normal -0 -0.300734 -0.953708
    outer loop
      vertex 53 3.91613 10.7595
      vertex 16 2.96348 11.0599
      vertex 16 3.91613 10.7595
    endloop
  endfacet
  facet normal 0 0.300734 -0.953708
    outer loop
      vertex 16 -3.91613 10.7595
      vertex 53 -2.96348 11.0599
      vertex 53 -3.91613 10.7595
    endloop
  endfacet
  facet normal 0 0.300734 -0.953708
    outer loop
      vertex 53 -2.96348 11.0599
      vertex 16 -3.91613 10.7595
      vertex 16 -2.96348 11.0599
    endloop
  endfacet
  facet normal 0 0.923864 -0.38272
    outer loop
      vertex 53 -10.7595 3.91613
      vertex 16 -10.3772 4.83898
      vertex 53 -10.3772 4.83898
    endloop
  endfacet
  facet normal 0 0.923864 -0.38272
    outer loop
      vertex 16 -10.3772 4.83898
      vertex 53 -10.7595 3.91613
      vertex 16 -10.7595 3.91613
    endloop
  endfacet
  facet normal 0 0.737273 -0.675595
    outer loop
      vertex 53 -8.77121 7.35992
      vertex 16 -8.09637 8.09637
      vertex 53 -8.09637 8.09637
    endloop
  endfacet
  facet normal 0 0.737273 -0.675595
    outer loop
      vertex 16 -8.09637 8.09637
      vertex 53 -8.77121 7.35992
      vertex 16 -8.77121 7.35992
    endloop
  endfacet
  facet normal 0 -0.675595 -0.737273
    outer loop
      vertex 16 7.35992 8.77121
      vertex 53 8.09637 8.09637
      vertex 53 7.35992 8.77121
    endloop
  endfacet
  facet normal -0 -0.675595 -0.737273
    outer loop
      vertex 53 8.09637 8.09637
      vertex 16 7.35992 8.77121
      vertex 16 8.09637 8.09637
    endloop
  endfacet
  facet normal 0 -0.737273 -0.675595
    outer loop
      vertex 16 8.77121 7.35992
      vertex 53 8.09637 8.09637
      vertex 16 8.09637 8.09637
    endloop
  endfacet
  facet normal 0 -0.737273 -0.675595
    outer loop
      vertex 53 8.09637 8.09637
      vertex 16 8.77121 7.35992
      vertex 53 8.77121 7.35992
    endloop
  endfacet
  facet normal 0 0.991442 0.130545
    outer loop
      vertex 53 -11.276 -1.98827
      vertex 16 -11.4064 -0.997932
      vertex 53 -11.4064 -0.997932
    endloop
  endfacet
  facet normal 0 0.991442 0.130545
    outer loop
      vertex 16 -11.4064 -0.997932
      vertex 53 -11.276 -1.98827
      vertex 16 -11.276 -1.98827
    endloop
  endfacet
  facet normal 0 0.843391 0.5373
    outer loop
      vertex 53 -9.37929 -6.56745
      vertex 16 -9.91599 -5.725
      vertex 53 -9.91599 -5.725
    endloop
  endfacet
  facet normal 0 0.843391 0.5373
    outer loop
      vertex 16 -9.91599 -5.725
      vertex 53 -9.37929 -6.56745
      vertex 16 -9.37929 -6.56745
    endloop
  endfacet
  facet normal 0 0.793355 0.608759
    outer loop
      vertex 53 -8.77121 -7.35992
      vertex 16 -9.37929 -6.56745
      vertex 53 -9.37929 -6.56745
    endloop
  endfacet
  facet normal 0 0.793355 0.608759
    outer loop
      vertex 16 -9.37929 -6.56745
      vertex 53 -8.77121 -7.35992
      vertex 16 -8.77121 -7.35992
    endloop
  endfacet
  facet normal 0 0.130545 -0.991442
    outer loop
      vertex 16 -1.98827 11.276
      vertex 53 -0.997932 11.4064
      vertex 53 -1.98827 11.276
    endloop
  endfacet
  facet normal 0 0.130545 -0.991442
    outer loop
      vertex 53 -0.997932 11.4064
      vertex 16 -1.98827 11.276
      vertex 16 -0.997932 11.4064
    endloop
  endfacet
  facet normal 0 -0.216345 -0.976317
    outer loop
      vertex 16 1.98827 11.276
      vertex 53 2.96348 11.0599
      vertex 53 1.98827 11.276
    endloop
  endfacet
  facet normal -0 -0.216345 -0.976317
    outer loop
      vertex 53 2.96348 11.0599
      vertex 16 1.98827 11.276
      vertex 16 2.96348 11.0599
    endloop
  endfacet
  facet normal 0 0.88702 0.461731
    outer loop
      vertex 53 -9.91599 -5.725
      vertex 16 -10.3772 -4.83898
      vertex 53 -10.3772 -4.83898
    endloop
  endfacet
  facet normal 0 0.88702 0.461731
    outer loop
      vertex 16 -10.3772 -4.83898
      vertex 53 -9.91599 -5.725
      vertex 16 -9.91599 -5.725
    endloop
  endfacet
  facet normal 0 -0.953708 0.300734
    outer loop
      vertex 16 10.7595 -3.91613
      vertex 53 11.0599 -2.96348
      vertex 16 11.0599 -2.96348
    endloop
  endfacet
  facet normal 0 -0.953708 0.300734
    outer loop
      vertex 53 11.0599 -2.96348
      vertex 16 10.7595 -3.91613
      vertex 53 10.7595 -3.91613
    endloop
  endfacet
  facet normal -0 0.461731 0.88702
    outer loop
      vertex 16 -4.83898 -10.3772
      vertex 53 -5.725 -9.91599
      vertex 53 -4.83898 -10.3772
    endloop
  endfacet
  facet normal 0 0.461731 0.88702
    outer loop
      vertex 53 -5.725 -9.91599
      vertex 16 -4.83898 -10.3772
      vertex 16 -5.725 -9.91599
    endloop
  endfacet
  facet normal 0 -0.843391 -0.5373
    outer loop
      vertex 16 9.91599 5.725
      vertex 53 9.37929 6.56745
      vertex 16 9.37929 6.56745
    endloop
  endfacet
  facet normal 0 -0.843391 -0.5373
    outer loop
      vertex 53 9.37929 6.56745
      vertex 16 9.91599 5.725
      vertex 53 9.91599 5.725
    endloop
  endfacet
  facet normal 0 0.843391 -0.5373
    outer loop
      vertex 53 -9.91599 5.725
      vertex 16 -9.37929 6.56745
      vertex 53 -9.37929 6.56745
    endloop
  endfacet
  facet normal 0 0.843391 -0.5373
    outer loop
      vertex 16 -9.37929 6.56745
      vertex 53 -9.91599 5.725
      vertex 16 -9.91599 5.725
    endloop
  endfacet
  facet normal 0 -0.0436487 -0.999047
    outer loop
      vertex 16 0 11.45
      vertex 53 0.997932 11.4064
      vertex 53 0 11.45
    endloop
  endfacet
  facet normal -0 -0.0436487 -0.999047
    outer loop
      vertex 53 0.997932 11.4064
      vertex 16 0 11.45
      vertex 16 0.997932 11.4064
    endloop
  endfacet
  facet normal -0 0.675595 0.737273
    outer loop
      vertex 16 -7.35992 -8.77121
      vertex 53 -8.09637 -8.09637
      vertex 53 -7.35992 -8.77121
    endloop
  endfacet
  facet normal 0 0.675595 0.737273
    outer loop
      vertex 53 -8.09637 -8.09637
      vertex 16 -7.35992 -8.77121
      vertex 16 -8.09637 -8.09637
    endloop
  endfacet
  facet normal 0 0.5373 -0.843391
    outer loop
      vertex 16 -6.56745 9.37929
      vertex 53 -5.725 9.91599
      vertex 53 -6.56745 9.37929
    endloop
  endfacet
  facet normal 0 0.5373 -0.843391
    outer loop
      vertex 53 -5.725 9.91599
      vertex 16 -6.56745 9.37929
      vertex 16 -5.725 9.91599
    endloop
  endfacet
  facet normal 0 0.793355 -0.608759
    outer loop
      vertex 53 -9.37929 6.56745
      vertex 16 -8.77121 7.35992
      vertex 53 -8.77121 7.35992
    endloop
  endfacet
  facet normal 0 0.793355 -0.608759
    outer loop
      vertex 16 -8.77121 7.35992
      vertex 53 -9.37929 6.56745
      vertex 16 -9.37929 6.56745
    endloop
  endfacet
  facet normal 0 -0.976317 0.216345
    outer loop
      vertex 16 11.0599 -2.96348
      vertex 53 11.276 -1.98827
      vertex 16 11.276 -1.98827
    endloop
  endfacet
  facet normal 0 -0.976317 0.216345
    outer loop
      vertex 53 11.276 -1.98827
      vertex 16 11.0599 -2.96348
      vertex 53 11.0599 -2.96348
    endloop
  endfacet
  facet normal 0 0.991442 -0.130545
    outer loop
      vertex 53 -11.4064 0.997932
      vertex 16 -11.276 1.98827
      vertex 53 -11.276 1.98827
    endloop
  endfacet
  facet normal 0 0.991442 -0.130545
    outer loop
      vertex 16 -11.276 1.98827
      vertex 53 -11.4064 0.997932
      vertex 16 -11.4064 0.997932
    endloop
  endfacet
endsolid OpenSCAD_Model
