solid OpenSCAD_Model
  facet normal 0.991521 0.129944 0
    outer loop
      vertex 14.4846 2.49235 8.8378
      vertex 14.4767 2.55263 0
      vertex 14.4767 2.55263 8.98333
    endloop
  endfacet
  facet normal 0.991428 0.130654 4.92376e-06
    outer loop
      vertex 14.4992 2.38157 8.625
      vertex 14.4767 2.55263 0
      vertex 14.4846 2.49235 8.8378
    endloop
  endfacet
  facet normal 0.991416 0.130743 6.71971e-06
    outer loop
      vertex 14.5162 2.25267 8.42266
      vertex 14.4767 2.55263 0
      vertex 14.4992 2.38157 8.625
    endloop
  endfacet
  facet normal 0.991468 0.13035 -7.50444e-06
    outer loop
      vertex 14.5354 2.10662 8.23233
      vertex 14.4767 2.55263 0
      vertex 14.5162 2.25267 8.42266
    endloop
  endfacet
  facet normal 0.991474 0.130307 -9.88049e-06
    outer loop
      vertex 14.5567 1.94454 8.05546
      vertex 14.4767 2.55263 0
      vertex 14.5354 2.10662 8.23233
    endloop
  endfacet
  facet normal 0.991436 0.130596 1.22988e-05
    outer loop
      vertex 14.58 1.76767 7.89338
      vertex 14.4767 2.55263 0
      vertex 14.5567 1.94454 8.05546
    endloop
  endfacet
  facet normal 0.991419 0.130719 2.47532e-05
    outer loop
      vertex 14.6051 1.57733 7.74733
      vertex 14.4767 2.55263 0
      vertex 14.58 1.76767 7.89338
    endloop
  endfacet
  facet normal 0.991467 0.13036 -2.11921e-05
    outer loop
      vertex 14.6317 1.375 7.61843
      vertex 14.4767 2.55263 0
      vertex 14.6051 1.57733 7.74733
    endloop
  endfacet
  facet normal 0.991382 0.131001 7.96789e-05
    outer loop
      vertex 14.6441 1.28119 7.5696
      vertex 14.4767 2.55263 0
      vertex 14.6317 1.375 7.61843
    endloop
  endfacet
  facet normal 0.991444 0.130535 0
    outer loop
      vertex 14.4767 2.55263 0
      vertex 14.6441 1.28119 7.5696
      vertex 14.6441 1.28119 0
    endloop
  endfacet
  facet normal 0.991521 0.129944 0
    outer loop
      vertex 14.4767 2.55263 40
      vertex 14.4846 2.49235 11.1622
      vertex 14.4767 2.55263 11.0167
    endloop
  endfacet
  facet normal 0.991427 0.13066 -1.52262e-06
    outer loop
      vertex 14.4767 2.55263 40
      vertex 14.4992 2.38157 11.375
      vertex 14.4846 2.49235 11.1622
    endloop
  endfacet
  facet normal 0.991415 0.13075 -2.06835e-06
    outer loop
      vertex 14.4767 2.55263 40
      vertex 14.5162 2.25267 11.5773
      vertex 14.4992 2.38157 11.375
    endloop
  endfacet
  facet normal 0.991469 0.130343 2.29546e-06
    outer loop
      vertex 14.4767 2.55263 40
      vertex 14.5354 2.10662 11.7677
      vertex 14.5162 2.25267 11.5773
    endloop
  endfacet
  facet normal 0.991475 0.130299 2.99972e-06
    outer loop
      vertex 14.4767 2.55263 40
      vertex 14.5567 1.94454 11.9445
      vertex 14.5354 2.10662 11.7677
    endloop
  endfacet
  facet normal 0.991435 0.130603 -3.70205e-06
    outer loop
      vertex 14.4767 2.55263 40
      vertex 14.58 1.76767 12.1066
      vertex 14.5567 1.94454 11.9445
    endloop
  endfacet
  facet normal 0.991418 0.130732 -7.37982e-06
    outer loop
      vertex 14.4767 2.55263 40
      vertex 14.6051 1.57733 12.2527
      vertex 14.58 1.76767 12.1066
    endloop
  endfacet
  facet normal 0.991468 0.130351 6.25162e-06
    outer loop
      vertex 14.4767 2.55263 40
      vertex 14.6317 1.375 12.3816
      vertex 14.6051 1.57733 12.2527
    endloop
  endfacet
  facet normal 0.991444 0.130535 -0
    outer loop
      vertex 14.6441 1.28119 12.4304
      vertex 14.4767 2.55263 40
      vertex 14.6441 1.28119 40
    endloop
  endfacet
  facet normal 0.991378 0.13103 -2.32322e-05
    outer loop
      vertex 14.4767 2.55263 40
      vertex 14.6441 1.28119 12.4304
      vertex 14.6317 1.375 12.3816
    endloop
  endfacet
  facet normal 0.999046 0.0436595 0
    outer loop
      vertex 14.6493 1.1622 7.50765
      vertex 14.6441 1.28119 0
      vertex 14.6441 1.28119 7.5696
    endloop
  endfacet
  facet normal 0.999063 0.0432745 -6.11383e-06
    outer loop
      vertex 14.6589 0.940555 7.41584
      vertex 14.6441 1.28119 0
      vertex 14.6493 1.1622 7.50765
    endloop
  endfacet
  facet normal 0.999046 0.0436604 1.16459e-05
    outer loop
      vertex 14.6689 0.711752 7.3437
      vertex 14.6441 1.28119 0
      vertex 14.6589 0.940555 7.41584
    endloop
  endfacet
  facet normal 0.999035 0.0439261 3.22934e-05
    outer loop
      vertex 14.6792 0.477532 7.29178
      vertex 14.6441 1.28119 0
      vertex 14.6689 0.711752 7.3437
    endloop
  endfacet
  facet normal 0.999063 0.0432684 -4.03321e-05
    outer loop
      vertex 14.6895 0.239677 7.26046
      vertex 14.6441 1.28119 0
      vertex 14.6792 0.477532 7.29178
    endloop
  endfacet
  facet normal 0.999042 0.043767 -0
    outer loop
      vertex 14.7 0 0
      vertex 14.6895 0.239677 7.26046
      vertex 14.7 0 7.25
    endloop
  endfacet
  facet normal 0.99905 0.0435898 5.85881e-06
    outer loop
      vertex 14.6895 0.239677 7.26046
      vertex 14.7 0 0
      vertex 14.6441 1.28119 0
    endloop
  endfacet
  facet normal 0.999046 0.0436595 0
    outer loop
      vertex 14.6441 1.28119 40
      vertex 14.6493 1.1622 12.4923
      vertex 14.6441 1.28119 12.4304
    endloop
  endfacet
  facet normal 0.999063 0.0432726 1.67659e-06
    outer loop
      vertex 14.6441 1.28119 40
      vertex 14.6589 0.940555 12.5842
      vertex 14.6493 1.1622 12.4923
    endloop
  endfacet
  facet normal 0.999046 0.043663 -3.1833e-06
    outer loop
      vertex 14.6441 1.28119 40
      vertex 14.6689 0.711752 12.6563
      vertex 14.6589 0.940555 12.5842
    endloop
  endfacet
  facet normal 0.999035 0.0439313 -8.7816e-06
    outer loop
      vertex 14.6441 1.28119 40
      vertex 14.6792 0.477532 12.7082
      vertex 14.6689 0.711752 12.6563
    endloop
  endfacet
  facet normal 0.999064 0.0432646 1.089e-05
    outer loop
      vertex 14.6441 1.28119 40
      vertex 14.6895 0.239677 12.7395
      vertex 14.6792 0.477532 12.7082
    endloop
  endfacet
  facet normal 0.99905 0.0435898 -1.56041e-06
    outer loop
      vertex 14.7 0 40
      vertex 14.6895 0.239677 12.7395
      vertex 14.6441 1.28119 40
    endloop
  endfacet
  facet normal 0.999042 0.043767 0
    outer loop
      vertex 14.6895 0.239677 12.7395
      vertex 14.7 0 40
      vertex 14.7 0 12.75
    endloop
  endfacet
  facet normal 0.976301 0.216416 0
    outer loop
      vertex 14.4352 2.73954 10.2397
      vertex 14.1991 3.80464 0
      vertex 14.1991 3.80464 40
    endloop
  endfacet
  facet normal 0.976035 0.217615 0.000130904
    outer loop
      vertex 14.1991 3.80464 0
      vertex 14.4352 2.73954 10.2397
      vertex 14.4329 2.75 10
    endloop
  endfacet
  facet normal 0.976004 0.217755 -5.02652e-05
    outer loop
      vertex 14.1991 3.80464 40
      vertex 14.4422 2.70822 10.4775
      vertex 14.4352 2.73954 10.2397
    endloop
  endfacet
  facet normal 0.976331 0.216284 7.04931e-06
    outer loop
      vertex 14.1991 3.80464 40
      vertex 14.4537 2.6563 10.7118
      vertex 14.4422 2.70822 10.4775
    endloop
  endfacet
  facet normal 0.976284 0.216496 -1.6642e-06
    outer loop
      vertex 14.1991 3.80464 40
      vertex 14.4697 2.58415 10.9406
      vertex 14.4537 2.6563 10.7118
    endloop
  endfacet
  facet normal 0.97629 0.216466 -0
    outer loop
      vertex 14.4767 2.55263 11.0167
      vertex 14.1991 3.80464 40
      vertex 14.4767 2.55263 40
    endloop
  endfacet
  facet normal 0.976223 0.216768 -1.36617e-05
    outer loop
      vertex 14.1991 3.80464 40
      vertex 14.4767 2.55263 11.0167
      vertex 14.4697 2.58415 10.9406
    endloop
  endfacet
  facet normal 0.976406 0.215942 -5.43043e-05
    outer loop
      vertex 14.4352 2.73954 9.76032
      vertex 14.1991 3.80464 0
      vertex 14.4329 2.75 10
    endloop
  endfacet
  facet normal 0.976094 0.217347 0.000106593
    outer loop
      vertex 14.4422 2.70822 9.52247
      vertex 14.1991 3.80464 0
      vertex 14.4352 2.73954 9.76032
    endloop
  endfacet
  facet normal 0.976321 0.216326 -1.67943e-05
    outer loop
      vertex 14.4537 2.6563 9.28825
      vertex 14.1991 3.80464 0
      vertex 14.4422 2.70822 9.52247
    endloop
  endfacet
  facet normal 0.976285 0.216488 4.23835e-06
    outer loop
      vertex 14.4697 2.58415 9.05944
      vertex 14.1991 3.80464 0
      vertex 14.4537 2.6563 9.28825
    endloop
  endfacet
  facet normal 0.976235 0.216715 3.64187e-05
    outer loop
      vertex 14.4767 2.55263 8.98333
      vertex 14.1991 3.80464 0
      vertex 14.4697 2.58415 9.05944
    endloop
  endfacet
  facet normal 0.97629 0.216466 0
    outer loop
      vertex 14.1991 3.80464 0
      vertex 14.4767 2.55263 8.98333
      vertex 14.4767 2.55263 0
    endloop
  endfacet
  facet normal 0.887027 -0.461718 0
    outer loop
      vertex 12.7306 -7.35 40
      vertex 13.3227 -6.21249 0
      vertex 13.3227 -6.21249 40
    endloop
  endfacet
  facet normal 0.887027 -0.461718 0
    outer loop
      vertex 13.3227 -6.21249 0
      vertex 12.7306 -7.35 40
      vertex 12.7306 -7.35 0
    endloop
  endfacet
  facet normal 0.843369 -0.537335 0
    outer loop
      vertex 12.0415 -8.43157 40
      vertex 12.7306 -7.35 0
      vertex 12.7306 -7.35 40
    endloop
  endfacet
  facet normal 0.843369 -0.537335 0
    outer loop
      vertex 12.7306 -7.35 0
      vertex 12.0415 -8.43157 40
      vertex 12.0415 -8.43157 0
    endloop
  endfacet
  facet normal 0.300685 -0.953724 0
    outer loop
      vertex 3.80464 -14.1991 34
      vertex 5.0277 -13.8135 40
      vertex 3.80464 -14.1991 40
    endloop
  endfacet
  facet normal 0.300685 -0.953724 0
    outer loop
      vertex 5.0277 -13.8135 40
      vertex 3.80464 -14.1991 34
      vertex 5.0277 -13.8135 34
    endloop
  endfacet
  facet normal -0.737281 -0.675586 0
    outer loop
      vertex -10.3945 -10.3945 0
      vertex -11.2609 -9.44898 40
      vertex -11.2609 -9.44898 0
    endloop
  endfacet
  facet normal -0.737281 -0.675586 0
    outer loop
      vertex -11.2609 -9.44898 40
      vertex -10.3945 -10.3945 0
      vertex -10.3945 -10.3945 40
    endloop
  endfacet
  facet normal -0.991444 -0.130535 0
    outer loop
      vertex -14.4767 -2.55263 0
      vertex -14.6441 -1.28119 7.5696
      vertex -14.6441 -1.28119 0
    endloop
  endfacet
  facet normal -0.991382 -0.131001 7.96789e-05
    outer loop
      vertex -14.6441 -1.28119 7.5696
      vertex -14.4767 -2.55263 0
      vertex -14.6317 -1.375 7.61843
    endloop
  endfacet
  facet normal -0.991467 -0.13036 -2.11921e-05
    outer loop
      vertex -14.6317 -1.375 7.61843
      vertex -14.4767 -2.55263 0
      vertex -14.6051 -1.57733 7.74733
    endloop
  endfacet
  facet normal -0.991419 -0.130719 2.47532e-05
    outer loop
      vertex -14.6051 -1.57733 7.74733
      vertex -14.4767 -2.55263 0
      vertex -14.58 -1.76767 7.89338
    endloop
  endfacet
  facet normal -0.991436 -0.130596 1.22988e-05
    outer loop
      vertex -14.58 -1.76767 7.89338
      vertex -14.4767 -2.55263 0
      vertex -14.5567 -1.94454 8.05546
    endloop
  endfacet
  facet normal -0.991474 -0.130307 -9.88049e-06
    outer loop
      vertex -14.5567 -1.94454 8.05546
      vertex -14.4767 -2.55263 0
      vertex -14.5354 -2.10662 8.23233
    endloop
  endfacet
  facet normal -0.991468 -0.13035 -7.50444e-06
    outer loop
      vertex -14.5354 -2.10662 8.23233
      vertex -14.4767 -2.55263 0
      vertex -14.5162 -2.25267 8.42266
    endloop
  endfacet
  facet normal -0.991416 -0.130743 6.71971e-06
    outer loop
      vertex -14.5162 -2.25267 8.42266
      vertex -14.4767 -2.55263 0
      vertex -14.4992 -2.38157 8.625
    endloop
  endfacet
  facet normal -0.991428 -0.130654 4.92376e-06
    outer loop
      vertex -14.4992 -2.38157 8.625
      vertex -14.4767 -2.55263 0
      vertex -14.4846 -2.49235 8.8378
    endloop
  endfacet
  facet normal -0.991521 -0.129944 0
    outer loop
      vertex -14.4846 -2.49235 8.8378
      vertex -14.4767 -2.55263 0
      vertex -14.4767 -2.55263 8.98333
    endloop
  endfacet
  facet normal -0.991378 -0.13103 -2.32322e-05
    outer loop
      vertex -14.4767 -2.55263 40
      vertex -14.6441 -1.28119 12.4304
      vertex -14.6317 -1.375 12.3816
    endloop
  endfacet
  facet normal -0.991468 -0.130351 6.25162e-06
    outer loop
      vertex -14.4767 -2.55263 40
      vertex -14.6317 -1.375 12.3816
      vertex -14.6051 -1.57733 12.2527
    endloop
  endfacet
  facet normal -0.991418 -0.130732 -7.37982e-06
    outer loop
      vertex -14.4767 -2.55263 40
      vertex -14.6051 -1.57733 12.2527
      vertex -14.58 -1.76767 12.1066
    endloop
  endfacet
  facet normal -0.991435 -0.130603 -3.70205e-06
    outer loop
      vertex -14.4767 -2.55263 40
      vertex -14.58 -1.76767 12.1066
      vertex -14.5567 -1.94454 11.9445
    endloop
  endfacet
  facet normal -0.991475 -0.130299 2.99972e-06
    outer loop
      vertex -14.4767 -2.55263 40
      vertex -14.5567 -1.94454 11.9445
      vertex -14.5354 -2.10662 11.7677
    endloop
  endfacet
  facet normal -0.991469 -0.130343 2.29546e-06
    outer loop
      vertex -14.4767 -2.55263 40
      vertex -14.5354 -2.10662 11.7677
      vertex -14.5162 -2.25267 11.5773
    endloop
  endfacet
  facet normal -0.991415 -0.13075 -2.06835e-06
    outer loop
      vertex -14.4767 -2.55263 40
      vertex -14.5162 -2.25267 11.5773
      vertex -14.4992 -2.38157 11.375
    endloop
  endfacet
  facet normal -0.991427 -0.13066 -1.52262e-06
    outer loop
      vertex -14.4767 -2.55263 40
      vertex -14.4992 -2.38157 11.375
      vertex -14.4846 -2.49235 11.1622
    endloop
  endfacet
  facet normal -0.991521 -0.129944 -0
    outer loop
      vertex -14.4767 -2.55263 40
      vertex -14.4846 -2.49235 11.1622
      vertex -14.4767 -2.55263 11.0167
    endloop
  endfacet
  facet normal -0.991444 -0.130535 0
    outer loop
      vertex -14.6441 -1.28119 12.4304
      vertex -14.4767 -2.55263 40
      vertex -14.6441 -1.28119 40
    endloop
  endfacet
  facet normal -0.130535 -0.991444 0
    outer loop
      vertex -2.55263 -14.4767 34
      vertex -1.28119 -14.6441 40
      vertex -2.55263 -14.4767 40
    endloop
  endfacet
  facet normal -0.130535 -0.991444 -0
    outer loop
      vertex -1.28119 -14.6441 40
      vertex -2.55263 -14.4767 34
      vertex -1.28119 -14.6441 34
    endloop
  endfacet
  facet normal 0.991444 -0.130535 0
    outer loop
      vertex 14.4767 -2.55263 40
      vertex 14.6441 -1.28119 12.4304
      vertex 14.6441 -1.28119 40
    endloop
  endfacet
  facet normal 0.991378 -0.13103 -2.32322e-05
    outer loop
      vertex 14.6441 -1.28119 12.4304
      vertex 14.4767 -2.55263 40
      vertex 14.6317 -1.375 12.3816
    endloop
  endfacet
  facet normal 0.991468 -0.130351 6.25162e-06
    outer loop
      vertex 14.6317 -1.375 12.3816
      vertex 14.4767 -2.55263 40
      vertex 14.6051 -1.57733 12.2527
    endloop
  endfacet
  facet normal 0.991418 -0.130732 -7.37982e-06
    outer loop
      vertex 14.6051 -1.57733 12.2527
      vertex 14.4767 -2.55263 40
      vertex 14.58 -1.76767 12.1066
    endloop
  endfacet
  facet normal 0.991435 -0.130603 -3.70205e-06
    outer loop
      vertex 14.58 -1.76767 12.1066
      vertex 14.4767 -2.55263 40
      vertex 14.5567 -1.94454 11.9445
    endloop
  endfacet
  facet normal 0.991475 -0.130299 2.99972e-06
    outer loop
      vertex 14.5567 -1.94454 11.9445
      vertex 14.4767 -2.55263 40
      vertex 14.5354 -2.10662 11.7677
    endloop
  endfacet
  facet normal 0.991469 -0.130343 2.29546e-06
    outer loop
      vertex 14.5354 -2.10662 11.7677
      vertex 14.4767 -2.55263 40
      vertex 14.5162 -2.25267 11.5773
    endloop
  endfacet
  facet normal 0.991415 -0.13075 -2.06835e-06
    outer loop
      vertex 14.5162 -2.25267 11.5773
      vertex 14.4767 -2.55263 40
      vertex 14.4992 -2.38157 11.375
    endloop
  endfacet
  facet normal 0.991427 -0.13066 -1.52262e-06
    outer loop
      vertex 14.4992 -2.38157 11.375
      vertex 14.4767 -2.55263 40
      vertex 14.4846 -2.49235 11.1622
    endloop
  endfacet
  facet normal 0.991521 -0.129944 0
    outer loop
      vertex 14.4846 -2.49235 11.1622
      vertex 14.4767 -2.55263 40
      vertex 14.4767 -2.55263 11.0167
    endloop
  endfacet
  facet normal 0.991382 -0.131001 7.96789e-05
    outer loop
      vertex 14.4767 -2.55263 0
      vertex 14.6441 -1.28119 7.5696
      vertex 14.6317 -1.375 7.61843
    endloop
  endfacet
  facet normal 0.991467 -0.13036 -2.11921e-05
    outer loop
      vertex 14.4767 -2.55263 0
      vertex 14.6317 -1.375 7.61843
      vertex 14.6051 -1.57733 7.74733
    endloop
  endfacet
  facet normal 0.991419 -0.130719 2.47532e-05
    outer loop
      vertex 14.4767 -2.55263 0
      vertex 14.6051 -1.57733 7.74733
      vertex 14.58 -1.76767 7.89338
    endloop
  endfacet
  facet normal 0.991436 -0.130596 1.22988e-05
    outer loop
      vertex 14.4767 -2.55263 0
      vertex 14.58 -1.76767 7.89338
      vertex 14.5567 -1.94454 8.05546
    endloop
  endfacet
  facet normal 0.991474 -0.130307 -9.88049e-06
    outer loop
      vertex 14.4767 -2.55263 0
      vertex 14.5567 -1.94454 8.05546
      vertex 14.5354 -2.10662 8.23233
    endloop
  endfacet
  facet normal 0.991468 -0.13035 -7.50444e-06
    outer loop
      vertex 14.4767 -2.55263 0
      vertex 14.5354 -2.10662 8.23233
      vertex 14.5162 -2.25267 8.42266
    endloop
  endfacet
  facet normal 0.991416 -0.130743 6.71971e-06
    outer loop
      vertex 14.4767 -2.55263 0
      vertex 14.5162 -2.25267 8.42266
      vertex 14.4992 -2.38157 8.625
    endloop
  endfacet
  facet normal 0.991428 -0.130654 4.92376e-06
    outer loop
      vertex 14.4767 -2.55263 0
      vertex 14.4992 -2.38157 8.625
      vertex 14.4846 -2.49235 8.8378
    endloop
  endfacet
  facet normal 0.991521 -0.129944 0
    outer loop
      vertex 14.4767 -2.55263 0
      vertex 14.4846 -2.49235 8.8378
      vertex 14.4767 -2.55263 8.98333
    endloop
  endfacet
  facet normal 0.991444 -0.130535 0
    outer loop
      vertex 14.6441 -1.28119 7.5696
      vertex 14.4767 -2.55263 0
      vertex 14.6441 -1.28119 0
    endloop
  endfacet
  facet normal -0.216466 0.97629 0
    outer loop
      vertex -2.55263 14.4767 34
      vertex -3.80464 14.1991 40
      vertex -2.55263 14.4767 40
    endloop
  endfacet
  facet normal -0.216466 0.97629 0
    outer loop
      vertex -3.80464 14.1991 40
      vertex -2.55263 14.4767 34
      vertex -3.80464 14.1991 34
    endloop
  endfacet
  facet normal 0.953724 0.300685 0
    outer loop
      vertex 14.1991 3.80464 40
      vertex 13.8135 5.0277 0
      vertex 13.8135 5.0277 40
    endloop
  endfacet
  facet normal 0.953724 0.300685 0
    outer loop
      vertex 13.8135 5.0277 0
      vertex 14.1991 3.80464 40
      vertex 14.1991 3.80464 0
    endloop
  endfacet
  facet normal -0.537335 -0.843369 0
    outer loop
      vertex -8.43157 -12.0415 0
      vertex -7.35 -12.7306 40
      vertex -8.43157 -12.0415 40
    endloop
  endfacet
  facet normal -0.537335 -0.843369 -0
    outer loop
      vertex -7.35 -12.7306 40
      vertex -8.43157 -12.0415 0
      vertex -7.35 -12.7306 0
    endloop
  endfacet
  facet normal 0.537335 0.843369 -0
    outer loop
      vertex 8.43157 12.0415 0
      vertex 7.35 12.7306 40
      vertex 8.43157 12.0415 40
    endloop
  endfacet
  facet normal 0.537335 0.843369 0
    outer loop
      vertex 7.35 12.7306 40
      vertex 8.43157 12.0415 0
      vertex 7.35 12.7306 0
    endloop
  endfacet
  facet normal 0.887027 0.461718 0
    outer loop
      vertex 13.3227 6.21249 40
      vertex 12.7306 7.35 0
      vertex 12.7306 7.35 40
    endloop
  endfacet
  facet normal 0.887027 0.461718 0
    outer loop
      vertex 12.7306 7.35 0
      vertex 13.3227 6.21249 40
      vertex 13.3227 6.21249 0
    endloop
  endfacet
  facet normal -0.382713 -0.923867 0
    outer loop
      vertex -6.21249 -13.3227 34
      vertex -5.0277 -13.8135 40
      vertex -6.21249 -13.3227 40
    endloop
  endfacet
  facet normal -0.382713 -0.923867 -0
    outer loop
      vertex -5.0277 -13.8135 40
      vertex -6.21249 -13.3227 34
      vertex -5.0277 -13.8135 34
    endloop
  endfacet
  facet normal 0.0435898 0.99905 -0
    outer loop
      vertex 1.28119 14.6441 34
      vertex 0 14.7 40
      vertex 1.28119 14.6441 40
    endloop
  endfacet
  facet normal 0.0435898 0.99905 0
    outer loop
      vertex 0 14.7 40
      vertex 1.28119 14.6441 34
      vertex 0 14.7 34
    endloop
  endfacet
  facet normal -0.300685 0.953724 0
    outer loop
      vertex -3.80464 14.1991 34
      vertex -5.0277 13.8135 40
      vertex -3.80464 14.1991 40
    endloop
  endfacet
  facet normal -0.300685 0.953724 0
    outer loop
      vertex -5.0277 13.8135 40
      vertex -3.80464 14.1991 34
      vertex -5.0277 13.8135 34
    endloop
  endfacet
  facet normal 0.737281 0.675586 0
    outer loop
      vertex 11.2609 9.44898 40
      vertex 10.3945 10.3945 0
      vertex 10.3945 10.3945 40
    endloop
  endfacet
  facet normal 0.737281 0.675586 0
    outer loop
      vertex 10.3945 10.3945 0
      vertex 11.2609 9.44898 40
      vertex 11.2609 9.44898 0
    endloop
  endfacet
  facet normal 0.793386 0.608719 0
    outer loop
      vertex 12.0415 8.43157 40
      vertex 11.2609 9.44898 0
      vertex 11.2609 9.44898 40
    endloop
  endfacet
  facet normal 0.793386 0.608719 0
    outer loop
      vertex 11.2609 9.44898 0
      vertex 12.0415 8.43157 40
      vertex 12.0415 8.43157 0
    endloop
  endfacet
  facet normal 0.608719 0.793386 -0
    outer loop
      vertex 9.44898 11.2609 0
      vertex 8.43157 12.0415 40
      vertex 9.44898 11.2609 40
    endloop
  endfacet
  facet normal 0.608719 0.793386 0
    outer loop
      vertex 8.43157 12.0415 40
      vertex 9.44898 11.2609 0
      vertex 8.43157 12.0415 0
    endloop
  endfacet
  facet normal 0.537335 -0.843369 0
    outer loop
      vertex 7.35 -12.7306 0
      vertex 8.43157 -12.0415 40
      vertex 7.35 -12.7306 40
    endloop
  endfacet
  facet normal 0.537335 -0.843369 0
    outer loop
      vertex 8.43157 -12.0415 40
      vertex 7.35 -12.7306 0
      vertex 8.43157 -12.0415 0
    endloop
  endfacet
  facet normal 0.382713 0.923867 -0
    outer loop
      vertex 6.21249 13.3227 34
      vertex 5.0277 13.8135 40
      vertex 6.21249 13.3227 40
    endloop
  endfacet
  facet normal 0.382713 0.923867 0
    outer loop
      vertex 5.0277 13.8135 40
      vertex 6.21249 13.3227 34
      vertex 5.0277 13.8135 34
    endloop
  endfacet
  facet normal -0.843369 0.537335 0
    outer loop
      vertex -12.7306 7.35 0
      vertex -12.0415 8.43157 40
      vertex -12.0415 8.43157 0
    endloop
  endfacet
  facet normal -0.843369 0.537335 0
    outer loop
      vertex -12.0415 8.43157 40
      vertex -12.7306 7.35 0
      vertex -12.7306 7.35 40
    endloop
  endfacet
  facet normal -0.608719 -0.793386 0
    outer loop
      vertex -9.44898 -11.2609 0
      vertex -8.43157 -12.0415 40
      vertex -9.44898 -11.2609 40
    endloop
  endfacet
  facet normal -0.608719 -0.793386 -0
    outer loop
      vertex -8.43157 -12.0415 40
      vertex -9.44898 -11.2609 0
      vertex -8.43157 -12.0415 0
    endloop
  endfacet
  facet normal 0.953724 -0.300685 0
    outer loop
      vertex 13.8135 -5.0277 40
      vertex 14.1991 -3.80464 0
      vertex 14.1991 -3.80464 40
    endloop
  endfacet
  facet normal 0.953724 -0.300685 0
    outer loop
      vertex 14.1991 -3.80464 0
      vertex 13.8135 -5.0277 40
      vertex 13.8135 -5.0277 0
    endloop
  endfacet
  facet normal -0.216466 -0.97629 0
    outer loop
      vertex -3.80464 -14.1991 34
      vertex -2.55263 -14.4767 40
      vertex -3.80464 -14.1991 40
    endloop
  endfacet
  facet normal -0.216466 -0.97629 -0
    outer loop
      vertex -2.55263 -14.4767 40
      vertex -3.80464 -14.1991 34
      vertex -2.55263 -14.4767 34
    endloop
  endfacet
  facet normal -0.608719 0.793386 0
    outer loop
      vertex -8.43157 12.0415 0
      vertex -9.44898 11.2609 40
      vertex -8.43157 12.0415 40
    endloop
  endfacet
  facet normal -0.608719 0.793386 0
    outer loop
      vertex -9.44898 11.2609 40
      vertex -8.43157 12.0415 0
      vertex -9.44898 11.2609 0
    endloop
  endfacet
  facet normal -0.0435898 0.99905 0
    outer loop
      vertex 0 14.7 34
      vertex -1.28119 14.6441 40
      vertex 0 14.7 40
    endloop
  endfacet
  facet normal -0.0435898 0.99905 0
    outer loop
      vertex -1.28119 14.6441 40
      vertex 0 14.7 34
      vertex -1.28119 14.6441 34
    endloop
  endfacet
  facet normal 0.999042 -0.043767 0
    outer loop
      vertex 14.7 0 40
      vertex 14.6895 -0.239677 12.7395
      vertex 14.7 0 12.75
    endloop
  endfacet
  facet normal 0.99905 -0.0435898 -1.56041e-06
    outer loop
      vertex 14.6441 -1.28119 40
      vertex 14.6895 -0.239677 12.7395
      vertex 14.7 0 40
    endloop
  endfacet
  facet normal 0.999064 -0.0432646 1.089e-05
    outer loop
      vertex 14.6895 -0.239677 12.7395
      vertex 14.6441 -1.28119 40
      vertex 14.6792 -0.477532 12.7082
    endloop
  endfacet
  facet normal 0.999035 -0.0439313 -8.7816e-06
    outer loop
      vertex 14.6792 -0.477532 12.7082
      vertex 14.6441 -1.28119 40
      vertex 14.6689 -0.711752 12.6563
    endloop
  endfacet
  facet normal 0.999046 -0.043663 -3.1833e-06
    outer loop
      vertex 14.6689 -0.711752 12.6563
      vertex 14.6441 -1.28119 40
      vertex 14.6589 -0.940555 12.5842
    endloop
  endfacet
  facet normal 0.999063 -0.0432726 1.67659e-06
    outer loop
      vertex 14.6589 -0.940555 12.5842
      vertex 14.6441 -1.28119 40
      vertex 14.6493 -1.1622 12.4923
    endloop
  endfacet
  facet normal 0.999046 -0.0436595 0
    outer loop
      vertex 14.6493 -1.1622 12.4923
      vertex 14.6441 -1.28119 40
      vertex 14.6441 -1.28119 12.4304
    endloop
  endfacet
  facet normal 0.999042 -0.043767 0
    outer loop
      vertex 14.6895 -0.239677 7.26046
      vertex 14.7 0 0
      vertex 14.7 0 7.25
    endloop
  endfacet
  facet normal 0.999063 -0.0432684 -4.03321e-05
    outer loop
      vertex 14.6441 -1.28119 0
      vertex 14.6895 -0.239677 7.26046
      vertex 14.6792 -0.477532 7.29178
    endloop
  endfacet
  facet normal 0.999035 -0.0439261 3.22934e-05
    outer loop
      vertex 14.6441 -1.28119 0
      vertex 14.6792 -0.477532 7.29178
      vertex 14.6689 -0.711752 7.3437
    endloop
  endfacet
  facet normal 0.999046 -0.0436604 1.16459e-05
    outer loop
      vertex 14.6441 -1.28119 0
      vertex 14.6689 -0.711752 7.3437
      vertex 14.6589 -0.940555 7.41584
    endloop
  endfacet
  facet normal 0.999063 -0.0432745 -6.11383e-06
    outer loop
      vertex 14.6441 -1.28119 0
      vertex 14.6589 -0.940555 7.41584
      vertex 14.6493 -1.1622 7.50765
    endloop
  endfacet
  facet normal 0.999046 -0.0436595 0
    outer loop
      vertex 14.6441 -1.28119 0
      vertex 14.6493 -1.1622 7.50765
      vertex 14.6441 -1.28119 7.5696
    endloop
  endfacet
  facet normal 0.99905 -0.0435898 5.85881e-06
    outer loop
      vertex 14.6895 -0.239677 7.26046
      vertex 14.6441 -1.28119 0
      vertex 14.7 0 0
    endloop
  endfacet
  facet normal -0.999042 -0.043767 0
    outer loop
      vertex -14.7 0 0
      vertex -14.6895 -0.239677 7.26046
      vertex -14.7 0 7.25
    endloop
  endfacet
  facet normal -0.99905 -0.0435898 5.85881e-06
    outer loop
      vertex -14.6441 -1.28119 0
      vertex -14.6895 -0.239677 7.26046
      vertex -14.7 0 0
    endloop
  endfacet
  facet normal -0.999063 -0.0432684 -4.03321e-05
    outer loop
      vertex -14.6895 -0.239677 7.26046
      vertex -14.6441 -1.28119 0
      vertex -14.6792 -0.477532 7.29178
    endloop
  endfacet
  facet normal -0.999035 -0.0439261 3.22934e-05
    outer loop
      vertex -14.6792 -0.477532 7.29178
      vertex -14.6441 -1.28119 0
      vertex -14.6689 -0.711752 7.3437
    endloop
  endfacet
  facet normal -0.999046 -0.0436604 1.16459e-05
    outer loop
      vertex -14.6689 -0.711752 7.3437
      vertex -14.6441 -1.28119 0
      vertex -14.6589 -0.940555 7.41584
    endloop
  endfacet
  facet normal -0.999063 -0.0432745 -6.11383e-06
    outer loop
      vertex -14.6589 -0.940555 7.41584
      vertex -14.6441 -1.28119 0
      vertex -14.6493 -1.1622 7.50765
    endloop
  endfacet
  facet normal -0.999046 -0.0436595 0
    outer loop
      vertex -14.6493 -1.1622 7.50765
      vertex -14.6441 -1.28119 0
      vertex -14.6441 -1.28119 7.5696
    endloop
  endfacet
  facet normal -0.999042 -0.043767 0
    outer loop
      vertex -14.6895 -0.239677 12.7395
      vertex -14.7 0 40
      vertex -14.7 0 12.75
    endloop
  endfacet
  facet normal -0.999064 -0.0432646 1.089e-05
    outer loop
      vertex -14.6441 -1.28119 40
      vertex -14.6895 -0.239677 12.7395
      vertex -14.6792 -0.477532 12.7082
    endloop
  endfacet
  facet normal -0.999035 -0.0439313 -8.7816e-06
    outer loop
      vertex -14.6441 -1.28119 40
      vertex -14.6792 -0.477532 12.7082
      vertex -14.6689 -0.711752 12.6563
    endloop
  endfacet
  facet normal -0.999046 -0.043663 -3.1833e-06
    outer loop
      vertex -14.6441 -1.28119 40
      vertex -14.6689 -0.711752 12.6563
      vertex -14.6589 -0.940555 12.5842
    endloop
  endfacet
  facet normal -0.999063 -0.0432726 1.67659e-06
    outer loop
      vertex -14.6441 -1.28119 40
      vertex -14.6589 -0.940555 12.5842
      vertex -14.6493 -1.1622 12.4923
    endloop
  endfacet
  facet normal -0.999046 -0.0436595 -0
    outer loop
      vertex -14.6441 -1.28119 40
      vertex -14.6493 -1.1622 12.4923
      vertex -14.6441 -1.28119 12.4304
    endloop
  endfacet
  facet normal -0.99905 -0.0435898 -1.56041e-06
    outer loop
      vertex -14.6895 -0.239677 12.7395
      vertex -14.6441 -1.28119 40
      vertex -14.7 0 40
    endloop
  endfacet
  facet normal 0.461718 0.887027 2.51121e-06
    outer loop
      vertex 7.35 12.7306 40
      vertex 7 12.9128 34
      vertex 6.21249 13.3227 40
    endloop
  endfacet
  facet normal 0.461752 0.887009 -0
    outer loop
      vertex 7.35 12.7306 0
      vertex 7 12.9128 34
      vertex 7.35 12.7306 40
    endloop
  endfacet
  facet normal 0.461752 0.887009 0
    outer loop
      vertex 7 12.9128 34
      vertex 7.35 12.7306 0
      vertex 7 12.9128 0
    endloop
  endfacet
  facet normal 0.461703 0.887035 0
    outer loop
      vertex 6.21249 13.3227 40
      vertex 7 12.9128 34
      vertex 6.21249 13.3227 34
    endloop
  endfacet
  facet normal 0.793386 -0.608719 0
    outer loop
      vertex 11.2609 -9.44898 40
      vertex 12.0415 -8.43157 0
      vertex 12.0415 -8.43157 40
    endloop
  endfacet
  facet normal 0.793386 -0.608719 0
    outer loop
      vertex 12.0415 -8.43157 0
      vertex 11.2609 -9.44898 40
      vertex 11.2609 -9.44898 0
    endloop
  endfacet
  facet normal -0.737281 0.675586 0
    outer loop
      vertex -11.2609 9.44898 0
      vertex -10.3945 10.3945 40
      vertex -10.3945 10.3945 0
    endloop
  endfacet
  facet normal -0.737281 0.675586 0
    outer loop
      vertex -10.3945 10.3945 40
      vertex -11.2609 9.44898 0
      vertex -11.2609 9.44898 40
    endloop
  endfacet
  facet normal 0.923867 0.382713 0
    outer loop
      vertex 13.8135 5.0277 40
      vertex 13.3227 6.21249 0
      vertex 13.3227 6.21249 40
    endloop
  endfacet
  facet normal 0.923867 0.382713 0
    outer loop
      vertex 13.3227 6.21249 0
      vertex 13.8135 5.0277 40
      vertex 13.8135 5.0277 0
    endloop
  endfacet
  facet normal 0.382713 -0.923867 0
    outer loop
      vertex 5.0277 -13.8135 34
      vertex 6.21249 -13.3227 40
      vertex 5.0277 -13.8135 40
    endloop
  endfacet
  facet normal 0.382713 -0.923867 0
    outer loop
      vertex 6.21249 -13.3227 40
      vertex 5.0277 -13.8135 34
      vertex 6.21249 -13.3227 34
    endloop
  endfacet
  facet normal 0.216466 0.97629 -0
    outer loop
      vertex 3.80464 14.1991 34
      vertex 2.55263 14.4767 40
      vertex 3.80464 14.1991 40
    endloop
  endfacet
  facet normal 0.216466 0.97629 0
    outer loop
      vertex 2.55263 14.4767 40
      vertex 3.80464 14.1991 34
      vertex 2.55263 14.4767 34
    endloop
  endfacet
  facet normal -0.923867 0.382713 0
    outer loop
      vertex -13.8135 5.0277 0
      vertex -13.3227 6.21249 40
      vertex -13.3227 6.21249 0
    endloop
  endfacet
  facet normal -0.923867 0.382713 0
    outer loop
      vertex -13.3227 6.21249 40
      vertex -13.8135 5.0277 0
      vertex -13.8135 5.0277 40
    endloop
  endfacet
  facet normal 0.675586 0.737281 -0
    outer loop
      vertex 10.3945 10.3945 0
      vertex 9.44898 11.2609 40
      vertex 10.3945 10.3945 40
    endloop
  endfacet
  facet normal 0.675586 0.737281 0
    outer loop
      vertex 9.44898 11.2609 40
      vertex 10.3945 10.3945 0
      vertex 9.44898 11.2609 0
    endloop
  endfacet
  facet normal -0.130535 0.991444 0
    outer loop
      vertex -1.28119 14.6441 34
      vertex -2.55263 14.4767 40
      vertex -1.28119 14.6441 40
    endloop
  endfacet
  facet normal -0.130535 0.991444 0
    outer loop
      vertex -2.55263 14.4767 40
      vertex -1.28119 14.6441 34
      vertex -2.55263 14.4767 34
    endloop
  endfacet
  facet normal -0.537335 0.843369 0
    outer loop
      vertex -7.35 12.7306 0
      vertex -8.43157 12.0415 40
      vertex -7.35 12.7306 40
    endloop
  endfacet
  facet normal -0.537335 0.843369 0
    outer loop
      vertex -8.43157 12.0415 40
      vertex -7.35 12.7306 0
      vertex -8.43157 12.0415 0
    endloop
  endfacet
  facet normal -0.382713 0.923867 0
    outer loop
      vertex -5.0277 13.8135 34
      vertex -6.21249 13.3227 40
      vertex -5.0277 13.8135 40
    endloop
  endfacet
  facet normal -0.382713 0.923867 0
    outer loop
      vertex -6.21249 13.3227 40
      vertex -5.0277 13.8135 34
      vertex -6.21249 13.3227 34
    endloop
  endfacet
  facet normal -0.976035 0.217615 0.000130904
    outer loop
      vertex -14.4352 2.73954 10.2397
      vertex -14.1991 3.80464 0
      vertex -14.4329 2.75 10
    endloop
  endfacet
  facet normal -0.976406 0.215942 -5.43043e-05
    outer loop
      vertex -14.1991 3.80464 0
      vertex -14.4352 2.73954 9.76032
      vertex -14.4329 2.75 10
    endloop
  endfacet
  facet normal -0.976094 0.217347 0.000106593
    outer loop
      vertex -14.1991 3.80464 0
      vertex -14.4422 2.70822 9.52247
      vertex -14.4352 2.73954 9.76032
    endloop
  endfacet
  facet normal -0.976321 0.216326 -1.67943e-05
    outer loop
      vertex -14.1991 3.80464 0
      vertex -14.4537 2.6563 9.28825
      vertex -14.4422 2.70822 9.52247
    endloop
  endfacet
  facet normal -0.976285 0.216488 4.23835e-06
    outer loop
      vertex -14.1991 3.80464 0
      vertex -14.4697 2.58415 9.05944
      vertex -14.4537 2.6563 9.28825
    endloop
  endfacet
  facet normal -0.97629 0.216466 0
    outer loop
      vertex -14.4767 2.55263 8.98333
      vertex -14.1991 3.80464 0
      vertex -14.4767 2.55263 0
    endloop
  endfacet
  facet normal -0.976235 0.216715 3.64187e-05
    outer loop
      vertex -14.1991 3.80464 0
      vertex -14.4767 2.55263 8.98333
      vertex -14.4697 2.58415 9.05944
    endloop
  endfacet
  facet normal -0.976301 0.216416 0
    outer loop
      vertex -14.1991 3.80464 0
      vertex -14.4352 2.73954 10.2397
      vertex -14.1991 3.80464 40
    endloop
  endfacet
  facet normal -0.976004 0.217755 -5.02652e-05
    outer loop
      vertex -14.4422 2.70822 10.4775
      vertex -14.1991 3.80464 40
      vertex -14.4352 2.73954 10.2397
    endloop
  endfacet
  facet normal -0.976331 0.216284 7.04931e-06
    outer loop
      vertex -14.4537 2.6563 10.7118
      vertex -14.1991 3.80464 40
      vertex -14.4422 2.70822 10.4775
    endloop
  endfacet
  facet normal -0.976284 0.216496 -1.6642e-06
    outer loop
      vertex -14.4697 2.58415 10.9406
      vertex -14.1991 3.80464 40
      vertex -14.4537 2.6563 10.7118
    endloop
  endfacet
  facet normal -0.976223 0.216768 -1.36617e-05
    outer loop
      vertex -14.4767 2.55263 11.0167
      vertex -14.1991 3.80464 40
      vertex -14.4697 2.58415 10.9406
    endloop
  endfacet
  facet normal -0.97629 0.216466 0
    outer loop
      vertex -14.1991 3.80464 40
      vertex -14.4767 2.55263 11.0167
      vertex -14.4767 2.55263 40
    endloop
  endfacet
  facet normal 0.97629 -0.216466 0
    outer loop
      vertex 14.1991 -3.80464 40
      vertex 14.4767 -2.55263 11.0167
      vertex 14.4767 -2.55263 40
    endloop
  endfacet
  facet normal 0.976223 -0.216768 -1.36617e-05
    outer loop
      vertex 14.4767 -2.55263 11.0167
      vertex 14.1991 -3.80464 40
      vertex 14.4697 -2.58415 10.9406
    endloop
  endfacet
  facet normal 0.976284 -0.216496 -1.6642e-06
    outer loop
      vertex 14.4697 -2.58415 10.9406
      vertex 14.1991 -3.80464 40
      vertex 14.4537 -2.6563 10.7118
    endloop
  endfacet
  facet normal 0.976331 -0.216284 7.04931e-06
    outer loop
      vertex 14.4537 -2.6563 10.7118
      vertex 14.1991 -3.80464 40
      vertex 14.4422 -2.70822 10.4775
    endloop
  endfacet
  facet normal 0.976004 -0.217755 -5.02652e-05
    outer loop
      vertex 14.4422 -2.70822 10.4775
      vertex 14.1991 -3.80464 40
      vertex 14.4352 -2.73954 10.2397
    endloop
  endfacet
  facet normal 0.976301 -0.216416 0
    outer loop
      vertex 14.1991 -3.80464 0
      vertex 14.4352 -2.73954 10.2397
      vertex 14.1991 -3.80464 40
    endloop
  endfacet
  facet normal 0.976235 -0.216715 3.64187e-05
    outer loop
      vertex 14.1991 -3.80464 0
      vertex 14.4767 -2.55263 8.98333
      vertex 14.4697 -2.58415 9.05944
    endloop
  endfacet
  facet normal 0.976285 -0.216488 4.23835e-06
    outer loop
      vertex 14.1991 -3.80464 0
      vertex 14.4697 -2.58415 9.05944
      vertex 14.4537 -2.6563 9.28825
    endloop
  endfacet
  facet normal 0.976321 -0.216326 -1.67943e-05
    outer loop
      vertex 14.1991 -3.80464 0
      vertex 14.4537 -2.6563 9.28825
      vertex 14.4422 -2.70822 9.52247
    endloop
  endfacet
  facet normal 0.976094 -0.217347 0.000106593
    outer loop
      vertex 14.1991 -3.80464 0
      vertex 14.4422 -2.70822 9.52247
      vertex 14.4352 -2.73954 9.76032
    endloop
  endfacet
  facet normal 0.976406 -0.215942 -5.43043e-05
    outer loop
      vertex 14.1991 -3.80464 0
      vertex 14.4352 -2.73954 9.76032
      vertex 14.4329 -2.75 10
    endloop
  endfacet
  facet normal 0.976035 -0.217615 0.000130904
    outer loop
      vertex 14.4352 -2.73954 10.2397
      vertex 14.1991 -3.80464 0
      vertex 14.4329 -2.75 10
    endloop
  endfacet
  facet normal 0.97629 -0.216466 0
    outer loop
      vertex 14.4767 -2.55263 8.98333
      vertex 14.1991 -3.80464 0
      vertex 14.4767 -2.55263 0
    endloop
  endfacet
  facet normal -0.999046 0.0436595 0
    outer loop
      vertex -14.6441 1.28119 0
      vertex -14.6493 1.1622 7.50765
      vertex -14.6441 1.28119 7.5696
    endloop
  endfacet
  facet normal -0.999063 0.0432745 -6.11383e-06
    outer loop
      vertex -14.6441 1.28119 0
      vertex -14.6589 0.940555 7.41584
      vertex -14.6493 1.1622 7.50765
    endloop
  endfacet
  facet normal -0.999046 0.0436604 1.16459e-05
    outer loop
      vertex -14.6441 1.28119 0
      vertex -14.6689 0.711752 7.3437
      vertex -14.6589 0.940555 7.41584
    endloop
  endfacet
  facet normal -0.999035 0.0439261 3.22934e-05
    outer loop
      vertex -14.6441 1.28119 0
      vertex -14.6792 0.477532 7.29178
      vertex -14.6689 0.711752 7.3437
    endloop
  endfacet
  facet normal -0.999063 0.0432684 -4.03321e-05
    outer loop
      vertex -14.6441 1.28119 0
      vertex -14.6895 0.239677 7.26046
      vertex -14.6792 0.477532 7.29178
    endloop
  endfacet
  facet normal -0.99905 0.0435898 5.85881e-06
    outer loop
      vertex -14.7 0 0
      vertex -14.6895 0.239677 7.26046
      vertex -14.6441 1.28119 0
    endloop
  endfacet
  facet normal -0.999042 0.043767 0
    outer loop
      vertex -14.6895 0.239677 7.26046
      vertex -14.7 0 0
      vertex -14.7 0 7.25
    endloop
  endfacet
  facet normal -0.999046 0.0436595 0
    outer loop
      vertex -14.6493 1.1622 12.4923
      vertex -14.6441 1.28119 40
      vertex -14.6441 1.28119 12.4304
    endloop
  endfacet
  facet normal -0.999063 0.0432726 1.67659e-06
    outer loop
      vertex -14.6589 0.940555 12.5842
      vertex -14.6441 1.28119 40
      vertex -14.6493 1.1622 12.4923
    endloop
  endfacet
  facet normal -0.999046 0.043663 -3.1833e-06
    outer loop
      vertex -14.6689 0.711752 12.6563
      vertex -14.6441 1.28119 40
      vertex -14.6589 0.940555 12.5842
    endloop
  endfacet
  facet normal -0.999035 0.0439313 -8.7816e-06
    outer loop
      vertex -14.6792 0.477532 12.7082
      vertex -14.6441 1.28119 40
      vertex -14.6689 0.711752 12.6563
    endloop
  endfacet
  facet normal -0.999064 0.0432646 1.089e-05
    outer loop
      vertex -14.6895 0.239677 12.7395
      vertex -14.6441 1.28119 40
      vertex -14.6792 0.477532 12.7082
    endloop
  endfacet
  facet normal -0.999042 0.0437666 -8.32717e-06
    outer loop
      vertex -14.7 0 12.75
      vertex -14.6441 1.28119 40
      vertex -14.6895 0.239677 12.7395
    endloop
  endfacet
  facet normal -0.99905 0.0435898 0
    outer loop
      vertex -14.6441 1.28119 40
      vertex -14.7 0 12.75
      vertex -14.7 0 40
    endloop
  endfacet
  facet normal 0.675586 -0.737281 0
    outer loop
      vertex 9.44898 -11.2609 0
      vertex 10.3945 -10.3945 40
      vertex 9.44898 -11.2609 40
    endloop
  endfacet
  facet normal 0.675586 -0.737281 0
    outer loop
      vertex 10.3945 -10.3945 40
      vertex 9.44898 -11.2609 0
      vertex 10.3945 -10.3945 0
    endloop
  endfacet
  facet normal -0.793386 -0.608719 0
    outer loop
      vertex -11.2609 -9.44898 0
      vertex -12.0415 -8.43157 40
      vertex -12.0415 -8.43157 0
    endloop
  endfacet
  facet normal -0.793386 -0.608719 0
    outer loop
      vertex -12.0415 -8.43157 40
      vertex -11.2609 -9.44898 0
      vertex -11.2609 -9.44898 40
    endloop
  endfacet
  facet normal 0.608719 -0.793386 0
    outer loop
      vertex 8.43157 -12.0415 0
      vertex 9.44898 -11.2609 40
      vertex 8.43157 -12.0415 40
    endloop
  endfacet
  facet normal 0.608719 -0.793386 0
    outer loop
      vertex 9.44898 -11.2609 40
      vertex 8.43157 -12.0415 0
      vertex 9.44898 -11.2609 0
    endloop
  endfacet
  facet normal -0.923867 -0.382713 0
    outer loop
      vertex -13.3227 -6.21249 0
      vertex -13.8135 -5.0277 40
      vertex -13.8135 -5.0277 0
    endloop
  endfacet
  facet normal -0.923867 -0.382713 0
    outer loop
      vertex -13.8135 -5.0277 40
      vertex -13.3227 -6.21249 0
      vertex -13.3227 -6.21249 40
    endloop
  endfacet
  facet normal -0.675586 -0.737281 0
    outer loop
      vertex -10.3945 -10.3945 0
      vertex -9.44898 -11.2609 40
      vertex -10.3945 -10.3945 40
    endloop
  endfacet
  facet normal -0.675586 -0.737281 -0
    outer loop
      vertex -9.44898 -11.2609 40
      vertex -10.3945 -10.3945 0
      vertex -9.44898 -11.2609 0
    endloop
  endfacet
  facet normal 0.923867 -0.382713 0
    outer loop
      vertex 13.3227 -6.21249 40
      vertex 13.8135 -5.0277 0
      vertex 13.8135 -5.0277 40
    endloop
  endfacet
  facet normal 0.923867 -0.382713 0
    outer loop
      vertex 13.8135 -5.0277 0
      vertex 13.3227 -6.21249 40
      vertex 13.3227 -6.21249 0
    endloop
  endfacet
  facet normal -0.675586 0.737281 0
    outer loop
      vertex -9.44898 11.2609 0
      vertex -10.3945 10.3945 40
      vertex -9.44898 11.2609 40
    endloop
  endfacet
  facet normal -0.675586 0.737281 0
    outer loop
      vertex -10.3945 10.3945 40
      vertex -9.44898 11.2609 0
      vertex -10.3945 10.3945 0
    endloop
  endfacet
  facet normal -0.0435898 -0.99905 0
    outer loop
      vertex -1.28119 -14.6441 34
      vertex 0 -14.7 40
      vertex -1.28119 -14.6441 40
    endloop
  endfacet
  facet normal -0.0435898 -0.99905 -0
    outer loop
      vertex 0 -14.7 40
      vertex -1.28119 -14.6441 34
      vertex 0 -14.7 34
    endloop
  endfacet
  facet normal 0.0435898 -0.99905 0
    outer loop
      vertex 0 -14.7 34
      vertex 1.28119 -14.6441 40
      vertex 0 -14.7 40
    endloop
  endfacet
  facet normal 0.0435898 -0.99905 0
    outer loop
      vertex 1.28119 -14.6441 40
      vertex 0 -14.7 34
      vertex 1.28119 -14.6441 34
    endloop
  endfacet
  facet normal -0.953724 -0.300685 0
    outer loop
      vertex -13.8135 -5.0277 0
      vertex -14.1991 -3.80464 40
      vertex -14.1991 -3.80464 0
    endloop
  endfacet
  facet normal -0.953724 -0.300685 0
    outer loop
      vertex -14.1991 -3.80464 40
      vertex -13.8135 -5.0277 0
      vertex -13.8135 -5.0277 40
    endloop
  endfacet
  facet normal 0.737281 -0.675586 0
    outer loop
      vertex 10.3945 -10.3945 40
      vertex 11.2609 -9.44898 0
      vertex 11.2609 -9.44898 40
    endloop
  endfacet
  facet normal 0.737281 -0.675586 0
    outer loop
      vertex 11.2609 -9.44898 0
      vertex 10.3945 -10.3945 40
      vertex 10.3945 -10.3945 0
    endloop
  endfacet
  facet normal 0.216466 -0.97629 0
    outer loop
      vertex 2.55263 -14.4767 34
      vertex 3.80464 -14.1991 40
      vertex 2.55263 -14.4767 40
    endloop
  endfacet
  facet normal 0.216466 -0.97629 0
    outer loop
      vertex 3.80464 -14.1991 40
      vertex 2.55263 -14.4767 34
      vertex 3.80464 -14.1991 34
    endloop
  endfacet
  facet normal 0.130535 -0.991444 0
    outer loop
      vertex 1.28119 -14.6441 34
      vertex 2.55263 -14.4767 40
      vertex 1.28119 -14.6441 40
    endloop
  endfacet
  facet normal 0.130535 -0.991444 0
    outer loop
      vertex 2.55263 -14.4767 40
      vertex 1.28119 -14.6441 34
      vertex 2.55263 -14.4767 34
    endloop
  endfacet
  facet normal -0.300685 -0.953724 0
    outer loop
      vertex -5.0277 -13.8135 34
      vertex -3.80464 -14.1991 40
      vertex -5.0277 -13.8135 40
    endloop
  endfacet
  facet normal -0.300685 -0.953724 -0
    outer loop
      vertex -3.80464 -14.1991 40
      vertex -5.0277 -13.8135 34
      vertex -3.80464 -14.1991 34
    endloop
  endfacet
  facet normal 0.843369 0.537335 0
    outer loop
      vertex 12.7306 7.35 40
      vertex 12.0415 8.43157 0
      vertex 12.0415 8.43157 40
    endloop
  endfacet
  facet normal 0.843369 0.537335 0
    outer loop
      vertex 12.0415 8.43157 0
      vertex 12.7306 7.35 40
      vertex 12.7306 7.35 0
    endloop
  endfacet
  facet normal -0.953724 0.300685 0
    outer loop
      vertex -14.1991 3.80464 0
      vertex -13.8135 5.0277 40
      vertex -13.8135 5.0277 0
    endloop
  endfacet
  facet normal -0.953724 0.300685 0
    outer loop
      vertex -13.8135 5.0277 40
      vertex -14.1991 3.80464 0
      vertex -14.1991 3.80464 40
    endloop
  endfacet
  facet normal -0.793386 0.608719 0
    outer loop
      vertex -12.0415 8.43157 0
      vertex -11.2609 9.44898 40
      vertex -11.2609 9.44898 0
    endloop
  endfacet
  facet normal -0.793386 0.608719 0
    outer loop
      vertex -11.2609 9.44898 40
      vertex -12.0415 8.43157 0
      vertex -12.0415 8.43157 40
    endloop
  endfacet
  facet normal -0.461703 0.887035 0
    outer loop
      vertex -7 12.9128 34
      vertex -6.21249 13.3227 40
      vertex -6.21249 13.3227 34
    endloop
  endfacet
  facet normal -0.461718 0.887027 2.51121e-06
    outer loop
      vertex -6.21249 13.3227 40
      vertex -7 12.9128 34
      vertex -7.35 12.7306 40
    endloop
  endfacet
  facet normal -0.461752 0.887009 0
    outer loop
      vertex -7.35 12.7306 0
      vertex -7 12.9128 34
      vertex -7 12.9128 0
    endloop
  endfacet
  facet normal -0.461752 0.887009 0
    outer loop
      vertex -7 12.9128 34
      vertex -7.35 12.7306 0
      vertex -7.35 12.7306 40
    endloop
  endfacet
  facet normal 0.461703 -0.887035 0
    outer loop
      vertex 7 -12.9128 34
      vertex 6.21249 -13.3227 40
      vertex 6.21249 -13.3227 34
    endloop
  endfacet
  facet normal 0.461718 -0.887027 2.51121e-06
    outer loop
      vertex 6.21249 -13.3227 40
      vertex 7 -12.9128 34
      vertex 7.35 -12.7306 40
    endloop
  endfacet
  facet normal 0.461752 -0.887009 0
    outer loop
      vertex 7.35 -12.7306 0
      vertex 7 -12.9128 34
      vertex 7 -12.9128 0
    endloop
  endfacet
  facet normal 0.461752 -0.887009 0
    outer loop
      vertex 7 -12.9128 34
      vertex 7.35 -12.7306 0
      vertex 7.35 -12.7306 40
    endloop
  endfacet
  facet normal -0 0 1
    outer loop
      vertex 13.4898 0.00498616 40
      vertex 14.7 0 40
      vertex 14.6441 1.28119 40
    endloop
  endfacet
  facet normal 0 0 1
    outer loop
      vertex 13.4387 1.17574 40
      vertex 14.6441 1.28119 40
      vertex 14.4767 2.55263 40
    endloop
  endfacet
  facet normal 0 0 1
    outer loop
      vertex 14.7 0 40
      vertex 13.4898 0.00498616 40
      vertex 13.4901 0 40
    endloop
  endfacet
  facet normal 0 0 1
    outer loop
      vertex 13.2851 2.34252 40
      vertex 14.4767 2.55263 40
      vertex 14.1991 3.80464 40
    endloop
  endfacet
  facet normal 0 0 1
    outer loop
      vertex 13.4898 -0.00498616 40
      vertex 14.7 0 40
      vertex 13.4901 0 40
    endloop
  endfacet
  facet normal 0 0 1
    outer loop
      vertex 13.0304 3.49148 40
      vertex 14.1991 3.80464 40
      vertex 13.8135 5.0277 40
    endloop
  endfacet
  facet normal 0 0 1
    outer loop
      vertex 14.7 0 40
      vertex 13.4898 -0.00498616 40
      vertex 14.6441 -1.28119 40
    endloop
  endfacet
  facet normal 0 0 1
    outer loop
      vertex 14.6441 -1.28119 40
      vertex 13.4387 -1.17574 40
      vertex 14.4767 -2.55263 40
    endloop
  endfacet
  facet normal -0 0 1
    outer loop
      vertex 13.4387 -1.17574 40
      vertex 14.6441 -1.28119 40
      vertex 13.4898 -0.00498616 40
    endloop
  endfacet
  facet normal 0 0 1
    outer loop
      vertex 14.6441 1.28119 40
      vertex 13.4387 1.17574 40
      vertex 13.4898 0.00498616 40
    endloop
  endfacet
  facet normal 0 0 1
    outer loop
      vertex 12.6765 4.61387 40
      vertex 13.8135 5.0277 40
      vertex 13.3227 6.21249 40
    endloop
  endfacet
  facet normal 0 0 1
    outer loop
      vertex 14.4767 2.55263 40
      vertex 13.2858 2.33757 40
      vertex 13.4387 1.17574 40
    endloop
  endfacet
  facet normal 0 0 1
    outer loop
      vertex 14.4767 2.55263 40
      vertex 13.2851 2.34252 40
      vertex 13.2858 2.33757 40
    endloop
  endfacet
  facet normal 0 0 1
    outer loop
      vertex 14.1991 3.80464 40
      vertex 13.0315 3.48661 40
      vertex 13.2851 2.34252 40
    endloop
  endfacet
  facet normal 0 0 1
    outer loop
      vertex 14.1991 3.80464 40
      vertex 13.0304 3.49148 40
      vertex 13.0315 3.48661 40
    endloop
  endfacet
  facet normal 0 0 1
    outer loop
      vertex 12.2238 5.70557 40
      vertex 13.3227 6.21249 40
      vertex 12.7306 7.35 40
    endloop
  endfacet
  facet normal 0 0 1
    outer loop
      vertex 13.8135 5.0277 40
      vertex 12.678 4.60911 40
      vertex 13.0304 3.49148 40
    endloop
  endfacet
  facet normal 0 0 1
    outer loop
      vertex 13.8135 5.0277 40
      vertex 12.6765 4.61387 40
      vertex 12.678 4.60911 40
    endloop
  endfacet
  facet normal 0 0 1
    outer loop
      vertex 13.3227 6.21249 40
      vertex 12.228 5.69653 40
      vertex 12.6765 4.61387 40
    endloop
  endfacet
  facet normal 0 0 1
    outer loop
      vertex 13.3227 6.21249 40
      vertex 12.2261 5.70114 40
      vertex 12.228 5.69653 40
    endloop
  endfacet
  facet normal 0 0 1
    outer loop
      vertex 13.3227 6.21249 40
      vertex 12.2238 5.70557 40
      vertex 12.2261 5.70114 40
    endloop
  endfacet
  facet normal 0 0 1
    outer loop
      vertex 11.68 6.74923 40
      vertex 12.7306 7.35 40
      vertex 12.0415 8.43157 40
    endloop
  endfacet
  facet normal 0 0 1
    outer loop
      vertex 12.7306 7.35 40
      vertex 11.6827 6.74503 40
      vertex 12.2238 5.70557 40
    endloop
  endfacet
  facet normal 0 0 1
    outer loop
      vertex 12.7306 7.35 40
      vertex 11.68 6.74923 40
      vertex 11.6827 6.74503 40
    endloop
  endfacet
  facet normal 0 0 1
    outer loop
      vertex 11.0504 7.73757 40
      vertex 12.0415 8.43157 40
      vertex 11.2609 9.44898 40
    endloop
  endfacet
  facet normal 0 0 1
    outer loop
      vertex 12.0415 8.43157 40
      vertex 11.0504 7.73757 40
      vertex 11.68 6.74923 40
    endloop
  endfacet
  facet normal 0 0 1
    outer loop
      vertex 10.334 8.67124 40
      vertex 11.2609 9.44898 40
      vertex 10.3945 10.3945 40
    endloop
  endfacet
  facet normal 0 0 1
    outer loop
      vertex 11.2609 9.44898 40
      vertex 10.337 8.66728 40
      vertex 11.0504 7.73757 40
    endloop
  endfacet
  facet normal 0 0 1
    outer loop
      vertex 11.2609 9.44898 40
      vertex 10.334 8.67124 40
      vertex 10.337 8.66728 40
    endloop
  endfacet
  facet normal 0 0 1
    outer loop
      vertex 10.3945 10.3945 40
      vertex 9.54228 9.53523 40
      vertex 10.334 8.67124 40
    endloop
  endfacet
  facet normal 0 0 1
    outer loop
      vertex 10.3945 10.3945 40
      vertex 9.53891 9.53891 40
      vertex 9.54228 9.53523 40
    endloop
  endfacet
  facet normal 0 0 1
    outer loop
      vertex 10.3945 10.3945 40
      vertex 9.53523 9.54228 40
      vertex 9.53891 9.53891 40
    endloop
  endfacet
  facet normal 0 0 1
    outer loop
      vertex 9.44898 11.2609 40
      vertex 9.53523 9.54228 40
      vertex 10.3945 10.3945 40
    endloop
  endfacet
  facet normal 0 0 1
    outer loop
      vertex 9.44898 11.2609 40
      vertex 8.67124 10.334 40
      vertex 9.53523 9.54228 40
    endloop
  endfacet
  facet normal 0 0 1
    outer loop
      vertex 9.44898 11.2609 40
      vertex 8.66728 10.337 40
      vertex 8.67124 10.334 40
    endloop
  endfacet
  facet normal 0 0 1
    outer loop
      vertex 8.43157 12.0415 40
      vertex 8.66728 10.337 40
      vertex 9.44898 11.2609 40
    endloop
  endfacet
  facet normal 0 0 1
    outer loop
      vertex 8.43157 12.0415 40
      vertex 7.73757 11.0504 40
      vertex 8.66728 10.337 40
    endloop
  endfacet
  facet normal 0 0 1
    outer loop
      vertex 7.35 12.7306 40
      vertex 7.73757 11.0504 40
      vertex 8.43157 12.0415 40
    endloop
  endfacet
  facet normal 0 0 1
    outer loop
      vertex 7.35 12.7306 40
      vertex 6.74923 11.68 40
      vertex 7.73757 11.0504 40
    endloop
  endfacet
  facet normal 0 0 1
    outer loop
      vertex 7.35 12.7306 40
      vertex 6.74503 11.6827 40
      vertex 6.74923 11.68 40
    endloop
  endfacet
  facet normal 0 0 1
    outer loop
      vertex 6.21249 13.3227 40
      vertex 6.74503 11.6827 40
      vertex 7.35 12.7306 40
    endloop
  endfacet
  facet normal 0 0 1
    outer loop
      vertex 6.21249 13.3227 40
      vertex 5.70557 12.2238 40
      vertex 6.74503 11.6827 40
    endloop
  endfacet
  facet normal 0 0 1
    outer loop
      vertex 6.21249 13.3227 40
      vertex 5.70114 12.2261 40
      vertex 5.70557 12.2238 40
    endloop
  endfacet
  facet normal 0 0 1
    outer loop
      vertex 6.21249 13.3227 40
      vertex 5.69653 12.228 40
      vertex 5.70114 12.2261 40
    endloop
  endfacet
  facet normal 0 0 1
    outer loop
      vertex 5.0277 13.8135 40
      vertex 5.69653 12.228 40
      vertex 6.21249 13.3227 40
    endloop
  endfacet
  facet normal 0 0 1
    outer loop
      vertex 5.0277 13.8135 40
      vertex 4.61387 12.6765 40
      vertex 5.69653 12.228 40
    endloop
  endfacet
  facet normal 0 0 1
    outer loop
      vertex 5.0277 13.8135 40
      vertex 4.60911 12.678 40
      vertex 4.61387 12.6765 40
    endloop
  endfacet
  facet normal 0 0 1
    outer loop
      vertex 3.80464 14.1991 40
      vertex 4.60911 12.678 40
      vertex 5.0277 13.8135 40
    endloop
  endfacet
  facet normal 0 0 1
    outer loop
      vertex 3.80464 14.1991 40
      vertex 3.49148 13.0304 40
      vertex 4.60911 12.678 40
    endloop
  endfacet
  facet normal 0 0 1
    outer loop
      vertex 3.80464 14.1991 40
      vertex 3.48661 13.0315 40
      vertex 3.49148 13.0304 40
    endloop
  endfacet
  facet normal 0 0 1
    outer loop
      vertex 2.55263 14.4767 40
      vertex 3.48661 13.0315 40
      vertex 3.80464 14.1991 40
    endloop
  endfacet
  facet normal 0 0 1
    outer loop
      vertex 2.55263 14.4767 40
      vertex 2.34252 13.2851 40
      vertex 3.48661 13.0315 40
    endloop
  endfacet
  facet normal 0 0 1
    outer loop
      vertex 2.55263 14.4767 40
      vertex 2.33757 13.2858 40
      vertex 2.34252 13.2851 40
    endloop
  endfacet
  facet normal 0 0 1
    outer loop
      vertex 1.28119 14.6441 40
      vertex 2.33757 13.2858 40
      vertex 2.55263 14.4767 40
    endloop
  endfacet
  facet normal 0 0 1
    outer loop
      vertex 1.28119 14.6441 40
      vertex 1.17574 13.4387 40
      vertex 2.33757 13.2858 40
    endloop
  endfacet
  facet normal 0 0 1
    outer loop
      vertex 1.28119 14.6441 40
      vertex 0.00498616 13.4898 40
      vertex 1.17574 13.4387 40
    endloop
  endfacet
  facet normal 0 0 1
    outer loop
      vertex 0 14.7 40
      vertex 0.00498616 13.4898 40
      vertex 1.28119 14.6441 40
    endloop
  endfacet
  facet normal 0 0 1
    outer loop
      vertex 0 14.7 40
      vertex 0 13.4901 40
      vertex 0.00498616 13.4898 40
    endloop
  endfacet
  facet normal 0 0 1
    outer loop
      vertex 0 14.7 40
      vertex -0.00498616 13.4898 40
      vertex 0 13.4901 40
    endloop
  endfacet
  facet normal 0 0 1
    outer loop
      vertex 0 14.7 40
      vertex -1.17574 13.4387 40
      vertex -0.00498616 13.4898 40
    endloop
  endfacet
  facet normal -0 0 1
    outer loop
      vertex -1.28119 14.6441 40
      vertex -1.17574 13.4387 40
      vertex 0 14.7 40
    endloop
  endfacet
  facet normal 0 0 1
    outer loop
      vertex -1.28119 14.6441 40
      vertex -2.33757 13.2858 40
      vertex -1.17574 13.4387 40
    endloop
  endfacet
  facet normal -0 0 1
    outer loop
      vertex -2.55263 14.4767 40
      vertex -2.33757 13.2858 40
      vertex -1.28119 14.6441 40
    endloop
  endfacet
  facet normal 0 0 1
    outer loop
      vertex -2.33757 13.2858 40
      vertex -2.55263 14.4767 40
      vertex -2.34252 13.2851 40
    endloop
  endfacet
  facet normal 0 0 1
    outer loop
      vertex -2.55263 14.4767 40
      vertex -3.48661 13.0315 40
      vertex -2.34252 13.2851 40
    endloop
  endfacet
  facet normal -0 0 1
    outer loop
      vertex -3.80464 14.1991 40
      vertex -3.48661 13.0315 40
      vertex -2.55263 14.4767 40
    endloop
  endfacet
  facet normal 0 0 1
    outer loop
      vertex -3.48661 13.0315 40
      vertex -3.80464 14.1991 40
      vertex -3.49148 13.0304 40
    endloop
  endfacet
  facet normal 0 0 1
    outer loop
      vertex -3.80464 14.1991 40
      vertex -4.60911 12.678 40
      vertex -3.49148 13.0304 40
    endloop
  endfacet
  facet normal -0 0 1
    outer loop
      vertex -5.0277 13.8135 40
      vertex -4.60911 12.678 40
      vertex -3.80464 14.1991 40
    endloop
  endfacet
  facet normal 0 0 1
    outer loop
      vertex -4.60911 12.678 40
      vertex -5.0277 13.8135 40
      vertex -4.61387 12.6765 40
    endloop
  endfacet
  facet normal 0 0 1
    outer loop
      vertex -5.0277 13.8135 40
      vertex -5.69653 12.228 40
      vertex -4.61387 12.6765 40
    endloop
  endfacet
  facet normal -0 0 1
    outer loop
      vertex -6.21249 13.3227 40
      vertex -5.69653 12.228 40
      vertex -5.0277 13.8135 40
    endloop
  endfacet
  facet normal 0 0 1
    outer loop
      vertex -5.69653 12.228 40
      vertex -6.21249 13.3227 40
      vertex -5.70114 12.2261 40
    endloop
  endfacet
  facet normal 0 0 1
    outer loop
      vertex -5.70114 12.2261 40
      vertex -6.21249 13.3227 40
      vertex -5.70557 12.2238 40
    endloop
  endfacet
  facet normal 0 0 1
    outer loop
      vertex -6.21249 13.3227 40
      vertex -6.74503 11.6827 40
      vertex -5.70557 12.2238 40
    endloop
  endfacet
  facet normal -0 0 1
    outer loop
      vertex -7.35 12.7306 40
      vertex -6.74503 11.6827 40
      vertex -6.21249 13.3227 40
    endloop
  endfacet
  facet normal 0 0 1
    outer loop
      vertex -6.74503 11.6827 40
      vertex -7.35 12.7306 40
      vertex -6.74923 11.68 40
    endloop
  endfacet
  facet normal 0 0 1
    outer loop
      vertex -7.35 12.7306 40
      vertex -7.73757 11.0504 40
      vertex -6.74923 11.68 40
    endloop
  endfacet
  facet normal -0 0 1
    outer loop
      vertex -8.43157 12.0415 40
      vertex -7.73757 11.0504 40
      vertex -7.35 12.7306 40
    endloop
  endfacet
  facet normal 0 0 1
    outer loop
      vertex -8.43157 12.0415 40
      vertex -8.66728 10.337 40
      vertex -7.73757 11.0504 40
    endloop
  endfacet
  facet normal -0 0 1
    outer loop
      vertex -9.44898 11.2609 40
      vertex -8.66728 10.337 40
      vertex -8.43157 12.0415 40
    endloop
  endfacet
  facet normal 0 0 1
    outer loop
      vertex -8.66728 10.337 40
      vertex -9.44898 11.2609 40
      vertex -8.67124 10.334 40
    endloop
  endfacet
  facet normal 0 0 1
    outer loop
      vertex -9.44898 11.2609 40
      vertex -9.53523 9.54228 40
      vertex -8.67124 10.334 40
    endloop
  endfacet
  facet normal -0 0 1
    outer loop
      vertex -10.3945 10.3945 40
      vertex -9.53523 9.54228 40
      vertex -9.44898 11.2609 40
    endloop
  endfacet
  facet normal 0 0 1
    outer loop
      vertex -9.53523 9.54228 40
      vertex -10.3945 10.3945 40
      vertex -9.53891 9.53891 40
    endloop
  endfacet
  facet normal 0 0 1
    outer loop
      vertex -9.53891 9.53891 40
      vertex -10.3945 10.3945 40
      vertex -9.54228 9.53523 40
    endloop
  endfacet
  facet normal 0 0 1
    outer loop
      vertex -9.54228 9.53523 40
      vertex -10.3945 10.3945 40
      vertex -10.334 8.67124 40
    endloop
  endfacet
  facet normal -0 0 1
    outer loop
      vertex -11.2609 9.44898 40
      vertex -10.334 8.67124 40
      vertex -10.3945 10.3945 40
    endloop
  endfacet
  facet normal 0 0 1
    outer loop
      vertex -10.334 8.67124 40
      vertex -11.2609 9.44898 40
      vertex -10.337 8.66728 40
    endloop
  endfacet
  facet normal 0 0 1
    outer loop
      vertex -10.337 8.66728 40
      vertex -11.2609 9.44898 40
      vertex -11.0504 7.73757 40
    endloop
  endfacet
  facet normal -0 0 1
    outer loop
      vertex -12.0415 8.43157 40
      vertex -11.0504 7.73757 40
      vertex -11.2609 9.44898 40
    endloop
  endfacet
  facet normal 0 0 1
    outer loop
      vertex -11.0504 7.73757 40
      vertex -12.0415 8.43157 40
      vertex -11.68 6.74923 40
    endloop
  endfacet
  facet normal -0 0 1
    outer loop
      vertex -12.7306 7.35 40
      vertex -11.68 6.74923 40
      vertex -12.0415 8.43157 40
    endloop
  endfacet
  facet normal 0 0 1
    outer loop
      vertex -11.68 6.74923 40
      vertex -12.7306 7.35 40
      vertex -11.6827 6.74503 40
    endloop
  endfacet
  facet normal 0 0 1
    outer loop
      vertex -11.6827 6.74503 40
      vertex -12.7306 7.35 40
      vertex -12.2238 5.70557 40
    endloop
  endfacet
  facet normal -0 0 1
    outer loop
      vertex -13.3227 6.21249 40
      vertex -12.2238 5.70557 40
      vertex -12.7306 7.35 40
    endloop
  endfacet
  facet normal 0 0 1
    outer loop
      vertex -12.2238 5.70557 40
      vertex -13.3227 6.21249 40
      vertex -12.2261 5.70114 40
    endloop
  endfacet
  facet normal 0 0 1
    outer loop
      vertex -12.2261 5.70114 40
      vertex -13.3227 6.21249 40
      vertex -12.228 5.69653 40
    endloop
  endfacet
  facet normal 0 0 1
    outer loop
      vertex -12.228 5.69653 40
      vertex -13.3227 6.21249 40
      vertex -12.6765 4.61387 40
    endloop
  endfacet
  facet normal -0 0 1
    outer loop
      vertex -13.8135 5.0277 40
      vertex -12.6765 4.61387 40
      vertex -13.3227 6.21249 40
    endloop
  endfacet
  facet normal 0 0 1
    outer loop
      vertex -12.6765 4.61387 40
      vertex -13.8135 5.0277 40
      vertex -12.678 4.60911 40
    endloop
  endfacet
  facet normal 0 0 1
    outer loop
      vertex -12.678 4.60911 40
      vertex -13.8135 5.0277 40
      vertex -13.0304 3.49148 40
    endloop
  endfacet
  facet normal -0 0 1
    outer loop
      vertex -14.1991 3.80464 40
      vertex -13.0304 3.49148 40
      vertex -13.8135 5.0277 40
    endloop
  endfacet
  facet normal 0 0 1
    outer loop
      vertex -13.0304 3.49148 40
      vertex -14.1991 3.80464 40
      vertex -13.0315 3.48661 40
    endloop
  endfacet
  facet normal 0 0 1
    outer loop
      vertex -13.0315 3.48661 40
      vertex -14.1991 3.80464 40
      vertex -13.2851 2.34252 40
    endloop
  endfacet
  facet normal -0 0 1
    outer loop
      vertex -14.4767 2.55263 40
      vertex -13.2851 2.34252 40
      vertex -14.1991 3.80464 40
    endloop
  endfacet
  facet normal 0 0 1
    outer loop
      vertex -13.2851 2.34252 40
      vertex -14.4767 2.55263 40
      vertex -13.2858 2.33757 40
    endloop
  endfacet
  facet normal 0 0 1
    outer loop
      vertex -13.2858 2.33757 40
      vertex -14.4767 2.55263 40
      vertex -13.4387 1.17574 40
    endloop
  endfacet
  facet normal -0 0 1
    outer loop
      vertex 13.2858 -2.33757 40
      vertex 14.4767 -2.55263 40
      vertex 13.4387 -1.17574 40
    endloop
  endfacet
  facet normal -0 0 1
    outer loop
      vertex 13.2851 -2.34252 40
      vertex 14.4767 -2.55263 40
      vertex 13.2858 -2.33757 40
    endloop
  endfacet
  facet normal 0 0 1
    outer loop
      vertex 14.4767 -2.55263 40
      vertex 13.2851 -2.34252 40
      vertex 14.1991 -3.80464 40
    endloop
  endfacet
  facet normal -0 0 1
    outer loop
      vertex 13.0315 -3.48661 40
      vertex 14.1991 -3.80464 40
      vertex 13.2851 -2.34252 40
    endloop
  endfacet
  facet normal -0 0 1
    outer loop
      vertex 13.0304 -3.49148 40
      vertex 14.1991 -3.80464 40
      vertex 13.0315 -3.48661 40
    endloop
  endfacet
  facet normal 0 0 1
    outer loop
      vertex 14.1991 -3.80464 40
      vertex 13.0304 -3.49148 40
      vertex 13.8135 -5.0277 40
    endloop
  endfacet
  facet normal -0 0 1
    outer loop
      vertex 12.678 -4.60911 40
      vertex 13.8135 -5.0277 40
      vertex 13.0304 -3.49148 40
    endloop
  endfacet
  facet normal -0 0 1
    outer loop
      vertex 12.6765 -4.61387 40
      vertex 13.8135 -5.0277 40
      vertex 12.678 -4.60911 40
    endloop
  endfacet
  facet normal 0 0 1
    outer loop
      vertex 13.8135 -5.0277 40
      vertex 12.6765 -4.61387 40
      vertex 13.3227 -6.21249 40
    endloop
  endfacet
  facet normal -0 0 1
    outer loop
      vertex 12.228 -5.69653 40
      vertex 13.3227 -6.21249 40
      vertex 12.6765 -4.61387 40
    endloop
  endfacet
  facet normal -0 0 1
    outer loop
      vertex 12.2261 -5.70114 40
      vertex 13.3227 -6.21249 40
      vertex 12.228 -5.69653 40
    endloop
  endfacet
  facet normal -0 0 1
    outer loop
      vertex 12.2238 -5.70557 40
      vertex 13.3227 -6.21249 40
      vertex 12.2261 -5.70114 40
    endloop
  endfacet
  facet normal 0 0 1
    outer loop
      vertex 13.3227 -6.21249 40
      vertex 12.2238 -5.70557 40
      vertex 12.7306 -7.35 40
    endloop
  endfacet
  facet normal -0 0 1
    outer loop
      vertex 11.6827 -6.74503 40
      vertex 12.7306 -7.35 40
      vertex 12.2238 -5.70557 40
    endloop
  endfacet
  facet normal -0 0 1
    outer loop
      vertex 11.68 -6.74923 40
      vertex 12.7306 -7.35 40
      vertex 11.6827 -6.74503 40
    endloop
  endfacet
  facet normal 0 0 1
    outer loop
      vertex 12.7306 -7.35 40
      vertex 11.68 -6.74923 40
      vertex 12.0415 -8.43157 40
    endloop
  endfacet
  facet normal -0 0 1
    outer loop
      vertex 11.0504 -7.73757 40
      vertex 12.0415 -8.43157 40
      vertex 11.68 -6.74923 40
    endloop
  endfacet
  facet normal 0 0 1
    outer loop
      vertex 12.0415 -8.43157 40
      vertex 11.0504 -7.73757 40
      vertex 11.2609 -9.44898 40
    endloop
  endfacet
  facet normal -0 0 1
    outer loop
      vertex 10.337 -8.66728 40
      vertex 11.2609 -9.44898 40
      vertex 11.0504 -7.73757 40
    endloop
  endfacet
  facet normal -0 0 1
    outer loop
      vertex 10.334 -8.67124 40
      vertex 11.2609 -9.44898 40
      vertex 10.337 -8.66728 40
    endloop
  endfacet
  facet normal 0 0 1
    outer loop
      vertex 11.2609 -9.44898 40
      vertex 10.334 -8.67124 40
      vertex 10.3945 -10.3945 40
    endloop
  endfacet
  facet normal -0 0 1
    outer loop
      vertex 9.54228 -9.53523 40
      vertex 10.3945 -10.3945 40
      vertex 10.334 -8.67124 40
    endloop
  endfacet
  facet normal -0 0 1
    outer loop
      vertex 9.53891 -9.53891 40
      vertex 10.3945 -10.3945 40
      vertex 9.54228 -9.53523 40
    endloop
  endfacet
  facet normal -0 0 1
    outer loop
      vertex 9.53523 -9.54228 40
      vertex 10.3945 -10.3945 40
      vertex 9.53891 -9.53891 40
    endloop
  endfacet
  facet normal 0 0 1
    outer loop
      vertex 9.53523 -9.54228 40
      vertex 9.44898 -11.2609 40
      vertex 10.3945 -10.3945 40
    endloop
  endfacet
  facet normal -0 0 1
    outer loop
      vertex 8.67124 -10.334 40
      vertex 9.44898 -11.2609 40
      vertex 9.53523 -9.54228 40
    endloop
  endfacet
  facet normal -0 0 1
    outer loop
      vertex 8.66728 -10.337 40
      vertex 9.44898 -11.2609 40
      vertex 8.67124 -10.334 40
    endloop
  endfacet
  facet normal 0 0 1
    outer loop
      vertex 8.66728 -10.337 40
      vertex 8.43157 -12.0415 40
      vertex 9.44898 -11.2609 40
    endloop
  endfacet
  facet normal -0 0 1
    outer loop
      vertex 7.73757 -11.0504 40
      vertex 8.43157 -12.0415 40
      vertex 8.66728 -10.337 40
    endloop
  endfacet
  facet normal 0 0 1
    outer loop
      vertex 7.73757 -11.0504 40
      vertex 7.35 -12.7306 40
      vertex 8.43157 -12.0415 40
    endloop
  endfacet
  facet normal -0 0 1
    outer loop
      vertex 6.74923 -11.68 40
      vertex 7.35 -12.7306 40
      vertex 7.73757 -11.0504 40
    endloop
  endfacet
  facet normal -0 0 1
    outer loop
      vertex 6.74503 -11.6827 40
      vertex 7.35 -12.7306 40
      vertex 6.74923 -11.68 40
    endloop
  endfacet
  facet normal 0 0 1
    outer loop
      vertex 6.74503 -11.6827 40
      vertex 6.21249 -13.3227 40
      vertex 7.35 -12.7306 40
    endloop
  endfacet
  facet normal -0 0 1
    outer loop
      vertex 5.70557 -12.2238 40
      vertex 6.21249 -13.3227 40
      vertex 6.74503 -11.6827 40
    endloop
  endfacet
  facet normal -0 0 1
    outer loop
      vertex 5.70114 -12.2261 40
      vertex 6.21249 -13.3227 40
      vertex 5.70557 -12.2238 40
    endloop
  endfacet
  facet normal -0 0 1
    outer loop
      vertex 5.69653 -12.228 40
      vertex 6.21249 -13.3227 40
      vertex 5.70114 -12.2261 40
    endloop
  endfacet
  facet normal 0 0 1
    outer loop
      vertex 5.69653 -12.228 40
      vertex 5.0277 -13.8135 40
      vertex 6.21249 -13.3227 40
    endloop
  endfacet
  facet normal -0 0 1
    outer loop
      vertex 4.61387 -12.6765 40
      vertex 5.0277 -13.8135 40
      vertex 5.69653 -12.228 40
    endloop
  endfacet
  facet normal -0 0 1
    outer loop
      vertex 4.60911 -12.678 40
      vertex 5.0277 -13.8135 40
      vertex 4.61387 -12.6765 40
    endloop
  endfacet
  facet normal 0 0 1
    outer loop
      vertex 4.60911 -12.678 40
      vertex 3.80464 -14.1991 40
      vertex 5.0277 -13.8135 40
    endloop
  endfacet
  facet normal -0 0 1
    outer loop
      vertex 3.49148 -13.0304 40
      vertex 3.80464 -14.1991 40
      vertex 4.60911 -12.678 40
    endloop
  endfacet
  facet normal -0 0 1
    outer loop
      vertex 3.48661 -13.0315 40
      vertex 3.80464 -14.1991 40
      vertex 3.49148 -13.0304 40
    endloop
  endfacet
  facet normal 0 0 1
    outer loop
      vertex 3.48661 -13.0315 40
      vertex 2.55263 -14.4767 40
      vertex 3.80464 -14.1991 40
    endloop
  endfacet
  facet normal -0 0 1
    outer loop
      vertex 2.34252 -13.2851 40
      vertex 2.55263 -14.4767 40
      vertex 3.48661 -13.0315 40
    endloop
  endfacet
  facet normal -0 0 1
    outer loop
      vertex 2.33757 -13.2858 40
      vertex 2.55263 -14.4767 40
      vertex 2.34252 -13.2851 40
    endloop
  endfacet
  facet normal 0 0 1
    outer loop
      vertex 2.33757 -13.2858 40
      vertex 1.28119 -14.6441 40
      vertex 2.55263 -14.4767 40
    endloop
  endfacet
  facet normal -0 0 1
    outer loop
      vertex 1.17574 -13.4387 40
      vertex 1.28119 -14.6441 40
      vertex 2.33757 -13.2858 40
    endloop
  endfacet
  facet normal -0 0 1
    outer loop
      vertex 0.00498616 -13.4898 40
      vertex 1.28119 -14.6441 40
      vertex 1.17574 -13.4387 40
    endloop
  endfacet
  facet normal 0 0 1
    outer loop
      vertex 0 -14.7 40
      vertex 0.00498616 -13.4898 40
      vertex 0 -13.4901 40
    endloop
  endfacet
  facet normal 0 0 1
    outer loop
      vertex 0.00498616 -13.4898 40
      vertex 0 -14.7 40
      vertex 1.28119 -14.6441 40
    endloop
  endfacet
  facet normal 0 0 1
    outer loop
      vertex -0.00498616 -13.4898 40
      vertex 0 -14.7 40
      vertex 0 -13.4901 40
    endloop
  endfacet
  facet normal 0 0 1
    outer loop
      vertex -1.17574 -13.4387 40
      vertex 0 -14.7 40
      vertex -0.00498616 -13.4898 40
    endloop
  endfacet
  facet normal 0 0 1
    outer loop
      vertex -1.17574 -13.4387 40
      vertex -1.28119 -14.6441 40
      vertex 0 -14.7 40
    endloop
  endfacet
  facet normal 0 0 1
    outer loop
      vertex -2.33757 -13.2858 40
      vertex -1.28119 -14.6441 40
      vertex -1.17574 -13.4387 40
    endloop
  endfacet
  facet normal 0 0 1
    outer loop
      vertex -2.55263 -14.4767 40
      vertex -2.33757 -13.2858 40
      vertex -2.34252 -13.2851 40
    endloop
  endfacet
  facet normal 0 0 1
    outer loop
      vertex -2.33757 -13.2858 40
      vertex -2.55263 -14.4767 40
      vertex -1.28119 -14.6441 40
    endloop
  endfacet
  facet normal 0 0 1
    outer loop
      vertex -3.48661 -13.0315 40
      vertex -2.55263 -14.4767 40
      vertex -2.34252 -13.2851 40
    endloop
  endfacet
  facet normal 0 0 1
    outer loop
      vertex -3.80464 -14.1991 40
      vertex -3.48661 -13.0315 40
      vertex -3.49148 -13.0304 40
    endloop
  endfacet
  facet normal 0 0 1
    outer loop
      vertex -3.48661 -13.0315 40
      vertex -3.80464 -14.1991 40
      vertex -2.55263 -14.4767 40
    endloop
  endfacet
  facet normal 0 0 1
    outer loop
      vertex -4.60911 -12.678 40
      vertex -3.80464 -14.1991 40
      vertex -3.49148 -13.0304 40
    endloop
  endfacet
  facet normal 0 0 1
    outer loop
      vertex -5.0277 -13.8135 40
      vertex -4.60911 -12.678 40
      vertex -4.61387 -12.6765 40
    endloop
  endfacet
  facet normal 0 0 1
    outer loop
      vertex -4.60911 -12.678 40
      vertex -5.0277 -13.8135 40
      vertex -3.80464 -14.1991 40
    endloop
  endfacet
  facet normal 0 0 1
    outer loop
      vertex -5.69653 -12.228 40
      vertex -5.0277 -13.8135 40
      vertex -4.61387 -12.6765 40
    endloop
  endfacet
  facet normal 0 0 1
    outer loop
      vertex -6.21249 -13.3227 40
      vertex -5.69653 -12.228 40
      vertex -5.70114 -12.2261 40
    endloop
  endfacet
  facet normal 0 0 1
    outer loop
      vertex -6.21249 -13.3227 40
      vertex -5.70114 -12.2261 40
      vertex -5.70557 -12.2238 40
    endloop
  endfacet
  facet normal 0 0 1
    outer loop
      vertex -5.69653 -12.228 40
      vertex -6.21249 -13.3227 40
      vertex -5.0277 -13.8135 40
    endloop
  endfacet
  facet normal 0 0 1
    outer loop
      vertex -6.74503 -11.6827 40
      vertex -6.21249 -13.3227 40
      vertex -5.70557 -12.2238 40
    endloop
  endfacet
  facet normal 0 0 1
    outer loop
      vertex -7.35 -12.7306 40
      vertex -6.74503 -11.6827 40
      vertex -6.74923 -11.68 40
    endloop
  endfacet
  facet normal 0 0 1
    outer loop
      vertex -6.74503 -11.6827 40
      vertex -7.35 -12.7306 40
      vertex -6.21249 -13.3227 40
    endloop
  endfacet
  facet normal 0 0 1
    outer loop
      vertex -7.73757 -11.0504 40
      vertex -7.35 -12.7306 40
      vertex -6.74923 -11.68 40
    endloop
  endfacet
  facet normal 0 0 1
    outer loop
      vertex -7.73757 -11.0504 40
      vertex -8.43157 -12.0415 40
      vertex -7.35 -12.7306 40
    endloop
  endfacet
  facet normal 0 0 1
    outer loop
      vertex -8.66728 -10.337 40
      vertex -8.43157 -12.0415 40
      vertex -7.73757 -11.0504 40
    endloop
  endfacet
  facet normal 0 0 1
    outer loop
      vertex -9.44898 -11.2609 40
      vertex -8.66728 -10.337 40
      vertex -8.67124 -10.334 40
    endloop
  endfacet
  facet normal 0 0 1
    outer loop
      vertex -8.66728 -10.337 40
      vertex -9.44898 -11.2609 40
      vertex -8.43157 -12.0415 40
    endloop
  endfacet
  facet normal 0 0 1
    outer loop
      vertex -9.53523 -9.54228 40
      vertex -9.44898 -11.2609 40
      vertex -8.67124 -10.334 40
    endloop
  endfacet
  facet normal 0 0 1
    outer loop
      vertex -10.3945 -10.3945 40
      vertex -9.53523 -9.54228 40
      vertex -9.53891 -9.53891 40
    endloop
  endfacet
  facet normal 0 0 1
    outer loop
      vertex -10.3945 -10.3945 40
      vertex -9.53891 -9.53891 40
      vertex -9.54228 -9.53523 40
    endloop
  endfacet
  facet normal 0 0 1
    outer loop
      vertex -10.3945 -10.3945 40
      vertex -9.54228 -9.53523 40
      vertex -10.334 -8.67124 40
    endloop
  endfacet
  facet normal 0 0 1
    outer loop
      vertex -11.2609 -9.44898 40
      vertex -10.334 -8.67124 40
      vertex -10.337 -8.66728 40
    endloop
  endfacet
  facet normal 0 0 1
    outer loop
      vertex -9.53523 -9.54228 40
      vertex -10.3945 -10.3945 40
      vertex -9.44898 -11.2609 40
    endloop
  endfacet
  facet normal 0 0 1
    outer loop
      vertex -11.2609 -9.44898 40
      vertex -10.337 -8.66728 40
      vertex -11.0504 -7.73757 40
    endloop
  endfacet
  facet normal 0 0 1
    outer loop
      vertex -10.334 -8.67124 40
      vertex -11.2609 -9.44898 40
      vertex -10.3945 -10.3945 40
    endloop
  endfacet
  facet normal 0 0 1
    outer loop
      vertex -12.0415 -8.43157 40
      vertex -11.0504 -7.73757 40
      vertex -11.68 -6.74923 40
    endloop
  endfacet
  facet normal 0 0 1
    outer loop
      vertex -12.7306 -7.35 40
      vertex -11.68 -6.74923 40
      vertex -11.6827 -6.74503 40
    endloop
  endfacet
  facet normal 0 0 1
    outer loop
      vertex -11.0504 -7.73757 40
      vertex -12.0415 -8.43157 40
      vertex -11.2609 -9.44898 40
    endloop
  endfacet
  facet normal 0 0 1
    outer loop
      vertex -12.7306 -7.35 40
      vertex -11.6827 -6.74503 40
      vertex -12.2238 -5.70557 40
    endloop
  endfacet
  facet normal 0 0 1
    outer loop
      vertex -13.3227 -6.21249 40
      vertex -12.2238 -5.70557 40
      vertex -12.2261 -5.70114 40
    endloop
  endfacet
  facet normal 0 0 1
    outer loop
      vertex -13.3227 -6.21249 40
      vertex -12.2261 -5.70114 40
      vertex -12.228 -5.69653 40
    endloop
  endfacet
  facet normal 0 0 1
    outer loop
      vertex -13.3227 -6.21249 40
      vertex -12.228 -5.69653 40
      vertex -12.6765 -4.61387 40
    endloop
  endfacet
  facet normal 0 0 1
    outer loop
      vertex -13.8135 -5.0277 40
      vertex -12.6765 -4.61387 40
      vertex -12.678 -4.60911 40
    endloop
  endfacet
  facet normal 0 0 1
    outer loop
      vertex -11.68 -6.74923 40
      vertex -12.7306 -7.35 40
      vertex -12.0415 -8.43157 40
    endloop
  endfacet
  facet normal 0 0 1
    outer loop
      vertex -13.8135 -5.0277 40
      vertex -12.678 -4.60911 40
      vertex -13.0304 -3.49148 40
    endloop
  endfacet
  facet normal 0 0 1
    outer loop
      vertex -14.1991 -3.80464 40
      vertex -13.0304 -3.49148 40
      vertex -13.0315 -3.48661 40
    endloop
  endfacet
  facet normal 0 0 1
    outer loop
      vertex -14.1991 -3.80464 40
      vertex -13.0315 -3.48661 40
      vertex -13.2851 -2.34252 40
    endloop
  endfacet
  facet normal 0 0 1
    outer loop
      vertex -14.4767 -2.55263 40
      vertex -13.2851 -2.34252 40
      vertex -13.2858 -2.33757 40
    endloop
  endfacet
  facet normal 0 0 1
    outer loop
      vertex -12.2238 -5.70557 40
      vertex -13.3227 -6.21249 40
      vertex -12.7306 -7.35 40
    endloop
  endfacet
  facet normal 0 0 1
    outer loop
      vertex -14.4767 -2.55263 40
      vertex -13.2858 -2.33757 40
      vertex -13.4387 -1.17574 40
    endloop
  endfacet
  facet normal 0 0 1
    outer loop
      vertex -14.6441 -1.28119 40
      vertex -13.4387 -1.17574 40
      vertex -13.4898 -0.00498616 40
    endloop
  endfacet
  facet normal -0 0 1
    outer loop
      vertex -14.7 0 40
      vertex -13.4898 -0.00498616 40
      vertex -13.4901 0 40
    endloop
  endfacet
  facet normal -0 0 1
    outer loop
      vertex -14.6441 1.28119 40
      vertex -13.4387 1.17574 40
      vertex -14.4767 2.55263 40
    endloop
  endfacet
  facet normal 0 0 1
    outer loop
      vertex -12.6765 -4.61387 40
      vertex -13.8135 -5.0277 40
      vertex -13.3227 -6.21249 40
    endloop
  endfacet
  facet normal 0 0 1
    outer loop
      vertex -13.4387 1.17574 40
      vertex -14.6441 1.28119 40
      vertex -13.4898 0.00498616 40
    endloop
  endfacet
  facet normal 0 0 1
    outer loop
      vertex -13.0304 -3.49148 40
      vertex -14.1991 -3.80464 40
      vertex -13.8135 -5.0277 40
    endloop
  endfacet
  facet normal 0 0 1
    outer loop
      vertex -14.7 0 40
      vertex -13.4898 0.00498616 40
      vertex -14.6441 1.28119 40
    endloop
  endfacet
  facet normal 0 0 1
    outer loop
      vertex -13.2851 -2.34252 40
      vertex -14.4767 -2.55263 40
      vertex -14.1991 -3.80464 40
    endloop
  endfacet
  facet normal 0 0 1
    outer loop
      vertex -13.4898 0.00498616 40
      vertex -14.7 0 40
      vertex -13.4901 0 40
    endloop
  endfacet
  facet normal 0 0 1
    outer loop
      vertex -13.4387 -1.17574 40
      vertex -14.6441 -1.28119 40
      vertex -14.4767 -2.55263 40
    endloop
  endfacet
  facet normal 0 0 1
    outer loop
      vertex -13.4898 -0.00498616 40
      vertex -14.7 0 40
      vertex -14.6441 -1.28119 40
    endloop
  endfacet
  facet normal -0.97629 -0.216466 0
    outer loop
      vertex -14.1991 -3.80464 0
      vertex -14.4767 -2.55263 8.98333
      vertex -14.4767 -2.55263 0
    endloop
  endfacet
  facet normal -0.976235 -0.216715 3.64187e-05
    outer loop
      vertex -14.4767 -2.55263 8.98333
      vertex -14.1991 -3.80464 0
      vertex -14.4697 -2.58415 9.05944
    endloop
  endfacet
  facet normal -0.976285 -0.216488 4.23835e-06
    outer loop
      vertex -14.4697 -2.58415 9.05944
      vertex -14.1991 -3.80464 0
      vertex -14.4537 -2.6563 9.28825
    endloop
  endfacet
  facet normal -0.976321 -0.216326 -1.67943e-05
    outer loop
      vertex -14.4537 -2.6563 9.28825
      vertex -14.1991 -3.80464 0
      vertex -14.4422 -2.70822 9.52247
    endloop
  endfacet
  facet normal -0.976094 -0.217347 0.000106593
    outer loop
      vertex -14.4422 -2.70822 9.52247
      vertex -14.1991 -3.80464 0
      vertex -14.4352 -2.73954 9.76032
    endloop
  endfacet
  facet normal -0.976406 -0.215942 -5.43043e-05
    outer loop
      vertex -14.4352 -2.73954 9.76032
      vertex -14.1991 -3.80464 0
      vertex -14.4329 -2.75 10
    endloop
  endfacet
  facet normal -0.976223 -0.216768 -1.36617e-05
    outer loop
      vertex -14.1991 -3.80464 40
      vertex -14.4767 -2.55263 11.0167
      vertex -14.4697 -2.58415 10.9406
    endloop
  endfacet
  facet normal -0.976284 -0.216496 -1.6642e-06
    outer loop
      vertex -14.1991 -3.80464 40
      vertex -14.4697 -2.58415 10.9406
      vertex -14.4537 -2.6563 10.7118
    endloop
  endfacet
  facet normal -0.976331 -0.216284 7.04931e-06
    outer loop
      vertex -14.1991 -3.80464 40
      vertex -14.4537 -2.6563 10.7118
      vertex -14.4422 -2.70822 10.4775
    endloop
  endfacet
  facet normal -0.976004 -0.217755 -5.02652e-05
    outer loop
      vertex -14.1991 -3.80464 40
      vertex -14.4422 -2.70822 10.4775
      vertex -14.4352 -2.73954 10.2397
    endloop
  endfacet
  facet normal -0.976035 -0.217615 0.000130904
    outer loop
      vertex -14.1991 -3.80464 0
      vertex -14.4352 -2.73954 10.2397
      vertex -14.4329 -2.75 10
    endloop
  endfacet
  facet normal -0.976301 -0.216416 0
    outer loop
      vertex -14.4352 -2.73954 10.2397
      vertex -14.1991 -3.80464 0
      vertex -14.1991 -3.80464 40
    endloop
  endfacet
  facet normal -0.97629 -0.216466 0
    outer loop
      vertex -14.4767 -2.55263 11.0167
      vertex -14.1991 -3.80464 40
      vertex -14.4767 -2.55263 40
    endloop
  endfacet
  facet normal -0.887027 0.461718 0
    outer loop
      vertex -13.3227 6.21249 0
      vertex -12.7306 7.35 40
      vertex -12.7306 7.35 0
    endloop
  endfacet
  facet normal -0.887027 0.461718 0
    outer loop
      vertex -12.7306 7.35 40
      vertex -13.3227 6.21249 0
      vertex -13.3227 6.21249 40
    endloop
  endfacet
  facet normal -0.887027 -0.461718 0
    outer loop
      vertex -12.7306 -7.35 0
      vertex -13.3227 -6.21249 40
      vertex -13.3227 -6.21249 0
    endloop
  endfacet
  facet normal -0.887027 -0.461718 0
    outer loop
      vertex -13.3227 -6.21249 40
      vertex -12.7306 -7.35 0
      vertex -12.7306 -7.35 40
    endloop
  endfacet
  facet normal -0.843369 -0.537335 0
    outer loop
      vertex -12.0415 -8.43157 0
      vertex -12.7306 -7.35 40
      vertex -12.7306 -7.35 0
    endloop
  endfacet
  facet normal -0.843369 -0.537335 0
    outer loop
      vertex -12.7306 -7.35 40
      vertex -12.0415 -8.43157 0
      vertex -12.0415 -8.43157 40
    endloop
  endfacet
  facet normal -0.991521 0.129944 0
    outer loop
      vertex -14.4767 2.55263 0
      vertex -14.4846 2.49235 8.8378
      vertex -14.4767 2.55263 8.98333
    endloop
  endfacet
  facet normal -0.991428 0.130654 4.92376e-06
    outer loop
      vertex -14.4767 2.55263 0
      vertex -14.4992 2.38157 8.625
      vertex -14.4846 2.49235 8.8378
    endloop
  endfacet
  facet normal -0.991416 0.130743 6.71971e-06
    outer loop
      vertex -14.4767 2.55263 0
      vertex -14.5162 2.25267 8.42266
      vertex -14.4992 2.38157 8.625
    endloop
  endfacet
  facet normal -0.991468 0.13035 -7.50444e-06
    outer loop
      vertex -14.4767 2.55263 0
      vertex -14.5354 2.10662 8.23233
      vertex -14.5162 2.25267 8.42266
    endloop
  endfacet
  facet normal -0.991474 0.130307 -9.88049e-06
    outer loop
      vertex -14.4767 2.55263 0
      vertex -14.5567 1.94454 8.05546
      vertex -14.5354 2.10662 8.23233
    endloop
  endfacet
  facet normal -0.991436 0.130596 1.22988e-05
    outer loop
      vertex -14.4767 2.55263 0
      vertex -14.58 1.76767 7.89338
      vertex -14.5567 1.94454 8.05546
    endloop
  endfacet
  facet normal -0.991419 0.130719 2.47532e-05
    outer loop
      vertex -14.4767 2.55263 0
      vertex -14.6051 1.57733 7.74733
      vertex -14.58 1.76767 7.89338
    endloop
  endfacet
  facet normal -0.991467 0.13036 -2.11921e-05
    outer loop
      vertex -14.4767 2.55263 0
      vertex -14.6317 1.375 7.61843
      vertex -14.6051 1.57733 7.74733
    endloop
  endfacet
  facet normal -0.991444 0.130535 0
    outer loop
      vertex -14.6441 1.28119 7.5696
      vertex -14.4767 2.55263 0
      vertex -14.6441 1.28119 0
    endloop
  endfacet
  facet normal -0.991382 0.131001 7.96789e-05
    outer loop
      vertex -14.4767 2.55263 0
      vertex -14.6441 1.28119 7.5696
      vertex -14.6317 1.375 7.61843
    endloop
  endfacet
  facet normal -0.991521 0.129944 0
    outer loop
      vertex -14.4846 2.49235 11.1622
      vertex -14.4767 2.55263 40
      vertex -14.4767 2.55263 11.0167
    endloop
  endfacet
  facet normal -0.991427 0.13066 -1.52262e-06
    outer loop
      vertex -14.4992 2.38157 11.375
      vertex -14.4767 2.55263 40
      vertex -14.4846 2.49235 11.1622
    endloop
  endfacet
  facet normal -0.991415 0.13075 -2.06835e-06
    outer loop
      vertex -14.5162 2.25267 11.5773
      vertex -14.4767 2.55263 40
      vertex -14.4992 2.38157 11.375
    endloop
  endfacet
  facet normal -0.991469 0.130343 2.29546e-06
    outer loop
      vertex -14.5354 2.10662 11.7677
      vertex -14.4767 2.55263 40
      vertex -14.5162 2.25267 11.5773
    endloop
  endfacet
  facet normal -0.991475 0.130299 2.99972e-06
    outer loop
      vertex -14.5567 1.94454 11.9445
      vertex -14.4767 2.55263 40
      vertex -14.5354 2.10662 11.7677
    endloop
  endfacet
  facet normal -0.991435 0.130603 -3.70205e-06
    outer loop
      vertex -14.58 1.76767 12.1066
      vertex -14.4767 2.55263 40
      vertex -14.5567 1.94454 11.9445
    endloop
  endfacet
  facet normal -0.991418 0.130732 -7.37982e-06
    outer loop
      vertex -14.6051 1.57733 12.2527
      vertex -14.4767 2.55263 40
      vertex -14.58 1.76767 12.1066
    endloop
  endfacet
  facet normal -0.991468 0.130351 6.25162e-06
    outer loop
      vertex -14.6317 1.375 12.3816
      vertex -14.4767 2.55263 40
      vertex -14.6051 1.57733 12.2527
    endloop
  endfacet
  facet normal -0.991378 0.13103 -2.32322e-05
    outer loop
      vertex -14.6441 1.28119 12.4304
      vertex -14.4767 2.55263 40
      vertex -14.6317 1.375 12.3816
    endloop
  endfacet
  facet normal -0.991444 0.130535 0
    outer loop
      vertex -14.4767 2.55263 40
      vertex -14.6441 1.28119 12.4304
      vertex -14.6441 1.28119 40
    endloop
  endfacet
  facet normal 0 0 -1
    outer loop
      vertex -5.75 9.95929 0
      vertex -7.35 12.7306 0
      vertex -7 12.9128 0
    endloop
  endfacet
  facet normal 0 0 -1
    outer loop
      vertex -8.43157 12.0415 0
      vertex -6.59613 9.42025 0
      vertex -7.39206 8.80951 0
    endloop
  endfacet
  facet normal 0 0 -1
    outer loop
      vertex -9.44898 11.2609 0
      vertex -7.39206 8.80951 0
      vertex -8.13173 8.13173 0
    endloop
  endfacet
  facet normal 0 0 -1
    outer loop
      vertex -6.59613 9.42025 0
      vertex -8.43157 12.0415 0
      vertex -7.35 12.7306 0
    endloop
  endfacet
  facet normal 0 0 -1
    outer loop
      vertex -10.3945 10.3945 0
      vertex -8.13173 8.13173 0
      vertex -8.80951 7.39206 0
    endloop
  endfacet
  facet normal 0 0 -1
    outer loop
      vertex -11.2609 9.44898 0
      vertex -8.80951 7.39206 0
      vertex -9.42025 6.59613 0
    endloop
  endfacet
  facet normal 0 0 -1
    outer loop
      vertex -7.39206 8.80951 0
      vertex -9.44898 11.2609 0
      vertex -8.43157 12.0415 0
    endloop
  endfacet
  facet normal 0 0 -1
    outer loop
      vertex -12.0415 8.43157 0
      vertex -9.42025 6.59613 0
      vertex -9.95929 5.75 0
    endloop
  endfacet
  facet normal 0 0 -1
    outer loop
      vertex -8.13173 8.13173 0
      vertex -10.3945 10.3945 0
      vertex -9.44898 11.2609 0
    endloop
  endfacet
  facet normal 0 0 -1
    outer loop
      vertex -12.7306 7.35 0
      vertex -9.95929 5.75 0
      vertex -10.4225 4.86011 0
    endloop
  endfacet
  facet normal 0 0 -1
    outer loop
      vertex -13.3227 6.21249 0
      vertex -10.4225 4.86011 0
      vertex -10.8065 3.93323 0
    endloop
  endfacet
  facet normal 0 0 -1
    outer loop
      vertex -13.8135 5.0277 0
      vertex -10.8065 3.93323 0
      vertex -11.1081 2.97642 0
    endloop
  endfacet
  facet normal 0 0 -1
    outer loop
      vertex -8.80951 7.39206 0
      vertex -11.2609 9.44898 0
      vertex -10.3945 10.3945 0
    endloop
  endfacet
  facet normal 0 0 -1
    outer loop
      vertex -14.1991 3.80464 0
      vertex -11.1081 2.97642 0
      vertex -11.3253 1.99695 0
    endloop
  endfacet
  facet normal 0 0 -1
    outer loop
      vertex -14.4767 2.55263 0
      vertex -11.3253 1.99695 0
      vertex -11.4562 1.00229 0
    endloop
  endfacet
  facet normal 0 0 -1
    outer loop
      vertex -14.6441 1.28119 0
      vertex -11.4562 1.00229 0
      vertex -11.5 0 0
    endloop
  endfacet
  facet normal 0 0 -1
    outer loop
      vertex -14.1991 -3.80464 0
      vertex -11.1081 -2.97642 0
      vertex -13.8135 -5.0277 0
    endloop
  endfacet
  facet normal 0 0 -1
    outer loop
      vertex -9.42025 6.59613 0
      vertex -12.0415 8.43157 0
      vertex -11.2609 9.44898 0
    endloop
  endfacet
  facet normal -0 0 -1
    outer loop
      vertex -11.1081 -2.97642 0
      vertex -14.1991 -3.80464 0
      vertex -11.3253 -1.99695 0
    endloop
  endfacet
  facet normal 0 0 -1
    outer loop
      vertex -9.95929 5.75 0
      vertex -12.7306 7.35 0
      vertex -12.0415 8.43157 0
    endloop
  endfacet
  facet normal 0 0 -1
    outer loop
      vertex -14.4767 -2.55263 0
      vertex -11.3253 -1.99695 0
      vertex -14.1991 -3.80464 0
    endloop
  endfacet
  facet normal 0 0 -1
    outer loop
      vertex -10.4225 4.86011 0
      vertex -13.3227 6.21249 0
      vertex -12.7306 7.35 0
    endloop
  endfacet
  facet normal -0 0 -1
    outer loop
      vertex -11.3253 -1.99695 0
      vertex -14.4767 -2.55263 0
      vertex -11.4562 -1.00229 0
    endloop
  endfacet
  facet normal 0 0 -1
    outer loop
      vertex -10.8065 3.93323 0
      vertex -13.8135 5.0277 0
      vertex -13.3227 6.21249 0
    endloop
  endfacet
  facet normal 0 0 -1
    outer loop
      vertex -14.6441 -1.28119 0
      vertex -11.4562 -1.00229 0
      vertex -14.4767 -2.55263 0
    endloop
  endfacet
  facet normal 0 0 -1
    outer loop
      vertex -11.1081 2.97642 0
      vertex -14.1991 3.80464 0
      vertex -13.8135 5.0277 0
    endloop
  endfacet
  facet normal -0 0 -1
    outer loop
      vertex -11.4562 -1.00229 0
      vertex -14.6441 -1.28119 0
      vertex -11.5 0 0
    endloop
  endfacet
  facet normal 0 0 -1
    outer loop
      vertex -11.3253 1.99695 0
      vertex -14.4767 2.55263 0
      vertex -14.1991 3.80464 0
    endloop
  endfacet
  facet normal 0 0 -1
    outer loop
      vertex -14.7 0 0
      vertex -11.5 0 0
      vertex -14.6441 -1.28119 0
    endloop
  endfacet
  facet normal 0 0 -1
    outer loop
      vertex -11.4562 1.00229 0
      vertex -14.6441 1.28119 0
      vertex -14.4767 2.55263 0
    endloop
  endfacet
  facet normal 0 0 -1
    outer loop
      vertex -11.5 0 0
      vertex -14.7 0 0
      vertex -14.6441 1.28119 0
    endloop
  endfacet
  facet normal 0 0 -1
    outer loop
      vertex 2.97642 -11.1081 0
      vertex 7 -12.9128 0
      vertex 7 -14.7 0
    endloop
  endfacet
  facet normal 0 0 -1
    outer loop
      vertex 7 -12.9128 0
      vertex 5.75 -9.95929 0
      vertex 6.59613 -9.42025 0
    endloop
  endfacet
  facet normal 0 0 -1
    outer loop
      vertex 7 -12.9128 0
      vertex 4.86011 -10.4225 0
      vertex 5.75 -9.95929 0
    endloop
  endfacet
  facet normal 0 0 -1
    outer loop
      vertex 7 -12.9128 0
      vertex 3.93323 -10.8065 0
      vertex 4.86011 -10.4225 0
    endloop
  endfacet
  facet normal 0 0 -1
    outer loop
      vertex 7 -12.9128 0
      vertex 2.97642 -11.1081 0
      vertex 3.93323 -10.8065 0
    endloop
  endfacet
  facet normal 0 0 -1
    outer loop
      vertex 7 -14.7 0
      vertex 1.99695 -11.3253 0
      vertex 2.97642 -11.1081 0
    endloop
  endfacet
  facet normal 0 0 -1
    outer loop
      vertex 7 -14.7 0
      vertex 1.00229 -11.4562 0
      vertex 1.99695 -11.3253 0
    endloop
  endfacet
  facet normal 0 0 -1
    outer loop
      vertex 7 -14.7 0
      vertex 0 -11.5 0
      vertex 1.00229 -11.4562 0
    endloop
  endfacet
  facet normal 0 0 -1
    outer loop
      vertex -7 -14.7 0
      vertex 0 -11.5 0
      vertex 7 -14.7 0
    endloop
  endfacet
  facet normal -0 0 -1
    outer loop
      vertex 0 -11.5 0
      vertex -7 -14.7 0
      vertex -1.00229 -11.4562 0
    endloop
  endfacet
  facet normal -0 0 -1
    outer loop
      vertex -1.00229 -11.4562 0
      vertex -7 -14.7 0
      vertex -1.99695 -11.3253 0
    endloop
  endfacet
  facet normal -0 0 -1
    outer loop
      vertex -1.99695 -11.3253 0
      vertex -7 -14.7 0
      vertex -2.97642 -11.1081 0
    endloop
  endfacet
  facet normal 0 0 -1
    outer loop
      vertex -7 -12.9128 0
      vertex -2.97642 -11.1081 0
      vertex -7 -14.7 0
    endloop
  endfacet
  facet normal -0 0 -1
    outer loop
      vertex -2.97642 -11.1081 0
      vertex -7 -12.9128 0
      vertex -3.93323 -10.8065 0
    endloop
  endfacet
  facet normal -0 0 -1
    outer loop
      vertex -3.93323 -10.8065 0
      vertex -7 -12.9128 0
      vertex -4.86011 -10.4225 0
    endloop
  endfacet
  facet normal -0 0 -1
    outer loop
      vertex -4.86011 -10.4225 0
      vertex -7 -12.9128 0
      vertex -5.75 -9.95929 0
    endloop
  endfacet
  facet normal 0 0 -1
    outer loop
      vertex -7.35 -12.7306 0
      vertex -5.75 -9.95929 0
      vertex -7 -12.9128 0
    endloop
  endfacet
  facet normal -0 0 -1
    outer loop
      vertex -5.75 -9.95929 0
      vertex -7.35 -12.7306 0
      vertex -6.59613 -9.42025 0
    endloop
  endfacet
  facet normal 0 0 -1
    outer loop
      vertex -8.43157 -12.0415 0
      vertex -6.59613 -9.42025 0
      vertex -7.35 -12.7306 0
    endloop
  endfacet
  facet normal -0 0 -1
    outer loop
      vertex -6.59613 -9.42025 0
      vertex -8.43157 -12.0415 0
      vertex -7.39206 -8.80951 0
    endloop
  endfacet
  facet normal 0 0 -1
    outer loop
      vertex -9.44898 -11.2609 0
      vertex -7.39206 -8.80951 0
      vertex -8.43157 -12.0415 0
    endloop
  endfacet
  facet normal -0 0 -1
    outer loop
      vertex -7.39206 -8.80951 0
      vertex -9.44898 -11.2609 0
      vertex -8.13173 -8.13173 0
    endloop
  endfacet
  facet normal 0 0 -1
    outer loop
      vertex -10.3945 -10.3945 0
      vertex -8.13173 -8.13173 0
      vertex -9.44898 -11.2609 0
    endloop
  endfacet
  facet normal -0 0 -1
    outer loop
      vertex -8.13173 -8.13173 0
      vertex -10.3945 -10.3945 0
      vertex -8.80951 -7.39206 0
    endloop
  endfacet
  facet normal 0 0 -1
    outer loop
      vertex -11.2609 -9.44898 0
      vertex -8.80951 -7.39206 0
      vertex -10.3945 -10.3945 0
    endloop
  endfacet
  facet normal -0 0 -1
    outer loop
      vertex -8.80951 -7.39206 0
      vertex -11.2609 -9.44898 0
      vertex -9.42025 -6.59613 0
    endloop
  endfacet
  facet normal 0 0 -1
    outer loop
      vertex -12.0415 -8.43157 0
      vertex -9.42025 -6.59613 0
      vertex -11.2609 -9.44898 0
    endloop
  endfacet
  facet normal -0 0 -1
    outer loop
      vertex -9.42025 -6.59613 0
      vertex -12.0415 -8.43157 0
      vertex -9.95929 -5.75 0
    endloop
  endfacet
  facet normal 0 0 -1
    outer loop
      vertex -12.7306 -7.35 0
      vertex -9.95929 -5.75 0
      vertex -12.0415 -8.43157 0
    endloop
  endfacet
  facet normal -0 0 -1
    outer loop
      vertex -9.95929 -5.75 0
      vertex -12.7306 -7.35 0
      vertex -10.4225 -4.86011 0
    endloop
  endfacet
  facet normal 0 0 -1
    outer loop
      vertex -13.3227 -6.21249 0
      vertex -10.4225 -4.86011 0
      vertex -12.7306 -7.35 0
    endloop
  endfacet
  facet normal -0 0 -1
    outer loop
      vertex -10.4225 -4.86011 0
      vertex -13.3227 -6.21249 0
      vertex -10.8065 -3.93323 0
    endloop
  endfacet
  facet normal 0 0 -1
    outer loop
      vertex -13.8135 -5.0277 0
      vertex -10.8065 -3.93323 0
      vertex -13.3227 -6.21249 0
    endloop
  endfacet
  facet normal -0 0 -1
    outer loop
      vertex -10.8065 -3.93323 0
      vertex -13.8135 -5.0277 0
      vertex -11.1081 -2.97642 0
    endloop
  endfacet
  facet normal 0 0 -1
    outer loop
      vertex 11.5 0 0
      vertex 14.7 0 0
      vertex 14.6441 -1.28119 0
    endloop
  endfacet
  facet normal 0 0 -1
    outer loop
      vertex 11.4562 -1.00229 0
      vertex 14.6441 -1.28119 0
      vertex 14.4767 -2.55263 0
    endloop
  endfacet
  facet normal 0 0 -1
    outer loop
      vertex 14.7 0 0
      vertex 11.5 0 0
      vertex 14.6441 1.28119 0
    endloop
  endfacet
  facet normal 0 0 -1
    outer loop
      vertex 11.3253 -1.99695 0
      vertex 14.4767 -2.55263 0
      vertex 14.1991 -3.80464 0
    endloop
  endfacet
  facet normal 0 0 -1
    outer loop
      vertex 11.4562 1.00229 0
      vertex 14.6441 1.28119 0
      vertex 11.5 0 0
    endloop
  endfacet
  facet normal 0 0 -1
    outer loop
      vertex 11.1081 -2.97642 0
      vertex 14.1991 -3.80464 0
      vertex 13.8135 -5.0277 0
    endloop
  endfacet
  facet normal -0 0 -1
    outer loop
      vertex 14.6441 1.28119 0
      vertex 11.4562 1.00229 0
      vertex 14.4767 2.55263 0
    endloop
  endfacet
  facet normal 0 0 -1
    outer loop
      vertex 10.8065 -3.93323 0
      vertex 13.8135 -5.0277 0
      vertex 13.3227 -6.21249 0
    endloop
  endfacet
  facet normal 0 0 -1
    outer loop
      vertex 11.3253 1.99695 0
      vertex 14.4767 2.55263 0
      vertex 11.4562 1.00229 0
    endloop
  endfacet
  facet normal 0 0 -1
    outer loop
      vertex 10.4225 -4.86011 0
      vertex 13.3227 -6.21249 0
      vertex 12.7306 -7.35 0
    endloop
  endfacet
  facet normal -0 0 -1
    outer loop
      vertex 14.4767 2.55263 0
      vertex 11.3253 1.99695 0
      vertex 14.1991 3.80464 0
    endloop
  endfacet
  facet normal 0 0 -1
    outer loop
      vertex 9.95929 -5.75 0
      vertex 12.7306 -7.35 0
      vertex 12.0415 -8.43157 0
    endloop
  endfacet
  facet normal 0 0 -1
    outer loop
      vertex 11.1081 2.97642 0
      vertex 14.1991 3.80464 0
      vertex 11.3253 1.99695 0
    endloop
  endfacet
  facet normal -0 0 -1
    outer loop
      vertex 14.1991 3.80464 0
      vertex 11.1081 2.97642 0
      vertex 13.8135 5.0277 0
    endloop
  endfacet
  facet normal 0 0 -1
    outer loop
      vertex 14.6441 -1.28119 0
      vertex 11.4562 -1.00229 0
      vertex 11.5 0 0
    endloop
  endfacet
  facet normal 0 0 -1
    outer loop
      vertex 14.4767 -2.55263 0
      vertex 11.3253 -1.99695 0
      vertex 11.4562 -1.00229 0
    endloop
  endfacet
  facet normal 0 0 -1
    outer loop
      vertex 9.42025 -6.59613 0
      vertex 12.0415 -8.43157 0
      vertex 11.2609 -9.44898 0
    endloop
  endfacet
  facet normal 0 0 -1
    outer loop
      vertex 14.1991 -3.80464 0
      vertex 11.1081 -2.97642 0
      vertex 11.3253 -1.99695 0
    endloop
  endfacet
  facet normal 0 0 -1
    outer loop
      vertex 13.8135 -5.0277 0
      vertex 10.8065 -3.93323 0
      vertex 11.1081 -2.97642 0
    endloop
  endfacet
  facet normal 0 0 -1
    outer loop
      vertex 13.3227 -6.21249 0
      vertex 10.4225 -4.86011 0
      vertex 10.8065 -3.93323 0
    endloop
  endfacet
  facet normal 0 0 -1
    outer loop
      vertex 8.80951 -7.39206 0
      vertex 11.2609 -9.44898 0
      vertex 10.3945 -10.3945 0
    endloop
  endfacet
  facet normal 0 0 -1
    outer loop
      vertex 12.7306 -7.35 0
      vertex 9.95929 -5.75 0
      vertex 10.4225 -4.86011 0
    endloop
  endfacet
  facet normal 0 0 -1
    outer loop
      vertex 8.13173 -8.13173 0
      vertex 10.3945 -10.3945 0
      vertex 9.44898 -11.2609 0
    endloop
  endfacet
  facet normal 0 0 -1
    outer loop
      vertex 12.0415 -8.43157 0
      vertex 9.42025 -6.59613 0
      vertex 9.95929 -5.75 0
    endloop
  endfacet
  facet normal 0 0 -1
    outer loop
      vertex 11.2609 -9.44898 0
      vertex 8.80951 -7.39206 0
      vertex 9.42025 -6.59613 0
    endloop
  endfacet
  facet normal 0 0 -1
    outer loop
      vertex 7.39206 -8.80951 0
      vertex 9.44898 -11.2609 0
      vertex 8.43157 -12.0415 0
    endloop
  endfacet
  facet normal 0 0 -1
    outer loop
      vertex 10.3945 -10.3945 0
      vertex 8.13173 -8.13173 0
      vertex 8.80951 -7.39206 0
    endloop
  endfacet
  facet normal 0 0 -1
    outer loop
      vertex 9.44898 -11.2609 0
      vertex 7.39206 -8.80951 0
      vertex 8.13173 -8.13173 0
    endloop
  endfacet
  facet normal 0 0 -1
    outer loop
      vertex 6.59613 -9.42025 0
      vertex 8.43157 -12.0415 0
      vertex 7.35 -12.7306 0
    endloop
  endfacet
  facet normal 0 0 -1
    outer loop
      vertex 6.59613 -9.42025 0
      vertex 7.35 -12.7306 0
      vertex 7 -12.9128 0
    endloop
  endfacet
  facet normal 0 0 -1
    outer loop
      vertex 8.43157 -12.0415 0
      vertex 6.59613 -9.42025 0
      vertex 7.39206 -8.80951 0
    endloop
  endfacet
  facet normal 0 0 -1
    outer loop
      vertex 10.8065 3.93323 0
      vertex 13.8135 5.0277 0
      vertex 11.1081 2.97642 0
    endloop
  endfacet
  facet normal -0 0 -1
    outer loop
      vertex 13.8135 5.0277 0
      vertex 10.8065 3.93323 0
      vertex 13.3227 6.21249 0
    endloop
  endfacet
  facet normal 0 0 -1
    outer loop
      vertex 10.4225 4.86011 0
      vertex 13.3227 6.21249 0
      vertex 10.8065 3.93323 0
    endloop
  endfacet
  facet normal -0 0 -1
    outer loop
      vertex 13.3227 6.21249 0
      vertex 10.4225 4.86011 0
      vertex 12.7306 7.35 0
    endloop
  endfacet
  facet normal 0 0 -1
    outer loop
      vertex 9.95929 5.75 0
      vertex 12.7306 7.35 0
      vertex 10.4225 4.86011 0
    endloop
  endfacet
  facet normal -0 0 -1
    outer loop
      vertex 12.7306 7.35 0
      vertex 9.95929 5.75 0
      vertex 12.0415 8.43157 0
    endloop
  endfacet
  facet normal 0 0 -1
    outer loop
      vertex 9.42025 6.59613 0
      vertex 12.0415 8.43157 0
      vertex 9.95929 5.75 0
    endloop
  endfacet
  facet normal -0 0 -1
    outer loop
      vertex 12.0415 8.43157 0
      vertex 9.42025 6.59613 0
      vertex 11.2609 9.44898 0
    endloop
  endfacet
  facet normal 0 0 -1
    outer loop
      vertex 8.80951 7.39206 0
      vertex 11.2609 9.44898 0
      vertex 9.42025 6.59613 0
    endloop
  endfacet
  facet normal -0 0 -1
    outer loop
      vertex 11.2609 9.44898 0
      vertex 8.80951 7.39206 0
      vertex 10.3945 10.3945 0
    endloop
  endfacet
  facet normal 0 0 -1
    outer loop
      vertex 8.13173 8.13173 0
      vertex 10.3945 10.3945 0
      vertex 8.80951 7.39206 0
    endloop
  endfacet
  facet normal -0 0 -1
    outer loop
      vertex 10.3945 10.3945 0
      vertex 8.13173 8.13173 0
      vertex 9.44898 11.2609 0
    endloop
  endfacet
  facet normal 0 0 -1
    outer loop
      vertex 7.39206 8.80951 0
      vertex 9.44898 11.2609 0
      vertex 8.13173 8.13173 0
    endloop
  endfacet
  facet normal -0 0 -1
    outer loop
      vertex 9.44898 11.2609 0
      vertex 7.39206 8.80951 0
      vertex 8.43157 12.0415 0
    endloop
  endfacet
  facet normal 0 0 -1
    outer loop
      vertex 6.59613 9.42025 0
      vertex 8.43157 12.0415 0
      vertex 7.39206 8.80951 0
    endloop
  endfacet
  facet normal -0 0 -1
    outer loop
      vertex 8.43157 12.0415 0
      vertex 6.59613 9.42025 0
      vertex 7.35 12.7306 0
    endloop
  endfacet
  facet normal 0 0 -1
    outer loop
      vertex 5.75 9.95929 0
      vertex 7.35 12.7306 0
      vertex 6.59613 9.42025 0
    endloop
  endfacet
  facet normal -0 0 -1
    outer loop
      vertex 7.35 12.7306 0
      vertex 5.75 9.95929 0
      vertex 7 12.9128 0
    endloop
  endfacet
  facet normal 0 0 -1
    outer loop
      vertex 4.86011 10.4225 0
      vertex 7 12.9128 0
      vertex 5.75 9.95929 0
    endloop
  endfacet
  facet normal 0 0 -1
    outer loop
      vertex 3.93323 10.8065 0
      vertex 7 12.9128 0
      vertex 4.86011 10.4225 0
    endloop
  endfacet
  facet normal 0 0 -1
    outer loop
      vertex 2.97642 11.1081 0
      vertex 7 12.9128 0
      vertex 3.93323 10.8065 0
    endloop
  endfacet
  facet normal 0 0 -1
    outer loop
      vertex 1.99695 11.3253 0
      vertex 7 12.9128 0
      vertex 2.97642 11.1081 0
    endloop
  endfacet
  facet normal 0 0 -1
    outer loop
      vertex 1.00229 11.4562 0
      vertex 7 12.9128 0
      vertex 1.99695 11.3253 0
    endloop
  endfacet
  facet normal 0 0 -1
    outer loop
      vertex 0 11.5 0
      vertex 7 12.9128 0
      vertex 1.00229 11.4562 0
    endloop
  endfacet
  facet normal 0 0 -1
    outer loop
      vertex -7 12.9128 0
      vertex 7 12.9128 0
      vertex 0 11.5 0
    endloop
  endfacet
  facet normal 0 0 -1
    outer loop
      vertex -7 12.9128 0
      vertex 0 11.5 0
      vertex -1.00229 11.4562 0
    endloop
  endfacet
  facet normal 0 0 -1
    outer loop
      vertex -7 12.9128 0
      vertex -1.00229 11.4562 0
      vertex -1.99695 11.3253 0
    endloop
  endfacet
  facet normal 0 0 -1
    outer loop
      vertex -7 12.9128 0
      vertex -1.99695 11.3253 0
      vertex -2.97642 11.1081 0
    endloop
  endfacet
  facet normal 0 0 -1
    outer loop
      vertex -7 12.9128 0
      vertex -2.97642 11.1081 0
      vertex -3.93323 10.8065 0
    endloop
  endfacet
  facet normal 0 0 -1
    outer loop
      vertex -7 12.9128 0
      vertex -3.93323 10.8065 0
      vertex -4.86011 10.4225 0
    endloop
  endfacet
  facet normal 0 0 -1
    outer loop
      vertex -7 12.9128 0
      vertex -4.86011 10.4225 0
      vertex -5.75 9.95929 0
    endloop
  endfacet
  facet normal 0 0 -1
    outer loop
      vertex -7.35 12.7306 0
      vertex -5.75 9.95929 0
      vertex -6.59613 9.42025 0
    endloop
  endfacet
  facet normal 0 0 -1
    outer loop
      vertex 7 12.9128 0
      vertex -7 12.9128 0
      vertex 7 61.2 0
    endloop
  endfacet
  facet normal -0 0 -1
    outer loop
      vertex 7 61.2 0
      vertex -7 12.9128 0
      vertex -7 61.2 0
    endloop
  endfacet
  facet normal 0.300685 0.953724 -0
    outer loop
      vertex 5.0277 13.8135 34
      vertex 3.80464 14.1991 40
      vertex 5.0277 13.8135 40
    endloop
  endfacet
  facet normal 0.300685 0.953724 0
    outer loop
      vertex 3.80464 14.1991 40
      vertex 5.0277 13.8135 34
      vertex 3.80464 14.1991 34
    endloop
  endfacet
  facet normal 0.130535 0.991444 -0
    outer loop
      vertex 2.55263 14.4767 34
      vertex 1.28119 14.6441 40
      vertex 2.55263 14.4767 40
    endloop
  endfacet
  facet normal 0.130535 0.991444 0
    outer loop
      vertex 1.28119 14.6441 40
      vertex 2.55263 14.4767 34
      vertex 1.28119 14.6441 34
    endloop
  endfacet
  facet normal -0.461718 -0.887027 2.51121e-06
    outer loop
      vertex -7.35 -12.7306 40
      vertex -7 -12.9128 34
      vertex -6.21249 -13.3227 40
    endloop
  endfacet
  facet normal -0.461752 -0.887009 0
    outer loop
      vertex -7.35 -12.7306 0
      vertex -7 -12.9128 34
      vertex -7.35 -12.7306 40
    endloop
  endfacet
  facet normal -0.461752 -0.887009 -0
    outer loop
      vertex -7 -12.9128 34
      vertex -7.35 -12.7306 0
      vertex -7 -12.9128 0
    endloop
  endfacet
  facet normal -0.461703 -0.887035 -0
    outer loop
      vertex -6.21249 -13.3227 40
      vertex -7 -12.9128 34
      vertex -6.21249 -13.3227 34
    endloop
  endfacet
  facet normal -0.991445 -0.130528 0
    outer loop
      vertex 11.3253 1.99695 0
      vertex 11.3322 1.94454 8.05546
      vertex 11.3253 1.99695 8.11265
    endloop
  endfacet
  facet normal -0.991434 -0.130606 -5.18799e-07
    outer loop
      vertex 11.3253 1.99695 0
      vertex 11.3555 1.76767 7.89338
      vertex 11.3322 1.94454 8.05546
    endloop
  endfacet
  facet normal -0.991483 -0.130233 1.05015e-05
    outer loop
      vertex 11.3253 1.99695 0
      vertex 11.3805 1.57733 7.74733
      vertex 11.3555 1.76767 7.89338
    endloop
  endfacet
  facet normal -0.991407 -0.130815 -2.15436e-05
    outer loop
      vertex 11.3253 1.99695 0
      vertex 11.4072 1.375 7.61843
      vertex 11.3805 1.57733 7.74733
    endloop
  endfacet
  facet normal -0.991454 -0.130459 8.04848e-06
    outer loop
      vertex 11.3253 1.99695 0
      vertex 11.4352 1.1622 7.50765
      vertex 11.4072 1.375 7.61843
    endloop
  endfacet
  facet normal -0.991451 -0.130478 -0
    outer loop
      vertex 11.4562 1.00229 7.44142
      vertex 11.3253 1.99695 0
      vertex 11.4562 1.00229 0
    endloop
  endfacet
  facet normal -0.991485 -0.13022 3.50216e-05
    outer loop
      vertex 11.3253 1.99695 0
      vertex 11.4562 1.00229 7.44142
      vertex 11.4352 1.1622 7.50765
    endloop
  endfacet
  facet normal -0.991445 -0.130528 0
    outer loop
      vertex 11.3322 1.94454 11.9445
      vertex 11.3253 1.99695 38
      vertex 11.3253 1.99695 11.8873
    endloop
  endfacet
  facet normal -0.991434 -0.130607 1.61054e-07
    outer loop
      vertex 11.3555 1.76767 12.1066
      vertex 11.3253 1.99695 38
      vertex 11.3322 1.94454 11.9445
    endloop
  endfacet
  facet normal -0.991484 -0.130228 -3.25057e-06
    outer loop
      vertex 11.3805 1.57733 12.2527
      vertex 11.3253 1.99695 38
      vertex 11.3555 1.76767 12.1066
    endloop
  endfacet
  facet normal -0.991406 -0.130824 6.6372e-06
    outer loop
      vertex 11.4072 1.375 12.3816
      vertex 11.3253 1.99695 38
      vertex 11.3805 1.57733 12.2527
    endloop
  endfacet
  facet normal -0.991454 -0.130456 -2.46407e-06
    outer loop
      vertex 11.4352 1.1622 12.4923
      vertex 11.3253 1.99695 38
      vertex 11.4072 1.375 12.3816
    endloop
  endfacet
  facet normal -0.991486 -0.13021 -1.06382e-05
    outer loop
      vertex 11.4562 1.00229 12.5586
      vertex 11.3253 1.99695 38
      vertex 11.4352 1.1622 12.4923
    endloop
  endfacet
  facet normal -0.991451 -0.130478 0
    outer loop
      vertex 11.3253 1.99695 38
      vertex 11.4562 1.00229 12.5586
      vertex 11.4562 1.00229 38
    endloop
  endfacet
  facet normal -0.999045 -0.0436936 0
    outer loop
      vertex 11.4562 1.00229 0
      vertex 11.4589 0.940555 7.41584
      vertex 11.4562 1.00229 7.44142
    endloop
  endfacet
  facet normal -0.999046 -0.0436641 2.4553e-07
    outer loop
      vertex 11.4562 1.00229 0
      vertex 11.4689 0.711752 7.3437
      vertex 11.4589 0.940555 7.41584
    endloop
  endfacet
  facet normal -0.999035 -0.043931 -1.03336e-05
    outer loop
      vertex 11.4562 1.00229 0
      vertex 11.4792 0.477532 7.29178
      vertex 11.4689 0.711752 7.3437
    endloop
  endfacet
  facet normal -0.999063 -0.0432681 3.74659e-05
    outer loop
      vertex 11.4562 1.00229 0
      vertex 11.4895 0.239677 7.26046
      vertex 11.4792 0.477532 7.29178
    endloop
  endfacet
  facet normal -0.999047 -0.0436583 -3.59587e-06
    outer loop
      vertex 11.5 0 0
      vertex 11.4895 0.239677 7.26046
      vertex 11.4562 1.00229 0
    endloop
  endfacet
  facet normal -0.999042 -0.043767 0
    outer loop
      vertex 11.4895 0.239677 7.26046
      vertex 11.5 0 0
      vertex 11.5 0 7.25
    endloop
  endfacet
  facet normal -0.999045 -0.0436936 0
    outer loop
      vertex 11.4589 0.940555 12.5842
      vertex 11.4562 1.00229 38
      vertex 11.4562 1.00229 12.5586
    endloop
  endfacet
  facet normal -0.999046 -0.0436641 -7.17741e-08
    outer loop
      vertex 11.4689 0.711752 12.6563
      vertex 11.4562 1.00229 38
      vertex 11.4589 0.940555 12.5842
    endloop
  endfacet
  facet normal -0.999034 -0.0439326 3.01291e-06
    outer loop
      vertex 11.4792 0.477532 12.7082
      vertex 11.4562 1.00229 38
      vertex 11.4689 0.711752 12.6563
    endloop
  endfacet
  facet normal -0.999064 -0.0432646 -1.08743e-05
    outer loop
      vertex 11.4895 0.239677 12.7395
      vertex 11.4562 1.00229 38
      vertex 11.4792 0.477532 12.7082
    endloop
  endfacet
  facet normal -0.999042 -0.0437668 4.31635e-06
    outer loop
      vertex 11.5 0 12.75
      vertex 11.4562 1.00229 38
      vertex 11.4895 0.239677 12.7395
    endloop
  endfacet
  facet normal -0.999047 -0.0436583 0
    outer loop
      vertex 11.4562 1.00229 38
      vertex 11.5 0 12.75
      vertex 11.5 0 38
    endloop
  endfacet
  facet normal -0.976292 -0.216456 0
    outer loop
      vertex 11.1081 2.97642 0
      vertex 11.1583 2.75 10
      vertex 11.1081 2.97642 38
    endloop
  endfacet
  facet normal -0.975232 -0.221186 -0.000112435
    outer loop
      vertex 11.1081 2.97642 0
      vertex 11.1607 2.73954 9.76032
      vertex 11.1583 2.75 10
    endloop
  endfacet
  facet normal -0.976526 -0.2154 3.49573e-05
    outer loop
      vertex 11.1081 2.97642 0
      vertex 11.1676 2.70822 9.52247
      vertex 11.1607 2.73954 9.76032
    endloop
  endfacet
  facet normal -0.976329 -0.216291 8.65552e-06
    outer loop
      vertex 11.1081 2.97642 0
      vertex 11.1791 2.6563 9.28825
      vertex 11.1676 2.70822 9.52247
    endloop
  endfacet
  facet normal -0.976282 -0.216504 9.58692e-07
    outer loop
      vertex 11.1081 2.97642 0
      vertex 11.1951 2.58415 9.05944
      vertex 11.1791 2.6563 9.28825
    endloop
  endfacet
  facet normal -0.976196 -0.216892 -1.66929e-05
    outer loop
      vertex 11.1081 2.97642 0
      vertex 11.2155 2.49235 8.8378
      vertex 11.1951 2.58415 9.05944
    endloop
  endfacet
  facet normal -0.976392 -0.216004 3.43405e-05
    outer loop
      vertex 11.1081 2.97642 0
      vertex 11.24 2.38157 8.625
      vertex 11.2155 2.49235 8.8378
    endloop
  endfacet
  facet normal -0.976261 -0.216597 -8.55727e-06
    outer loop
      vertex 11.1081 2.97642 0
      vertex 11.2686 2.25267 8.42266
      vertex 11.24 2.38157 8.625
    endloop
  endfacet
  facet normal -0.976267 -0.216569 -6.04867e-06
    outer loop
      vertex 11.1081 2.97642 0
      vertex 11.301 2.10662 8.23233
      vertex 11.2686 2.25267 8.42266
    endloop
  endfacet
  facet normal -0.976284 -0.216494 -0
    outer loop
      vertex 11.3253 1.99695 8.11265
      vertex 11.1081 2.97642 0
      vertex 11.3253 1.99695 0
    endloop
  endfacet
  facet normal -0.976317 -0.216347 1.8619e-05
    outer loop
      vertex 11.1081 2.97642 0
      vertex 11.3253 1.99695 8.11265
      vertex 11.301 2.10662 8.23233
    endloop
  endfacet
  facet normal -0.974929 -0.222514 5.14379e-05
    outer loop
      vertex 11.1607 2.73954 10.2397
      vertex 11.1081 2.97642 38
      vertex 11.1583 2.75 10
    endloop
  endfacet
  facet normal -0.97656 -0.215246 -1.36708e-05
    outer loop
      vertex 11.1676 2.70822 10.4775
      vertex 11.1081 2.97642 38
      vertex 11.1607 2.73954 10.2397
    endloop
  endfacet
  facet normal -0.976334 -0.216267 -3.23305e-06
    outer loop
      vertex 11.1791 2.6563 10.7118
      vertex 11.1081 2.97642 38
      vertex 11.1676 2.70822 10.4775
    endloop
  endfacet
  facet normal -0.976282 -0.216502 -3.48999e-07
    outer loop
      vertex 11.1951 2.58415 10.9406
      vertex 11.1081 2.97642 38
      vertex 11.1791 2.6563 10.7118
    endloop
  endfacet
  facet normal -0.97619 -0.216917 5.96426e-06
    outer loop
      vertex 11.2155 2.49235 11.1622
      vertex 11.1081 2.97642 38
      vertex 11.1951 2.58415 10.9406
    endloop
  endfacet
  facet normal -0.976401 -0.215963 -1.20799e-05
    outer loop
      vertex 11.24 2.38157 11.375
      vertex 11.1081 2.97642 38
      vertex 11.2155 2.49235 11.1622
    endloop
  endfacet
  facet normal -0.976259 -0.216605 2.9681e-06
    outer loop
      vertex 11.2686 2.25267 11.5773
      vertex 11.1081 2.97642 38
      vertex 11.24 2.38157 11.375
    endloop
  endfacet
  facet normal -0.976266 -0.216574 2.0701e-06
    outer loop
      vertex 11.301 2.10662 11.7677
      vertex 11.1081 2.97642 38
      vertex 11.2686 2.25267 11.5773
    endloop
  endfacet
  facet normal -0.976319 -0.216334 -6.28941e-06
    outer loop
      vertex 11.3253 1.99695 11.8873
      vertex 11.1081 2.97642 38
      vertex 11.301 2.10662 11.7677
    endloop
  endfacet
  facet normal -0.976284 -0.216494 0
    outer loop
      vertex 11.1081 2.97642 38
      vertex 11.3253 1.99695 11.8873
      vertex 11.3253 1.99695 38
    endloop
  endfacet
  facet normal -0.300632 0.95374 0
    outer loop
      vertex 3.93323 -10.8065 0
      vertex 2.97642 -11.1081 38
      vertex 3.93323 -10.8065 38
    endloop
  endfacet
  facet normal -0.300632 0.95374 0
    outer loop
      vertex 2.97642 -11.1081 38
      vertex 3.93323 -10.8065 0
      vertex 2.97642 -11.1081 0
    endloop
  endfacet
  facet normal 0.130478 0.991451 -0
    outer loop
      vertex -1.00229 -11.4562 0
      vertex -1.99695 -11.3253 38
      vertex -1.00229 -11.4562 38
    endloop
  endfacet
  facet normal 0.130478 0.991451 0
    outer loop
      vertex -1.99695 -11.3253 38
      vertex -1.00229 -11.4562 0
      vertex -1.99695 -11.3253 0
    endloop
  endfacet
  facet normal 0.537297 -0.843393 0
    outer loop
      vertex -6.59613 9.42025 0
      vertex -5.75 9.95929 38
      vertex -6.59613 9.42025 38
    endloop
  endfacet
  facet normal 0.537297 -0.843393 0
    outer loop
      vertex -5.75 9.95929 38
      vertex -6.59613 9.42025 0
      vertex -5.75 9.95929 0
    endloop
  endfacet
  facet normal -0.461719 0.887026 0
    outer loop
      vertex 5.75 -9.95929 0
      vertex 4.86011 -10.4225 38
      vertex 5.75 -9.95929 38
    endloop
  endfacet
  facet normal -0.461719 0.887026 0
    outer loop
      vertex 4.86011 -10.4225 38
      vertex 5.75 -9.95929 0
      vertex 4.86011 -10.4225 0
    endloop
  endfacet
  facet normal -0.991451 0.130478 0
    outer loop
      vertex 11.3253 -1.99695 0
      vertex 11.4562 -1.00229 7.44142
      vertex 11.4562 -1.00229 0
    endloop
  endfacet
  facet normal -0.991485 0.13022 3.50216e-05
    outer loop
      vertex 11.4562 -1.00229 7.44142
      vertex 11.3253 -1.99695 0
      vertex 11.4352 -1.1622 7.50765
    endloop
  endfacet
  facet normal -0.991454 0.130459 8.04848e-06
    outer loop
      vertex 11.4352 -1.1622 7.50765
      vertex 11.3253 -1.99695 0
      vertex 11.4072 -1.375 7.61843
    endloop
  endfacet
  facet normal -0.991407 0.130815 -2.15436e-05
    outer loop
      vertex 11.4072 -1.375 7.61843
      vertex 11.3253 -1.99695 0
      vertex 11.3805 -1.57733 7.74733
    endloop
  endfacet
  facet normal -0.991483 0.130233 1.05015e-05
    outer loop
      vertex 11.3805 -1.57733 7.74733
      vertex 11.3253 -1.99695 0
      vertex 11.3555 -1.76767 7.89338
    endloop
  endfacet
  facet normal -0.991434 0.130606 -5.18799e-07
    outer loop
      vertex 11.3555 -1.76767 7.89338
      vertex 11.3253 -1.99695 0
      vertex 11.3322 -1.94454 8.05546
    endloop
  endfacet
  facet normal -0.991445 0.130528 0
    outer loop
      vertex 11.3322 -1.94454 8.05546
      vertex 11.3253 -1.99695 0
      vertex 11.3253 -1.99695 8.11265
    endloop
  endfacet
  facet normal -0.991486 0.13021 -1.06382e-05
    outer loop
      vertex 11.3253 -1.99695 38
      vertex 11.4562 -1.00229 12.5586
      vertex 11.4352 -1.1622 12.4923
    endloop
  endfacet
  facet normal -0.991454 0.130456 -2.46407e-06
    outer loop
      vertex 11.3253 -1.99695 38
      vertex 11.4352 -1.1622 12.4923
      vertex 11.4072 -1.375 12.3816
    endloop
  endfacet
  facet normal -0.991406 0.130824 6.6372e-06
    outer loop
      vertex 11.3253 -1.99695 38
      vertex 11.4072 -1.375 12.3816
      vertex 11.3805 -1.57733 12.2527
    endloop
  endfacet
  facet normal -0.991484 0.130228 -3.25057e-06
    outer loop
      vertex 11.3253 -1.99695 38
      vertex 11.3805 -1.57733 12.2527
      vertex 11.3555 -1.76767 12.1066
    endloop
  endfacet
  facet normal -0.991434 0.130607 1.61054e-07
    outer loop
      vertex 11.3253 -1.99695 38
      vertex 11.3555 -1.76767 12.1066
      vertex 11.3322 -1.94454 11.9445
    endloop
  endfacet
  facet normal -0.991445 0.130528 0
    outer loop
      vertex 11.3253 -1.99695 38
      vertex 11.3322 -1.94454 11.9445
      vertex 11.3253 -1.99695 11.8873
    endloop
  endfacet
  facet normal -0.991451 0.130478 0
    outer loop
      vertex 11.4562 -1.00229 12.5586
      vertex 11.3253 -1.99695 38
      vertex 11.4562 -1.00229 38
    endloop
  endfacet
  facet normal -0.216494 -0.976284 0
    outer loop
      vertex 1.99695 11.3253 0
      vertex 2.97642 11.1081 38
      vertex 1.99695 11.3253 38
    endloop
  endfacet
  facet normal -0.216494 -0.976284 -0
    outer loop
      vertex 2.97642 11.1081 38
      vertex 1.99695 11.3253 0
      vertex 2.97642 11.1081 0
    endloop
  endfacet
  facet normal -0.216494 0.976284 0
    outer loop
      vertex 2.97642 -11.1081 0
      vertex 1.99695 -11.3253 38
      vertex 2.97642 -11.1081 38
    endloop
  endfacet
  facet normal -0.216494 0.976284 0
    outer loop
      vertex 1.99695 -11.3253 38
      vertex 2.97642 -11.1081 0
      vertex 1.99695 -11.3253 0
    endloop
  endfacet
  facet normal 0.382746 0.923854 -0
    outer loop
      vertex -3.93323 -10.8065 0
      vertex -4.86011 -10.4225 38
      vertex -3.93323 -10.8065 38
    endloop
  endfacet
  facet normal 0.382746 0.923854 0
    outer loop
      vertex -4.86011 -10.4225 38
      vertex -3.93323 -10.8065 0
      vertex -4.86011 -10.4225 0
    endloop
  endfacet
  facet normal 0.300632 -0.95374 0
    outer loop
      vertex -3.93323 10.8065 0
      vertex -2.97642 11.1081 38
      vertex -3.93323 10.8065 38
    endloop
  endfacet
  facet normal 0.300632 -0.95374 0
    outer loop
      vertex -2.97642 11.1081 38
      vertex -3.93323 10.8065 0
      vertex -2.97642 11.1081 0
    endloop
  endfacet
  facet normal 0.923854 0.382746 0
    outer loop
      vertex -10.4225 -4.86011 38
      vertex -10.8065 -3.93323 0
      vertex -10.8065 -3.93323 38
    endloop
  endfacet
  facet normal 0.923854 0.382746 0
    outer loop
      vertex -10.8065 -3.93323 0
      vertex -10.4225 -4.86011 38
      vertex -10.4225 -4.86011 0
    endloop
  endfacet
  facet normal -0.793353 0.608762 0
    outer loop
      vertex 8.80951 -7.39206 0
      vertex 9.42025 -6.59613 38
      vertex 9.42025 -6.59613 0
    endloop
  endfacet
  facet normal -0.793353 0.608762 0
    outer loop
      vertex 9.42025 -6.59613 38
      vertex 8.80951 -7.39206 0
      vertex 8.80951 -7.39206 38
    endloop
  endfacet
  facet normal 0.991485 0.13022 3.50216e-05
    outer loop
      vertex -11.3253 -1.99695 0
      vertex -11.4562 -1.00229 7.44142
      vertex -11.4352 -1.1622 7.50765
    endloop
  endfacet
  facet normal 0.991454 0.130459 8.04848e-06
    outer loop
      vertex -11.3253 -1.99695 0
      vertex -11.4352 -1.1622 7.50765
      vertex -11.4072 -1.375 7.61843
    endloop
  endfacet
  facet normal 0.991407 0.130815 -2.15436e-05
    outer loop
      vertex -11.3253 -1.99695 0
      vertex -11.4072 -1.375 7.61843
      vertex -11.3805 -1.57733 7.74733
    endloop
  endfacet
  facet normal 0.991483 0.130233 1.05015e-05
    outer loop
      vertex -11.3253 -1.99695 0
      vertex -11.3805 -1.57733 7.74733
      vertex -11.3555 -1.76767 7.89338
    endloop
  endfacet
  facet normal 0.991434 0.130606 -5.18799e-07
    outer loop
      vertex -11.3253 -1.99695 0
      vertex -11.3555 -1.76767 7.89338
      vertex -11.3322 -1.94454 8.05546
    endloop
  endfacet
  facet normal 0.991445 0.130528 -0
    outer loop
      vertex -11.3253 -1.99695 0
      vertex -11.3322 -1.94454 8.05546
      vertex -11.3253 -1.99695 8.11265
    endloop
  endfacet
  facet normal 0.991451 0.130478 0
    outer loop
      vertex -11.4562 -1.00229 7.44142
      vertex -11.3253 -1.99695 0
      vertex -11.4562 -1.00229 0
    endloop
  endfacet
  facet normal 0.991451 0.130478 0
    outer loop
      vertex -11.3253 -1.99695 38
      vertex -11.4562 -1.00229 12.5586
      vertex -11.4562 -1.00229 38
    endloop
  endfacet
  facet normal 0.991486 0.13021 -1.06382e-05
    outer loop
      vertex -11.4562 -1.00229 12.5586
      vertex -11.3253 -1.99695 38
      vertex -11.4352 -1.1622 12.4923
    endloop
  endfacet
  facet normal 0.991454 0.130456 -2.46407e-06
    outer loop
      vertex -11.4352 -1.1622 12.4923
      vertex -11.3253 -1.99695 38
      vertex -11.4072 -1.375 12.3816
    endloop
  endfacet
  facet normal 0.991406 0.130824 6.6372e-06
    outer loop
      vertex -11.4072 -1.375 12.3816
      vertex -11.3253 -1.99695 38
      vertex -11.3805 -1.57733 12.2527
    endloop
  endfacet
  facet normal 0.991484 0.130228 -3.25057e-06
    outer loop
      vertex -11.3805 -1.57733 12.2527
      vertex -11.3253 -1.99695 38
      vertex -11.3555 -1.76767 12.1066
    endloop
  endfacet
  facet normal 0.991434 0.130607 1.61054e-07
    outer loop
      vertex -11.3555 -1.76767 12.1066
      vertex -11.3253 -1.99695 38
      vertex -11.3322 -1.94454 11.9445
    endloop
  endfacet
  facet normal 0.991445 0.130528 0
    outer loop
      vertex -11.3322 -1.94454 11.9445
      vertex -11.3253 -1.99695 38
      vertex -11.3253 -1.99695 11.8873
    endloop
  endfacet
  facet normal -0.537297 0.843393 0
    outer loop
      vertex 6.59613 -9.42025 0
      vertex 5.75 -9.95929 38
      vertex 6.59613 -9.42025 38
    endloop
  endfacet
  facet normal -0.537297 0.843393 0
    outer loop
      vertex 5.75 -9.95929 38
      vertex 6.59613 -9.42025 0
      vertex 5.75 -9.95929 0
    endloop
  endfacet
  facet normal -0.0436583 -0.999047 0
    outer loop
      vertex 0 11.5 0
      vertex 1.00229 11.4562 38
      vertex 0 11.5 38
    endloop
  endfacet
  facet normal -0.0436583 -0.999047 -0
    outer loop
      vertex 1.00229 11.4562 38
      vertex 0 11.5 0
      vertex 1.00229 11.4562 0
    endloop
  endfacet
  facet normal -0.0436583 0.999047 0
    outer loop
      vertex 1.00229 -11.4562 0
      vertex 0 -11.5 38
      vertex 1.00229 -11.4562 38
    endloop
  endfacet
  facet normal -0.0436583 0.999047 0
    outer loop
      vertex 0 -11.5 38
      vertex 1.00229 -11.4562 0
      vertex 0 -11.5 0
    endloop
  endfacet
  facet normal -0.887026 0.461719 0
    outer loop
      vertex 9.95929 -5.75 0
      vertex 10.4225 -4.86011 38
      vertex 10.4225 -4.86011 0
    endloop
  endfacet
  facet normal -0.887026 0.461719 0
    outer loop
      vertex 10.4225 -4.86011 38
      vertex 9.95929 -5.75 0
      vertex 9.95929 -5.75 38
    endloop
  endfacet
  facet normal -0.537297 -0.843393 0
    outer loop
      vertex 5.75 9.95929 0
      vertex 6.59613 9.42025 38
      vertex 5.75 9.95929 38
    endloop
  endfacet
  facet normal -0.537297 -0.843393 -0
    outer loop
      vertex 6.59613 9.42025 38
      vertex 5.75 9.95929 0
      vertex 6.59613 9.42025 0
    endloop
  endfacet
  facet normal -0.976284 0.216494 0
    outer loop
      vertex 11.1081 -2.97642 0
      vertex 11.3253 -1.99695 8.11265
      vertex 11.3253 -1.99695 0
    endloop
  endfacet
  facet normal -0.976317 0.216347 1.8619e-05
    outer loop
      vertex 11.3253 -1.99695 8.11265
      vertex 11.1081 -2.97642 0
      vertex 11.301 -2.10662 8.23233
    endloop
  endfacet
  facet normal -0.976267 0.216569 -6.04867e-06
    outer loop
      vertex 11.301 -2.10662 8.23233
      vertex 11.1081 -2.97642 0
      vertex 11.2686 -2.25267 8.42266
    endloop
  endfacet
  facet normal -0.976261 0.216597 -8.55727e-06
    outer loop
      vertex 11.2686 -2.25267 8.42266
      vertex 11.1081 -2.97642 0
      vertex 11.24 -2.38157 8.625
    endloop
  endfacet
  facet normal -0.976392 0.216004 3.43405e-05
    outer loop
      vertex 11.24 -2.38157 8.625
      vertex 11.1081 -2.97642 0
      vertex 11.2155 -2.49235 8.8378
    endloop
  endfacet
  facet normal -0.976196 0.216892 -1.66929e-05
    outer loop
      vertex 11.2155 -2.49235 8.8378
      vertex 11.1081 -2.97642 0
      vertex 11.1951 -2.58415 9.05944
    endloop
  endfacet
  facet normal -0.976282 0.216504 9.58692e-07
    outer loop
      vertex 11.1951 -2.58415 9.05944
      vertex 11.1081 -2.97642 0
      vertex 11.1791 -2.6563 9.28825
    endloop
  endfacet
  facet normal -0.976329 0.216291 8.65552e-06
    outer loop
      vertex 11.1791 -2.6563 9.28825
      vertex 11.1081 -2.97642 0
      vertex 11.1676 -2.70822 9.52247
    endloop
  endfacet
  facet normal -0.975232 0.221186 -0.000112435
    outer loop
      vertex 11.1607 -2.73954 9.76032
      vertex 11.1081 -2.97642 0
      vertex 11.1583 -2.75 10
    endloop
  endfacet
  facet normal -0.976526 0.2154 3.49573e-05
    outer loop
      vertex 11.1676 -2.70822 9.52247
      vertex 11.1081 -2.97642 0
      vertex 11.1607 -2.73954 9.76032
    endloop
  endfacet
  facet normal -0.976319 0.216334 -6.28941e-06
    outer loop
      vertex 11.1081 -2.97642 38
      vertex 11.3253 -1.99695 11.8873
      vertex 11.301 -2.10662 11.7677
    endloop
  endfacet
  facet normal -0.976266 0.216574 2.0701e-06
    outer loop
      vertex 11.1081 -2.97642 38
      vertex 11.301 -2.10662 11.7677
      vertex 11.2686 -2.25267 11.5773
    endloop
  endfacet
  facet normal -0.976259 0.216605 2.9681e-06
    outer loop
      vertex 11.1081 -2.97642 38
      vertex 11.2686 -2.25267 11.5773
      vertex 11.24 -2.38157 11.375
    endloop
  endfacet
  facet normal -0.976401 0.215963 -1.20799e-05
    outer loop
      vertex 11.1081 -2.97642 38
      vertex 11.24 -2.38157 11.375
      vertex 11.2155 -2.49235 11.1622
    endloop
  endfacet
  facet normal -0.97619 0.216917 5.96426e-06
    outer loop
      vertex 11.1081 -2.97642 38
      vertex 11.2155 -2.49235 11.1622
      vertex 11.1951 -2.58415 10.9406
    endloop
  endfacet
  facet normal -0.976282 0.216502 -3.48999e-07
    outer loop
      vertex 11.1081 -2.97642 38
      vertex 11.1951 -2.58415 10.9406
      vertex 11.1791 -2.6563 10.7118
    endloop
  endfacet
  facet normal -0.976334 0.216267 -3.23305e-06
    outer loop
      vertex 11.1081 -2.97642 38
      vertex 11.1791 -2.6563 10.7118
      vertex 11.1676 -2.70822 10.4775
    endloop
  endfacet
  facet normal -0.97656 0.215246 -1.36708e-05
    outer loop
      vertex 11.1081 -2.97642 38
      vertex 11.1676 -2.70822 10.4775
      vertex 11.1607 -2.73954 10.2397
    endloop
  endfacet
  facet normal -0.974929 0.222514 5.14379e-05
    outer loop
      vertex 11.1081 -2.97642 38
      vertex 11.1607 -2.73954 10.2397
      vertex 11.1583 -2.75 10
    endloop
  endfacet
  facet normal -0.976284 0.216494 0
    outer loop
      vertex 11.3253 -1.99695 11.8873
      vertex 11.1081 -2.97642 38
      vertex 11.3253 -1.99695 38
    endloop
  endfacet
  facet normal -0.976292 0.216456 0
    outer loop
      vertex 11.1081 -2.97642 38
      vertex 11.1583 -2.75 10
      vertex 11.1081 -2.97642 0
    endloop
  endfacet
  facet normal -0.95374 -0.300632 0
    outer loop
      vertex 11.1081 2.97642 0
      vertex 10.8065 3.93323 38
      vertex 10.8065 3.93323 0
    endloop
  endfacet
  facet normal -0.95374 -0.300632 0
    outer loop
      vertex 10.8065 3.93323 38
      vertex 11.1081 2.97642 0
      vertex 11.1081 2.97642 38
    endloop
  endfacet
  facet normal 0.608762 -0.793353 0
    outer loop
      vertex -7.39206 8.80951 0
      vertex -6.59613 9.42025 38
      vertex -7.39206 8.80951 38
    endloop
  endfacet
  facet normal 0.608762 -0.793353 0
    outer loop
      vertex -6.59613 9.42025 38
      vertex -7.39206 8.80951 0
      vertex -6.59613 9.42025 0
    endloop
  endfacet
  facet normal 0.793353 0.608762 0
    outer loop
      vertex -8.80951 -7.39206 38
      vertex -9.42025 -6.59613 0
      vertex -9.42025 -6.59613 38
    endloop
  endfacet
  facet normal 0.793353 0.608762 0
    outer loop
      vertex -9.42025 -6.59613 0
      vertex -8.80951 -7.39206 38
      vertex -8.80951 -7.39206 0
    endloop
  endfacet
  facet normal -0.461719 -0.887026 0
    outer loop
      vertex 4.86011 10.4225 0
      vertex 5.75 9.95929 38
      vertex 4.86011 10.4225 38
    endloop
  endfacet
  facet normal -0.461719 -0.887026 -0
    outer loop
      vertex 5.75 9.95929 38
      vertex 4.86011 10.4225 0
      vertex 5.75 9.95929 0
    endloop
  endfacet
  facet normal 0.216494 -0.976284 0
    outer loop
      vertex -2.97642 11.1081 0
      vertex -1.99695 11.3253 38
      vertex -2.97642 11.1081 38
    endloop
  endfacet
  facet normal 0.216494 -0.976284 0
    outer loop
      vertex -1.99695 11.3253 38
      vertex -2.97642 11.1081 0
      vertex -1.99695 11.3253 0
    endloop
  endfacet
  facet normal -0.608762 -0.793353 0
    outer loop
      vertex 6.59613 9.42025 0
      vertex 7.39206 8.80951 38
      vertex 6.59613 9.42025 38
    endloop
  endfacet
  facet normal -0.608762 -0.793353 -0
    outer loop
      vertex 7.39206 8.80951 38
      vertex 6.59613 9.42025 0
      vertex 7.39206 8.80951 0
    endloop
  endfacet
  facet normal -0.999042 0.043767 0
    outer loop
      vertex 11.5 0 0
      vertex 11.4895 -0.239677 7.26046
      vertex 11.5 0 7.25
    endloop
  endfacet
  facet normal -0.999047 0.0436583 -3.59587e-06
    outer loop
      vertex 11.4562 -1.00229 0
      vertex 11.4895 -0.239677 7.26046
      vertex 11.5 0 0
    endloop
  endfacet
  facet normal -0.999063 0.0432681 3.74659e-05
    outer loop
      vertex 11.4895 -0.239677 7.26046
      vertex 11.4562 -1.00229 0
      vertex 11.4792 -0.477532 7.29178
    endloop
  endfacet
  facet normal -0.999035 0.043931 -1.03336e-05
    outer loop
      vertex 11.4792 -0.477532 7.29178
      vertex 11.4562 -1.00229 0
      vertex 11.4689 -0.711752 7.3437
    endloop
  endfacet
  facet normal -0.999046 0.0436641 2.4553e-07
    outer loop
      vertex 11.4689 -0.711752 7.3437
      vertex 11.4562 -1.00229 0
      vertex 11.4589 -0.940555 7.41584
    endloop
  endfacet
  facet normal -0.999045 0.0436936 0
    outer loop
      vertex 11.4589 -0.940555 7.41584
      vertex 11.4562 -1.00229 0
      vertex 11.4562 -1.00229 7.44142
    endloop
  endfacet
  facet normal -0.999042 0.0437668 4.31635e-06
    outer loop
      vertex 11.4562 -1.00229 38
      vertex 11.5 0 12.75
      vertex 11.4895 -0.239677 12.7395
    endloop
  endfacet
  facet normal -0.999064 0.0432646 -1.08743e-05
    outer loop
      vertex 11.4562 -1.00229 38
      vertex 11.4895 -0.239677 12.7395
      vertex 11.4792 -0.477532 12.7082
    endloop
  endfacet
  facet normal -0.999034 0.0439326 3.01291e-06
    outer loop
      vertex 11.4562 -1.00229 38
      vertex 11.4792 -0.477532 12.7082
      vertex 11.4689 -0.711752 12.6563
    endloop
  endfacet
  facet normal -0.999046 0.0436641 -7.17741e-08
    outer loop
      vertex 11.4562 -1.00229 38
      vertex 11.4689 -0.711752 12.6563
      vertex 11.4589 -0.940555 12.5842
    endloop
  endfacet
  facet normal -0.999045 0.0436936 0
    outer loop
      vertex 11.4562 -1.00229 38
      vertex 11.4589 -0.940555 12.5842
      vertex 11.4562 -1.00229 12.5586
    endloop
  endfacet
  facet normal -0.999047 0.0436583 0
    outer loop
      vertex 11.5 0 12.75
      vertex 11.4562 -1.00229 38
      vertex 11.5 0 38
    endloop
  endfacet
  facet normal 0.793353 -0.608762 0
    outer loop
      vertex -9.42025 6.59613 38
      vertex -8.80951 7.39206 0
      vertex -8.80951 7.39206 38
    endloop
  endfacet
  facet normal 0.793353 -0.608762 0
    outer loop
      vertex -8.80951 7.39206 0
      vertex -9.42025 6.59613 38
      vertex -9.42025 6.59613 0
    endloop
  endfacet
  facet normal 0.461719 -0.887026 0
    outer loop
      vertex -5.75 9.95929 0
      vertex -4.86011 10.4225 38
      vertex -5.75 9.95929 38
    endloop
  endfacet
  facet normal 0.461719 -0.887026 0
    outer loop
      vertex -4.86011 10.4225 38
      vertex -5.75 9.95929 0
      vertex -4.86011 10.4225 0
    endloop
  endfacet
  facet normal -0.737279 -0.675589 0
    outer loop
      vertex 8.80951 7.39206 0
      vertex 8.13173 8.13173 38
      vertex 8.13173 8.13173 0
    endloop
  endfacet
  facet normal -0.737279 -0.675589 0
    outer loop
      vertex 8.13173 8.13173 38
      vertex 8.80951 7.39206 0
      vertex 8.80951 7.39206 38
    endloop
  endfacet
  facet normal -0.923854 -0.382746 0
    outer loop
      vertex 10.8065 3.93323 0
      vertex 10.4225 4.86011 38
      vertex 10.4225 4.86011 0
    endloop
  endfacet
  facet normal -0.923854 -0.382746 0
    outer loop
      vertex 10.4225 4.86011 38
      vertex 10.8065 3.93323 0
      vertex 10.8065 3.93323 38
    endloop
  endfacet
  facet normal 0.300632 0.95374 -0
    outer loop
      vertex -2.97642 -11.1081 0
      vertex -3.93323 -10.8065 38
      vertex -2.97642 -11.1081 38
    endloop
  endfacet
  facet normal 0.300632 0.95374 0
    outer loop
      vertex -3.93323 -10.8065 38
      vertex -2.97642 -11.1081 0
      vertex -3.93323 -10.8065 0
    endloop
  endfacet
  facet normal 0.608762 0.793353 -0
    outer loop
      vertex -6.59613 -9.42025 0
      vertex -7.39206 -8.80951 38
      vertex -6.59613 -9.42025 38
    endloop
  endfacet
  facet normal 0.608762 0.793353 0
    outer loop
      vertex -7.39206 -8.80951 38
      vertex -6.59613 -9.42025 0
      vertex -7.39206 -8.80951 0
    endloop
  endfacet
  facet normal -0.843393 0.537297 0
    outer loop
      vertex 9.42025 -6.59613 0
      vertex 9.95929 -5.75 38
      vertex 9.95929 -5.75 0
    endloop
  endfacet
  facet normal -0.843393 0.537297 0
    outer loop
      vertex 9.95929 -5.75 38
      vertex 9.42025 -6.59613 0
      vertex 9.42025 -6.59613 38
    endloop
  endfacet
  facet normal 0.95374 -0.300632 0
    outer loop
      vertex -11.1081 2.97642 38
      vertex -10.8065 3.93323 0
      vertex -10.8065 3.93323 38
    endloop
  endfacet
  facet normal 0.95374 -0.300632 0
    outer loop
      vertex -10.8065 3.93323 0
      vertex -11.1081 2.97642 38
      vertex -11.1081 2.97642 0
    endloop
  endfacet
  facet normal 0.216494 0.976284 -0
    outer loop
      vertex -1.99695 -11.3253 0
      vertex -2.97642 -11.1081 38
      vertex -1.99695 -11.3253 38
    endloop
  endfacet
  facet normal 0.216494 0.976284 0
    outer loop
      vertex -2.97642 -11.1081 38
      vertex -1.99695 -11.3253 0
      vertex -2.97642 -11.1081 0
    endloop
  endfacet
  facet normal 0.675589 0.737279 -0
    outer loop
      vertex -7.39206 -8.80951 0
      vertex -8.13173 -8.13173 38
      vertex -7.39206 -8.80951 38
    endloop
  endfacet
  facet normal 0.675589 0.737279 0
    outer loop
      vertex -8.13173 -8.13173 38
      vertex -7.39206 -8.80951 0
      vertex -8.13173 -8.13173 0
    endloop
  endfacet
  facet normal -0.382746 -0.923854 0
    outer loop
      vertex 3.93323 10.8065 0
      vertex 4.86011 10.4225 38
      vertex 3.93323 10.8065 38
    endloop
  endfacet
  facet normal -0.382746 -0.923854 -0
    outer loop
      vertex 4.86011 10.4225 38
      vertex 3.93323 10.8065 0
      vertex 4.86011 10.4225 0
    endloop
  endfacet
  facet normal -0.793353 -0.608762 0
    outer loop
      vertex 9.42025 6.59613 0
      vertex 8.80951 7.39206 38
      vertex 8.80951 7.39206 0
    endloop
  endfacet
  facet normal -0.793353 -0.608762 0
    outer loop
      vertex 8.80951 7.39206 38
      vertex 9.42025 6.59613 0
      vertex 9.42025 6.59613 38
    endloop
  endfacet
  facet normal -0.675589 -0.737279 0
    outer loop
      vertex 7.39206 8.80951 0
      vertex 8.13173 8.13173 38
      vertex 7.39206 8.80951 38
    endloop
  endfacet
  facet normal -0.675589 -0.737279 -0
    outer loop
      vertex 8.13173 8.13173 38
      vertex 7.39206 8.80951 0
      vertex 8.13173 8.13173 0
    endloop
  endfacet
  facet normal -0.608762 0.793353 0
    outer loop
      vertex 7.39206 -8.80951 0
      vertex 6.59613 -9.42025 38
      vertex 7.39206 -8.80951 38
    endloop
  endfacet
  facet normal -0.608762 0.793353 0
    outer loop
      vertex 6.59613 -9.42025 38
      vertex 7.39206 -8.80951 0
      vertex 6.59613 -9.42025 0
    endloop
  endfacet
  facet normal 0.95374 0.300632 0
    outer loop
      vertex -10.8065 -3.93323 38
      vertex -11.1081 -2.97642 0
      vertex -11.1081 -2.97642 38
    endloop
  endfacet
  facet normal 0.95374 0.300632 0
    outer loop
      vertex -11.1081 -2.97642 0
      vertex -10.8065 -3.93323 38
      vertex -10.8065 -3.93323 0
    endloop
  endfacet
  facet normal -0.887026 -0.461719 0
    outer loop
      vertex 10.4225 4.86011 0
      vertex 9.95929 5.75 38
      vertex 9.95929 5.75 0
    endloop
  endfacet
  facet normal -0.887026 -0.461719 0
    outer loop
      vertex 9.95929 5.75 38
      vertex 10.4225 4.86011 0
      vertex 10.4225 4.86011 38
    endloop
  endfacet
  facet normal 0.737279 -0.675589 0
    outer loop
      vertex -8.80951 7.39206 38
      vertex -8.13173 8.13173 0
      vertex -8.13173 8.13173 38
    endloop
  endfacet
  facet normal 0.737279 -0.675589 0
    outer loop
      vertex -8.13173 8.13173 0
      vertex -8.80951 7.39206 38
      vertex -8.80951 7.39206 0
    endloop
  endfacet
  facet normal -0.382746 0.923854 0
    outer loop
      vertex 4.86011 -10.4225 0
      vertex 3.93323 -10.8065 38
      vertex 4.86011 -10.4225 38
    endloop
  endfacet
  facet normal -0.382746 0.923854 0
    outer loop
      vertex 3.93323 -10.8065 38
      vertex 4.86011 -10.4225 0
      vertex 3.93323 -10.8065 0
    endloop
  endfacet
  facet normal -0.843393 -0.537297 0
    outer loop
      vertex 9.95929 5.75 0
      vertex 9.42025 6.59613 38
      vertex 9.42025 6.59613 0
    endloop
  endfacet
  facet normal -0.843393 -0.537297 0
    outer loop
      vertex 9.42025 6.59613 38
      vertex 9.95929 5.75 0
      vertex 9.95929 5.75 38
    endloop
  endfacet
  facet normal 0.923854 -0.382746 0
    outer loop
      vertex -10.8065 3.93323 38
      vertex -10.4225 4.86011 0
      vertex -10.4225 4.86011 38
    endloop
  endfacet
  facet normal 0.923854 -0.382746 0
    outer loop
      vertex -10.4225 4.86011 0
      vertex -10.8065 3.93323 38
      vertex -10.8065 3.93323 0
    endloop
  endfacet
  facet normal -0.130478 -0.991451 0
    outer loop
      vertex 1.00229 11.4562 0
      vertex 1.99695 11.3253 38
      vertex 1.00229 11.4562 38
    endloop
  endfacet
  facet normal -0.130478 -0.991451 -0
    outer loop
      vertex 1.99695 11.3253 38
      vertex 1.00229 11.4562 0
      vertex 1.99695 11.3253 0
    endloop
  endfacet
  facet normal 0.887026 0.461719 0
    outer loop
      vertex -9.95929 -5.75 38
      vertex -10.4225 -4.86011 0
      vertex -10.4225 -4.86011 38
    endloop
  endfacet
  facet normal 0.887026 0.461719 0
    outer loop
      vertex -10.4225 -4.86011 0
      vertex -9.95929 -5.75 38
      vertex -9.95929 -5.75 0
    endloop
  endfacet
  facet normal 0.843393 -0.537297 0
    outer loop
      vertex -9.95929 5.75 38
      vertex -9.42025 6.59613 0
      vertex -9.42025 6.59613 38
    endloop
  endfacet
  facet normal 0.843393 -0.537297 0
    outer loop
      vertex -9.42025 6.59613 0
      vertex -9.95929 5.75 38
      vertex -9.95929 5.75 0
    endloop
  endfacet
  facet normal 0.675589 -0.737279 0
    outer loop
      vertex -8.13173 8.13173 0
      vertex -7.39206 8.80951 38
      vertex -8.13173 8.13173 38
    endloop
  endfacet
  facet normal 0.675589 -0.737279 0
    outer loop
      vertex -7.39206 8.80951 38
      vertex -8.13173 8.13173 0
      vertex -7.39206 8.80951 0
    endloop
  endfacet
  facet normal 0.0436583 0.999047 -0
    outer loop
      vertex 0 -11.5 0
      vertex -1.00229 -11.4562 38
      vertex 0 -11.5 38
    endloop
  endfacet
  facet normal 0.0436583 0.999047 0
    outer loop
      vertex -1.00229 -11.4562 38
      vertex 0 -11.5 0
      vertex -1.00229 -11.4562 0
    endloop
  endfacet
  facet normal 0.382746 -0.923854 0
    outer loop
      vertex -4.86011 10.4225 0
      vertex -3.93323 10.8065 38
      vertex -4.86011 10.4225 38
    endloop
  endfacet
  facet normal 0.382746 -0.923854 0
    outer loop
      vertex -3.93323 10.8065 38
      vertex -4.86011 10.4225 0
      vertex -3.93323 10.8065 0
    endloop
  endfacet
  facet normal -0.130478 0.991451 0
    outer loop
      vertex 1.99695 -11.3253 0
      vertex 1.00229 -11.4562 38
      vertex 1.99695 -11.3253 38
    endloop
  endfacet
  facet normal -0.130478 0.991451 0
    outer loop
      vertex 1.00229 -11.4562 38
      vertex 1.99695 -11.3253 0
      vertex 1.00229 -11.4562 0
    endloop
  endfacet
  facet normal -0.737279 0.675589 0
    outer loop
      vertex 8.13173 -8.13173 0
      vertex 8.80951 -7.39206 38
      vertex 8.80951 -7.39206 0
    endloop
  endfacet
  facet normal -0.737279 0.675589 0
    outer loop
      vertex 8.80951 -7.39206 38
      vertex 8.13173 -8.13173 0
      vertex 8.13173 -8.13173 38
    endloop
  endfacet
  facet normal 0.737279 0.675589 0
    outer loop
      vertex -8.13173 -8.13173 38
      vertex -8.80951 -7.39206 0
      vertex -8.80951 -7.39206 38
    endloop
  endfacet
  facet normal 0.737279 0.675589 0
    outer loop
      vertex -8.80951 -7.39206 0
      vertex -8.13173 -8.13173 38
      vertex -8.13173 -8.13173 0
    endloop
  endfacet
  facet normal 0.976284 0.216494 0
    outer loop
      vertex -11.1081 -2.97642 38
      vertex -11.3253 -1.99695 11.8873
      vertex -11.3253 -1.99695 38
    endloop
  endfacet
  facet normal 0.976319 0.216334 -6.28941e-06
    outer loop
      vertex -11.3253 -1.99695 11.8873
      vertex -11.1081 -2.97642 38
      vertex -11.301 -2.10662 11.7677
    endloop
  endfacet
  facet normal 0.976266 0.216574 2.0701e-06
    outer loop
      vertex -11.301 -2.10662 11.7677
      vertex -11.1081 -2.97642 38
      vertex -11.2686 -2.25267 11.5773
    endloop
  endfacet
  facet normal 0.976259 0.216605 2.9681e-06
    outer loop
      vertex -11.2686 -2.25267 11.5773
      vertex -11.1081 -2.97642 38
      vertex -11.24 -2.38157 11.375
    endloop
  endfacet
  facet normal 0.976401 0.215963 -1.20799e-05
    outer loop
      vertex -11.24 -2.38157 11.375
      vertex -11.1081 -2.97642 38
      vertex -11.2155 -2.49235 11.1622
    endloop
  endfacet
  facet normal 0.97619 0.216917 5.96426e-06
    outer loop
      vertex -11.2155 -2.49235 11.1622
      vertex -11.1081 -2.97642 38
      vertex -11.1951 -2.58415 10.9406
    endloop
  endfacet
  facet normal 0.976282 0.216502 -3.48999e-07
    outer loop
      vertex -11.1951 -2.58415 10.9406
      vertex -11.1081 -2.97642 38
      vertex -11.1791 -2.6563 10.7118
    endloop
  endfacet
  facet normal 0.976334 0.216267 -3.23305e-06
    outer loop
      vertex -11.1791 -2.6563 10.7118
      vertex -11.1081 -2.97642 38
      vertex -11.1676 -2.70822 10.4775
    endloop
  endfacet
  facet normal 0.97656 0.215246 -1.36708e-05
    outer loop
      vertex -11.1676 -2.70822 10.4775
      vertex -11.1081 -2.97642 38
      vertex -11.1607 -2.73954 10.2397
    endloop
  endfacet
  facet normal 0.974929 0.222514 5.14379e-05
    outer loop
      vertex -11.1607 -2.73954 10.2397
      vertex -11.1081 -2.97642 38
      vertex -11.1583 -2.75 10
    endloop
  endfacet
  facet normal 0.976317 0.216347 1.8619e-05
    outer loop
      vertex -11.1081 -2.97642 0
      vertex -11.3253 -1.99695 8.11265
      vertex -11.301 -2.10662 8.23233
    endloop
  endfacet
  facet normal 0.976267 0.216569 -6.04867e-06
    outer loop
      vertex -11.1081 -2.97642 0
      vertex -11.301 -2.10662 8.23233
      vertex -11.2686 -2.25267 8.42266
    endloop
  endfacet
  facet normal 0.976261 0.216597 -8.55727e-06
    outer loop
      vertex -11.1081 -2.97642 0
      vertex -11.2686 -2.25267 8.42266
      vertex -11.24 -2.38157 8.625
    endloop
  endfacet
  facet normal 0.976392 0.216004 3.43405e-05
    outer loop
      vertex -11.1081 -2.97642 0
      vertex -11.24 -2.38157 8.625
      vertex -11.2155 -2.49235 8.8378
    endloop
  endfacet
  facet normal 0.976196 0.216892 -1.66929e-05
    outer loop
      vertex -11.1081 -2.97642 0
      vertex -11.2155 -2.49235 8.8378
      vertex -11.1951 -2.58415 9.05944
    endloop
  endfacet
  facet normal 0.976282 0.216504 9.58692e-07
    outer loop
      vertex -11.1081 -2.97642 0
      vertex -11.1951 -2.58415 9.05944
      vertex -11.1791 -2.6563 9.28825
    endloop
  endfacet
  facet normal 0.976329 0.216291 8.65552e-06
    outer loop
      vertex -11.1081 -2.97642 0
      vertex -11.1791 -2.6563 9.28825
      vertex -11.1676 -2.70822 9.52247
    endloop
  endfacet
  facet normal 0.976526 0.2154 3.49573e-05
    outer loop
      vertex -11.1081 -2.97642 0
      vertex -11.1676 -2.70822 9.52247
      vertex -11.1607 -2.73954 9.76032
    endloop
  endfacet
  facet normal 0.976284 0.216494 0
    outer loop
      vertex -11.3253 -1.99695 8.11265
      vertex -11.1081 -2.97642 0
      vertex -11.3253 -1.99695 0
    endloop
  endfacet
  facet normal 0.975232 0.221186 -0.000112435
    outer loop
      vertex -11.1583 -2.75 10
      vertex -11.1081 -2.97642 0
      vertex -11.1607 -2.73954 9.76032
    endloop
  endfacet
  facet normal 0.976292 0.216456 -0
    outer loop
      vertex -11.1081 -2.97642 0
      vertex -11.1583 -2.75 10
      vertex -11.1081 -2.97642 38
    endloop
  endfacet
  facet normal 0.999042 0.043767 0
    outer loop
      vertex -11.4895 -0.239677 7.26046
      vertex -11.5 0 0
      vertex -11.5 0 7.25
    endloop
  endfacet
  facet normal 0.999063 0.0432681 3.74659e-05
    outer loop
      vertex -11.4562 -1.00229 0
      vertex -11.4895 -0.239677 7.26046
      vertex -11.4792 -0.477532 7.29178
    endloop
  endfacet
  facet normal 0.999035 0.043931 -1.03336e-05
    outer loop
      vertex -11.4562 -1.00229 0
      vertex -11.4792 -0.477532 7.29178
      vertex -11.4689 -0.711752 7.3437
    endloop
  endfacet
  facet normal 0.999046 0.0436641 2.4553e-07
    outer loop
      vertex -11.4562 -1.00229 0
      vertex -11.4689 -0.711752 7.3437
      vertex -11.4589 -0.940555 7.41584
    endloop
  endfacet
  facet normal 0.999045 0.0436936 -0
    outer loop
      vertex -11.4562 -1.00229 0
      vertex -11.4589 -0.940555 7.41584
      vertex -11.4562 -1.00229 7.44142
    endloop
  endfacet
  facet normal 0.999047 0.0436583 -3.59587e-06
    outer loop
      vertex -11.4895 -0.239677 7.26046
      vertex -11.4562 -1.00229 0
      vertex -11.5 0 0
    endloop
  endfacet
  facet normal 0.999047 0.0436583 0
    outer loop
      vertex -11.4562 -1.00229 38
      vertex -11.5 0 12.75
      vertex -11.5 0 38
    endloop
  endfacet
  facet normal 0.999042 0.0437668 4.31635e-06
    outer loop
      vertex -11.5 0 12.75
      vertex -11.4562 -1.00229 38
      vertex -11.4895 -0.239677 12.7395
    endloop
  endfacet
  facet normal 0.999064 0.0432646 -1.08743e-05
    outer loop
      vertex -11.4895 -0.239677 12.7395
      vertex -11.4562 -1.00229 38
      vertex -11.4792 -0.477532 12.7082
    endloop
  endfacet
  facet normal 0.999034 0.0439326 3.01291e-06
    outer loop
      vertex -11.4792 -0.477532 12.7082
      vertex -11.4562 -1.00229 38
      vertex -11.4689 -0.711752 12.6563
    endloop
  endfacet
  facet normal 0.999046 0.0436641 -7.17741e-08
    outer loop
      vertex -11.4689 -0.711752 12.6563
      vertex -11.4562 -1.00229 38
      vertex -11.4589 -0.940555 12.5842
    endloop
  endfacet
  facet normal 0.999045 0.0436936 0
    outer loop
      vertex -11.4589 -0.940555 12.5842
      vertex -11.4562 -1.00229 38
      vertex -11.4562 -1.00229 12.5586
    endloop
  endfacet
  facet normal -0.675589 0.737279 0
    outer loop
      vertex 8.13173 -8.13173 0
      vertex 7.39206 -8.80951 38
      vertex 8.13173 -8.13173 38
    endloop
  endfacet
  facet normal -0.675589 0.737279 0
    outer loop
      vertex 7.39206 -8.80951 38
      vertex 8.13173 -8.13173 0
      vertex 7.39206 -8.80951 0
    endloop
  endfacet
  facet normal 0.130478 -0.991451 0
    outer loop
      vertex -1.99695 11.3253 0
      vertex -1.00229 11.4562 38
      vertex -1.99695 11.3253 38
    endloop
  endfacet
  facet normal 0.130478 -0.991451 0
    outer loop
      vertex -1.00229 11.4562 38
      vertex -1.99695 11.3253 0
      vertex -1.00229 11.4562 0
    endloop
  endfacet
  facet normal 0.0436583 -0.999047 0
    outer loop
      vertex -1.00229 11.4562 0
      vertex 0 11.5 38
      vertex -1.00229 11.4562 38
    endloop
  endfacet
  facet normal 0.0436583 -0.999047 0
    outer loop
      vertex 0 11.5 38
      vertex -1.00229 11.4562 0
      vertex 0 11.5 0
    endloop
  endfacet
  facet normal 0.887026 -0.461719 0
    outer loop
      vertex -10.4225 4.86011 38
      vertex -9.95929 5.75 0
      vertex -9.95929 5.75 38
    endloop
  endfacet
  facet normal 0.887026 -0.461719 0
    outer loop
      vertex -9.95929 5.75 0
      vertex -10.4225 4.86011 38
      vertex -10.4225 4.86011 0
    endloop
  endfacet
  facet normal 0.537297 0.843393 -0
    outer loop
      vertex -5.75 -9.95929 0
      vertex -6.59613 -9.42025 38
      vertex -5.75 -9.95929 38
    endloop
  endfacet
  facet normal 0.537297 0.843393 0
    outer loop
      vertex -6.59613 -9.42025 38
      vertex -5.75 -9.95929 0
      vertex -6.59613 -9.42025 0
    endloop
  endfacet
  facet normal 0.843393 0.537297 0
    outer loop
      vertex -9.42025 -6.59613 38
      vertex -9.95929 -5.75 0
      vertex -9.95929 -5.75 38
    endloop
  endfacet
  facet normal 0.843393 0.537297 0
    outer loop
      vertex -9.95929 -5.75 0
      vertex -9.42025 -6.59613 38
      vertex -9.42025 -6.59613 0
    endloop
  endfacet
  facet normal 0.976292 -0.216456 0
    outer loop
      vertex -11.1081 2.97642 38
      vertex -11.1583 2.75 10
      vertex -11.1081 2.97642 0
    endloop
  endfacet
  facet normal 0.974929 -0.222514 5.14379e-05
    outer loop
      vertex -11.1081 2.97642 38
      vertex -11.1607 2.73954 10.2397
      vertex -11.1583 2.75 10
    endloop
  endfacet
  facet normal 0.97656 -0.215246 -1.36708e-05
    outer loop
      vertex -11.1081 2.97642 38
      vertex -11.1676 2.70822 10.4775
      vertex -11.1607 2.73954 10.2397
    endloop
  endfacet
  facet normal 0.976334 -0.216267 -3.23305e-06
    outer loop
      vertex -11.1081 2.97642 38
      vertex -11.1791 2.6563 10.7118
      vertex -11.1676 2.70822 10.4775
    endloop
  endfacet
  facet normal 0.976282 -0.216502 -3.48999e-07
    outer loop
      vertex -11.1081 2.97642 38
      vertex -11.1951 2.58415 10.9406
      vertex -11.1791 2.6563 10.7118
    endloop
  endfacet
  facet normal 0.97619 -0.216917 5.96426e-06
    outer loop
      vertex -11.1081 2.97642 38
      vertex -11.2155 2.49235 11.1622
      vertex -11.1951 2.58415 10.9406
    endloop
  endfacet
  facet normal 0.976401 -0.215963 -1.20799e-05
    outer loop
      vertex -11.1081 2.97642 38
      vertex -11.24 2.38157 11.375
      vertex -11.2155 2.49235 11.1622
    endloop
  endfacet
  facet normal 0.976259 -0.216605 2.9681e-06
    outer loop
      vertex -11.1081 2.97642 38
      vertex -11.2686 2.25267 11.5773
      vertex -11.24 2.38157 11.375
    endloop
  endfacet
  facet normal 0.976266 -0.216574 2.0701e-06
    outer loop
      vertex -11.1081 2.97642 38
      vertex -11.301 2.10662 11.7677
      vertex -11.2686 2.25267 11.5773
    endloop
  endfacet
  facet normal 0.976284 -0.216494 0
    outer loop
      vertex -11.3253 1.99695 11.8873
      vertex -11.1081 2.97642 38
      vertex -11.3253 1.99695 38
    endloop
  endfacet
  facet normal 0.976319 -0.216334 -6.28941e-06
    outer loop
      vertex -11.1081 2.97642 38
      vertex -11.3253 1.99695 11.8873
      vertex -11.301 2.10662 11.7677
    endloop
  endfacet
  facet normal 0.975232 -0.221186 -0.000112435
    outer loop
      vertex -11.1607 2.73954 9.76032
      vertex -11.1081 2.97642 0
      vertex -11.1583 2.75 10
    endloop
  endfacet
  facet normal 0.976526 -0.2154 3.49573e-05
    outer loop
      vertex -11.1676 2.70822 9.52247
      vertex -11.1081 2.97642 0
      vertex -11.1607 2.73954 9.76032
    endloop
  endfacet
  facet normal 0.976329 -0.216291 8.65552e-06
    outer loop
      vertex -11.1791 2.6563 9.28825
      vertex -11.1081 2.97642 0
      vertex -11.1676 2.70822 9.52247
    endloop
  endfacet
  facet normal 0.976282 -0.216504 9.58692e-07
    outer loop
      vertex -11.1951 2.58415 9.05944
      vertex -11.1081 2.97642 0
      vertex -11.1791 2.6563 9.28825
    endloop
  endfacet
  facet normal 0.976196 -0.216892 -1.66929e-05
    outer loop
      vertex -11.2155 2.49235 8.8378
      vertex -11.1081 2.97642 0
      vertex -11.1951 2.58415 9.05944
    endloop
  endfacet
  facet normal 0.976392 -0.216004 3.43405e-05
    outer loop
      vertex -11.24 2.38157 8.625
      vertex -11.1081 2.97642 0
      vertex -11.2155 2.49235 8.8378
    endloop
  endfacet
  facet normal 0.976261 -0.216597 -8.55727e-06
    outer loop
      vertex -11.2686 2.25267 8.42266
      vertex -11.1081 2.97642 0
      vertex -11.24 2.38157 8.625
    endloop
  endfacet
  facet normal 0.976267 -0.216569 -6.04867e-06
    outer loop
      vertex -11.301 2.10662 8.23233
      vertex -11.1081 2.97642 0
      vertex -11.2686 2.25267 8.42266
    endloop
  endfacet
  facet normal 0.976317 -0.216347 1.8619e-05
    outer loop
      vertex -11.3253 1.99695 8.11265
      vertex -11.1081 2.97642 0
      vertex -11.301 2.10662 8.23233
    endloop
  endfacet
  facet normal 0.976284 -0.216494 0
    outer loop
      vertex -11.1081 2.97642 0
      vertex -11.3253 1.99695 8.11265
      vertex -11.3253 1.99695 0
    endloop
  endfacet
  facet normal 0.991445 -0.130528 0
    outer loop
      vertex -11.3322 1.94454 8.05546
      vertex -11.3253 1.99695 0
      vertex -11.3253 1.99695 8.11265
    endloop
  endfacet
  facet normal 0.991434 -0.130606 -5.18799e-07
    outer loop
      vertex -11.3555 1.76767 7.89338
      vertex -11.3253 1.99695 0
      vertex -11.3322 1.94454 8.05546
    endloop
  endfacet
  facet normal 0.991483 -0.130233 1.05015e-05
    outer loop
      vertex -11.3805 1.57733 7.74733
      vertex -11.3253 1.99695 0
      vertex -11.3555 1.76767 7.89338
    endloop
  endfacet
  facet normal 0.991407 -0.130815 -2.15436e-05
    outer loop
      vertex -11.4072 1.375 7.61843
      vertex -11.3253 1.99695 0
      vertex -11.3805 1.57733 7.74733
    endloop
  endfacet
  facet normal 0.991454 -0.130459 8.04848e-06
    outer loop
      vertex -11.4352 1.1622 7.50765
      vertex -11.3253 1.99695 0
      vertex -11.4072 1.375 7.61843
    endloop
  endfacet
  facet normal 0.991485 -0.13022 3.50216e-05
    outer loop
      vertex -11.4562 1.00229 7.44142
      vertex -11.3253 1.99695 0
      vertex -11.4352 1.1622 7.50765
    endloop
  endfacet
  facet normal 0.991451 -0.130478 0
    outer loop
      vertex -11.3253 1.99695 0
      vertex -11.4562 1.00229 7.44142
      vertex -11.4562 1.00229 0
    endloop
  endfacet
  facet normal 0.991445 -0.130528 0
    outer loop
      vertex -11.3253 1.99695 38
      vertex -11.3322 1.94454 11.9445
      vertex -11.3253 1.99695 11.8873
    endloop
  endfacet
  facet normal 0.991434 -0.130607 1.61054e-07
    outer loop
      vertex -11.3253 1.99695 38
      vertex -11.3555 1.76767 12.1066
      vertex -11.3322 1.94454 11.9445
    endloop
  endfacet
  facet normal 0.991484 -0.130228 -3.25057e-06
    outer loop
      vertex -11.3253 1.99695 38
      vertex -11.3805 1.57733 12.2527
      vertex -11.3555 1.76767 12.1066
    endloop
  endfacet
  facet normal 0.991406 -0.130824 6.6372e-06
    outer loop
      vertex -11.3253 1.99695 38
      vertex -11.4072 1.375 12.3816
      vertex -11.3805 1.57733 12.2527
    endloop
  endfacet
  facet normal 0.991454 -0.130456 -2.46407e-06
    outer loop
      vertex -11.3253 1.99695 38
      vertex -11.4352 1.1622 12.4923
      vertex -11.4072 1.375 12.3816
    endloop
  endfacet
  facet normal 0.991451 -0.130478 0
    outer loop
      vertex -11.4562 1.00229 12.5586
      vertex -11.3253 1.99695 38
      vertex -11.4562 1.00229 38
    endloop
  endfacet
  facet normal 0.991486 -0.13021 -1.06382e-05
    outer loop
      vertex -11.3253 1.99695 38
      vertex -11.4562 1.00229 12.5586
      vertex -11.4352 1.1622 12.4923
    endloop
  endfacet
  facet normal -0.300632 -0.95374 0
    outer loop
      vertex 2.97642 11.1081 0
      vertex 3.93323 10.8065 38
      vertex 2.97642 11.1081 38
    endloop
  endfacet
  facet normal -0.300632 -0.95374 -0
    outer loop
      vertex 3.93323 10.8065 38
      vertex 2.97642 11.1081 0
      vertex 3.93323 10.8065 0
    endloop
  endfacet
  facet normal 0.999045 -0.0436936 0
    outer loop
      vertex -11.4589 0.940555 7.41584
      vertex -11.4562 1.00229 0
      vertex -11.4562 1.00229 7.44142
    endloop
  endfacet
  facet normal 0.999046 -0.0436641 2.4553e-07
    outer loop
      vertex -11.4689 0.711752 7.3437
      vertex -11.4562 1.00229 0
      vertex -11.4589 0.940555 7.41584
    endloop
  endfacet
  facet normal 0.999035 -0.043931 -1.03336e-05
    outer loop
      vertex -11.4792 0.477532 7.29178
      vertex -11.4562 1.00229 0
      vertex -11.4689 0.711752 7.3437
    endloop
  endfacet
  facet normal 0.999063 -0.0432681 3.74659e-05
    outer loop
      vertex -11.4895 0.239677 7.26046
      vertex -11.4562 1.00229 0
      vertex -11.4792 0.477532 7.29178
    endloop
  endfacet
  facet normal 0.999042 -0.043767 0
    outer loop
      vertex -11.5 0 0
      vertex -11.4895 0.239677 7.26046
      vertex -11.5 0 7.25
    endloop
  endfacet
  facet normal 0.999047 -0.0436583 -3.59587e-06
    outer loop
      vertex -11.4895 0.239677 7.26046
      vertex -11.5 0 0
      vertex -11.4562 1.00229 0
    endloop
  endfacet
  facet normal 0.999045 -0.0436936 0
    outer loop
      vertex -11.4562 1.00229 38
      vertex -11.4589 0.940555 12.5842
      vertex -11.4562 1.00229 12.5586
    endloop
  endfacet
  facet normal 0.999046 -0.0436641 -7.17741e-08
    outer loop
      vertex -11.4562 1.00229 38
      vertex -11.4689 0.711752 12.6563
      vertex -11.4589 0.940555 12.5842
    endloop
  endfacet
  facet normal 0.999034 -0.0439326 3.01291e-06
    outer loop
      vertex -11.4562 1.00229 38
      vertex -11.4792 0.477532 12.7082
      vertex -11.4689 0.711752 12.6563
    endloop
  endfacet
  facet normal 0.999064 -0.0432646 -1.08743e-05
    outer loop
      vertex -11.4562 1.00229 38
      vertex -11.4895 0.239677 12.7395
      vertex -11.4792 0.477532 12.7082
    endloop
  endfacet
  facet normal 0.999047 -0.0436583 0
    outer loop
      vertex -11.5 0 12.75
      vertex -11.4562 1.00229 38
      vertex -11.5 0 38
    endloop
  endfacet
  facet normal 0.999042 -0.0437668 4.31635e-06
    outer loop
      vertex -11.4562 1.00229 38
      vertex -11.5 0 12.75
      vertex -11.4895 0.239677 12.7395
    endloop
  endfacet
  facet normal -0.923854 0.382746 0
    outer loop
      vertex 10.4225 -4.86011 0
      vertex 10.8065 -3.93323 38
      vertex 10.8065 -3.93323 0
    endloop
  endfacet
  facet normal -0.923854 0.382746 0
    outer loop
      vertex 10.8065 -3.93323 38
      vertex 10.4225 -4.86011 0
      vertex 10.4225 -4.86011 38
    endloop
  endfacet
  facet normal -0.95374 0.300632 0
    outer loop
      vertex 10.8065 -3.93323 0
      vertex 11.1081 -2.97642 38
      vertex 11.1081 -2.97642 0
    endloop
  endfacet
  facet normal -0.95374 0.300632 0
    outer loop
      vertex 11.1081 -2.97642 38
      vertex 10.8065 -3.93323 0
      vertex 10.8065 -3.93323 38
    endloop
  endfacet
  facet normal 0.461719 0.887026 -0
    outer loop
      vertex -4.86011 -10.4225 0
      vertex -5.75 -9.95929 38
      vertex -4.86011 -10.4225 38
    endloop
  endfacet
  facet normal 0.461719 0.887026 0
    outer loop
      vertex -5.75 -9.95929 38
      vertex -4.86011 -10.4225 0
      vertex -5.75 -9.95929 0
    endloop
  endfacet
  facet normal -0.708534 -0.0309629 0.704997
    outer loop
      vertex 11.5 0 38
      vertex 13.4898 0.00498616 40
      vertex 11.4562 1.00229 38
    endloop
  endfacet
  facet normal -0.708215 -0.0426109 0.70471
    outer loop
      vertex 13.4898 0.00498616 40
      vertex 11.5 0 38
      vertex 13.4901 0 40
    endloop
  endfacet
  facet normal -0.327452 0.629081 0.705005
    outer loop
      vertex 4.86011 -10.4225 38
      vertex 5.70557 -12.2238 40
      vertex 5.75 -9.95929 38
    endloop
  endfacet
  facet normal -0.326783 0.629412 0.705021
    outer loop
      vertex 5.70557 -12.2238 40
      vertex 4.86011 -10.4225 38
      vertex 5.70114 -12.2261 40
    endloop
  endfacet
  facet normal -0.676368 -0.213266 0.705013
    outer loop
      vertex 13.0304 3.49148 40
      vertex 12.678 4.60911 40
      vertex 11.1081 2.97642 38
    endloop
  endfacet
  facet normal 0.381056 0.598143 0.704997
    outer loop
      vertex -6.74923 -11.68 40
      vertex -5.75 -9.95929 38
      vertex -6.59613 -9.42025 38
    endloop
  endfacet
  facet normal 0.383545 0.596625 0.704934
    outer loop
      vertex -5.75 -9.95929 38
      vertex -6.74923 -11.68 40
      vertex -6.74503 -11.6827 40
    endloop
  endfacet
  facet normal -0.0925346 0.703136 0.705009
    outer loop
      vertex 1.17574 -13.4387 40
      vertex 2.33757 -13.2858 40
      vertex 1.00229 -11.4562 38
    endloop
  endfacet
  facet normal -0.213158 -0.676421 0.704995
    outer loop
      vertex 4.60911 12.678 40
      vertex 3.93323 10.8065 38
      vertex 4.61387 12.6765 40
    endloop
  endfacet
  facet normal -0.213212 -0.676403 0.704997
    outer loop
      vertex 3.93323 10.8065 38
      vertex 4.60911 12.678 40
      vertex 2.97642 11.1081 38
    endloop
  endfacet
  facet normal 0.213266 -0.676368 0.705013
    outer loop
      vertex -2.97642 11.1081 38
      vertex -3.49148 13.0304 40
      vertex -4.60911 12.678 40
    endloop
  endfacet
  facet normal 0.676403 0.213212 0.704997
    outer loop
      vertex -12.678 -4.60911 40
      vertex -10.8065 -3.93323 38
      vertex -11.1081 -2.97642 38
    endloop
  endfacet
  facet normal 0.676421 0.213158 0.704995
    outer loop
      vertex -10.8065 -3.93323 38
      vertex -12.678 -4.60911 40
      vertex -12.6765 -4.61387 40
    endloop
  endfacet
  facet normal 0.703136 0.0925346 0.705009
    outer loop
      vertex -13.2858 -2.33757 40
      vertex -11.4562 -1.00229 38
      vertex -13.4387 -1.17574 40
    endloop
  endfacet
  facet normal -0.0426109 -0.708215 0.70471
    outer loop
      vertex 0 11.5 38
      vertex 0.00498616 13.4898 40
      vertex 0 13.4901 40
    endloop
  endfacet
  facet normal -0.0309629 -0.708534 0.704997
    outer loop
      vertex 0.00498616 13.4898 40
      vertex 0 11.5 38
      vertex 1.00229 11.4562 38
    endloop
  endfacet
  facet normal -0.478972 0.523031 0.704999
    outer loop
      vertex 8.13173 -8.13173 38
      vertex 9.53523 -9.54228 40
      vertex 9.53891 -9.53891 40
    endloop
  endfacet
  facet normal -0.47913 0.522881 0.705004
    outer loop
      vertex 9.53523 -9.54228 40
      vertex 8.13173 -8.13173 38
      vertex 7.39206 -8.80951 38
    endloop
  endfacet
  facet normal -0.270254 0.655722 0.704976
    outer loop
      vertex 4.86011 -10.4225 38
      vertex 5.69653 -12.228 40
      vertex 5.70114 -12.2261 40
    endloop
  endfacet
  facet normal -0.271445 0.655201 0.705003
    outer loop
      vertex 5.69653 -12.228 40
      vertex 4.86011 -10.4225 38
      vertex 3.93323 -10.8065 38
    endloop
  endfacet
  facet normal -0.655722 -0.270254 0.704976
    outer loop
      vertex 10.4225 4.86011 38
      vertex 12.228 5.69653 40
      vertex 12.2261 5.70114 40
    endloop
  endfacet
  facet normal -0.655201 -0.271445 0.705003
    outer loop
      vertex 12.228 5.69653 40
      vertex 10.4225 4.86011 38
      vertex 10.8065 3.93323 38
    endloop
  endfacet
  facet normal -0.381038 -0.598149 0.705002
    outer loop
      vertex 7.73757 11.0504 40
      vertex 6.74923 11.68 40
      vertex 6.59613 9.42025 38
    endloop
  endfacet
  facet normal 0.326783 -0.629412 0.705021
    outer loop
      vertex -5.70557 12.2238 40
      vertex -4.86011 10.4225 38
      vertex -5.70114 12.2261 40
    endloop
  endfacet
  facet normal 0.327452 -0.629081 0.705005
    outer loop
      vertex -4.86011 10.4225 38
      vertex -5.70557 12.2238 40
      vertex -5.75 9.95929 38
    endloop
  endfacet
  facet normal -0.156238 -0.69171 0.705073
    outer loop
      vertex 3.48661 13.0315 40
      vertex 2.97642 11.1081 38
      vertex 3.49148 13.0304 40
    endloop
  endfacet
  facet normal -0.153535 -0.69237 0.705018
    outer loop
      vertex 2.97642 11.1081 38
      vertex 3.48661 13.0315 40
      vertex 1.99695 11.3253 38
    endloop
  endfacet
  facet normal -0.56265 0.431738 0.705002
    outer loop
      vertex 8.80951 -7.39206 38
      vertex 10.337 -8.66728 40
      vertex 9.42025 -6.59613 38
    endloop
  endfacet
  facet normal -0.565379 0.428317 0.704905
    outer loop
      vertex 10.337 -8.66728 40
      vertex 8.80951 -7.39206 38
      vertex 10.334 -8.67124 40
    endloop
  endfacet
  facet normal -0.676421 -0.213158 0.704995
    outer loop
      vertex 10.8065 3.93323 38
      vertex 12.678 4.60911 40
      vertex 12.6765 4.61387 40
    endloop
  endfacet
  facet normal -0.676403 -0.213212 0.704997
    outer loop
      vertex 12.678 4.60911 40
      vertex 10.8065 3.93323 38
      vertex 11.1081 2.97642 38
    endloop
  endfacet
  facet normal 0.0426109 0.708215 0.70471
    outer loop
      vertex 0 -11.5 38
      vertex -0.00498616 -13.4898 40
      vertex 0 -13.4901 40
    endloop
  endfacet
  facet normal 0.0309629 0.708534 0.704997
    outer loop
      vertex -0.00498616 -13.4898 40
      vertex 0 -11.5 38
      vertex -1.00229 -11.4562 38
    endloop
  endfacet
  facet normal -0.326783 -0.629412 0.705021
    outer loop
      vertex 4.86011 10.4225 38
      vertex 5.70557 12.2238 40
      vertex 5.70114 12.2261 40
    endloop
  endfacet
  facet normal -0.327452 -0.629081 0.705005
    outer loop
      vertex 5.70557 12.2238 40
      vertex 4.86011 10.4225 38
      vertex 5.75 9.95929 38
    endloop
  endfacet
  facet normal -0.69237 0.153535 0.705018
    outer loop
      vertex 11.1081 -2.97642 38
      vertex 13.0315 -3.48661 40
      vertex 11.3253 -1.99695 38
    endloop
  endfacet
  facet normal -0.69171 0.156238 0.705073
    outer loop
      vertex 13.0315 -3.48661 40
      vertex 11.1081 -2.97642 38
      vertex 13.0304 -3.49148 40
    endloop
  endfacet
  facet normal 0.47913 -0.522881 0.705004
    outer loop
      vertex -9.53523 9.54228 40
      vertex -8.13173 8.13173 38
      vertex -7.39206 8.80951 38
    endloop
  endfacet
  facet normal 0.478972 -0.523031 0.704999
    outer loop
      vertex -8.13173 8.13173 38
      vertex -9.53523 9.54228 40
      vertex -9.53891 9.53891 40
    endloop
  endfacet
  facet normal -0.0309251 0.708525 0.705008
    outer loop
      vertex 1.17574 -13.4387 40
      vertex 1.00229 -11.4562 38
      vertex 0.00498616 -13.4898 40
    endloop
  endfacet
  facet normal -0.428317 -0.565379 0.704905
    outer loop
      vertex 8.66728 10.337 40
      vertex 7.39206 8.80951 38
      vertex 8.67124 10.334 40
    endloop
  endfacet
  facet normal -0.431738 -0.56265 0.705002
    outer loop
      vertex 7.39206 8.80951 38
      vertex 8.66728 10.337 40
      vertex 6.59613 9.42025 38
    endloop
  endfacet
  facet normal -0.0925346 -0.703136 0.705009
    outer loop
      vertex 2.33757 13.2858 40
      vertex 1.17574 13.4387 40
      vertex 1.00229 11.4562 38
    endloop
  endfacet
  facet normal 0.69171 -0.156238 0.705073
    outer loop
      vertex -13.0315 3.48661 40
      vertex -11.1081 2.97642 38
      vertex -13.0304 3.49148 40
    endloop
  endfacet
  facet normal 0.69237 -0.153535 0.705018
    outer loop
      vertex -11.1081 2.97642 38
      vertex -13.0315 3.48661 40
      vertex -11.3253 1.99695 38
    endloop
  endfacet
  facet normal -0.428317 0.565379 0.704905
    outer loop
      vertex 7.39206 -8.80951 38
      vertex 8.66728 -10.337 40
      vertex 8.67124 -10.334 40
    endloop
  endfacet
  facet normal -0.431738 0.56265 0.705002
    outer loop
      vertex 8.66728 -10.337 40
      vertex 7.39206 -8.80951 38
      vertex 6.59613 -9.42025 38
    endloop
  endfacet
  facet normal -0.629076 -0.327471 0.705
    outer loop
      vertex 12.2238 5.70557 40
      vertex 11.6827 6.74503 40
      vertex 9.95929 5.75 38
    endloop
  endfacet
  facet normal -0.655214 -0.271427 0.704997
    outer loop
      vertex 12.6765 4.61387 40
      vertex 12.228 5.69653 40
      vertex 10.8065 3.93323 38
    endloop
  endfacet
  facet normal 0.708215 -0.0426109 0.70471
    outer loop
      vertex -11.5 0 38
      vertex -13.4898 0.00498616 40
      vertex -13.4901 0 40
    endloop
  endfacet
  facet normal 0.708534 -0.0309629 0.704997
    outer loop
      vertex -13.4898 0.00498616 40
      vertex -11.5 0 38
      vertex -11.4562 1.00229 38
    endloop
  endfacet
  facet normal 0.655214 -0.271427 0.704997
    outer loop
      vertex -10.8065 3.93323 38
      vertex -12.228 5.69653 40
      vertex -12.6765 4.61387 40
    endloop
  endfacet
  facet normal 0.708525 -0.0309251 0.705008
    outer loop
      vertex -11.4562 1.00229 38
      vertex -13.4387 1.17574 40
      vertex -13.4898 0.00498616 40
    endloop
  endfacet
  facet normal -0.153478 0.6924 0.705001
    outer loop
      vertex 2.34252 -13.2851 40
      vertex 3.48661 -13.0315 40
      vertex 1.99695 -11.3253 38
    endloop
  endfacet
  facet normal -0.271427 -0.655214 0.704997
    outer loop
      vertex 5.69653 12.228 40
      vertex 4.61387 12.6765 40
      vertex 3.93323 10.8065 38
    endloop
  endfacet
  facet normal -0.629412 0.326783 0.705021
    outer loop
      vertex 10.4225 -4.86011 38
      vertex 12.2238 -5.70557 40
      vertex 12.2261 -5.70114 40
    endloop
  endfacet
  facet normal -0.629081 0.327452 0.705005
    outer loop
      vertex 12.2238 -5.70557 40
      vertex 10.4225 -4.86011 38
      vertex 9.95929 -5.75 38
    endloop
  endfacet
  facet normal 0.565379 -0.428317 0.704905
    outer loop
      vertex -10.337 8.66728 40
      vertex -8.80951 7.39206 38
      vertex -10.334 8.67124 40
    endloop
  endfacet
  facet normal 0.56265 -0.431738 0.705002
    outer loop
      vertex -8.80951 7.39206 38
      vertex -10.337 8.66728 40
      vertex -9.42025 6.59613 38
    endloop
  endfacet
  facet normal 0.0925346 0.703136 0.705009
    outer loop
      vertex -1.99695 -11.3253 38
      vertex -2.33757 -13.2858 40
      vertex -1.00229 -11.4562 38
    endloop
  endfacet
  facet normal 0.0992854 0.70209 0.705133
    outer loop
      vertex -2.33757 -13.2858 40
      vertex -1.99695 -11.3253 38
      vertex -2.34252 -13.2851 40
    endloop
  endfacet
  facet normal -0.213266 0.676368 0.705013
    outer loop
      vertex 3.49148 -13.0304 40
      vertex 4.60911 -12.678 40
      vertex 2.97642 -11.1081 38
    endloop
  endfacet
  facet normal 0.6924 -0.153478 0.705001
    outer loop
      vertex -11.3253 1.99695 38
      vertex -13.0315 3.48661 40
      vertex -13.2851 2.34252 40
    endloop
  endfacet
  facet normal 0.629081 -0.327452 0.705005
    outer loop
      vertex -12.2238 5.70557 40
      vertex -10.4225 4.86011 38
      vertex -9.95929 5.75 38
    endloop
  endfacet
  facet normal 0.629412 -0.326783 0.705021
    outer loop
      vertex -10.4225 4.86011 38
      vertex -12.2238 5.70557 40
      vertex -12.2261 5.70114 40
    endloop
  endfacet
  facet normal 0.523031 -0.478972 0.704999
    outer loop
      vertex -9.54228 9.53523 40
      vertex -8.13173 8.13173 38
      vertex -9.53891 9.53891 40
    endloop
  endfacet
  facet normal 0.522881 -0.47913 0.705004
    outer loop
      vertex -8.13173 8.13173 38
      vertex -9.54228 9.53523 40
      vertex -8.80951 7.39206 38
    endloop
  endfacet
  facet normal 0.0309629 -0.708534 0.704997
    outer loop
      vertex 0 11.5 38
      vertex -0.00498616 13.4898 40
      vertex -1.00229 11.4562 38
    endloop
  endfacet
  facet normal 0.0426109 -0.708215 0.70471
    outer loop
      vertex -0.00498616 13.4898 40
      vertex 0 11.5 38
      vertex 0 13.4901 40
    endloop
  endfacet
  facet normal 0.47913 0.522881 0.705004
    outer loop
      vertex -8.13173 -8.13173 38
      vertex -9.53523 -9.54228 40
      vertex -7.39206 -8.80951 38
    endloop
  endfacet
  facet normal 0.478972 0.523031 0.704999
    outer loop
      vertex -9.53523 -9.54228 40
      vertex -8.13173 -8.13173 38
      vertex -9.53891 -9.53891 40
    endloop
  endfacet
  facet normal -0.703136 -0.0925346 0.705009
    outer loop
      vertex 13.4387 1.17574 40
      vertex 13.2858 2.33757 40
      vertex 11.4562 1.00229 38
    endloop
  endfacet
  facet normal 0.629076 -0.327471 0.705
    outer loop
      vertex -9.95929 5.75 38
      vertex -11.6827 6.74503 40
      vertex -12.2238 5.70557 40
    endloop
  endfacet
  facet normal 0.153535 0.69237 0.705018
    outer loop
      vertex -2.97642 -11.1081 38
      vertex -3.48661 -13.0315 40
      vertex -1.99695 -11.3253 38
    endloop
  endfacet
  facet normal 0.156238 0.69171 0.705073
    outer loop
      vertex -3.48661 -13.0315 40
      vertex -2.97642 -11.1081 38
      vertex -3.49148 -13.0304 40
    endloop
  endfacet
  facet normal 0.598149 0.381038 0.705002
    outer loop
      vertex -11.0504 -7.73757 40
      vertex -9.42025 -6.59613 38
      vertex -11.68 -6.74923 40
    endloop
  endfacet
  facet normal 0.629076 0.327471 0.705
    outer loop
      vertex -11.6827 -6.74503 40
      vertex -9.95929 -5.75 38
      vertex -12.2238 -5.70557 40
    endloop
  endfacet
  facet normal -0.523031 -0.478972 0.704999
    outer loop
      vertex 8.13173 8.13173 38
      vertex 9.54228 9.53523 40
      vertex 9.53891 9.53891 40
    endloop
  endfacet
  facet normal -0.522881 -0.47913 0.705004
    outer loop
      vertex 9.54228 9.53523 40
      vertex 8.13173 8.13173 38
      vertex 8.80951 7.39206 38
    endloop
  endfacet
  facet normal 0.383545 -0.596625 0.704934
    outer loop
      vertex -6.74923 11.68 40
      vertex -5.75 9.95929 38
      vertex -6.74503 11.6827 40
    endloop
  endfacet
  facet normal 0.381056 -0.598143 0.704997
    outer loop
      vertex -5.75 9.95929 38
      vertex -6.74923 11.68 40
      vertex -6.59613 9.42025 38
    endloop
  endfacet
  facet normal 0.479135 -0.522872 0.705007
    outer loop
      vertex -7.39206 8.80951 38
      vertex -8.67124 10.334 40
      vertex -9.53523 9.54228 40
    endloop
  endfacet
  facet normal 0.327471 0.629076 0.705
    outer loop
      vertex -5.70557 -12.2238 40
      vertex -5.75 -9.95929 38
      vertex -6.74503 -11.6827 40
    endloop
  endfacet
  facet normal -0.562648 0.43174 0.705002
    outer loop
      vertex 10.337 -8.66728 40
      vertex 11.0504 -7.73757 40
      vertex 9.42025 -6.59613 38
    endloop
  endfacet
  facet normal -0.153478 -0.6924 0.705001
    outer loop
      vertex 3.48661 13.0315 40
      vertex 2.34252 13.2851 40
      vertex 1.99695 11.3253 38
    endloop
  endfacet
  facet normal -0.381056 0.598143 0.704997
    outer loop
      vertex 5.75 -9.95929 38
      vertex 6.74923 -11.68 40
      vertex 6.59613 -9.42025 38
    endloop
  endfacet
  facet normal -0.383545 0.596625 0.704934
    outer loop
      vertex 6.74923 -11.68 40
      vertex 5.75 -9.95929 38
      vertex 6.74503 -11.6827 40
    endloop
  endfacet
  facet normal 0.676368 0.213266 0.705013
    outer loop
      vertex -12.678 -4.60911 40
      vertex -11.1081 -2.97642 38
      vertex -13.0304 -3.49148 40
    endloop
  endfacet
  facet normal -0.213158 0.676421 0.704995
    outer loop
      vertex 3.93323 -10.8065 38
      vertex 4.60911 -12.678 40
      vertex 4.61387 -12.6765 40
    endloop
  endfacet
  facet normal -0.213212 0.676403 0.704997
    outer loop
      vertex 4.60911 -12.678 40
      vertex 3.93323 -10.8065 38
      vertex 2.97642 -11.1081 38
    endloop
  endfacet
  facet normal -0.271427 0.655214 0.704997
    outer loop
      vertex 4.61387 -12.6765 40
      vertex 5.69653 -12.228 40
      vertex 3.93323 -10.8065 38
    endloop
  endfacet
  facet normal -0.598149 0.381038 0.705002
    outer loop
      vertex 11.0504 -7.73757 40
      vertex 11.68 -6.74923 40
      vertex 9.42025 -6.59613 38
    endloop
  endfacet
  facet normal 0.479135 0.522872 0.705007
    outer loop
      vertex -8.67124 -10.334 40
      vertex -7.39206 -8.80951 38
      vertex -9.53523 -9.54228 40
    endloop
  endfacet
  facet normal 0.271427 0.655214 0.704997
    outer loop
      vertex -4.61387 -12.6765 40
      vertex -3.93323 -10.8065 38
      vertex -5.69653 -12.228 40
    endloop
  endfacet
  facet normal 0.271427 -0.655214 0.704997
    outer loop
      vertex -3.93323 10.8065 38
      vertex -4.61387 12.6765 40
      vertex -5.69653 12.228 40
    endloop
  endfacet
  facet normal 0.271445 0.655201 0.705003
    outer loop
      vertex -4.86011 -10.4225 38
      vertex -5.69653 -12.228 40
      vertex -3.93323 -10.8065 38
    endloop
  endfacet
  facet normal 0.270254 0.655722 0.704976
    outer loop
      vertex -5.69653 -12.228 40
      vertex -4.86011 -10.4225 38
      vertex -5.70114 -12.2261 40
    endloop
  endfacet
  facet normal -0.0992854 0.70209 0.705133
    outer loop
      vertex 1.99695 -11.3253 38
      vertex 2.33757 -13.2858 40
      vertex 2.34252 -13.2851 40
    endloop
  endfacet
  facet normal -0.0925346 0.703136 0.705009
    outer loop
      vertex 2.33757 -13.2858 40
      vertex 1.99695 -11.3253 38
      vertex 1.00229 -11.4562 38
    endloop
  endfacet
  facet normal -0.708215 0.0426109 0.70471
    outer loop
      vertex 11.5 0 38
      vertex 13.4898 -0.00498616 40
      vertex 13.4901 0 40
    endloop
  endfacet
  facet normal -0.708534 0.0309629 0.704997
    outer loop
      vertex 13.4898 -0.00498616 40
      vertex 11.5 0 38
      vertex 11.4562 -1.00229 38
    endloop
  endfacet
  facet normal 0.676368 -0.213266 0.705013
    outer loop
      vertex -11.1081 2.97642 38
      vertex -12.678 4.60911 40
      vertex -13.0304 3.49148 40
    endloop
  endfacet
  facet normal -0.676403 0.213212 0.704997
    outer loop
      vertex 10.8065 -3.93323 38
      vertex 12.678 -4.60911 40
      vertex 11.1081 -2.97642 38
    endloop
  endfacet
  facet normal -0.676421 0.213158 0.704995
    outer loop
      vertex 12.678 -4.60911 40
      vertex 10.8065 -3.93323 38
      vertex 12.6765 -4.61387 40
    endloop
  endfacet
  facet normal -0.708525 0.0309251 0.705008
    outer loop
      vertex 13.4387 -1.17574 40
      vertex 13.4898 -0.00498616 40
      vertex 11.4562 -1.00229 38
    endloop
  endfacet
  facet normal -0.676368 0.213266 0.705013
    outer loop
      vertex 12.678 -4.60911 40
      vertex 13.0304 -3.49148 40
      vertex 11.1081 -2.97642 38
    endloop
  endfacet
  facet normal -0.708525 -0.0309251 0.705008
    outer loop
      vertex 13.4898 0.00498616 40
      vertex 13.4387 1.17574 40
      vertex 11.4562 1.00229 38
    endloop
  endfacet
  facet normal -0.6924 0.153478 0.705001
    outer loop
      vertex 13.0315 -3.48661 40
      vertex 13.2851 -2.34252 40
      vertex 11.3253 -1.99695 38
    endloop
  endfacet
  facet normal -0.703136 0.0925346 0.705009
    outer loop
      vertex 13.2858 -2.33757 40
      vertex 13.4387 -1.17574 40
      vertex 11.4562 -1.00229 38
    endloop
  endfacet
  facet normal -0.522872 -0.479135 0.705007
    outer loop
      vertex 10.334 8.67124 40
      vertex 9.54228 9.53523 40
      vertex 8.80951 7.39206 38
    endloop
  endfacet
  facet normal -0.655214 0.271427 0.704997
    outer loop
      vertex 12.228 -5.69653 40
      vertex 12.6765 -4.61387 40
      vertex 10.8065 -3.93323 38
    endloop
  endfacet
  facet normal 0.708215 0.0426109 0.70471
    outer loop
      vertex -13.4898 -0.00498616 40
      vertex -11.5 0 38
      vertex -13.4901 0 40
    endloop
  endfacet
  facet normal 0.708534 0.0309629 0.704997
    outer loop
      vertex -11.5 0 38
      vertex -13.4898 -0.00498616 40
      vertex -11.4562 -1.00229 38
    endloop
  endfacet
  facet normal -0.213266 -0.676368 0.705013
    outer loop
      vertex 4.60911 12.678 40
      vertex 3.49148 13.0304 40
      vertex 2.97642 11.1081 38
    endloop
  endfacet
  facet normal 0.153478 0.6924 0.705001
    outer loop
      vertex -2.34252 -13.2851 40
      vertex -1.99695 -11.3253 38
      vertex -3.48661 -13.0315 40
    endloop
  endfacet
  facet normal 0.327471 -0.629076 0.705
    outer loop
      vertex -5.75 9.95929 38
      vertex -5.70557 12.2238 40
      vertex -6.74503 11.6827 40
    endloop
  endfacet
  facet normal -0.383545 -0.596625 0.704934
    outer loop
      vertex 5.75 9.95929 38
      vertex 6.74923 11.68 40
      vertex 6.74503 11.6827 40
    endloop
  endfacet
  facet normal -0.381056 -0.598143 0.704997
    outer loop
      vertex 6.74923 11.68 40
      vertex 5.75 9.95929 38
      vertex 6.59613 9.42025 38
    endloop
  endfacet
  facet normal -0.156238 0.69171 0.705073
    outer loop
      vertex 2.97642 -11.1081 38
      vertex 3.48661 -13.0315 40
      vertex 3.49148 -13.0304 40
    endloop
  endfacet
  facet normal -0.153535 0.69237 0.705018
    outer loop
      vertex 3.48661 -13.0315 40
      vertex 2.97642 -11.1081 38
      vertex 1.99695 -11.3253 38
    endloop
  endfacet
  facet normal 0.431738 -0.56265 0.705002
    outer loop
      vertex -8.66728 10.337 40
      vertex -7.39206 8.80951 38
      vertex -6.59613 9.42025 38
    endloop
  endfacet
  facet normal 0.428317 -0.565379 0.704905
    outer loop
      vertex -7.39206 8.80951 38
      vertex -8.66728 10.337 40
      vertex -8.67124 10.334 40
    endloop
  endfacet
  facet normal 0.655214 0.271427 0.704997
    outer loop
      vertex -12.228 -5.69653 40
      vertex -10.8065 -3.93323 38
      vertex -12.6765 -4.61387 40
    endloop
  endfacet
  facet normal 0.213212 -0.676403 0.704997
    outer loop
      vertex -4.60911 12.678 40
      vertex -3.93323 10.8065 38
      vertex -2.97642 11.1081 38
    endloop
  endfacet
  facet normal 0.213158 -0.676421 0.704995
    outer loop
      vertex -3.93323 10.8065 38
      vertex -4.60911 12.678 40
      vertex -4.61387 12.6765 40
    endloop
  endfacet
  facet normal 0.69237 0.153535 0.705018
    outer loop
      vertex -13.0315 -3.48661 40
      vertex -11.1081 -2.97642 38
      vertex -11.3253 -1.99695 38
    endloop
  endfacet
  facet normal 0.69171 0.156238 0.705073
    outer loop
      vertex -11.1081 -2.97642 38
      vertex -13.0315 -3.48661 40
      vertex -13.0304 -3.49148 40
    endloop
  endfacet
  facet normal 0.271445 -0.655201 0.705003
    outer loop
      vertex -5.69653 12.228 40
      vertex -4.86011 10.4225 38
      vertex -3.93323 10.8065 38
    endloop
  endfacet
  facet normal 0.270254 -0.655722 0.704976
    outer loop
      vertex -4.86011 10.4225 38
      vertex -5.69653 12.228 40
      vertex -5.70114 12.2261 40
    endloop
  endfacet
  facet normal 0.522872 0.479135 0.705007
    outer loop
      vertex -9.54228 -9.53523 40
      vertex -8.80951 -7.39206 38
      vertex -10.334 -8.67124 40
    endloop
  endfacet
  facet normal -0.0309629 0.708534 0.704997
    outer loop
      vertex 0 -11.5 38
      vertex 0.00498616 -13.4898 40
      vertex 1.00229 -11.4562 38
    endloop
  endfacet
  facet normal -0.0426109 0.708215 0.70471
    outer loop
      vertex 0.00498616 -13.4898 40
      vertex 0 -11.5 38
      vertex 0 -13.4901 40
    endloop
  endfacet
  facet normal 0.6924 0.153478 0.705001
    outer loop
      vertex -13.0315 -3.48661 40
      vertex -11.3253 -1.99695 38
      vertex -13.2851 -2.34252 40
    endloop
  endfacet
  facet normal -0.327471 -0.629076 0.705
    outer loop
      vertex 5.75 9.95929 38
      vertex 6.74503 11.6827 40
      vertex 5.70557 12.2238 40
    endloop
  endfacet
  facet normal -0.479135 -0.522872 0.705007
    outer loop
      vertex 9.53523 9.54228 40
      vertex 8.67124 10.334 40
      vertex 7.39206 8.80951 38
    endloop
  endfacet
  facet normal 0.522872 -0.479135 0.705007
    outer loop
      vertex -8.80951 7.39206 38
      vertex -9.54228 9.53523 40
      vertex -10.334 8.67124 40
    endloop
  endfacet
  facet normal -0.69171 -0.156238 0.705073
    outer loop
      vertex 11.1081 2.97642 38
      vertex 13.0315 3.48661 40
      vertex 13.0304 3.49148 40
    endloop
  endfacet
  facet normal -0.69237 -0.153535 0.705018
    outer loop
      vertex 13.0315 3.48661 40
      vertex 11.1081 2.97642 38
      vertex 11.3253 1.99695 38
    endloop
  endfacet
  facet normal -0.629412 -0.326783 0.705021
    outer loop
      vertex 12.2238 5.70557 40
      vertex 10.4225 4.86011 38
      vertex 12.2261 5.70114 40
    endloop
  endfacet
  facet normal -0.629081 -0.327452 0.705005
    outer loop
      vertex 10.4225 4.86011 38
      vertex 12.2238 5.70557 40
      vertex 9.95929 5.75 38
    endloop
  endfacet
  facet normal -0.43174 -0.562648 0.705002
    outer loop
      vertex 8.66728 10.337 40
      vertex 7.73757 11.0504 40
      vertex 6.59613 9.42025 38
    endloop
  endfacet
  facet normal -0.327471 0.629076 0.705
    outer loop
      vertex 6.74503 -11.6827 40
      vertex 5.75 -9.95929 38
      vertex 5.70557 -12.2238 40
    endloop
  endfacet
  facet normal -0.479135 0.522872 0.705007
    outer loop
      vertex 8.67124 -10.334 40
      vertex 9.53523 -9.54228 40
      vertex 7.39206 -8.80951 38
    endloop
  endfacet
  facet normal -0.629076 0.327471 0.705
    outer loop
      vertex 11.6827 -6.74503 40
      vertex 12.2238 -5.70557 40
      vertex 9.95929 -5.75 38
    endloop
  endfacet
  facet normal -0.522872 0.479135 0.705007
    outer loop
      vertex 9.54228 -9.53523 40
      vertex 10.334 -8.67124 40
      vertex 8.80951 -7.39206 38
    endloop
  endfacet
  facet normal -0.522881 0.47913 0.705004
    outer loop
      vertex 8.13173 -8.13173 38
      vertex 9.54228 -9.53523 40
      vertex 8.80951 -7.39206 38
    endloop
  endfacet
  facet normal -0.523031 0.478972 0.704999
    outer loop
      vertex 9.54228 -9.53523 40
      vertex 8.13173 -8.13173 38
      vertex 9.53891 -9.53891 40
    endloop
  endfacet
  facet normal -0.655201 0.271445 0.705003
    outer loop
      vertex 10.4225 -4.86011 38
      vertex 12.228 -5.69653 40
      vertex 10.8065 -3.93323 38
    endloop
  endfacet
  facet normal -0.655722 0.270254 0.704976
    outer loop
      vertex 12.228 -5.69653 40
      vertex 10.4225 -4.86011 38
      vertex 12.2261 -5.70114 40
    endloop
  endfacet
  facet normal 0.381038 -0.598149 0.705002
    outer loop
      vertex -6.59613 9.42025 38
      vertex -6.74923 11.68 40
      vertex -7.73757 11.0504 40
    endloop
  endfacet
  facet normal -0.703136 0.0925346 0.705009
    outer loop
      vertex 11.3253 -1.99695 38
      vertex 13.2858 -2.33757 40
      vertex 11.4562 -1.00229 38
    endloop
  endfacet
  facet normal -0.70209 0.0992854 0.705133
    outer loop
      vertex 13.2858 -2.33757 40
      vertex 11.3253 -1.99695 38
      vertex 13.2851 -2.34252 40
    endloop
  endfacet
  facet normal -0.6924 -0.153478 0.705001
    outer loop
      vertex 13.2851 2.34252 40
      vertex 13.0315 3.48661 40
      vertex 11.3253 1.99695 38
    endloop
  endfacet
  facet normal -0.70209 -0.0992854 0.705133
    outer loop
      vertex 11.3253 1.99695 38
      vertex 13.2858 2.33757 40
      vertex 13.2851 2.34252 40
    endloop
  endfacet
  facet normal -0.703136 -0.0925346 0.705009
    outer loop
      vertex 13.2858 2.33757 40
      vertex 11.3253 1.99695 38
      vertex 11.4562 1.00229 38
    endloop
  endfacet
  facet normal 0.522881 0.47913 0.705004
    outer loop
      vertex -9.54228 -9.53523 40
      vertex -8.13173 -8.13173 38
      vertex -8.80951 -7.39206 38
    endloop
  endfacet
  facet normal 0.523031 0.478972 0.704999
    outer loop
      vertex -8.13173 -8.13173 38
      vertex -9.54228 -9.53523 40
      vertex -9.53891 -9.53891 40
    endloop
  endfacet
  facet normal 0.703136 0.0925346 0.705009
    outer loop
      vertex -13.2858 -2.33757 40
      vertex -11.3253 -1.99695 38
      vertex -11.4562 -1.00229 38
    endloop
  endfacet
  facet normal 0.70209 0.0992854 0.705133
    outer loop
      vertex -11.3253 -1.99695 38
      vertex -13.2858 -2.33757 40
      vertex -13.2851 -2.34252 40
    endloop
  endfacet
  facet normal -0.596625 0.383545 0.704934
    outer loop
      vertex 9.95929 -5.75 38
      vertex 11.68 -6.74923 40
      vertex 11.6827 -6.74503 40
    endloop
  endfacet
  facet normal -0.598143 0.381056 0.704997
    outer loop
      vertex 11.68 -6.74923 40
      vertex 9.95929 -5.75 38
      vertex 9.42025 -6.59613 38
    endloop
  endfacet
  facet normal 0.213266 0.676368 0.705013
    outer loop
      vertex -3.49148 -13.0304 40
      vertex -2.97642 -11.1081 38
      vertex -4.60911 -12.678 40
    endloop
  endfacet
  facet normal 0.629081 0.327452 0.705005
    outer loop
      vertex -10.4225 -4.86011 38
      vertex -12.2238 -5.70557 40
      vertex -9.95929 -5.75 38
    endloop
  endfacet
  facet normal 0.629412 0.326783 0.705021
    outer loop
      vertex -12.2238 -5.70557 40
      vertex -10.4225 -4.86011 38
      vertex -12.2261 -5.70114 40
    endloop
  endfacet
  facet normal 0.655201 0.271445 0.705003
    outer loop
      vertex -12.228 -5.69653 40
      vertex -10.4225 -4.86011 38
      vertex -10.8065 -3.93323 38
    endloop
  endfacet
  facet normal 0.655722 0.270254 0.704976
    outer loop
      vertex -10.4225 -4.86011 38
      vertex -12.228 -5.69653 40
      vertex -12.2261 -5.70114 40
    endloop
  endfacet
  facet normal 0.326783 0.629412 0.705021
    outer loop
      vertex -4.86011 -10.4225 38
      vertex -5.70557 -12.2238 40
      vertex -5.70114 -12.2261 40
    endloop
  endfacet
  facet normal 0.327452 0.629081 0.705005
    outer loop
      vertex -5.70557 -12.2238 40
      vertex -4.86011 -10.4225 38
      vertex -5.75 -9.95929 38
    endloop
  endfacet
  facet normal -0.0992854 -0.70209 0.705133
    outer loop
      vertex 2.33757 13.2858 40
      vertex 1.99695 11.3253 38
      vertex 2.34252 13.2851 40
    endloop
  endfacet
  facet normal -0.0925346 -0.703136 0.705009
    outer loop
      vertex 1.99695 11.3253 38
      vertex 2.33757 13.2858 40
      vertex 1.00229 11.4562 38
    endloop
  endfacet
  facet normal 0.598143 -0.381056 0.704997
    outer loop
      vertex -11.68 6.74923 40
      vertex -9.95929 5.75 38
      vertex -9.42025 6.59613 38
    endloop
  endfacet
  facet normal 0.596625 -0.383545 0.704934
    outer loop
      vertex -9.95929 5.75 38
      vertex -11.68 6.74923 40
      vertex -11.6827 6.74503 40
    endloop
  endfacet
  facet normal 0.0925346 0.703136 0.705009
    outer loop
      vertex -1.17574 -13.4387 40
      vertex -1.00229 -11.4562 38
      vertex -2.33757 -13.2858 40
    endloop
  endfacet
  facet normal -0.0309251 -0.708525 0.705008
    outer loop
      vertex 1.00229 11.4562 38
      vertex 1.17574 13.4387 40
      vertex 0.00498616 13.4898 40
    endloop
  endfacet
  facet normal 0.655722 -0.270254 0.704976
    outer loop
      vertex -12.228 5.69653 40
      vertex -10.4225 4.86011 38
      vertex -12.2261 5.70114 40
    endloop
  endfacet
  facet normal 0.655201 -0.271445 0.705003
    outer loop
      vertex -10.4225 4.86011 38
      vertex -12.228 5.69653 40
      vertex -10.8065 3.93323 38
    endloop
  endfacet
  facet normal 0.676421 -0.213158 0.704995
    outer loop
      vertex -12.678 4.60911 40
      vertex -10.8065 3.93323 38
      vertex -12.6765 4.61387 40
    endloop
  endfacet
  facet normal 0.676403 -0.213212 0.704997
    outer loop
      vertex -10.8065 3.93323 38
      vertex -12.678 4.60911 40
      vertex -11.1081 2.97642 38
    endloop
  endfacet
  facet normal 0.153478 -0.6924 0.705001
    outer loop
      vertex -1.99695 11.3253 38
      vertex -2.34252 13.2851 40
      vertex -3.48661 13.0315 40
    endloop
  endfacet
  facet normal -0.270254 -0.655722 0.704976
    outer loop
      vertex 5.69653 12.228 40
      vertex 4.86011 10.4225 38
      vertex 5.70114 12.2261 40
    endloop
  endfacet
  facet normal -0.271445 -0.655201 0.705003
    outer loop
      vertex 4.86011 10.4225 38
      vertex 5.69653 12.228 40
      vertex 3.93323 10.8065 38
    endloop
  endfacet
  facet normal 0.703136 -0.0925346 0.705009
    outer loop
      vertex -11.4562 1.00229 38
      vertex -13.2858 2.33757 40
      vertex -13.4387 1.17574 40
    endloop
  endfacet
  facet normal 0.70209 -0.0992854 0.705133
    outer loop
      vertex -13.2858 2.33757 40
      vertex -11.3253 1.99695 38
      vertex -13.2851 2.34252 40
    endloop
  endfacet
  facet normal 0.703136 -0.0925346 0.705009
    outer loop
      vertex -11.3253 1.99695 38
      vertex -13.2858 2.33757 40
      vertex -11.4562 1.00229 38
    endloop
  endfacet
  facet normal -0.478972 -0.523031 0.704999
    outer loop
      vertex 9.53523 9.54228 40
      vertex 8.13173 8.13173 38
      vertex 9.53891 9.53891 40
    endloop
  endfacet
  facet normal -0.47913 -0.522881 0.705004
    outer loop
      vertex 8.13173 8.13173 38
      vertex 9.53523 9.54228 40
      vertex 7.39206 8.80951 38
    endloop
  endfacet
  facet normal 0.0925346 -0.703136 0.705009
    outer loop
      vertex -1.00229 11.4562 38
      vertex -1.17574 13.4387 40
      vertex -2.33757 13.2858 40
    endloop
  endfacet
  facet normal 0.0309251 -0.708525 0.705008
    outer loop
      vertex -1.00229 11.4562 38
      vertex -0.00498616 13.4898 40
      vertex -1.17574 13.4387 40
    endloop
  endfacet
  facet normal -0.381038 0.598149 0.705002
    outer loop
      vertex 6.74923 -11.68 40
      vertex 7.73757 -11.0504 40
      vertex 6.59613 -9.42025 38
    endloop
  endfacet
  facet normal 0.381038 0.598149 0.705002
    outer loop
      vertex -6.74923 -11.68 40
      vertex -6.59613 -9.42025 38
      vertex -7.73757 -11.0504 40
    endloop
  endfacet
  facet normal -0.565379 -0.428317 0.704905
    outer loop
      vertex 8.80951 7.39206 38
      vertex 10.337 8.66728 40
      vertex 10.334 8.67124 40
    endloop
  endfacet
  facet normal -0.56265 -0.431738 0.705002
    outer loop
      vertex 10.337 8.66728 40
      vertex 8.80951 7.39206 38
      vertex 9.42025 6.59613 38
    endloop
  endfacet
  facet normal -0.562648 -0.43174 0.705002
    outer loop
      vertex 11.0504 7.73757 40
      vertex 10.337 8.66728 40
      vertex 9.42025 6.59613 38
    endloop
  endfacet
  facet normal 0.153535 -0.69237 0.705018
    outer loop
      vertex -3.48661 13.0315 40
      vertex -2.97642 11.1081 38
      vertex -1.99695 11.3253 38
    endloop
  endfacet
  facet normal 0.156238 -0.69171 0.705073
    outer loop
      vertex -2.97642 11.1081 38
      vertex -3.48661 13.0315 40
      vertex -3.49148 13.0304 40
    endloop
  endfacet
  facet normal -0.598149 -0.381038 0.705002
    outer loop
      vertex 11.68 6.74923 40
      vertex 11.0504 7.73757 40
      vertex 9.42025 6.59613 38
    endloop
  endfacet
  facet normal -0.596625 -0.383545 0.704934
    outer loop
      vertex 11.68 6.74923 40
      vertex 9.95929 5.75 38
      vertex 11.6827 6.74503 40
    endloop
  endfacet
  facet normal -0.598143 -0.381056 0.704997
    outer loop
      vertex 9.95929 5.75 38
      vertex 11.68 6.74923 40
      vertex 9.42025 6.59613 38
    endloop
  endfacet
  facet normal 0.708525 0.0309251 0.705008
    outer loop
      vertex -13.4387 -1.17574 40
      vertex -11.4562 -1.00229 38
      vertex -13.4898 -0.00498616 40
    endloop
  endfacet
  facet normal 0.43174 -0.562648 0.705002
    outer loop
      vertex -6.59613 9.42025 38
      vertex -7.73757 11.0504 40
      vertex -8.66728 10.337 40
    endloop
  endfacet
  facet normal 0.56265 0.431738 0.705002
    outer loop
      vertex -10.337 -8.66728 40
      vertex -8.80951 -7.39206 38
      vertex -9.42025 -6.59613 38
    endloop
  endfacet
  facet normal 0.565379 0.428317 0.704905
    outer loop
      vertex -8.80951 -7.39206 38
      vertex -10.337 -8.66728 40
      vertex -10.334 -8.67124 40
    endloop
  endfacet
  facet normal -0.43174 0.562648 0.705002
    outer loop
      vertex 7.73757 -11.0504 40
      vertex 8.66728 -10.337 40
      vertex 6.59613 -9.42025 38
    endloop
  endfacet
  facet normal 0.598143 0.381056 0.704997
    outer loop
      vertex -9.95929 -5.75 38
      vertex -11.68 -6.74923 40
      vertex -9.42025 -6.59613 38
    endloop
  endfacet
  facet normal 0.596625 0.383545 0.704934
    outer loop
      vertex -11.68 -6.74923 40
      vertex -9.95929 -5.75 38
      vertex -11.6827 -6.74503 40
    endloop
  endfacet
  facet normal 0.562648 0.43174 0.705002
    outer loop
      vertex -10.337 -8.66728 40
      vertex -9.42025 -6.59613 38
      vertex -11.0504 -7.73757 40
    endloop
  endfacet
  facet normal 0.43174 0.562648 0.705002
    outer loop
      vertex -7.73757 -11.0504 40
      vertex -6.59613 -9.42025 38
      vertex -8.66728 -10.337 40
    endloop
  endfacet
  facet normal 0.431738 0.56265 0.705002
    outer loop
      vertex -7.39206 -8.80951 38
      vertex -8.66728 -10.337 40
      vertex -6.59613 -9.42025 38
    endloop
  endfacet
  facet normal 0.428317 0.565379 0.704905
    outer loop
      vertex -8.66728 -10.337 40
      vertex -7.39206 -8.80951 38
      vertex -8.67124 -10.334 40
    endloop
  endfacet
  facet normal 0.213212 0.676403 0.704997
    outer loop
      vertex -3.93323 -10.8065 38
      vertex -4.60911 -12.678 40
      vertex -2.97642 -11.1081 38
    endloop
  endfacet
  facet normal 0.213158 0.676421 0.704995
    outer loop
      vertex -4.60911 -12.678 40
      vertex -3.93323 -10.8065 38
      vertex -4.61387 -12.6765 40
    endloop
  endfacet
  facet normal 0.0925346 -0.703136 0.705009
    outer loop
      vertex -2.33757 13.2858 40
      vertex -1.99695 11.3253 38
      vertex -1.00229 11.4562 38
    endloop
  endfacet
  facet normal 0.0992854 -0.70209 0.705133
    outer loop
      vertex -1.99695 11.3253 38
      vertex -2.33757 13.2858 40
      vertex -2.34252 13.2851 40
    endloop
  endfacet
  facet normal 0.598149 -0.381038 0.705002
    outer loop
      vertex -9.42025 6.59613 38
      vertex -11.0504 7.73757 40
      vertex -11.68 6.74923 40
    endloop
  endfacet
  facet normal 0.562648 -0.43174 0.705002
    outer loop
      vertex -9.42025 6.59613 38
      vertex -10.337 8.66728 40
      vertex -11.0504 7.73757 40
    endloop
  endfacet
  facet normal 0.0309251 0.708525 0.705008
    outer loop
      vertex -0.00498616 -13.4898 40
      vertex -1.00229 -11.4562 38
      vertex -1.17574 -13.4387 40
    endloop
  endfacet
  facet normal 0 -0.216418 0.976301
    outer loop
      vertex -14.6689 0.711752 7.3437
      vertex -11.4792 0.477532 7.29178
      vertex -11.4689 0.711752 7.3437
    endloop
  endfacet
  facet normal 0 -0.216418 0.976301
    outer loop
      vertex -11.4792 0.477532 7.29178
      vertex -14.6689 0.711752 7.3437
      vertex -14.6792 0.477532 7.29178
    endloop
  endfacet
  facet normal 0 -0.216418 0.976301
    outer loop
      vertex 14.6689 0.711752 7.3437
      vertex 11.4792 0.477532 7.29178
      vertex 14.6792 0.477532 7.29178
    endloop
  endfacet
  facet normal 0 -0.216418 0.976301
    outer loop
      vertex 11.4792 0.477532 7.29178
      vertex 14.6689 0.711752 7.3437
      vertex 11.4689 0.711752 7.3437
    endloop
  endfacet
  facet normal 0 -0.976301 0.216418
    outer loop
      vertex -11.1791 2.6563 9.28825
      vertex -14.4422 2.70822 9.52247
      vertex -14.4537 2.6563 9.28825
    endloop
  endfacet
  facet normal 0 -0.976301 0.216418
    outer loop
      vertex -14.4422 2.70822 9.52247
      vertex -11.1791 2.6563 9.28825
      vertex -11.1676 2.70822 9.52247
    endloop
  endfacet
  facet normal 0 -0.976301 0.216418
    outer loop
      vertex 11.1791 2.6563 9.28825
      vertex 14.4422 2.70822 9.52247
      vertex 11.1676 2.70822 9.52247
    endloop
  endfacet
  facet normal 0 -0.976301 0.216418
    outer loop
      vertex 14.4422 2.70822 9.52247
      vertex 11.1791 2.6563 9.28825
      vertex 14.4537 2.6563 9.28825
    endloop
  endfacet
  facet normal 0 -0.537304 0.843388
    outer loop
      vertex -14.6051 1.57733 7.74733
      vertex -11.4072 1.375 7.61843
      vertex -11.3805 1.57733 7.74733
    endloop
  endfacet
  facet normal 0 -0.537304 0.843388
    outer loop
      vertex -11.4072 1.375 7.61843
      vertex -14.6051 1.57733 7.74733
      vertex -14.6317 1.375 7.61843
    endloop
  endfacet
  facet normal 0 -0.537304 0.843388
    outer loop
      vertex 14.6051 1.57733 7.74733
      vertex 11.4072 1.375 7.61843
      vertex 14.6317 1.375 7.61843
    endloop
  endfacet
  facet normal 0 -0.537304 0.843388
    outer loop
      vertex 11.4072 1.375 7.61843
      vertex 14.6051 1.57733 7.74733
      vertex 11.3805 1.57733 7.74733
    endloop
  endfacet
  facet normal 0 -0.843352 -0.537361
    outer loop
      vertex -14.4992 2.38157 11.375
      vertex -11.2686 2.25267 11.5773
      vertex -14.5162 2.25267 11.5773
    endloop
  endfacet
  facet normal 0 -0.843352 -0.537361
    outer loop
      vertex -11.2686 2.25267 11.5773
      vertex -14.4992 2.38157 11.375
      vertex -11.24 2.38157 11.375
    endloop
  endfacet
  facet normal -0 -0.843352 -0.537361
    outer loop
      vertex 14.4992 2.38157 11.375
      vertex 11.2686 2.25267 11.5773
      vertex 11.24 2.38157 11.375
    endloop
  endfacet
  facet normal 0 -0.843352 -0.537361
    outer loop
      vertex 11.2686 2.25267 11.5773
      vertex 14.4992 2.38157 11.375
      vertex 14.5162 2.25267 11.5773
    endloop
  endfacet
  facet normal 0 -0.0436006 0.999049
    outer loop
      vertex -14.6895 0.239677 7.26046
      vertex -11.5 0 7.25
      vertex -11.4895 0.239677 7.26046
    endloop
  endfacet
  facet normal 0 -0.0436006 0.999049
    outer loop
      vertex -11.5 0 7.25
      vertex -14.6895 0.239677 7.26046
      vertex -14.7 0 7.25
    endloop
  endfacet
  facet normal 0 -0.0436006 0.999049
    outer loop
      vertex 14.6895 0.239677 7.26046
      vertex 11.5 0 7.25
      vertex 14.7 0 7.25
    endloop
  endfacet
  facet normal 0 -0.0436006 0.999049
    outer loop
      vertex 11.5 0 7.25
      vertex 14.6895 0.239677 7.26046
      vertex 11.4895 0.239677 7.26046
    endloop
  endfacet
  facet normal 0 0.793344 0.608774
    outer loop
      vertex -11.301 -2.10662 8.23233
      vertex -14.5162 -2.25267 8.42266
      vertex -11.2686 -2.25267 8.42266
    endloop
  endfacet
  facet normal 0 0.793344 0.608774
    outer loop
      vertex -14.5162 -2.25267 8.42266
      vertex -11.301 -2.10662 8.23233
      vertex -14.5354 -2.10662 8.23233
    endloop
  endfacet
  facet normal -0 0.793344 0.608774
    outer loop
      vertex 11.301 -2.10662 8.23233
      vertex 14.5162 -2.25267 8.42266
      vertex 14.5354 -2.10662 8.23233
    endloop
  endfacet
  facet normal 0 0.793344 0.608774
    outer loop
      vertex 14.5162 -2.25267 8.42266
      vertex 11.301 -2.10662 8.23233
      vertex 11.2686 -2.25267 8.42266
    endloop
  endfacet
  facet normal 0 -0.300549 -0.953766
    outer loop
      vertex -11.4689 0.711752 12.6563
      vertex -14.6589 0.940555 12.5842
      vertex -11.4589 0.940555 12.5842
    endloop
  endfacet
  facet normal 0 -0.300549 -0.953766
    outer loop
      vertex -14.6589 0.940555 12.5842
      vertex -11.4689 0.711752 12.6563
      vertex -14.6689 0.711752 12.6563
    endloop
  endfacet
  facet normal 0 -0.300549 -0.953766
    outer loop
      vertex 11.4689 0.711752 12.6563
      vertex 14.6589 0.940555 12.5842
      vertex 14.6689 0.711752 12.6563
    endloop
  endfacet
  facet normal -0 -0.300549 -0.953766
    outer loop
      vertex 14.6589 0.940555 12.5842
      vertex 11.4689 0.711752 12.6563
      vertex 11.4589 0.940555 12.5842
    endloop
  endfacet
  facet normal 0 -0.382995 -0.923751
    outer loop
      vertex -11.4562 1.00229 12.5586
      vertex -14.6493 1.1622 12.4923
      vertex -11.4352 1.1622 12.4923
    endloop
  endfacet
  facet normal -3.1117e-06 -0.383048 -0.923729
    outer loop
      vertex -11.4589 0.940555 12.5842
      vertex -14.6493 1.1622 12.4923
      vertex -11.4562 1.00229 12.5586
    endloop
  endfacet
  facet normal 0 -0.383009 -0.923744
    outer loop
      vertex -14.6493 1.1622 12.4923
      vertex -11.4589 0.940555 12.5842
      vertex -14.6589 0.940555 12.5842
    endloop
  endfacet
  facet normal 0 -0.383009 -0.923744
    outer loop
      vertex 11.4589 0.940555 12.5842
      vertex 14.6493 1.1622 12.4923
      vertex 14.6589 0.940555 12.5842
    endloop
  endfacet
  facet normal 3.1117e-06 -0.383048 -0.923729
    outer loop
      vertex 11.4562 1.00229 12.5586
      vertex 14.6493 1.1622 12.4923
      vertex 11.4589 0.940555 12.5842
    endloop
  endfacet
  facet normal -0 -0.382995 -0.923751
    outer loop
      vertex 14.6493 1.1622 12.4923
      vertex 11.4562 1.00229 12.5586
      vertex 11.4352 1.1622 12.4923
    endloop
  endfacet
  facet normal 0 0.608885 -0.793259
    outer loop
      vertex -14.58 -1.76767 12.1066
      vertex -11.3805 -1.57733 12.2527
      vertex -11.3555 -1.76767 12.1066
    endloop
  endfacet
  facet normal 0 0.608885 -0.793259
    outer loop
      vertex -11.3805 -1.57733 12.2527
      vertex -14.58 -1.76767 12.1066
      vertex -14.6051 -1.57733 12.2527
    endloop
  endfacet
  facet normal 0 0.608885 -0.793259
    outer loop
      vertex 14.58 -1.76767 12.1066
      vertex 11.3805 -1.57733 12.2527
      vertex 14.6051 -1.57733 12.2527
    endloop
  endfacet
  facet normal 0 0.608885 -0.793259
    outer loop
      vertex 11.3805 -1.57733 12.2527
      vertex 14.58 -1.76767 12.1066
      vertex 11.3555 -1.76767 12.1066
    endloop
  endfacet
  facet normal 0 -0.991441 0.130553
    outer loop
      vertex -11.1676 2.70822 9.52247
      vertex -14.4352 2.73954 9.76032
      vertex -14.4422 2.70822 9.52247
    endloop
  endfacet
  facet normal 0 -0.991441 0.130553
    outer loop
      vertex -14.4352 2.73954 9.76032
      vertex -11.1676 2.70822 9.52247
      vertex -11.1607 2.73954 9.76032
    endloop
  endfacet
  facet normal 0 -0.991441 0.130553
    outer loop
      vertex 11.1676 2.70822 9.52247
      vertex 14.4352 2.73954 9.76032
      vertex 11.1607 2.73954 9.76032
    endloop
  endfacet
  facet normal 0 -0.991441 0.130553
    outer loop
      vertex 14.4352 2.73954 9.76032
      vertex 11.1676 2.70822 9.52247
      vertex 14.4422 2.70822 9.52247
    endloop
  endfacet
  facet normal 0 0.887005 0.46176
    outer loop
      vertex -11.24 -2.38157 8.625
      vertex -14.4846 -2.49235 8.8378
      vertex -11.2155 -2.49235 8.8378
    endloop
  endfacet
  facet normal 0 0.887005 0.46176
    outer loop
      vertex -14.4846 -2.49235 8.8378
      vertex -11.24 -2.38157 8.625
      vertex -14.4992 -2.38157 8.625
    endloop
  endfacet
  facet normal -0 0.887005 0.46176
    outer loop
      vertex 11.24 -2.38157 8.625
      vertex 14.4846 -2.49235 8.8378
      vertex 14.4992 -2.38157 8.625
    endloop
  endfacet
  facet normal 0 0.887005 0.46176
    outer loop
      vertex 14.4846 -2.49235 8.8378
      vertex 11.24 -2.38157 8.625
      vertex 11.2155 -2.49235 8.8378
    endloop
  endfacet
  facet normal 0 0.608754 0.793359
    outer loop
      vertex -11.3805 -1.57733 7.74733
      vertex -14.58 -1.76767 7.89338
      vertex -11.3555 -1.76767 7.89338
    endloop
  endfacet
  facet normal 0 0.608754 0.793359
    outer loop
      vertex -14.58 -1.76767 7.89338
      vertex -11.3805 -1.57733 7.74733
      vertex -14.6051 -1.57733 7.74733
    endloop
  endfacet
  facet normal -0 0.608754 0.793359
    outer loop
      vertex 11.3805 -1.57733 7.74733
      vertex 14.58 -1.76767 7.89338
      vertex 14.6051 -1.57733 7.74733
    endloop
  endfacet
  facet normal 0 0.608754 0.793359
    outer loop
      vertex 14.58 -1.76767 7.89338
      vertex 11.3805 -1.57733 7.74733
      vertex 11.3555 -1.76767 7.89338
    endloop
  endfacet
  facet normal 0 -0.675609 0.73726
    outer loop
      vertex -14.5567 1.94454 8.05546
      vertex -11.3555 1.76767 7.89338
      vertex -11.3322 1.94454 8.05546
    endloop
  endfacet
  facet normal 0 -0.675609 0.73726
    outer loop
      vertex -11.3555 1.76767 7.89338
      vertex -14.5567 1.94454 8.05546
      vertex -14.58 1.76767 7.89338
    endloop
  endfacet
  facet normal 0 -0.675609 0.73726
    outer loop
      vertex 14.5567 1.94454 8.05546
      vertex 11.3555 1.76767 7.89338
      vertex 14.58 1.76767 7.89338
    endloop
  endfacet
  facet normal 0 -0.675609 0.73726
    outer loop
      vertex 11.3555 1.76767 7.89338
      vertex 14.5567 1.94454 8.05546
      vertex 11.3322 1.94454 8.05546
    endloop
  endfacet
  facet normal 0 -0.887005 0.46176
    outer loop
      vertex -11.24 2.38157 8.625
      vertex -14.4846 2.49235 8.8378
      vertex -14.4992 2.38157 8.625
    endloop
  endfacet
  facet normal 0 -0.887005 0.46176
    outer loop
      vertex -14.4846 2.49235 8.8378
      vertex -11.24 2.38157 8.625
      vertex -11.2155 2.49235 8.8378
    endloop
  endfacet
  facet normal 0 -0.887005 0.46176
    outer loop
      vertex 11.24 2.38157 8.625
      vertex 14.4846 2.49235 8.8378
      vertex 11.2155 2.49235 8.8378
    endloop
  endfacet
  facet normal 0 -0.887005 0.46176
    outer loop
      vertex 14.4846 2.49235 8.8378
      vertex 11.24 2.38157 8.625
      vertex 14.4992 2.38157 8.625
    endloop
  endfacet
  facet normal 0 -0.793452 -0.608633
    outer loop
      vertex -14.5162 2.25267 11.5773
      vertex -11.301 2.10662 11.7677
      vertex -14.5354 2.10662 11.7677
    endloop
  endfacet
  facet normal 0 -0.793452 -0.608633
    outer loop
      vertex -11.301 2.10662 11.7677
      vertex -14.5162 2.25267 11.5773
      vertex -11.2686 2.25267 11.5773
    endloop
  endfacet
  facet normal -0 -0.793452 -0.608633
    outer loop
      vertex 14.5162 2.25267 11.5773
      vertex 11.301 2.10662 11.7677
      vertex 11.2686 2.25267 11.5773
    endloop
  endfacet
  facet normal 0 -0.793452 -0.608633
    outer loop
      vertex 11.301 2.10662 11.7677
      vertex 14.5162 2.25267 11.5773
      vertex 14.5354 2.10662 11.7677
    endloop
  endfacet
  facet normal 0 -0.887005 -0.46176
    outer loop
      vertex -14.4846 2.49235 11.1622
      vertex -11.24 2.38157 11.375
      vertex -14.4992 2.38157 11.375
    endloop
  endfacet
  facet normal 0 -0.887005 -0.46176
    outer loop
      vertex -11.24 2.38157 11.375
      vertex -14.4846 2.49235 11.1622
      vertex -11.2155 2.49235 11.1622
    endloop
  endfacet
  facet normal -0 -0.887005 -0.46176
    outer loop
      vertex 14.4846 2.49235 11.1622
      vertex 11.24 2.38157 11.375
      vertex 11.2155 2.49235 11.1622
    endloop
  endfacet
  facet normal 0 -0.887005 -0.46176
    outer loop
      vertex 11.24 2.38157 11.375
      vertex 14.4846 2.49235 11.1622
      vertex 14.4992 2.38157 11.375
    endloop
  endfacet
  facet normal -2.98492e-06 -0.923904 0.382624
    outer loop
      vertex -11.2155 2.49235 8.8378
      vertex -14.4697 2.58415 9.05944
      vertex -14.4767 2.55263 8.98333
    endloop
  endfacet
  facet normal 0 -0.923881 0.382681
    outer loop
      vertex -11.2155 2.49235 8.8378
      vertex -14.4767 2.55263 8.98333
      vertex -14.4846 2.49235 8.8378
    endloop
  endfacet
  facet normal 0 -0.923889 0.382661
    outer loop
      vertex -14.4697 2.58415 9.05944
      vertex -11.2155 2.49235 8.8378
      vertex -11.1951 2.58415 9.05944
    endloop
  endfacet
  facet normal 0 -0.923889 0.382661
    outer loop
      vertex 11.2155 2.49235 8.8378
      vertex 14.4697 2.58415 9.05944
      vertex 11.1951 2.58415 9.05944
    endloop
  endfacet
  facet normal 2.98492e-06 -0.923904 0.382624
    outer loop
      vertex 14.4697 2.58415 9.05944
      vertex 11.2155 2.49235 8.8378
      vertex 14.4767 2.55263 8.98333
    endloop
  endfacet
  facet normal 0 -0.923881 0.382681
    outer loop
      vertex 14.4767 2.55263 8.98333
      vertex 11.2155 2.49235 8.8378
      vertex 14.4846 2.49235 8.8378
    endloop
  endfacet
  facet normal -1.95396e-05 0.737303 -0.675562
    outer loop
      vertex -14.5354 -2.10662 11.7677
      vertex -11.3322 -1.94454 11.9445
      vertex -11.3253 -1.99695 11.8873
    endloop
  endfacet
  facet normal 0 0.737042 -0.675847
    outer loop
      vertex -14.5354 -2.10662 11.7677
      vertex -11.3253 -1.99695 11.8873
      vertex -11.301 -2.10662 11.7677
    endloop
  endfacet
  facet normal 0 0.737126 -0.675755
    outer loop
      vertex -11.3322 -1.94454 11.9445
      vertex -14.5354 -2.10662 11.7677
      vertex -14.5567 -1.94454 11.9445
    endloop
  endfacet
  facet normal 0 0.737126 -0.675755
    outer loop
      vertex 14.5354 -2.10662 11.7677
      vertex 11.3322 -1.94454 11.9445
      vertex 14.5567 -1.94454 11.9445
    endloop
  endfacet
  facet normal 1.95396e-05 0.737303 -0.675562
    outer loop
      vertex 11.3322 -1.94454 11.9445
      vertex 14.5354 -2.10662 11.7677
      vertex 11.3253 -1.99695 11.8873
    endloop
  endfacet
  facet normal 0 0.737042 -0.675847
    outer loop
      vertex 11.3253 -1.99695 11.8873
      vertex 14.5354 -2.10662 11.7677
      vertex 11.301 -2.10662 11.7677
    endloop
  endfacet
  facet normal 0 -0.382649 0.923894
    outer loop
      vertex -14.6493 1.1622 7.50765
      vertex -11.4562 1.00229 7.44142
      vertex -11.4352 1.1622 7.50765
    endloop
  endfacet
  facet normal -8.36469e-06 -0.382792 0.923835
    outer loop
      vertex -14.6493 1.1622 7.50765
      vertex -11.4589 0.940555 7.41584
      vertex -11.4562 1.00229 7.44142
    endloop
  endfacet
  facet normal 0 -0.382689 0.923877
    outer loop
      vertex -11.4589 0.940555 7.41584
      vertex -14.6493 1.1622 7.50765
      vertex -14.6589 0.940555 7.41584
    endloop
  endfacet
  facet normal 0 -0.382689 0.923877
    outer loop
      vertex 14.6493 1.1622 7.50765
      vertex 11.4589 0.940555 7.41584
      vertex 14.6589 0.940555 7.41584
    endloop
  endfacet
  facet normal 8.36469e-06 -0.382792 0.923835
    outer loop
      vertex 14.6493 1.1622 7.50765
      vertex 11.4562 1.00229 7.44142
      vertex 11.4589 0.940555 7.41584
    endloop
  endfacet
  facet normal 0 -0.382649 0.923894
    outer loop
      vertex 11.4562 1.00229 7.44142
      vertex 14.6493 1.1622 7.50765
      vertex 11.4352 1.1622 7.50765
    endloop
  endfacet
  facet normal 0 0.887005 -0.46176
    outer loop
      vertex -14.4846 -2.49235 11.1622
      vertex -11.24 -2.38157 11.375
      vertex -11.2155 -2.49235 11.1622
    endloop
  endfacet
  facet normal 0 0.887005 -0.46176
    outer loop
      vertex -11.24 -2.38157 11.375
      vertex -14.4846 -2.49235 11.1622
      vertex -14.4992 -2.38157 11.375
    endloop
  endfacet
  facet normal 0 0.887005 -0.46176
    outer loop
      vertex 14.4846 -2.49235 11.1622
      vertex 11.24 -2.38157 11.375
      vertex 14.4992 -2.38157 11.375
    endloop
  endfacet
  facet normal 0 0.887005 -0.46176
    outer loop
      vertex 11.24 -2.38157 11.375
      vertex 14.4846 -2.49235 11.1622
      vertex 11.2155 -2.49235 11.1622
    endloop
  endfacet
  facet normal 0 -0.843401 0.537285
    outer loop
      vertex -11.2686 2.25267 8.42266
      vertex -14.4992 2.38157 8.625
      vertex -14.5162 2.25267 8.42266
    endloop
  endfacet
  facet normal 0 -0.843401 0.537285
    outer loop
      vertex -14.4992 2.38157 8.625
      vertex -11.2686 2.25267 8.42266
      vertex -11.24 2.38157 8.625
    endloop
  endfacet
  facet normal 0 -0.843401 0.537285
    outer loop
      vertex 11.2686 2.25267 8.42266
      vertex 14.4992 2.38157 8.625
      vertex 11.24 2.38157 8.625
    endloop
  endfacet
  facet normal 0 -0.843401 0.537285
    outer loop
      vertex 14.4992 2.38157 8.625
      vertex 11.2686 2.25267 8.42266
      vertex 14.5162 2.25267 8.42266
    endloop
  endfacet
  facet normal 0 0.0436006 0.999049
    outer loop
      vertex -11.5 0 7.25
      vertex -14.6895 -0.239677 7.26046
      vertex -11.4895 -0.239677 7.26046
    endloop
  endfacet
  facet normal 0 0.0436006 0.999049
    outer loop
      vertex -14.6895 -0.239677 7.26046
      vertex -11.5 0 7.25
      vertex -14.7 0 7.25
    endloop
  endfacet
  facet normal -0 0.0436006 0.999049
    outer loop
      vertex 11.5 0 7.25
      vertex 14.6895 -0.239677 7.26046
      vertex 14.7 0 7.25
    endloop
  endfacet
  facet normal 0 0.0436006 0.999049
    outer loop
      vertex 14.6895 -0.239677 7.26046
      vertex 11.5 0 7.25
      vertex 11.4895 -0.239677 7.26046
    endloop
  endfacet
  facet normal 0 -0.991438 -0.13058
    outer loop
      vertex -14.4352 2.73954 10.2397
      vertex -11.1676 2.70822 10.4775
      vertex -14.4422 2.70822 10.4775
    endloop
  endfacet
  facet normal 0 -0.991438 -0.13058
    outer loop
      vertex -11.1676 2.70822 10.4775
      vertex -14.4352 2.73954 10.2397
      vertex -11.1607 2.73954 10.2397
    endloop
  endfacet
  facet normal -0 -0.991438 -0.13058
    outer loop
      vertex 14.4352 2.73954 10.2397
      vertex 11.1676 2.70822 10.4775
      vertex 11.1607 2.73954 10.2397
    endloop
  endfacet
  facet normal 0 -0.991438 -0.13058
    outer loop
      vertex 11.1676 2.70822 10.4775
      vertex 14.4352 2.73954 10.2397
      vertex 14.4422 2.70822 10.4775
    endloop
  endfacet
  facet normal 0 0.382649 0.923894
    outer loop
      vertex -11.4562 -1.00229 7.44142
      vertex -14.6493 -1.1622 7.50765
      vertex -11.4352 -1.1622 7.50765
    endloop
  endfacet
  facet normal -8.36469e-06 0.382792 0.923835
    outer loop
      vertex -11.4589 -0.940555 7.41584
      vertex -14.6493 -1.1622 7.50765
      vertex -11.4562 -1.00229 7.44142
    endloop
  endfacet
  facet normal 0 0.382689 0.923877
    outer loop
      vertex -14.6493 -1.1622 7.50765
      vertex -11.4589 -0.940555 7.41584
      vertex -14.6589 -0.940555 7.41584
    endloop
  endfacet
  facet normal -0 0.382689 0.923877
    outer loop
      vertex 11.4589 -0.940555 7.41584
      vertex 14.6493 -1.1622 7.50765
      vertex 14.6589 -0.940555 7.41584
    endloop
  endfacet
  facet normal 8.36469e-06 0.382792 0.923835
    outer loop
      vertex 11.4562 -1.00229 7.44142
      vertex 14.6493 -1.1622 7.50765
      vertex 11.4589 -0.940555 7.41584
    endloop
  endfacet
  facet normal 0 0.382649 0.923894
    outer loop
      vertex 14.6493 -1.1622 7.50765
      vertex 11.4562 -1.00229 7.44142
      vertex 11.4352 -1.1622 7.50765
    endloop
  endfacet
  facet normal 0 0.216339 -0.976318
    outer loop
      vertex -14.6689 -0.711752 12.6563
      vertex -11.4792 -0.477532 12.7082
      vertex -11.4689 -0.711752 12.6563
    endloop
  endfacet
  facet normal 0 0.216339 -0.976318
    outer loop
      vertex -11.4792 -0.477532 12.7082
      vertex -14.6689 -0.711752 12.6563
      vertex -14.6792 -0.477532 12.7082
    endloop
  endfacet
  facet normal 0 0.216339 -0.976318
    outer loop
      vertex 14.6689 -0.711752 12.6563
      vertex 11.4792 -0.477532 12.7082
      vertex 14.6792 -0.477532 12.7082
    endloop
  endfacet
  facet normal 0 0.216339 -0.976318
    outer loop
      vertex 11.4792 -0.477532 12.7082
      vertex 14.6689 -0.711752 12.6563
      vertex 11.4689 -0.711752 12.6563
    endloop
  endfacet
  facet normal 0 0.382995 -0.923751
    outer loop
      vertex -14.6493 -1.1622 12.4923
      vertex -11.4562 -1.00229 12.5586
      vertex -11.4352 -1.1622 12.4923
    endloop
  endfacet
  facet normal -3.1117e-06 0.383048 -0.923729
    outer loop
      vertex -14.6493 -1.1622 12.4923
      vertex -11.4589 -0.940555 12.5842
      vertex -11.4562 -1.00229 12.5586
    endloop
  endfacet
  facet normal 0 0.383009 -0.923744
    outer loop
      vertex -11.4589 -0.940555 12.5842
      vertex -14.6493 -1.1622 12.4923
      vertex -14.6589 -0.940555 12.5842
    endloop
  endfacet
  facet normal 0 0.383009 -0.923744
    outer loop
      vertex 14.6493 -1.1622 12.4923
      vertex 11.4589 -0.940555 12.5842
      vertex 14.6589 -0.940555 12.5842
    endloop
  endfacet
  facet normal 3.1117e-06 0.383048 -0.923729
    outer loop
      vertex 14.6493 -1.1622 12.4923
      vertex 11.4562 -1.00229 12.5586
      vertex 11.4589 -0.940555 12.5842
    endloop
  endfacet
  facet normal 0 0.382995 -0.923751
    outer loop
      vertex 11.4562 -1.00229 12.5586
      vertex 14.6493 -1.1622 12.4923
      vertex 11.4352 -1.1622 12.4923
    endloop
  endfacet
  facet normal 0 -0.13055 0.991442
    outer loop
      vertex -14.6792 0.477532 7.29178
      vertex -11.4895 0.239677 7.26046
      vertex -11.4792 0.477532 7.29178
    endloop
  endfacet
  facet normal 0 -0.13055 0.991442
    outer loop
      vertex -11.4895 0.239677 7.26046
      vertex -14.6792 0.477532 7.29178
      vertex -14.6895 0.239677 7.26046
    endloop
  endfacet
  facet normal 0 -0.13055 0.991442
    outer loop
      vertex 14.6792 0.477532 7.29178
      vertex 11.4895 0.239677 7.26046
      vertex 14.6895 0.239677 7.26046
    endloop
  endfacet
  facet normal 0 -0.13055 0.991442
    outer loop
      vertex 11.4895 0.239677 7.26046
      vertex 14.6792 0.477532 7.29178
      vertex 11.4792 0.477532 7.29178
    endloop
  endfacet
  facet normal 0 -0.737267 0.675602
    outer loop
      vertex -14.5354 2.10662 8.23233
      vertex -11.3253 1.99695 8.11265
      vertex -11.301 2.10662 8.23233
    endloop
  endfacet
  facet normal 0 -0.73726 0.675609
    outer loop
      vertex -11.3322 1.94454 8.05546
      vertex -14.5354 2.10662 8.23233
      vertex -14.5567 1.94454 8.05546
    endloop
  endfacet
  facet normal 1.60513e-06 -0.737245 0.675625
    outer loop
      vertex -14.5354 2.10662 8.23233
      vertex -11.3322 1.94454 8.05546
      vertex -11.3253 1.99695 8.11265
    endloop
  endfacet
  facet normal 0 -0.737267 0.675602
    outer loop
      vertex 11.3253 1.99695 8.11265
      vertex 14.5354 2.10662 8.23233
      vertex 11.301 2.10662 8.23233
    endloop
  endfacet
  facet normal -1.60513e-06 -0.737245 0.675625
    outer loop
      vertex 11.3322 1.94454 8.05546
      vertex 14.5354 2.10662 8.23233
      vertex 11.3253 1.99695 8.11265
    endloop
  endfacet
  facet normal 0 -0.73726 0.675609
    outer loop
      vertex 14.5354 2.10662 8.23233
      vertex 11.3322 1.94454 8.05546
      vertex 14.5567 1.94454 8.05546
    endloop
  endfacet
  facet normal 0 0.300549 -0.953766
    outer loop
      vertex -14.6589 -0.940555 12.5842
      vertex -11.4689 -0.711752 12.6563
      vertex -11.4589 -0.940555 12.5842
    endloop
  endfacet
  facet normal 0 0.300549 -0.953766
    outer loop
      vertex -11.4689 -0.711752 12.6563
      vertex -14.6589 -0.940555 12.5842
      vertex -14.6689 -0.711752 12.6563
    endloop
  endfacet
  facet normal 0 0.300549 -0.953766
    outer loop
      vertex 14.6589 -0.940555 12.5842
      vertex 11.4689 -0.711752 12.6563
      vertex 14.6689 -0.711752 12.6563
    endloop
  endfacet
  facet normal 0 0.300549 -0.953766
    outer loop
      vertex 11.4689 -0.711752 12.6563
      vertex 14.6589 -0.940555 12.5842
      vertex 11.4589 -0.940555 12.5842
    endloop
  endfacet
  facet normal 0 0.991441 0.130553
    outer loop
      vertex -11.1676 -2.70822 9.52247
      vertex -14.4352 -2.73954 9.76032
      vertex -11.1607 -2.73954 9.76032
    endloop
  endfacet
  facet normal 0 0.991441 0.130553
    outer loop
      vertex -14.4352 -2.73954 9.76032
      vertex -11.1676 -2.70822 9.52247
      vertex -14.4422 -2.70822 9.52247
    endloop
  endfacet
  facet normal -0 0.991441 0.130553
    outer loop
      vertex 11.1676 -2.70822 9.52247
      vertex 14.4352 -2.73954 9.76032
      vertex 14.4422 -2.70822 9.52247
    endloop
  endfacet
  facet normal 0 0.991441 0.130553
    outer loop
      vertex 14.4352 -2.73954 9.76032
      vertex 11.1676 -2.70822 9.52247
      vertex 11.1607 -2.73954 9.76032
    endloop
  endfacet
  facet normal 0 0.675655 -0.737218
    outer loop
      vertex -14.5567 -1.94454 11.9445
      vertex -11.3555 -1.76767 12.1066
      vertex -11.3322 -1.94454 11.9445
    endloop
  endfacet
  facet normal 0 0.675655 -0.737218
    outer loop
      vertex -11.3555 -1.76767 12.1066
      vertex -14.5567 -1.94454 11.9445
      vertex -14.58 -1.76767 12.1066
    endloop
  endfacet
  facet normal 0 0.675655 -0.737218
    outer loop
      vertex 14.5567 -1.94454 11.9445
      vertex 11.3555 -1.76767 12.1066
      vertex 14.58 -1.76767 12.1066
    endloop
  endfacet
  facet normal 0 0.675655 -0.737218
    outer loop
      vertex 11.3555 -1.76767 12.1066
      vertex 14.5567 -1.94454 11.9445
      vertex 11.3322 -1.94454 11.9445
    endloop
  endfacet
  facet normal 0 -0.537304 -0.843388
    outer loop
      vertex -11.4072 1.375 12.3816
      vertex -14.6051 1.57733 12.2527
      vertex -11.3805 1.57733 12.2527
    endloop
  endfacet
  facet normal 0 -0.537304 -0.843388
    outer loop
      vertex -14.6051 1.57733 12.2527
      vertex -11.4072 1.375 12.3816
      vertex -14.6317 1.375 12.3816
    endloop
  endfacet
  facet normal 0 -0.537304 -0.843388
    outer loop
      vertex 11.4072 1.375 12.3816
      vertex 14.6051 1.57733 12.2527
      vertex 14.6317 1.375 12.3816
    endloop
  endfacet
  facet normal -0 -0.537304 -0.843388
    outer loop
      vertex 14.6051 1.57733 12.2527
      vertex 11.4072 1.375 12.3816
      vertex 11.3805 1.57733 12.2527
    endloop
  endfacet
  facet normal 0 0.216418 0.976301
    outer loop
      vertex -11.4792 -0.477532 7.29178
      vertex -14.6689 -0.711752 7.3437
      vertex -11.4689 -0.711752 7.3437
    endloop
  endfacet
  facet normal 0 0.216418 0.976301
    outer loop
      vertex -14.6689 -0.711752 7.3437
      vertex -11.4792 -0.477532 7.29178
      vertex -14.6792 -0.477532 7.29178
    endloop
  endfacet
  facet normal -0 0.216418 0.976301
    outer loop
      vertex 11.4792 -0.477532 7.29178
      vertex 14.6689 -0.711752 7.3437
      vertex 14.6792 -0.477532 7.29178
    endloop
  endfacet
  facet normal 0 0.216418 0.976301
    outer loop
      vertex 14.6689 -0.711752 7.3437
      vertex 11.4792 -0.477532 7.29178
      vertex 11.4689 -0.711752 7.3437
    endloop
  endfacet
  facet normal 0 0.13055 0.991442
    outer loop
      vertex -11.4895 -0.239677 7.26046
      vertex -14.6792 -0.477532 7.29178
      vertex -11.4792 -0.477532 7.29178
    endloop
  endfacet
  facet normal 0 0.13055 0.991442
    outer loop
      vertex -14.6792 -0.477532 7.29178
      vertex -11.4895 -0.239677 7.26046
      vertex -14.6895 -0.239677 7.26046
    endloop
  endfacet
  facet normal -0 0.13055 0.991442
    outer loop
      vertex 11.4895 -0.239677 7.26046
      vertex 14.6792 -0.477532 7.29178
      vertex 14.6895 -0.239677 7.26046
    endloop
  endfacet
  facet normal 0 0.13055 0.991442
    outer loop
      vertex 14.6792 -0.477532 7.29178
      vertex 11.4895 -0.239677 7.26046
      vertex 11.4792 -0.477532 7.29178
    endloop
  endfacet
  facet normal 0 -0.953705 -0.300742
    outer loop
      vertex -14.4537 2.6563 10.7118
      vertex -11.1951 2.58415 10.9406
      vertex -14.4697 2.58415 10.9406
    endloop
  endfacet
  facet normal 0 -0.953705 -0.300742
    outer loop
      vertex -11.1951 2.58415 10.9406
      vertex -14.4537 2.6563 10.7118
      vertex -11.1791 2.6563 10.7118
    endloop
  endfacet
  facet normal -0 -0.953705 -0.300742
    outer loop
      vertex 14.4537 2.6563 10.7118
      vertex 11.1951 2.58415 10.9406
      vertex 11.1791 2.6563 10.7118
    endloop
  endfacet
  facet normal 0 -0.953705 -0.300742
    outer loop
      vertex 11.1951 2.58415 10.9406
      vertex 14.4537 2.6563 10.7118
      vertex 14.4697 2.58415 10.9406
    endloop
  endfacet
  facet normal 0 0.999049 0.0436
    outer loop
      vertex -11.1607 -2.73954 9.76032
      vertex -14.4329 -2.75 10
      vertex -11.1583 -2.75 10
    endloop
  endfacet
  facet normal 0 0.999049 0.0436
    outer loop
      vertex -14.4329 -2.75 10
      vertex -11.1607 -2.73954 9.76032
      vertex -14.4352 -2.73954 9.76032
    endloop
  endfacet
  facet normal -0 0.999049 0.0436
    outer loop
      vertex 11.1607 -2.73954 9.76032
      vertex 14.4329 -2.75 10
      vertex 14.4352 -2.73954 9.76032
    endloop
  endfacet
  facet normal 0 0.999049 0.0436
    outer loop
      vertex 14.4329 -2.75 10
      vertex 11.1607 -2.73954 9.76032
      vertex 11.1583 -2.75 10
    endloop
  endfacet
  facet normal 0 -0.976316 -0.216348
    outer loop
      vertex -14.4422 2.70822 10.4775
      vertex -11.1791 2.6563 10.7118
      vertex -14.4537 2.6563 10.7118
    endloop
  endfacet
  facet normal 0 -0.976316 -0.216348
    outer loop
      vertex -11.1791 2.6563 10.7118
      vertex -14.4422 2.70822 10.4775
      vertex -11.1676 2.70822 10.4775
    endloop
  endfacet
  facet normal -0 -0.976316 -0.216348
    outer loop
      vertex 14.4422 2.70822 10.4775
      vertex 11.1791 2.6563 10.7118
      vertex 11.1676 2.70822 10.4775
    endloop
  endfacet
  facet normal 0 -0.976316 -0.216348
    outer loop
      vertex 11.1791 2.6563 10.7118
      vertex 14.4422 2.70822 10.4775
      vertex 14.4537 2.6563 10.7118
    endloop
  endfacet
  facet normal 0 0.46176 0.887005
    outer loop
      vertex -11.4352 -1.1622 7.50765
      vertex -14.6317 -1.375 7.61843
      vertex -11.4072 -1.375 7.61843
    endloop
  endfacet
  facet normal -0 0.46176 0.887005
    outer loop
      vertex -14.6493 -1.1622 7.50765
      vertex -14.6317 -1.375 7.61843
      vertex -11.4352 -1.1622 7.50765
    endloop
  endfacet
  facet normal 0.00112058 0.461832 0.886967
    outer loop
      vertex -14.6317 -1.375 7.61843
      vertex -14.6493 -1.1622 7.50765
      vertex -14.6441 -1.28119 7.5696
    endloop
  endfacet
  facet normal -0.00112058 0.461832 0.886967
    outer loop
      vertex 14.6493 -1.1622 7.50765
      vertex 14.6317 -1.375 7.61843
      vertex 14.6441 -1.28119 7.5696
    endloop
  endfacet
  facet normal -0 0.46176 0.887005
    outer loop
      vertex 11.4352 -1.1622 7.50765
      vertex 14.6317 -1.375 7.61843
      vertex 14.6493 -1.1622 7.50765
    endloop
  endfacet
  facet normal 0 0.46176 0.887005
    outer loop
      vertex 14.6317 -1.375 7.61843
      vertex 11.4352 -1.1622 7.50765
      vertex 11.4072 -1.375 7.61843
    endloop
  endfacet
  facet normal 0 0.461497 -0.887142
    outer loop
      vertex -14.6317 -1.375 12.3816
      vertex -11.4352 -1.1622 12.4923
      vertex -11.4072 -1.375 12.3816
    endloop
  endfacet
  facet normal 0.000114074 0.461505 -0.887138
    outer loop
      vertex -14.6493 -1.1622 12.4923
      vertex -14.6317 -1.375 12.3816
      vertex -14.6441 -1.28119 12.4304
    endloop
  endfacet
  facet normal 0 0.461497 -0.887142
    outer loop
      vertex -14.6317 -1.375 12.3816
      vertex -14.6493 -1.1622 12.4923
      vertex -11.4352 -1.1622 12.4923
    endloop
  endfacet
  facet normal -0.000114074 0.461505 -0.887138
    outer loop
      vertex 14.6317 -1.375 12.3816
      vertex 14.6493 -1.1622 12.4923
      vertex 14.6441 -1.28119 12.4304
    endloop
  endfacet
  facet normal 0 0.461497 -0.887142
    outer loop
      vertex 14.6317 -1.375 12.3816
      vertex 11.4352 -1.1622 12.4923
      vertex 14.6493 -1.1622 12.4923
    endloop
  endfacet
  facet normal 0 0.461497 -0.887142
    outer loop
      vertex 11.4352 -1.1622 12.4923
      vertex 14.6317 -1.375 12.3816
      vertex 11.4072 -1.375 12.3816
    endloop
  endfacet
  facet normal 0 0.976316 -0.216348
    outer loop
      vertex -14.4422 -2.70822 10.4775
      vertex -11.1791 -2.6563 10.7118
      vertex -11.1676 -2.70822 10.4775
    endloop
  endfacet
  facet normal 0 0.976316 -0.216348
    outer loop
      vertex -11.1791 -2.6563 10.7118
      vertex -14.4422 -2.70822 10.4775
      vertex -14.4537 -2.6563 10.7118
    endloop
  endfacet
  facet normal 0 0.976316 -0.216348
    outer loop
      vertex 14.4422 -2.70822 10.4775
      vertex 11.1791 -2.6563 10.7118
      vertex 14.4537 -2.6563 10.7118
    endloop
  endfacet
  facet normal 0 0.976316 -0.216348
    outer loop
      vertex 11.1791 -2.6563 10.7118
      vertex 14.4422 -2.70822 10.4775
      vertex 11.1676 -2.70822 10.4775
    endloop
  endfacet
  facet normal 0 -0.461497 -0.887142
    outer loop
      vertex -11.4352 1.1622 12.4923
      vertex -14.6317 1.375 12.3816
      vertex -11.4072 1.375 12.3816
    endloop
  endfacet
  facet normal 0 -0.461497 -0.887142
    outer loop
      vertex -14.6493 1.1622 12.4923
      vertex -14.6317 1.375 12.3816
      vertex -11.4352 1.1622 12.4923
    endloop
  endfacet
  facet normal 0.000114074 -0.461505 -0.887138
    outer loop
      vertex -14.6317 1.375 12.3816
      vertex -14.6493 1.1622 12.4923
      vertex -14.6441 1.28119 12.4304
    endloop
  endfacet
  facet normal -0.000114074 -0.461505 -0.887138
    outer loop
      vertex 14.6493 1.1622 12.4923
      vertex 14.6317 1.375 12.3816
      vertex 14.6441 1.28119 12.4304
    endloop
  endfacet
  facet normal 0 -0.461497 -0.887142
    outer loop
      vertex 11.4352 1.1622 12.4923
      vertex 14.6317 1.375 12.3816
      vertex 14.6493 1.1622 12.4923
    endloop
  endfacet
  facet normal -0 -0.461497 -0.887142
    outer loop
      vertex 14.6317 1.375 12.3816
      vertex 11.4352 1.1622 12.4923
      vertex 11.4072 1.375 12.3816
    endloop
  endfacet
  facet normal 0 0.953705 -0.300742
    outer loop
      vertex -14.4537 -2.6563 10.7118
      vertex -11.1951 -2.58415 10.9406
      vertex -11.1791 -2.6563 10.7118
    endloop
  endfacet
  facet normal 0 0.953705 -0.300742
    outer loop
      vertex -11.1951 -2.58415 10.9406
      vertex -14.4537 -2.6563 10.7118
      vertex -14.4697 -2.58415 10.9406
    endloop
  endfacet
  facet normal 0 0.953705 -0.300742
    outer loop
      vertex 14.4537 -2.6563 10.7118
      vertex 11.1951 -2.58415 10.9406
      vertex 14.4697 -2.58415 10.9406
    endloop
  endfacet
  facet normal 0 0.953705 -0.300742
    outer loop
      vertex 11.1951 -2.58415 10.9406
      vertex 14.4537 -2.6563 10.7118
      vertex 11.1791 -2.6563 10.7118
    endloop
  endfacet
  facet normal 0 -0.793344 0.608774
    outer loop
      vertex -11.301 2.10662 8.23233
      vertex -14.5162 2.25267 8.42266
      vertex -14.5354 2.10662 8.23233
    endloop
  endfacet
  facet normal 0 -0.793344 0.608774
    outer loop
      vertex -14.5162 2.25267 8.42266
      vertex -11.301 2.10662 8.23233
      vertex -11.2686 2.25267 8.42266
    endloop
  endfacet
  facet normal 0 -0.793344 0.608774
    outer loop
      vertex 11.301 2.10662 8.23233
      vertex 14.5162 2.25267 8.42266
      vertex 11.2686 2.25267 8.42266
    endloop
  endfacet
  facet normal 0 -0.793344 0.608774
    outer loop
      vertex 14.5162 2.25267 8.42266
      vertex 11.301 2.10662 8.23233
      vertex 14.5354 2.10662 8.23233
    endloop
  endfacet
  facet normal 0 -0.300701 0.953719
    outer loop
      vertex -14.6589 0.940555 7.41584
      vertex -11.4689 0.711752 7.3437
      vertex -11.4589 0.940555 7.41584
    endloop
  endfacet
  facet normal 0 -0.300701 0.953719
    outer loop
      vertex -11.4689 0.711752 7.3437
      vertex -14.6589 0.940555 7.41584
      vertex -14.6689 0.711752 7.3437
    endloop
  endfacet
  facet normal 0 -0.300701 0.953719
    outer loop
      vertex 14.6589 0.940555 7.41584
      vertex 11.4689 0.711752 7.3437
      vertex 14.6689 0.711752 7.3437
    endloop
  endfacet
  facet normal 0 -0.300701 0.953719
    outer loop
      vertex 11.4689 0.711752 7.3437
      vertex 14.6589 0.940555 7.41584
      vertex 11.4589 0.940555 7.41584
    endloop
  endfacet
  facet normal 0 -0.46176 0.887005
    outer loop
      vertex -14.6317 1.375 7.61843
      vertex -11.4352 1.1622 7.50765
      vertex -11.4072 1.375 7.61843
    endloop
  endfacet
  facet normal 0.00112058 -0.461832 0.886967
    outer loop
      vertex -14.6493 1.1622 7.50765
      vertex -14.6317 1.375 7.61843
      vertex -14.6441 1.28119 7.5696
    endloop
  endfacet
  facet normal 0 -0.46176 0.887005
    outer loop
      vertex -14.6317 1.375 7.61843
      vertex -14.6493 1.1622 7.50765
      vertex -11.4352 1.1622 7.50765
    endloop
  endfacet
  facet normal -0.00112058 -0.461832 0.886967
    outer loop
      vertex 14.6317 1.375 7.61843
      vertex 14.6493 1.1622 7.50765
      vertex 14.6441 1.28119 7.5696
    endloop
  endfacet
  facet normal 0 -0.46176 0.887005
    outer loop
      vertex 14.6317 1.375 7.61843
      vertex 11.4352 1.1622 7.50765
      vertex 14.6493 1.1622 7.50765
    endloop
  endfacet
  facet normal 0 -0.46176 0.887005
    outer loop
      vertex 11.4352 1.1622 7.50765
      vertex 14.6317 1.375 7.61843
      vertex 11.4072 1.375 7.61843
    endloop
  endfacet
  facet normal 0 0.537304 0.843388
    outer loop
      vertex -11.4072 -1.375 7.61843
      vertex -14.6051 -1.57733 7.74733
      vertex -11.3805 -1.57733 7.74733
    endloop
  endfacet
  facet normal 0 0.537304 0.843388
    outer loop
      vertex -14.6051 -1.57733 7.74733
      vertex -11.4072 -1.375 7.61843
      vertex -14.6317 -1.375 7.61843
    endloop
  endfacet
  facet normal -0 0.537304 0.843388
    outer loop
      vertex 11.4072 -1.375 7.61843
      vertex 14.6051 -1.57733 7.74733
      vertex 14.6317 -1.375 7.61843
    endloop
  endfacet
  facet normal 0 0.537304 0.843388
    outer loop
      vertex 14.6051 -1.57733 7.74733
      vertex 11.4072 -1.375 7.61843
      vertex 11.3805 -1.57733 7.74733
    endloop
  endfacet
  facet normal 0 0.675609 0.73726
    outer loop
      vertex -11.3555 -1.76767 7.89338
      vertex -14.5567 -1.94454 8.05546
      vertex -11.3322 -1.94454 8.05546
    endloop
  endfacet
  facet normal 0 0.675609 0.73726
    outer loop
      vertex -14.5567 -1.94454 8.05546
      vertex -11.3555 -1.76767 7.89338
      vertex -14.58 -1.76767 7.89338
    endloop
  endfacet
  facet normal -0 0.675609 0.73726
    outer loop
      vertex 11.3555 -1.76767 7.89338
      vertex 14.5567 -1.94454 8.05546
      vertex 14.58 -1.76767 7.89338
    endloop
  endfacet
  facet normal 0 0.675609 0.73726
    outer loop
      vertex 14.5567 -1.94454 8.05546
      vertex 11.3555 -1.76767 7.89338
      vertex 11.3322 -1.94454 8.05546
    endloop
  endfacet
  facet normal 0 -0.737126 -0.675755
    outer loop
      vertex -14.5354 2.10662 11.7677
      vertex -11.3322 1.94454 11.9445
      vertex -14.5567 1.94454 11.9445
    endloop
  endfacet
  facet normal -1.95396e-05 -0.737303 -0.675562
    outer loop
      vertex -11.3322 1.94454 11.9445
      vertex -14.5354 2.10662 11.7677
      vertex -11.3253 1.99695 11.8873
    endloop
  endfacet
  facet normal 0 -0.737042 -0.675847
    outer loop
      vertex -11.3253 1.99695 11.8873
      vertex -14.5354 2.10662 11.7677
      vertex -11.301 2.10662 11.7677
    endloop
  endfacet
  facet normal 1.95396e-05 -0.737303 -0.675562
    outer loop
      vertex 14.5354 2.10662 11.7677
      vertex 11.3322 1.94454 11.9445
      vertex 11.3253 1.99695 11.8873
    endloop
  endfacet
  facet normal -0 -0.737042 -0.675847
    outer loop
      vertex 14.5354 2.10662 11.7677
      vertex 11.3253 1.99695 11.8873
      vertex 11.301 2.10662 11.7677
    endloop
  endfacet
  facet normal 0 -0.737126 -0.675755
    outer loop
      vertex 11.3322 1.94454 11.9445
      vertex 14.5354 2.10662 11.7677
      vertex 14.5567 1.94454 11.9445
    endloop
  endfacet
  facet normal 0 -0.923853 -0.382748
    outer loop
      vertex -14.4767 2.55263 11.0167
      vertex -11.2155 2.49235 11.1622
      vertex -14.4846 2.49235 11.1622
    endloop
  endfacet
  facet normal -4.25618e-06 -0.923886 -0.382667
    outer loop
      vertex -14.4697 2.58415 10.9406
      vertex -11.2155 2.49235 11.1622
      vertex -14.4767 2.55263 11.0167
    endloop
  endfacet
  facet normal 0 -0.923864 -0.38272
    outer loop
      vertex -11.2155 2.49235 11.1622
      vertex -14.4697 2.58415 10.9406
      vertex -11.1951 2.58415 10.9406
    endloop
  endfacet
  facet normal 0 -0.923853 -0.382748
    outer loop
      vertex 11.2155 2.49235 11.1622
      vertex 14.4767 2.55263 11.0167
      vertex 14.4846 2.49235 11.1622
    endloop
  endfacet
  facet normal -0 -0.923864 -0.38272
    outer loop
      vertex 14.4697 2.58415 10.9406
      vertex 11.2155 2.49235 11.1622
      vertex 11.1951 2.58415 10.9406
    endloop
  endfacet
  facet normal 4.25618e-06 -0.923886 -0.382667
    outer loop
      vertex 11.2155 2.49235 11.1622
      vertex 14.4697 2.58415 10.9406
      vertex 14.4767 2.55263 11.0167
    endloop
  endfacet
  facet normal 0 0.130468 -0.991453
    outer loop
      vertex -14.6792 -0.477532 12.7082
      vertex -11.4895 -0.239677 12.7395
      vertex -11.4792 -0.477532 12.7082
    endloop
  endfacet
  facet normal 0 0.130468 -0.991453
    outer loop
      vertex -11.4895 -0.239677 12.7395
      vertex -14.6792 -0.477532 12.7082
      vertex -14.6895 -0.239677 12.7395
    endloop
  endfacet
  facet normal 0 0.130468 -0.991453
    outer loop
      vertex 14.6792 -0.477532 12.7082
      vertex 11.4895 -0.239677 12.7395
      vertex 14.6895 -0.239677 12.7395
    endloop
  endfacet
  facet normal 0 0.130468 -0.991453
    outer loop
      vertex 11.4895 -0.239677 12.7395
      vertex 14.6792 -0.477532 12.7082
      vertex 11.4792 -0.477532 12.7082
    endloop
  endfacet
  facet normal 0 0.043767 -0.999042
    outer loop
      vertex -14.6895 -0.239677 12.7395
      vertex -11.5 0 12.75
      vertex -11.4895 -0.239677 12.7395
    endloop
  endfacet
  facet normal 0 0.043767 -0.999042
    outer loop
      vertex -11.5 0 12.75
      vertex -14.6895 -0.239677 12.7395
      vertex -14.7 0 12.75
    endloop
  endfacet
  facet normal 0 0.043767 -0.999042
    outer loop
      vertex 14.6895 -0.239677 12.7395
      vertex 11.5 0 12.75
      vertex 14.7 0 12.75
    endloop
  endfacet
  facet normal 0 0.043767 -0.999042
    outer loop
      vertex 11.5 0 12.75
      vertex 14.6895 -0.239677 12.7395
      vertex 11.4895 -0.239677 12.7395
    endloop
  endfacet
  facet normal 0 -0.999049 -0.0435964
    outer loop
      vertex -14.4329 2.75 10
      vertex -11.1607 2.73954 10.2397
      vertex -14.4352 2.73954 10.2397
    endloop
  endfacet
  facet normal 0 -0.999049 -0.0435964
    outer loop
      vertex -11.1607 2.73954 10.2397
      vertex -14.4329 2.75 10
      vertex -11.1583 2.75 10
    endloop
  endfacet
  facet normal -0 -0.999049 -0.0435964
    outer loop
      vertex 14.4329 2.75 10
      vertex 11.1607 2.73954 10.2397
      vertex 11.1583 2.75 10
    endloop
  endfacet
  facet normal 0 -0.999049 -0.0435964
    outer loop
      vertex 11.1607 2.73954 10.2397
      vertex 14.4329 2.75 10
      vertex 14.4352 2.73954 10.2397
    endloop
  endfacet
  facet normal 0 -0.675655 -0.737218
    outer loop
      vertex -11.3555 1.76767 12.1066
      vertex -14.5567 1.94454 11.9445
      vertex -11.3322 1.94454 11.9445
    endloop
  endfacet
  facet normal 0 -0.675655 -0.737218
    outer loop
      vertex -14.5567 1.94454 11.9445
      vertex -11.3555 1.76767 12.1066
      vertex -14.58 1.76767 12.1066
    endloop
  endfacet
  facet normal 0 -0.675655 -0.737218
    outer loop
      vertex 11.3555 1.76767 12.1066
      vertex 14.5567 1.94454 11.9445
      vertex 14.58 1.76767 12.1066
    endloop
  endfacet
  facet normal -0 -0.675655 -0.737218
    outer loop
      vertex 14.5567 1.94454 11.9445
      vertex 11.3555 1.76767 12.1066
      vertex 11.3322 1.94454 11.9445
    endloop
  endfacet
  facet normal 0 0.843401 0.537285
    outer loop
      vertex -11.2686 -2.25267 8.42266
      vertex -14.4992 -2.38157 8.625
      vertex -11.24 -2.38157 8.625
    endloop
  endfacet
  facet normal 0 0.843401 0.537285
    outer loop
      vertex -14.4992 -2.38157 8.625
      vertex -11.2686 -2.25267 8.42266
      vertex -14.5162 -2.25267 8.42266
    endloop
  endfacet
  facet normal -0 0.843401 0.537285
    outer loop
      vertex 11.2686 -2.25267 8.42266
      vertex 14.4992 -2.38157 8.625
      vertex 14.5162 -2.25267 8.42266
    endloop
  endfacet
  facet normal 0 0.843401 0.537285
    outer loop
      vertex 14.4992 -2.38157 8.625
      vertex 11.2686 -2.25267 8.42266
      vertex 11.24 -2.38157 8.625
    endloop
  endfacet
  facet normal 0 0.923889 0.382661
    outer loop
      vertex -11.2155 -2.49235 8.8378
      vertex -14.4697 -2.58415 9.05944
      vertex -11.1951 -2.58415 9.05944
    endloop
  endfacet
  facet normal -2.98492e-06 0.923904 0.382624
    outer loop
      vertex -14.4697 -2.58415 9.05944
      vertex -11.2155 -2.49235 8.8378
      vertex -14.4767 -2.55263 8.98333
    endloop
  endfacet
  facet normal 0 0.923881 0.382681
    outer loop
      vertex -14.4767 -2.55263 8.98333
      vertex -11.2155 -2.49235 8.8378
      vertex -14.4846 -2.49235 8.8378
    endloop
  endfacet
  facet normal 2.98492e-06 0.923904 0.382624
    outer loop
      vertex 11.2155 -2.49235 8.8378
      vertex 14.4697 -2.58415 9.05944
      vertex 14.4767 -2.55263 8.98333
    endloop
  endfacet
  facet normal -0 0.923881 0.382681
    outer loop
      vertex 11.2155 -2.49235 8.8378
      vertex 14.4767 -2.55263 8.98333
      vertex 14.4846 -2.49235 8.8378
    endloop
  endfacet
  facet normal 0 0.923889 0.382661
    outer loop
      vertex 14.4697 -2.58415 9.05944
      vertex 11.2155 -2.49235 8.8378
      vertex 11.1951 -2.58415 9.05944
    endloop
  endfacet
  facet normal 0 0.953709 0.30073
    outer loop
      vertex -11.1951 -2.58415 9.05944
      vertex -14.4537 -2.6563 9.28825
      vertex -11.1791 -2.6563 9.28825
    endloop
  endfacet
  facet normal 0 0.953709 0.30073
    outer loop
      vertex -14.4537 -2.6563 9.28825
      vertex -11.1951 -2.58415 9.05944
      vertex -14.4697 -2.58415 9.05944
    endloop
  endfacet
  facet normal -0 0.953709 0.30073
    outer loop
      vertex 11.1951 -2.58415 9.05944
      vertex 14.4537 -2.6563 9.28825
      vertex 14.4697 -2.58415 9.05944
    endloop
  endfacet
  facet normal 0 0.953709 0.30073
    outer loop
      vertex 14.4537 -2.6563 9.28825
      vertex 11.1951 -2.58415 9.05944
      vertex 11.1791 -2.6563 9.28825
    endloop
  endfacet
  facet normal 0 -0.999049 0.0436
    outer loop
      vertex -11.1607 2.73954 9.76032
      vertex -14.4329 2.75 10
      vertex -14.4352 2.73954 9.76032
    endloop
  endfacet
  facet normal 0 -0.999049 0.0436
    outer loop
      vertex -14.4329 2.75 10
      vertex -11.1607 2.73954 9.76032
      vertex -11.1583 2.75 10
    endloop
  endfacet
  facet normal 0 -0.999049 0.0436
    outer loop
      vertex 11.1607 2.73954 9.76032
      vertex 14.4329 2.75 10
      vertex 11.1583 2.75 10
    endloop
  endfacet
  facet normal 0 -0.999049 0.0436
    outer loop
      vertex 14.4329 2.75 10
      vertex 11.1607 2.73954 9.76032
      vertex 14.4352 2.73954 9.76032
    endloop
  endfacet
  facet normal 0 0.991438 -0.13058
    outer loop
      vertex -14.4352 -2.73954 10.2397
      vertex -11.1676 -2.70822 10.4775
      vertex -11.1607 -2.73954 10.2397
    endloop
  endfacet
  facet normal 0 0.991438 -0.13058
    outer loop
      vertex -11.1676 -2.70822 10.4775
      vertex -14.4352 -2.73954 10.2397
      vertex -14.4422 -2.70822 10.4775
    endloop
  endfacet
  facet normal 0 0.991438 -0.13058
    outer loop
      vertex 14.4352 -2.73954 10.2397
      vertex 11.1676 -2.70822 10.4775
      vertex 14.4422 -2.70822 10.4775
    endloop
  endfacet
  facet normal 0 0.991438 -0.13058
    outer loop
      vertex 11.1676 -2.70822 10.4775
      vertex 14.4352 -2.73954 10.2397
      vertex 11.1607 -2.73954 10.2397
    endloop
  endfacet
  facet normal 0 -0.953709 0.30073
    outer loop
      vertex -11.1951 2.58415 9.05944
      vertex -14.4537 2.6563 9.28825
      vertex -14.4697 2.58415 9.05944
    endloop
  endfacet
  facet normal 0 -0.953709 0.30073
    outer loop
      vertex -14.4537 2.6563 9.28825
      vertex -11.1951 2.58415 9.05944
      vertex -11.1791 2.6563 9.28825
    endloop
  endfacet
  facet normal 0 -0.953709 0.30073
    outer loop
      vertex 11.1951 2.58415 9.05944
      vertex 14.4537 2.6563 9.28825
      vertex 11.1791 2.6563 9.28825
    endloop
  endfacet
  facet normal 0 -0.953709 0.30073
    outer loop
      vertex 14.4537 2.6563 9.28825
      vertex 11.1951 2.58415 9.05944
      vertex 14.4697 2.58415 9.05944
    endloop
  endfacet
  facet normal 0 -0.608885 -0.793259
    outer loop
      vertex -11.3805 1.57733 12.2527
      vertex -14.58 1.76767 12.1066
      vertex -11.3555 1.76767 12.1066
    endloop
  endfacet
  facet normal 0 -0.608885 -0.793259
    outer loop
      vertex -14.58 1.76767 12.1066
      vertex -11.3805 1.57733 12.2527
      vertex -14.6051 1.57733 12.2527
    endloop
  endfacet
  facet normal 0 -0.608885 -0.793259
    outer loop
      vertex 11.3805 1.57733 12.2527
      vertex 14.58 1.76767 12.1066
      vertex 14.6051 1.57733 12.2527
    endloop
  endfacet
  facet normal -0 -0.608885 -0.793259
    outer loop
      vertex 14.58 1.76767 12.1066
      vertex 11.3805 1.57733 12.2527
      vertex 11.3555 1.76767 12.1066
    endloop
  endfacet
  facet normal 0 0.300701 0.953719
    outer loop
      vertex -11.4689 -0.711752 7.3437
      vertex -14.6589 -0.940555 7.41584
      vertex -11.4589 -0.940555 7.41584
    endloop
  endfacet
  facet normal 0 0.300701 0.953719
    outer loop
      vertex -14.6589 -0.940555 7.41584
      vertex -11.4689 -0.711752 7.3437
      vertex -14.6689 -0.711752 7.3437
    endloop
  endfacet
  facet normal -0 0.300701 0.953719
    outer loop
      vertex 11.4689 -0.711752 7.3437
      vertex 14.6589 -0.940555 7.41584
      vertex 14.6689 -0.711752 7.3437
    endloop
  endfacet
  facet normal 0 0.300701 0.953719
    outer loop
      vertex 14.6589 -0.940555 7.41584
      vertex 11.4689 -0.711752 7.3437
      vertex 11.4589 -0.940555 7.41584
    endloop
  endfacet
  facet normal 0 -0.608754 0.793359
    outer loop
      vertex -14.58 1.76767 7.89338
      vertex -11.3805 1.57733 7.74733
      vertex -11.3555 1.76767 7.89338
    endloop
  endfacet
  facet normal 0 -0.608754 0.793359
    outer loop
      vertex -11.3805 1.57733 7.74733
      vertex -14.58 1.76767 7.89338
      vertex -14.6051 1.57733 7.74733
    endloop
  endfacet
  facet normal 0 -0.608754 0.793359
    outer loop
      vertex 14.58 1.76767 7.89338
      vertex 11.3805 1.57733 7.74733
      vertex 14.6051 1.57733 7.74733
    endloop
  endfacet
  facet normal 0 -0.608754 0.793359
    outer loop
      vertex 11.3805 1.57733 7.74733
      vertex 14.58 1.76767 7.89338
      vertex 11.3555 1.76767 7.89338
    endloop
  endfacet
  facet normal 0 0.537304 -0.843388
    outer loop
      vertex -14.6051 -1.57733 12.2527
      vertex -11.4072 -1.375 12.3816
      vertex -11.3805 -1.57733 12.2527
    endloop
  endfacet
  facet normal 0 0.537304 -0.843388
    outer loop
      vertex -11.4072 -1.375 12.3816
      vertex -14.6051 -1.57733 12.2527
      vertex -14.6317 -1.375 12.3816
    endloop
  endfacet
  facet normal 0 0.537304 -0.843388
    outer loop
      vertex 14.6051 -1.57733 12.2527
      vertex 11.4072 -1.375 12.3816
      vertex 14.6317 -1.375 12.3816
    endloop
  endfacet
  facet normal 0 0.537304 -0.843388
    outer loop
      vertex 11.4072 -1.375 12.3816
      vertex 14.6051 -1.57733 12.2527
      vertex 11.3805 -1.57733 12.2527
    endloop
  endfacet
  facet normal 0 -0.130468 -0.991453
    outer loop
      vertex -11.4895 0.239677 12.7395
      vertex -14.6792 0.477532 12.7082
      vertex -11.4792 0.477532 12.7082
    endloop
  endfacet
  facet normal 0 -0.130468 -0.991453
    outer loop
      vertex -14.6792 0.477532 12.7082
      vertex -11.4895 0.239677 12.7395
      vertex -14.6895 0.239677 12.7395
    endloop
  endfacet
  facet normal 0 -0.130468 -0.991453
    outer loop
      vertex 11.4895 0.239677 12.7395
      vertex 14.6792 0.477532 12.7082
      vertex 14.6895 0.239677 12.7395
    endloop
  endfacet
  facet normal -0 -0.130468 -0.991453
    outer loop
      vertex 14.6792 0.477532 12.7082
      vertex 11.4895 0.239677 12.7395
      vertex 11.4792 0.477532 12.7082
    endloop
  endfacet
  facet normal 0 0.999049 -0.0435964
    outer loop
      vertex -14.4329 -2.75 10
      vertex -11.1607 -2.73954 10.2397
      vertex -11.1583 -2.75 10
    endloop
  endfacet
  facet normal 0 0.999049 -0.0435964
    outer loop
      vertex -11.1607 -2.73954 10.2397
      vertex -14.4329 -2.75 10
      vertex -14.4352 -2.73954 10.2397
    endloop
  endfacet
  facet normal 0 0.999049 -0.0435964
    outer loop
      vertex 14.4329 -2.75 10
      vertex 11.1607 -2.73954 10.2397
      vertex 14.4352 -2.73954 10.2397
    endloop
  endfacet
  facet normal 0 0.999049 -0.0435964
    outer loop
      vertex 11.1607 -2.73954 10.2397
      vertex 14.4329 -2.75 10
      vertex 11.1583 -2.75 10
    endloop
  endfacet
  facet normal 0 0.843352 -0.537361
    outer loop
      vertex -14.4992 -2.38157 11.375
      vertex -11.2686 -2.25267 11.5773
      vertex -11.24 -2.38157 11.375
    endloop
  endfacet
  facet normal 0 0.843352 -0.537361
    outer loop
      vertex -11.2686 -2.25267 11.5773
      vertex -14.4992 -2.38157 11.375
      vertex -14.5162 -2.25267 11.5773
    endloop
  endfacet
  facet normal 0 0.843352 -0.537361
    outer loop
      vertex 14.4992 -2.38157 11.375
      vertex 11.2686 -2.25267 11.5773
      vertex 14.5162 -2.25267 11.5773
    endloop
  endfacet
  facet normal 0 0.843352 -0.537361
    outer loop
      vertex 11.2686 -2.25267 11.5773
      vertex 14.4992 -2.38157 11.375
      vertex 11.24 -2.38157 11.375
    endloop
  endfacet
  facet normal 0 0.793452 -0.608633
    outer loop
      vertex -14.5162 -2.25267 11.5773
      vertex -11.301 -2.10662 11.7677
      vertex -11.2686 -2.25267 11.5773
    endloop
  endfacet
  facet normal 0 0.793452 -0.608633
    outer loop
      vertex -11.301 -2.10662 11.7677
      vertex -14.5162 -2.25267 11.5773
      vertex -14.5354 -2.10662 11.7677
    endloop
  endfacet
  facet normal 0 0.793452 -0.608633
    outer loop
      vertex 14.5162 -2.25267 11.5773
      vertex 11.301 -2.10662 11.7677
      vertex 14.5354 -2.10662 11.7677
    endloop
  endfacet
  facet normal 0 0.793452 -0.608633
    outer loop
      vertex 11.301 -2.10662 11.7677
      vertex 14.5162 -2.25267 11.5773
      vertex 11.2686 -2.25267 11.5773
    endloop
  endfacet
  facet normal 0 -0.043767 -0.999042
    outer loop
      vertex -11.5 0 12.75
      vertex -14.6895 0.239677 12.7395
      vertex -11.4895 0.239677 12.7395
    endloop
  endfacet
  facet normal 0 -0.043767 -0.999042
    outer loop
      vertex -14.6895 0.239677 12.7395
      vertex -11.5 0 12.75
      vertex -14.7 0 12.75
    endloop
  endfacet
  facet normal 0 -0.043767 -0.999042
    outer loop
      vertex 11.5 0 12.75
      vertex 14.6895 0.239677 12.7395
      vertex 14.7 0 12.75
    endloop
  endfacet
  facet normal -0 -0.043767 -0.999042
    outer loop
      vertex 14.6895 0.239677 12.7395
      vertex 11.5 0 12.75
      vertex 11.4895 0.239677 12.7395
    endloop
  endfacet
  facet normal 0 0.923853 -0.382748
    outer loop
      vertex -11.2155 -2.49235 11.1622
      vertex -14.4767 -2.55263 11.0167
      vertex -14.4846 -2.49235 11.1622
    endloop
  endfacet
  facet normal 0 0.923864 -0.38272
    outer loop
      vertex -14.4697 -2.58415 10.9406
      vertex -11.2155 -2.49235 11.1622
      vertex -11.1951 -2.58415 10.9406
    endloop
  endfacet
  facet normal -4.25618e-06 0.923886 -0.382667
    outer loop
      vertex -11.2155 -2.49235 11.1622
      vertex -14.4697 -2.58415 10.9406
      vertex -14.4767 -2.55263 11.0167
    endloop
  endfacet
  facet normal 0 0.923853 -0.382748
    outer loop
      vertex 14.4767 -2.55263 11.0167
      vertex 11.2155 -2.49235 11.1622
      vertex 14.4846 -2.49235 11.1622
    endloop
  endfacet
  facet normal 4.25618e-06 0.923886 -0.382667
    outer loop
      vertex 14.4697 -2.58415 10.9406
      vertex 11.2155 -2.49235 11.1622
      vertex 14.4767 -2.55263 11.0167
    endloop
  endfacet
  facet normal 0 0.923864 -0.38272
    outer loop
      vertex 11.2155 -2.49235 11.1622
      vertex 14.4697 -2.58415 10.9406
      vertex 11.1951 -2.58415 10.9406
    endloop
  endfacet
  facet normal 0 0.976301 0.216418
    outer loop
      vertex -11.1791 -2.6563 9.28825
      vertex -14.4422 -2.70822 9.52247
      vertex -11.1676 -2.70822 9.52247
    endloop
  endfacet
  facet normal 0 0.976301 0.216418
    outer loop
      vertex -14.4422 -2.70822 9.52247
      vertex -11.1791 -2.6563 9.28825
      vertex -14.4537 -2.6563 9.28825
    endloop
  endfacet
  facet normal -0 0.976301 0.216418
    outer loop
      vertex 11.1791 -2.6563 9.28825
      vertex 14.4422 -2.70822 9.52247
      vertex 14.4537 -2.6563 9.28825
    endloop
  endfacet
  facet normal 0 0.976301 0.216418
    outer loop
      vertex 14.4422 -2.70822 9.52247
      vertex 11.1791 -2.6563 9.28825
      vertex 11.1676 -2.70822 9.52247
    endloop
  endfacet
  facet normal 0 -0.216339 -0.976318
    outer loop
      vertex -11.4792 0.477532 12.7082
      vertex -14.6689 0.711752 12.6563
      vertex -11.4689 0.711752 12.6563
    endloop
  endfacet
  facet normal 0 -0.216339 -0.976318
    outer loop
      vertex -14.6689 0.711752 12.6563
      vertex -11.4792 0.477532 12.7082
      vertex -14.6792 0.477532 12.7082
    endloop
  endfacet
  facet normal 0 -0.216339 -0.976318
    outer loop
      vertex 11.4792 0.477532 12.7082
      vertex 14.6689 0.711752 12.6563
      vertex 14.6792 0.477532 12.7082
    endloop
  endfacet
  facet normal -0 -0.216339 -0.976318
    outer loop
      vertex 14.6689 0.711752 12.6563
      vertex 11.4792 0.477532 12.7082
      vertex 11.4689 0.711752 12.6563
    endloop
  endfacet
  facet normal 0 0.737267 0.675602
    outer loop
      vertex -11.3253 -1.99695 8.11265
      vertex -14.5354 -2.10662 8.23233
      vertex -11.301 -2.10662 8.23233
    endloop
  endfacet
  facet normal 1.60513e-06 0.737245 0.675625
    outer loop
      vertex -11.3322 -1.94454 8.05546
      vertex -14.5354 -2.10662 8.23233
      vertex -11.3253 -1.99695 8.11265
    endloop
  endfacet
  facet normal 0 0.73726 0.675609
    outer loop
      vertex -14.5354 -2.10662 8.23233
      vertex -11.3322 -1.94454 8.05546
      vertex -14.5567 -1.94454 8.05546
    endloop
  endfacet
  facet normal 0 0.737267 0.675602
    outer loop
      vertex 14.5354 -2.10662 8.23233
      vertex 11.3253 -1.99695 8.11265
      vertex 11.301 -2.10662 8.23233
    endloop
  endfacet
  facet normal -0 0.73726 0.675609
    outer loop
      vertex 11.3322 -1.94454 8.05546
      vertex 14.5354 -2.10662 8.23233
      vertex 14.5567 -1.94454 8.05546
    endloop
  endfacet
  facet normal -1.60513e-06 0.737245 0.675625
    outer loop
      vertex 14.5354 -2.10662 8.23233
      vertex 11.3322 -1.94454 8.05546
      vertex 11.3253 -1.99695 8.11265
    endloop
  endfacet
  facet normal 1 -0 0
    outer loop
      vertex 7 61.1498 32.8495
      vertex 7 61.2 0
      vertex 7 61.2 34
    endloop
  endfacet
  facet normal 1 -0 0
    outer loop
      vertex 7 60.9995 31.7078
      vertex 7 61.2 0
      vertex 7 61.1498 32.8495
    endloop
  endfacet
  facet normal 1 -0 0
    outer loop
      vertex 7 60.7502 30.5836
      vertex 7 61.2 0
      vertex 7 60.9995 31.7078
    endloop
  endfacet
  facet normal 1 -0 0
    outer loop
      vertex 7 60.4039 29.4853
      vertex 7 61.2 0
      vertex 7 60.7502 30.5836
    endloop
  endfacet
  facet normal 1 -0 0
    outer loop
      vertex 7 59.9633 28.4214
      vertex 7 61.2 0
      vertex 7 60.4039 29.4853
    endloop
  endfacet
  facet normal 1 -0 0
    outer loop
      vertex 7 59.4315 27.4
      vertex 7 61.2 0
      vertex 7 59.9633 28.4214
    endloop
  endfacet
  facet normal 1 -0 0
    outer loop
      vertex 7 58.8128 26.4288
      vertex 7 61.2 0
      vertex 7 59.4315 27.4
    endloop
  endfacet
  facet normal 1 -0 0
    outer loop
      vertex 7 58.1118 25.5152
      vertex 7 61.2 0
      vertex 7 58.8128 26.4288
    endloop
  endfacet
  facet normal 1 -0 0
    outer loop
      vertex 7 57.3338 24.6662
      vertex 7 61.2 0
      vertex 7 58.1118 25.5152
    endloop
  endfacet
  facet normal 1 -0 0
    outer loop
      vertex 7 56.4848 23.8882
      vertex 7 61.2 0
      vertex 7 57.3338 24.6662
    endloop
  endfacet
  facet normal 1 -0 0
    outer loop
      vertex 7 55.5712 23.1872
      vertex 7 61.2 0
      vertex 7 56.4848 23.8882
    endloop
  endfacet
  facet normal 1 -0 0
    outer loop
      vertex 7 54.6 22.5685
      vertex 7 61.2 0
      vertex 7 55.5712 23.1872
    endloop
  endfacet
  facet normal 1 -0 0
    outer loop
      vertex 7 53.5786 22.0367
      vertex 7 61.2 0
      vertex 7 54.6 22.5685
    endloop
  endfacet
  facet normal 1 -0 0
    outer loop
      vertex 7 52.5147 21.5961
      vertex 7 61.2 0
      vertex 7 53.5786 22.0367
    endloop
  endfacet
  facet normal 1 -0 0
    outer loop
      vertex 7 51.4164 21.2498
      vertex 7 61.2 0
      vertex 7 52.5147 21.5961
    endloop
  endfacet
  facet normal 1 -0 0
    outer loop
      vertex 7 50.2922 21.0005
      vertex 7 61.2 0
      vertex 7 51.4164 21.2498
    endloop
  endfacet
  facet normal 1 -0 0
    outer loop
      vertex 7 49.1505 20.8502
      vertex 7 61.2 0
      vertex 7 50.2922 21.0005
    endloop
  endfacet
  facet normal 1 -0 0
    outer loop
      vertex 7 48 20.8
      vertex 7 61.2 0
      vertex 7 49.1505 20.8502
    endloop
  endfacet
  facet normal 1 0 0
    outer loop
      vertex 7 46.8495 20.8502
      vertex 7 61.2 0
      vertex 7 48 20.8
    endloop
  endfacet
  facet normal 1 0 0
    outer loop
      vertex 7 45.7078 21.0005
      vertex 7 61.2 0
      vertex 7 46.8495 20.8502
    endloop
  endfacet
  facet normal 1 0 0
    outer loop
      vertex 7 44.5836 21.2498
      vertex 7 61.2 0
      vertex 7 45.7078 21.0005
    endloop
  endfacet
  facet normal 1 0 0
    outer loop
      vertex 7 12.9128 0
      vertex 7 44.5836 21.2498
      vertex 7 43.4853 21.5961
    endloop
  endfacet
  facet normal 1 0 0
    outer loop
      vertex 7 12.9128 0
      vertex 7 43.4853 21.5961
      vertex 7 42.4214 22.0367
    endloop
  endfacet
  facet normal 1 0 0
    outer loop
      vertex 7 12.9128 0
      vertex 7 42.4214 22.0367
      vertex 7 41.4 22.5685
    endloop
  endfacet
  facet normal 1 0 0
    outer loop
      vertex 7 12.9128 0
      vertex 7 41.4 22.5685
      vertex 7 40.4288 23.1872
    endloop
  endfacet
  facet normal 1 0 0
    outer loop
      vertex 7 12.9128 0
      vertex 7 40.4288 23.1872
      vertex 7 39.5152 23.8882
    endloop
  endfacet
  facet normal 1 0 0
    outer loop
      vertex 7 12.9128 0
      vertex 7 39.5152 23.8882
      vertex 7 38.6662 24.6662
    endloop
  endfacet
  facet normal 1 0 0
    outer loop
      vertex 7 12.9128 0
      vertex 7 38.6662 24.6662
      vertex 7 37.8882 25.5152
    endloop
  endfacet
  facet normal 1 -0 0
    outer loop
      vertex 7 12.9128 34
      vertex 7 34.8502 32.8495
      vertex 7 34.8 34
    endloop
  endfacet
  facet normal 1 0 0
    outer loop
      vertex 7 12.9128 34
      vertex 7 35.0005 31.7078
      vertex 7 34.8502 32.8495
    endloop
  endfacet
  facet normal 1 0 0
    outer loop
      vertex 7 12.9128 34
      vertex 7 35.2498 30.5836
      vertex 7 35.0005 31.7078
    endloop
  endfacet
  facet normal 1 0 0
    outer loop
      vertex 7 12.9128 34
      vertex 7 35.5961 29.4853
      vertex 7 35.2498 30.5836
    endloop
  endfacet
  facet normal 1 0 0
    outer loop
      vertex 7 12.9128 34
      vertex 7 36.0367 28.4214
      vertex 7 35.5961 29.4853
    endloop
  endfacet
  facet normal 1 0 0
    outer loop
      vertex 7 12.9128 34
      vertex 7 36.5685 27.4
      vertex 7 36.0367 28.4214
    endloop
  endfacet
  facet normal 1 0 0
    outer loop
      vertex 7 12.9128 0
      vertex 7 36.5685 27.4
      vertex 7 12.9128 34
    endloop
  endfacet
  facet normal 1 0 0
    outer loop
      vertex 7 36.5685 27.4
      vertex 7 12.9128 0
      vertex 7 37.1872 26.4288
    endloop
  endfacet
  facet normal 1 0 0
    outer loop
      vertex 7 37.1872 26.4288
      vertex 7 12.9128 0
      vertex 7 37.8882 25.5152
    endloop
  endfacet
  facet normal 1 0 0
    outer loop
      vertex 7 44.5836 21.2498
      vertex 7 12.9128 0
      vertex 7 61.2 0
    endloop
  endfacet
  facet normal 1 -0 0
    outer loop
      vertex 7 -14.7 34
      vertex 7 -12.9128 0
      vertex 7 -12.9128 34
    endloop
  endfacet
  facet normal 1 0 0
    outer loop
      vertex 7 -12.9128 0
      vertex 7 -14.7 34
      vertex 7 -14.7 0
    endloop
  endfacet
  facet normal 0 0 1
    outer loop
      vertex -1.28119 -14.6441 34
      vertex -7 -14.7 34
      vertex 0 -14.7 34
    endloop
  endfacet
  facet normal 0 0 1
    outer loop
      vertex -2.55263 -14.4767 34
      vertex -7 -14.7 34
      vertex -1.28119 -14.6441 34
    endloop
  endfacet
  facet normal 0 0 1
    outer loop
      vertex -3.80464 -14.1991 34
      vertex -7 -14.7 34
      vertex -2.55263 -14.4767 34
    endloop
  endfacet
  facet normal 0 0 1
    outer loop
      vertex -5.0277 -13.8135 34
      vertex -7 -14.7 34
      vertex -3.80464 -14.1991 34
    endloop
  endfacet
  facet normal 0 0 1
    outer loop
      vertex -6.21249 -13.3227 34
      vertex -7 -14.7 34
      vertex -5.0277 -13.8135 34
    endloop
  endfacet
  facet normal 0 0 1
    outer loop
      vertex -7 -14.7 34
      vertex -6.21249 -13.3227 34
      vertex -7 -12.9128 34
    endloop
  endfacet
  facet normal -0 0 1
    outer loop
      vertex 6.21249 -13.3227 34
      vertex 7 -14.7 34
      vertex 7 -12.9128 34
    endloop
  endfacet
  facet normal -0 0 1
    outer loop
      vertex 5.0277 -13.8135 34
      vertex 7 -14.7 34
      vertex 6.21249 -13.3227 34
    endloop
  endfacet
  facet normal -0 0 1
    outer loop
      vertex 3.80464 -14.1991 34
      vertex 7 -14.7 34
      vertex 5.0277 -13.8135 34
    endloop
  endfacet
  facet normal -0 0 1
    outer loop
      vertex 2.55263 -14.4767 34
      vertex 7 -14.7 34
      vertex 3.80464 -14.1991 34
    endloop
  endfacet
  facet normal -0 0 1
    outer loop
      vertex 1.28119 -14.6441 34
      vertex 7 -14.7 34
      vertex 2.55263 -14.4767 34
    endloop
  endfacet
  facet normal 0 0 1
    outer loop
      vertex 7 -14.7 34
      vertex 1.28119 -14.6441 34
      vertex 0 -14.7 34
    endloop
  endfacet
  facet normal 0 0 1
    outer loop
      vertex 7 34.8 34
      vertex 6.21249 13.3227 34
      vertex 7 12.9128 34
    endloop
  endfacet
  facet normal 0 0 1
    outer loop
      vertex 7 34.8 34
      vertex 5.0277 13.8135 34
      vertex 6.21249 13.3227 34
    endloop
  endfacet
  facet normal 0 0 1
    outer loop
      vertex 7 34.8 34
      vertex 3.80464 14.1991 34
      vertex 5.0277 13.8135 34
    endloop
  endfacet
  facet normal 0 0 1
    outer loop
      vertex 7 34.8 34
      vertex 2.55263 14.4767 34
      vertex 3.80464 14.1991 34
    endloop
  endfacet
  facet normal 0 0 1
    outer loop
      vertex 7 34.8 34
      vertex 1.28119 14.6441 34
      vertex 2.55263 14.4767 34
    endloop
  endfacet
  facet normal 0 0 1
    outer loop
      vertex 7 34.8 34
      vertex 0 14.7 34
      vertex 1.28119 14.6441 34
    endloop
  endfacet
  facet normal -0 0 1
    outer loop
      vertex -7 34.8 34
      vertex 0 14.7 34
      vertex 7 34.8 34
    endloop
  endfacet
  facet normal 0 0 1
    outer loop
      vertex 0 14.7 34
      vertex -7 34.8 34
      vertex -1.28119 14.6441 34
    endloop
  endfacet
  facet normal 0 0 1
    outer loop
      vertex -1.28119 14.6441 34
      vertex -7 34.8 34
      vertex -2.55263 14.4767 34
    endloop
  endfacet
  facet normal 0 0 1
    outer loop
      vertex -2.55263 14.4767 34
      vertex -7 34.8 34
      vertex -3.80464 14.1991 34
    endloop
  endfacet
  facet normal 0 0 1
    outer loop
      vertex -3.80464 14.1991 34
      vertex -7 34.8 34
      vertex -5.0277 13.8135 34
    endloop
  endfacet
  facet normal 0 0 1
    outer loop
      vertex -5.0277 13.8135 34
      vertex -7 34.8 34
      vertex -6.21249 13.3227 34
    endloop
  endfacet
  facet normal 0 0 1
    outer loop
      vertex -6.21249 13.3227 34
      vertex -7 34.8 34
      vertex -7 12.9128 34
    endloop
  endfacet
  facet normal -1 0 0
    outer loop
      vertex -7 61.2 0
      vertex -7 61.1498 32.8495
      vertex -7 61.2 34
    endloop
  endfacet
  facet normal -1 0 0
    outer loop
      vertex -7 61.2 0
      vertex -7 60.9995 31.7078
      vertex -7 61.1498 32.8495
    endloop
  endfacet
  facet normal -1 0 0
    outer loop
      vertex -7 61.2 0
      vertex -7 60.7502 30.5836
      vertex -7 60.9995 31.7078
    endloop
  endfacet
  facet normal -1 0 0
    outer loop
      vertex -7 61.2 0
      vertex -7 60.4039 29.4853
      vertex -7 60.7502 30.5836
    endloop
  endfacet
  facet normal -1 0 0
    outer loop
      vertex -7 61.2 0
      vertex -7 59.9633 28.4214
      vertex -7 60.4039 29.4853
    endloop
  endfacet
  facet normal -1 0 0
    outer loop
      vertex -7 61.2 0
      vertex -7 59.4315 27.4
      vertex -7 59.9633 28.4214
    endloop
  endfacet
  facet normal -1 0 0
    outer loop
      vertex -7 61.2 0
      vertex -7 58.8128 26.4288
      vertex -7 59.4315 27.4
    endloop
  endfacet
  facet normal -1 0 0
    outer loop
      vertex -7 61.2 0
      vertex -7 58.1118 25.5152
      vertex -7 58.8128 26.4288
    endloop
  endfacet
  facet normal -1 0 0
    outer loop
      vertex -7 61.2 0
      vertex -7 57.3338 24.6662
      vertex -7 58.1118 25.5152
    endloop
  endfacet
  facet normal -1 0 0
    outer loop
      vertex -7 61.2 0
      vertex -7 56.4848 23.8882
      vertex -7 57.3338 24.6662
    endloop
  endfacet
  facet normal -1 0 0
    outer loop
      vertex -7 61.2 0
      vertex -7 55.5712 23.1872
      vertex -7 56.4848 23.8882
    endloop
  endfacet
  facet normal -1 0 0
    outer loop
      vertex -7 61.2 0
      vertex -7 54.6 22.5685
      vertex -7 55.5712 23.1872
    endloop
  endfacet
  facet normal -1 0 0
    outer loop
      vertex -7 61.2 0
      vertex -7 53.5786 22.0367
      vertex -7 54.6 22.5685
    endloop
  endfacet
  facet normal -1 0 0
    outer loop
      vertex -7 61.2 0
      vertex -7 52.5147 21.5961
      vertex -7 53.5786 22.0367
    endloop
  endfacet
  facet normal -1 0 0
    outer loop
      vertex -7 61.2 0
      vertex -7 51.4164 21.2498
      vertex -7 52.5147 21.5961
    endloop
  endfacet
  facet normal -1 0 0
    outer loop
      vertex -7 61.2 0
      vertex -7 50.2922 21.0005
      vertex -7 51.4164 21.2498
    endloop
  endfacet
  facet normal -1 0 0
    outer loop
      vertex -7 61.2 0
      vertex -7 49.1505 20.8502
      vertex -7 50.2922 21.0005
    endloop
  endfacet
  facet normal -1 0 0
    outer loop
      vertex -7 61.2 0
      vertex -7 48 20.8
      vertex -7 49.1505 20.8502
    endloop
  endfacet
  facet normal -1 0 0
    outer loop
      vertex -7 61.2 0
      vertex -7 46.8495 20.8502
      vertex -7 48 20.8
    endloop
  endfacet
  facet normal -1 0 0
    outer loop
      vertex -7 61.2 0
      vertex -7 45.7078 21.0005
      vertex -7 46.8495 20.8502
    endloop
  endfacet
  facet normal -1 0 0
    outer loop
      vertex -7 61.2 0
      vertex -7 44.5836 21.2498
      vertex -7 45.7078 21.0005
    endloop
  endfacet
  facet normal -1 0 0
    outer loop
      vertex -7 12.9128 0
      vertex -7 44.5836 21.2498
      vertex -7 61.2 0
    endloop
  endfacet
  facet normal -1 -0 0
    outer loop
      vertex -7 44.5836 21.2498
      vertex -7 12.9128 0
      vertex -7 43.4853 21.5961
    endloop
  endfacet
  facet normal -1 -0 0
    outer loop
      vertex -7 43.4853 21.5961
      vertex -7 12.9128 0
      vertex -7 42.4214 22.0367
    endloop
  endfacet
  facet normal -1 -0 0
    outer loop
      vertex -7 42.4214 22.0367
      vertex -7 12.9128 0
      vertex -7 41.4 22.5685
    endloop
  endfacet
  facet normal -1 -0 0
    outer loop
      vertex -7 41.4 22.5685
      vertex -7 12.9128 0
      vertex -7 40.4288 23.1872
    endloop
  endfacet
  facet normal -1 -0 0
    outer loop
      vertex -7 40.4288 23.1872
      vertex -7 12.9128 0
      vertex -7 39.5152 23.8882
    endloop
  endfacet
  facet normal -1 -0 0
    outer loop
      vertex -7 39.5152 23.8882
      vertex -7 12.9128 0
      vertex -7 38.6662 24.6662
    endloop
  endfacet
  facet normal -1 -0 0
    outer loop
      vertex -7 38.6662 24.6662
      vertex -7 12.9128 0
      vertex -7 37.8882 25.5152
    endloop
  endfacet
  facet normal -1 0 0
    outer loop
      vertex -7 12.9128 0
      vertex -7 37.1872 26.4288
      vertex -7 37.8882 25.5152
    endloop
  endfacet
  facet normal -1 0 0
    outer loop
      vertex -7 12.9128 0
      vertex -7 36.5685 27.4
      vertex -7 37.1872 26.4288
    endloop
  endfacet
  facet normal -1 0 0
    outer loop
      vertex -7 12.9128 34
      vertex -7 36.5685 27.4
      vertex -7 12.9128 0
    endloop
  endfacet
  facet normal -1 0 0
    outer loop
      vertex -7 36.5685 27.4
      vertex -7 12.9128 34
      vertex -7 36.0367 28.4214
    endloop
  endfacet
  facet normal -1 0 0
    outer loop
      vertex -7 36.0367 28.4214
      vertex -7 12.9128 34
      vertex -7 35.5961 29.4853
    endloop
  endfacet
  facet normal -1 0 0
    outer loop
      vertex -7 35.5961 29.4853
      vertex -7 12.9128 34
      vertex -7 35.2498 30.5836
    endloop
  endfacet
  facet normal -1 0 0
    outer loop
      vertex -7 35.2498 30.5836
      vertex -7 12.9128 34
      vertex -7 35.0005 31.7078
    endloop
  endfacet
  facet normal -1 0 0
    outer loop
      vertex -7 35.0005 31.7078
      vertex -7 12.9128 34
      vertex -7 34.8502 32.8495
    endloop
  endfacet
  facet normal -1 0 0
    outer loop
      vertex -7 34.8502 32.8495
      vertex -7 12.9128 34
      vertex -7 34.8 34
    endloop
  endfacet
  facet normal -1 0 0
    outer loop
      vertex -7 -14.7 0
      vertex -7 -12.9128 34
      vertex -7 -12.9128 0
    endloop
  endfacet
  facet normal -1 -0 0
    outer loop
      vertex -7 -12.9128 34
      vertex -7 -14.7 0
      vertex -7 -14.7 34
    endloop
  endfacet
  facet normal 0 1 -0
    outer loop
      vertex 7 61.2 0
      vertex -7 61.2 34
      vertex 7 61.2 34
    endloop
  endfacet
  facet normal 0 1 0
    outer loop
      vertex -7 61.2 34
      vertex 7 61.2 0
      vertex -7 61.2 0
    endloop
  endfacet
  facet normal 0 -1 0
    outer loop
      vertex -7 -14.7 0
      vertex 0 -14.7 34
      vertex -7 -14.7 34
    endloop
  endfacet
  facet normal 0 -1 0
    outer loop
      vertex 7 -14.7 0
      vertex 0 -14.7 34
      vertex -7 -14.7 0
    endloop
  endfacet
  facet normal 0 -1 0
    outer loop
      vertex 0 -14.7 34
      vertex 7 -14.7 0
      vertex 7 -14.7 34
    endloop
  endfacet
  facet normal 0 0.216498 -0.976283
    outer loop
      vertex 7 50.2922 21.0005
      vertex 17 51.4164 21.2498
      vertex 17 50.2922 21.0005
    endloop
  endfacet
  facet normal 0 0.216498 -0.976283
    outer loop
      vertex 17 51.4164 21.2498
      vertex 7 50.2922 21.0005
      vertex 7 51.4164 21.2498
    endloop
  endfacet
  facet normal 0 0.216498 -0.976283
    outer loop
      vertex -17 50.2922 21.0005
      vertex -7 51.4164 21.2498
      vertex -7 50.2922 21.0005
    endloop
  endfacet
  facet normal 0 0.216498 -0.976283
    outer loop
      vertex -7 51.4164 21.2498
      vertex -17 50.2922 21.0005
      vertex -17 51.4164 21.2498
    endloop
  endfacet
  facet normal 0 0.382623 -0.923905
    outer loop
      vertex 7 52.5147 21.5961
      vertex 17 53.5786 22.0367
      vertex 17 52.5147 21.5961
    endloop
  endfacet
  facet normal 0 0.382623 -0.923905
    outer loop
      vertex 17 53.5786 22.0367
      vertex 7 52.5147 21.5961
      vertex 7 53.5786 22.0367
    endloop
  endfacet
  facet normal 0 0.382623 -0.923905
    outer loop
      vertex -17 52.5147 21.5961
      vertex -7 53.5786 22.0367
      vertex -7 52.5147 21.5961
    endloop
  endfacet
  facet normal 0 0.382623 -0.923905
    outer loop
      vertex -7 53.5786 22.0367
      vertex -17 52.5147 21.5961
      vertex -17 53.5786 22.0367
    endloop
  endfacet
  facet normal 0 0.0435917 -0.999049
    outer loop
      vertex 7 48 20.8
      vertex 17 49.1505 20.8502
      vertex 17 48 20.8
    endloop
  endfacet
  facet normal 0 0.0435917 -0.999049
    outer loop
      vertex 17 49.1505 20.8502
      vertex 7 48 20.8
      vertex 7 49.1505 20.8502
    endloop
  endfacet
  facet normal 0 0.0435917 -0.999049
    outer loop
      vertex -17 48 20.8
      vertex -7 49.1505 20.8502
      vertex -7 48 20.8
    endloop
  endfacet
  facet normal 0 0.0435917 -0.999049
    outer loop
      vertex -7 49.1505 20.8502
      vertex -17 48 20.8
      vertex -17 49.1505 20.8502
    endloop
  endfacet
  facet normal 0 -0.8434 0.537286
    outer loop
      vertex -17 36.5685 40.6
      vertex 17 37.1872 41.5712
      vertex -17 37.1872 41.5712
    endloop
  endfacet
  facet normal 0 -0.8434 0.537286
    outer loop
      vertex 17 37.1872 41.5712
      vertex -17 36.5685 40.6
      vertex 17 36.5685 40.6
    endloop
  endfacet
  facet normal -0 0.216498 0.976283
    outer loop
      vertex -17 51.4164 46.7502
      vertex 17 50.2922 46.9995
      vertex 17 51.4164 46.7502
    endloop
  endfacet
  facet normal 0 0.216498 0.976283
    outer loop
      vertex 17 50.2922 46.9995
      vertex -17 51.4164 46.7502
      vertex -17 50.2922 46.9995
    endloop
  endfacet
  facet normal -1 0 0
    outer loop
      vertex -17 58 34
      vertex -17 61.2 34
      vertex -17 61.1498 32.8495
    endloop
  endfacet
  facet normal -1 0 0
    outer loop
      vertex -17 57.9619 33.1284
      vertex -17 61.1498 32.8495
      vertex -17 60.9995 31.7078
    endloop
  endfacet
  facet normal -1 0 0
    outer loop
      vertex -17 61.2 34
      vertex -17 58 34
      vertex -17 61.1498 35.1505
    endloop
  endfacet
  facet normal -1 0 0
    outer loop
      vertex -17 57.8481 32.2635
      vertex -17 60.9995 31.7078
      vertex -17 60.7502 30.5836
    endloop
  endfacet
  facet normal -1 0 0
    outer loop
      vertex -17 57.9619 34.8716
      vertex -17 61.1498 35.1505
      vertex -17 58 34
    endloop
  endfacet
  facet normal -1 0 0
    outer loop
      vertex -17 57.6593 31.4118
      vertex -17 60.7502 30.5836
      vertex -17 60.4039 29.4853
    endloop
  endfacet
  facet normal -1 -0 0
    outer loop
      vertex -17 61.1498 35.1505
      vertex -17 57.9619 34.8716
      vertex -17 60.9995 36.2922
    endloop
  endfacet
  facet normal -1 0 0
    outer loop
      vertex -17 57.3969 30.5798
      vertex -17 60.4039 29.4853
      vertex -17 59.9633 28.4214
    endloop
  endfacet
  facet normal -1 0 0
    outer loop
      vertex -17 57.8481 35.7365
      vertex -17 60.9995 36.2922
      vertex -17 57.9619 34.8716
    endloop
  endfacet
  facet normal -1 0 0
    outer loop
      vertex -17 57.0631 29.7738
      vertex -17 59.9633 28.4214
      vertex -17 59.4315 27.4
    endloop
  endfacet
  facet normal -1 -0 0
    outer loop
      vertex -17 60.9995 36.2922
      vertex -17 57.8481 35.7365
      vertex -17 60.7502 37.4164
    endloop
  endfacet
  facet normal -1 0 0
    outer loop
      vertex -17 56.6603 29
      vertex -17 59.4315 27.4
      vertex -17 58.8128 26.4288
    endloop
  endfacet
  facet normal -1 0 0
    outer loop
      vertex -17 57.6593 36.5882
      vertex -17 60.7502 37.4164
      vertex -17 57.8481 35.7365
    endloop
  endfacet
  facet normal -1 0 0
    outer loop
      vertex -17 56.1915 28.2642
      vertex -17 58.8128 26.4288
      vertex -17 58.1118 25.5152
    endloop
  endfacet
  facet normal -1 -0 0
    outer loop
      vertex -17 60.7502 37.4164
      vertex -17 57.6593 36.5882
      vertex -17 60.4039 38.5147
    endloop
  endfacet
  facet normal -1 0 0
    outer loop
      vertex -17 57.3969 37.4202
      vertex -17 60.4039 38.5147
      vertex -17 57.6593 36.5882
    endloop
  endfacet
  facet normal -1 0 0
    outer loop
      vertex -17 61.1498 32.8495
      vertex -17 57.9619 33.1284
      vertex -17 58 34
    endloop
  endfacet
  facet normal -1 0 0
    outer loop
      vertex -17 60.9995 31.7078
      vertex -17 57.8481 32.2635
      vertex -17 57.9619 33.1284
    endloop
  endfacet
  facet normal -1 0 0
    outer loop
      vertex -17 60.7502 30.5836
      vertex -17 57.6593 31.4118
      vertex -17 57.8481 32.2635
    endloop
  endfacet
  facet normal -1 0 0
    outer loop
      vertex -17 60.4039 29.4853
      vertex -17 57.3969 30.5798
      vertex -17 57.6593 31.4118
    endloop
  endfacet
  facet normal -1 0 0
    outer loop
      vertex -17 55.6604 27.5721
      vertex -17 58.1118 25.5152
      vertex -17 57.3338 24.6662
    endloop
  endfacet
  facet normal -1 0 0
    outer loop
      vertex -17 59.9633 28.4214
      vertex -17 57.0631 29.7738
      vertex -17 57.3969 30.5798
    endloop
  endfacet
  facet normal -1 0 0
    outer loop
      vertex -17 59.4315 27.4
      vertex -17 56.6603 29
      vertex -17 57.0631 29.7738
    endloop
  endfacet
  facet normal -1 0 0
    outer loop
      vertex -17 55.0711 26.9289
      vertex -17 57.3338 24.6662
      vertex -17 56.4848 23.8882
    endloop
  endfacet
  facet normal -1 0 0
    outer loop
      vertex -17 58.8128 26.4288
      vertex -17 56.1915 28.2642
      vertex -17 56.6603 29
    endloop
  endfacet
  facet normal -1 0 0
    outer loop
      vertex -17 58.1118 25.5152
      vertex -17 55.6604 27.5721
      vertex -17 56.1915 28.2642
    endloop
  endfacet
  facet normal -1 0 0
    outer loop
      vertex -17 54.4279 26.3396
      vertex -17 56.4848 23.8882
      vertex -17 55.5712 23.1872
    endloop
  endfacet
  facet normal -1 0 0
    outer loop
      vertex -17 57.3338 24.6662
      vertex -17 55.0711 26.9289
      vertex -17 55.6604 27.5721
    endloop
  endfacet
  facet normal -1 0 0
    outer loop
      vertex -17 53.7358 25.8085
      vertex -17 55.5712 23.1872
      vertex -17 54.6 22.5685
    endloop
  endfacet
  facet normal -1 0 0
    outer loop
      vertex -17 56.4848 23.8882
      vertex -17 54.4279 26.3396
      vertex -17 55.0711 26.9289
    endloop
  endfacet
  facet normal -1 0 0
    outer loop
      vertex -17 55.5712 23.1872
      vertex -17 53.7358 25.8085
      vertex -17 54.4279 26.3396
    endloop
  endfacet
  facet normal -1 0 0
    outer loop
      vertex -17 53 25.3397
      vertex -17 54.6 22.5685
      vertex -17 53.5786 22.0367
    endloop
  endfacet
  facet normal -1 0 0
    outer loop
      vertex -17 54.6 22.5685
      vertex -17 53 25.3397
      vertex -17 53.7358 25.8085
    endloop
  endfacet
  facet normal -1 0 0
    outer loop
      vertex -17 52.2262 24.9369
      vertex -17 53.5786 22.0367
      vertex -17 52.5147 21.5961
    endloop
  endfacet
  facet normal -1 0 0
    outer loop
      vertex -17 53.5786 22.0367
      vertex -17 52.2262 24.9369
      vertex -17 53 25.3397
    endloop
  endfacet
  facet normal -1 0 0
    outer loop
      vertex -17 52.5147 21.5961
      vertex -17 51.4202 24.6031
      vertex -17 52.2262 24.9369
    endloop
  endfacet
  facet normal -1 0 0
    outer loop
      vertex -17 51.4164 21.2498
      vertex -17 51.4202 24.6031
      vertex -17 52.5147 21.5961
    endloop
  endfacet
  facet normal -1 0 0
    outer loop
      vertex -17 51.4164 21.2498
      vertex -17 50.5882 24.3407
      vertex -17 51.4202 24.6031
    endloop
  endfacet
  facet normal -1 0 0
    outer loop
      vertex -17 50.2922 21.0005
      vertex -17 50.5882 24.3407
      vertex -17 51.4164 21.2498
    endloop
  endfacet
  facet normal -1 0 0
    outer loop
      vertex -17 50.2922 21.0005
      vertex -17 49.7365 24.1519
      vertex -17 50.5882 24.3407
    endloop
  endfacet
  facet normal -1 0 0
    outer loop
      vertex -17 49.1505 20.8502
      vertex -17 49.7365 24.1519
      vertex -17 50.2922 21.0005
    endloop
  endfacet
  facet normal -1 0 0
    outer loop
      vertex -17 49.1505 20.8502
      vertex -17 48.8716 24.0381
      vertex -17 49.7365 24.1519
    endloop
  endfacet
  facet normal -1 0 0
    outer loop
      vertex -17 48 20.8
      vertex -17 48.8716 24.0381
      vertex -17 49.1505 20.8502
    endloop
  endfacet
  facet normal -1 0 0
    outer loop
      vertex -17 48 20.8
      vertex -17 48 24
      vertex -17 48.8716 24.0381
    endloop
  endfacet
  facet normal -1 0 0
    outer loop
      vertex -17 48 20.8
      vertex -17 47.1284 24.0381
      vertex -17 48 24
    endloop
  endfacet
  facet normal -1 0 0
    outer loop
      vertex -17 46.8495 20.8502
      vertex -17 47.1284 24.0381
      vertex -17 48 20.8
    endloop
  endfacet
  facet normal -1 0 0
    outer loop
      vertex -17 46.8495 20.8502
      vertex -17 46.2635 24.1519
      vertex -17 47.1284 24.0381
    endloop
  endfacet
  facet normal -1 0 0
    outer loop
      vertex -17 45.7078 21.0005
      vertex -17 46.2635 24.1519
      vertex -17 46.8495 20.8502
    endloop
  endfacet
  facet normal -1 0 0
    outer loop
      vertex -17 45.7078 21.0005
      vertex -17 45.4118 24.3407
      vertex -17 46.2635 24.1519
    endloop
  endfacet
  facet normal -1 0 0
    outer loop
      vertex -17 44.5836 21.2498
      vertex -17 45.4118 24.3407
      vertex -17 45.7078 21.0005
    endloop
  endfacet
  facet normal -1 0 0
    outer loop
      vertex -17 44.5836 21.2498
      vertex -17 44.5798 24.6031
      vertex -17 45.4118 24.3407
    endloop
  endfacet
  facet normal -1 0 0
    outer loop
      vertex -17 43.4853 21.5961
      vertex -17 44.5798 24.6031
      vertex -17 44.5836 21.2498
    endloop
  endfacet
  facet normal -1 -0 0
    outer loop
      vertex -17 44.5798 24.6031
      vertex -17 43.4853 21.5961
      vertex -17 43.7738 24.9369
    endloop
  endfacet
  facet normal -1 0 0
    outer loop
      vertex -17 42.4214 22.0367
      vertex -17 43.7738 24.9369
      vertex -17 43.4853 21.5961
    endloop
  endfacet
  facet normal -1 -0 0
    outer loop
      vertex -17 43.7738 24.9369
      vertex -17 42.4214 22.0367
      vertex -17 43 25.3397
    endloop
  endfacet
  facet normal -1 0 0
    outer loop
      vertex -17 41.4 22.5685
      vertex -17 43 25.3397
      vertex -17 42.4214 22.0367
    endloop
  endfacet
  facet normal -1 -0 0
    outer loop
      vertex -17 43 25.3397
      vertex -17 41.4 22.5685
      vertex -17 42.2642 25.8085
    endloop
  endfacet
  facet normal -1 0 0
    outer loop
      vertex -17 40.4288 23.1872
      vertex -17 42.2642 25.8085
      vertex -17 41.4 22.5685
    endloop
  endfacet
  facet normal -1 -0 0
    outer loop
      vertex -17 42.2642 25.8085
      vertex -17 40.4288 23.1872
      vertex -17 41.5721 26.3396
    endloop
  endfacet
  facet normal -1 0 0
    outer loop
      vertex -17 39.5152 23.8882
      vertex -17 41.5721 26.3396
      vertex -17 40.4288 23.1872
    endloop
  endfacet
  facet normal -1 -0 0
    outer loop
      vertex -17 41.5721 26.3396
      vertex -17 39.5152 23.8882
      vertex -17 40.9289 26.9289
    endloop
  endfacet
  facet normal -1 0 0
    outer loop
      vertex -17 38.6662 24.6662
      vertex -17 40.9289 26.9289
      vertex -17 39.5152 23.8882
    endloop
  endfacet
  facet normal -1 -0 0
    outer loop
      vertex -17 40.9289 26.9289
      vertex -17 38.6662 24.6662
      vertex -17 40.3396 27.5721
    endloop
  endfacet
  facet normal -1 0 0
    outer loop
      vertex -17 37.8882 25.5152
      vertex -17 40.3396 27.5721
      vertex -17 38.6662 24.6662
    endloop
  endfacet
  facet normal -1 -0 0
    outer loop
      vertex -17 40.3396 27.5721
      vertex -17 37.8882 25.5152
      vertex -17 39.8085 28.2642
    endloop
  endfacet
  facet normal -1 0 0
    outer loop
      vertex -17 37.1872 26.4288
      vertex -17 39.8085 28.2642
      vertex -17 37.8882 25.5152
    endloop
  endfacet
  facet normal -1 -0 0
    outer loop
      vertex -17 39.8085 28.2642
      vertex -17 37.1872 26.4288
      vertex -17 39.3397 29
    endloop
  endfacet
  facet normal -1 0 0
    outer loop
      vertex -17 36.5685 27.4
      vertex -17 39.3397 29
      vertex -17 37.1872 26.4288
    endloop
  endfacet
  facet normal -1 -0 0
    outer loop
      vertex -17 39.3397 29
      vertex -17 36.5685 27.4
      vertex -17 38.9369 29.7738
    endloop
  endfacet
  facet normal -1 0 0
    outer loop
      vertex -17 36.0367 28.4214
      vertex -17 38.9369 29.7738
      vertex -17 36.5685 27.4
    endloop
  endfacet
  facet normal -1 0 0
    outer loop
      vertex -17 35.5961 29.4853
      vertex -17 38.6031 30.5798
      vertex -17 36.0367 28.4214
    endloop
  endfacet
  facet normal -1 -0 0
    outer loop
      vertex -17 38.9369 29.7738
      vertex -17 36.0367 28.4214
      vertex -17 38.6031 30.5798
    endloop
  endfacet
  facet normal -1 -0 0
    outer loop
      vertex -17 60.4039 38.5147
      vertex -17 57.3969 37.4202
      vertex -17 59.9633 39.5786
    endloop
  endfacet
  facet normal -1 0 0
    outer loop
      vertex -17 57.0631 38.2262
      vertex -17 59.9633 39.5786
      vertex -17 57.3969 37.4202
    endloop
  endfacet
  facet normal -1 -0 0
    outer loop
      vertex -17 59.9633 39.5786
      vertex -17 57.0631 38.2262
      vertex -17 59.4315 40.6
    endloop
  endfacet
  facet normal -1 0 0
    outer loop
      vertex -17 56.6603 39
      vertex -17 59.4315 40.6
      vertex -17 57.0631 38.2262
    endloop
  endfacet
  facet normal -1 -0 0
    outer loop
      vertex -17 59.4315 40.6
      vertex -17 56.6603 39
      vertex -17 58.8128 41.5712
    endloop
  endfacet
  facet normal -1 0 0
    outer loop
      vertex -17 56.1915 39.7358
      vertex -17 58.8128 41.5712
      vertex -17 56.6603 39
    endloop
  endfacet
  facet normal -1 -0 0
    outer loop
      vertex -17 58.8128 41.5712
      vertex -17 56.1915 39.7358
      vertex -17 58.1118 42.4848
    endloop
  endfacet
  facet normal -1 0 0
    outer loop
      vertex -17 55.6604 40.4279
      vertex -17 58.1118 42.4848
      vertex -17 56.1915 39.7358
    endloop
  endfacet
  facet normal -1 -0 0
    outer loop
      vertex -17 58.1118 42.4848
      vertex -17 55.6604 40.4279
      vertex -17 57.3338 43.3338
    endloop
  endfacet
  facet normal -1 0 0
    outer loop
      vertex -17 55.0711 41.0711
      vertex -17 57.3338 43.3338
      vertex -17 55.6604 40.4279
    endloop
  endfacet
  facet normal -1 -0 0
    outer loop
      vertex -17 57.3338 43.3338
      vertex -17 55.0711 41.0711
      vertex -17 56.4848 44.1118
    endloop
  endfacet
  facet normal -1 0 0
    outer loop
      vertex -17 54.4279 41.6604
      vertex -17 56.4848 44.1118
      vertex -17 55.0711 41.0711
    endloop
  endfacet
  facet normal -1 -0 0
    outer loop
      vertex -17 56.4848 44.1118
      vertex -17 54.4279 41.6604
      vertex -17 55.5712 44.8128
    endloop
  endfacet
  facet normal -1 0 0
    outer loop
      vertex -17 53.7358 42.1915
      vertex -17 55.5712 44.8128
      vertex -17 54.4279 41.6604
    endloop
  endfacet
  facet normal -1 -0 0
    outer loop
      vertex -17 55.5712 44.8128
      vertex -17 53.7358 42.1915
      vertex -17 54.6 45.4315
    endloop
  endfacet
  facet normal -1 0 0
    outer loop
      vertex -17 53 42.6603
      vertex -17 54.6 45.4315
      vertex -17 53.7358 42.1915
    endloop
  endfacet
  facet normal -1 -0 0
    outer loop
      vertex -17 54.6 45.4315
      vertex -17 53 42.6603
      vertex -17 53.5786 45.9633
    endloop
  endfacet
  facet normal -1 0 0
    outer loop
      vertex -17 52.2262 43.0631
      vertex -17 53.5786 45.9633
      vertex -17 53 42.6603
    endloop
  endfacet
  facet normal -1 -0 0
    outer loop
      vertex -17 53.5786 45.9633
      vertex -17 52.2262 43.0631
      vertex -17 52.5147 46.4039
    endloop
  endfacet
  facet normal -1 0 0
    outer loop
      vertex -17 51.4202 43.3969
      vertex -17 52.5147 46.4039
      vertex -17 52.2262 43.0631
    endloop
  endfacet
  facet normal -1 0 0
    outer loop
      vertex -17 51.4202 43.3969
      vertex -17 51.4164 46.7502
      vertex -17 52.5147 46.4039
    endloop
  endfacet
  facet normal -1 0 0
    outer loop
      vertex -17 50.5882 43.6593
      vertex -17 51.4164 46.7502
      vertex -17 51.4202 43.3969
    endloop
  endfacet
  facet normal -1 0 0
    outer loop
      vertex -17 50.5882 43.6593
      vertex -17 50.2922 46.9995
      vertex -17 51.4164 46.7502
    endloop
  endfacet
  facet normal -1 0 0
    outer loop
      vertex -17 49.7365 43.8481
      vertex -17 50.2922 46.9995
      vertex -17 50.5882 43.6593
    endloop
  endfacet
  facet normal -1 0 0
    outer loop
      vertex -17 49.7365 43.8481
      vertex -17 49.1505 47.1498
      vertex -17 50.2922 46.9995
    endloop
  endfacet
  facet normal -1 0 0
    outer loop
      vertex -17 48.8716 43.9619
      vertex -17 49.1505 47.1498
      vertex -17 49.7365 43.8481
    endloop
  endfacet
  facet normal -1 0 0
    outer loop
      vertex -17 48 44
      vertex -17 49.1505 47.1498
      vertex -17 48.8716 43.9619
    endloop
  endfacet
  facet normal -1 0 0
    outer loop
      vertex -17 48 44
      vertex -17 48 47.2
      vertex -17 49.1505 47.1498
    endloop
  endfacet
  facet normal -1 0 0
    outer loop
      vertex -17 47.1284 43.9619
      vertex -17 48 47.2
      vertex -17 48 44
    endloop
  endfacet
  facet normal -1 0 0
    outer loop
      vertex -17 47.1284 43.9619
      vertex -17 46.8495 47.1498
      vertex -17 48 47.2
    endloop
  endfacet
  facet normal -1 0 0
    outer loop
      vertex -17 46.2635 43.8481
      vertex -17 46.8495 47.1498
      vertex -17 47.1284 43.9619
    endloop
  endfacet
  facet normal -1 0 0
    outer loop
      vertex -17 46.2635 43.8481
      vertex -17 45.7078 46.9995
      vertex -17 46.8495 47.1498
    endloop
  endfacet
  facet normal -1 0 0
    outer loop
      vertex -17 45.4118 43.6593
      vertex -17 45.7078 46.9995
      vertex -17 46.2635 43.8481
    endloop
  endfacet
  facet normal -1 0 0
    outer loop
      vertex -17 45.4118 43.6593
      vertex -17 44.5836 46.7502
      vertex -17 45.7078 46.9995
    endloop
  endfacet
  facet normal -1 0 0
    outer loop
      vertex -17 44.5798 43.3969
      vertex -17 44.5836 46.7502
      vertex -17 45.4118 43.6593
    endloop
  endfacet
  facet normal -1 0 0
    outer loop
      vertex -17 43.4853 46.4039
      vertex -17 44.5798 43.3969
      vertex -17 43.7738 43.0631
    endloop
  endfacet
  facet normal -1 0 0
    outer loop
      vertex -17 44.5798 43.3969
      vertex -17 43.4853 46.4039
      vertex -17 44.5836 46.7502
    endloop
  endfacet
  facet normal -1 0 0
    outer loop
      vertex -17 42.4214 45.9633
      vertex -17 43.7738 43.0631
      vertex -17 43 42.6603
    endloop
  endfacet
  facet normal -1 0 0
    outer loop
      vertex -17 43.7738 43.0631
      vertex -17 42.4214 45.9633
      vertex -17 43.4853 46.4039
    endloop
  endfacet
  facet normal -1 0 0
    outer loop
      vertex -17 41.4 45.4315
      vertex -17 43 42.6603
      vertex -17 42.2642 42.1915
    endloop
  endfacet
  facet normal -1 0 0
    outer loop
      vertex -17 40.4288 44.8128
      vertex -17 42.2642 42.1915
      vertex -17 41.5721 41.6604
    endloop
  endfacet
  facet normal -1 0 0
    outer loop
      vertex -17 43 42.6603
      vertex -17 41.4 45.4315
      vertex -17 42.4214 45.9633
    endloop
  endfacet
  facet normal -1 0 0
    outer loop
      vertex -17 39.5152 44.1118
      vertex -17 41.5721 41.6604
      vertex -17 40.9289 41.0711
    endloop
  endfacet
  facet normal -1 0 0
    outer loop
      vertex -17 42.2642 42.1915
      vertex -17 40.4288 44.8128
      vertex -17 41.4 45.4315
    endloop
  endfacet
  facet normal -1 0 0
    outer loop
      vertex -17 38.6662 43.3338
      vertex -17 40.9289 41.0711
      vertex -17 40.3396 40.4279
    endloop
  endfacet
  facet normal -1 0 0
    outer loop
      vertex -17 37.8882 42.4848
      vertex -17 40.3396 40.4279
      vertex -17 39.8085 39.7358
    endloop
  endfacet
  facet normal -1 0 0
    outer loop
      vertex -17 41.5721 41.6604
      vertex -17 39.5152 44.1118
      vertex -17 40.4288 44.8128
    endloop
  endfacet
  facet normal -1 0 0
    outer loop
      vertex -17 37.1872 41.5712
      vertex -17 39.8085 39.7358
      vertex -17 39.3397 39
    endloop
  endfacet
  facet normal -1 0 0
    outer loop
      vertex -17 36.5685 40.6
      vertex -17 39.3397 39
      vertex -17 38.9369 38.2262
    endloop
  endfacet
  facet normal -1 0 0
    outer loop
      vertex -17 40.9289 41.0711
      vertex -17 38.6662 43.3338
      vertex -17 39.5152 44.1118
    endloop
  endfacet
  facet normal -1 0 0
    outer loop
      vertex -17 36.0367 39.5786
      vertex -17 38.9369 38.2262
      vertex -17 38.6031 37.4202
    endloop
  endfacet
  facet normal -1 0 0
    outer loop
      vertex -17 35.5961 38.5147
      vertex -17 38.6031 37.4202
      vertex -17 38.3407 36.5882
    endloop
  endfacet
  facet normal -1 0 0
    outer loop
      vertex -17 35.2498 37.4164
      vertex -17 38.3407 36.5882
      vertex -17 38.1519 35.7365
    endloop
  endfacet
  facet normal -1 0 0
    outer loop
      vertex -17 35.0005 36.2922
      vertex -17 38.1519 35.7365
      vertex -17 38.0381 34.8716
    endloop
  endfacet
  facet normal -1 0 0
    outer loop
      vertex -17 40.3396 40.4279
      vertex -17 37.8882 42.4848
      vertex -17 38.6662 43.3338
    endloop
  endfacet
  facet normal -1 0 0
    outer loop
      vertex -17 34.8502 35.1505
      vertex -17 38.0381 34.8716
      vertex -17 38 34
    endloop
  endfacet
  facet normal -1 -0 0
    outer loop
      vertex -17 38.6031 30.5798
      vertex -17 35.5961 29.4853
      vertex -17 38.3407 31.4118
    endloop
  endfacet
  facet normal -1 0 0
    outer loop
      vertex -17 35.2498 30.5836
      vertex -17 38.3407 31.4118
      vertex -17 35.5961 29.4853
    endloop
  endfacet
  facet normal -1 0 0
    outer loop
      vertex -17 39.8085 39.7358
      vertex -17 37.1872 41.5712
      vertex -17 37.8882 42.4848
    endloop
  endfacet
  facet normal -1 -0 0
    outer loop
      vertex -17 38.3407 31.4118
      vertex -17 35.2498 30.5836
      vertex -17 38.1519 32.2635
    endloop
  endfacet
  facet normal -1 0 0
    outer loop
      vertex -17 39.3397 39
      vertex -17 36.5685 40.6
      vertex -17 37.1872 41.5712
    endloop
  endfacet
  facet normal -1 0 0
    outer loop
      vertex -17 35.0005 31.7078
      vertex -17 38.1519 32.2635
      vertex -17 35.2498 30.5836
    endloop
  endfacet
  facet normal -1 0 0
    outer loop
      vertex -17 38.9369 38.2262
      vertex -17 36.0367 39.5786
      vertex -17 36.5685 40.6
    endloop
  endfacet
  facet normal -1 -0 0
    outer loop
      vertex -17 38.1519 32.2635
      vertex -17 35.0005 31.7078
      vertex -17 38.0381 33.1284
    endloop
  endfacet
  facet normal -1 0 0
    outer loop
      vertex -17 38.6031 37.4202
      vertex -17 35.5961 38.5147
      vertex -17 36.0367 39.5786
    endloop
  endfacet
  facet normal -1 0 0
    outer loop
      vertex -17 34.8502 32.8495
      vertex -17 38.0381 33.1284
      vertex -17 35.0005 31.7078
    endloop
  endfacet
  facet normal -1 0 0
    outer loop
      vertex -17 38.3407 36.5882
      vertex -17 35.2498 37.4164
      vertex -17 35.5961 38.5147
    endloop
  endfacet
  facet normal -1 -0 0
    outer loop
      vertex -17 38.0381 33.1284
      vertex -17 34.8502 32.8495
      vertex -17 38 34
    endloop
  endfacet
  facet normal -1 0 0
    outer loop
      vertex -17 38.1519 35.7365
      vertex -17 35.0005 36.2922
      vertex -17 35.2498 37.4164
    endloop
  endfacet
  facet normal -1 0 0
    outer loop
      vertex -17 34.8 34
      vertex -17 38 34
      vertex -17 34.8502 32.8495
    endloop
  endfacet
  facet normal -1 0 0
    outer loop
      vertex -17 38.0381 34.8716
      vertex -17 34.8502 35.1505
      vertex -17 35.0005 36.2922
    endloop
  endfacet
  facet normal -1 0 0
    outer loop
      vertex -17 38 34
      vertex -17 34.8 34
      vertex -17 34.8502 35.1505
    endloop
  endfacet
  facet normal 0 -0.537286 0.8434
    outer loop
      vertex -17 41.4 45.4315
      vertex 17 40.4288 44.8128
      vertex 17 41.4 45.4315
    endloop
  endfacet
  facet normal 0 -0.537286 0.8434
    outer loop
      vertex 17 40.4288 44.8128
      vertex -17 41.4 45.4315
      vertex -17 40.4288 44.8128
    endloop
  endfacet
  facet normal 0 0.737262 0.675607
    outer loop
      vertex 17 58.1118 42.4848
      vertex -17 57.3338 43.3338
      vertex 17 57.3338 43.3338
    endloop
  endfacet
  facet normal 0 0.737262 0.675607
    outer loop
      vertex -17 57.3338 43.3338
      vertex 17 58.1118 42.4848
      vertex -17 58.1118 42.4848
    endloop
  endfacet
  facet normal 0 0.953715 0.300712
    outer loop
      vertex 17 60.7502 37.4164
      vertex -17 60.4039 38.5147
      vertex 17 60.4039 38.5147
    endloop
  endfacet
  facet normal 0 0.953715 0.300712
    outer loop
      vertex -17 60.4039 38.5147
      vertex 17 60.7502 37.4164
      vertex -17 60.7502 37.4164
    endloop
  endfacet
  facet normal 0 -0.886978 0.461812
    outer loop
      vertex -17 36.0367 39.5786
      vertex 17 36.5685 40.6
      vertex -17 36.5685 40.6
    endloop
  endfacet
  facet normal 0 -0.886978 0.461812
    outer loop
      vertex 17 36.5685 40.6
      vertex -17 36.0367 39.5786
      vertex 17 36.0367 39.5786
    endloop
  endfacet
  facet normal 0 -0.976283 -0.216498
    outer loop
      vertex -17 35.2498 30.5836
      vertex -7 35.0005 31.7078
      vertex -17 35.0005 31.7078
    endloop
  endfacet
  facet normal 0 -0.976283 -0.216498
    outer loop
      vertex -7 35.0005 31.7078
      vertex -17 35.2498 30.5836
      vertex -7 35.2498 30.5836
    endloop
  endfacet
  facet normal 0 -0.976283 -0.216498
    outer loop
      vertex 7 35.2498 30.5836
      vertex 17 35.0005 31.7078
      vertex 7 35.0005 31.7078
    endloop
  endfacet
  facet normal 0 -0.976283 -0.216498
    outer loop
      vertex 17 35.0005 31.7078
      vertex 7 35.2498 30.5836
      vertex 17 35.2498 30.5836
    endloop
  endfacet
  facet normal 0 -0.999049 -0.0435917
    outer loop
      vertex -17 34.8502 32.8495
      vertex -7 34.8 34
      vertex -17 34.8 34
    endloop
  endfacet
  facet normal 0 -0.999049 -0.0435917
    outer loop
      vertex -7 34.8 34
      vertex -17 34.8502 32.8495
      vertex -7 34.8502 32.8495
    endloop
  endfacet
  facet normal 0 -0.999049 -0.0435917
    outer loop
      vertex 7 34.8502 32.8495
      vertex 17 34.8 34
      vertex 7 34.8 34
    endloop
  endfacet
  facet normal 0 -0.999049 -0.0435917
    outer loop
      vertex 17 34.8 34
      vertex 7 34.8502 32.8495
      vertex 17 34.8502 32.8495
    endloop
  endfacet
  facet normal -0 0.999049 0.0435917
    outer loop
      vertex 7 61.2 34
      vertex 17 61.1498 35.1505
      vertex 17 61.2 34
    endloop
  endfacet
  facet normal 0 0.999049 0.0435917
    outer loop
      vertex 17 61.1498 35.1505
      vertex 7 61.2 34
      vertex -17 61.1498 35.1505
    endloop
  endfacet
  facet normal -0 0.999049 0.0435917
    outer loop
      vertex -7 61.2 34
      vertex -17 61.1498 35.1505
      vertex 7 61.2 34
    endloop
  endfacet
  facet normal 0 0.999049 0.0435917
    outer loop
      vertex -17 61.1498 35.1505
      vertex -7 61.2 34
      vertex -17 61.2 34
    endloop
  endfacet
  facet normal 0 0.793366 -0.608745
    outer loop
      vertex -7 58.1118 25.5152
      vertex -17 58.8128 26.4288
      vertex -7 58.8128 26.4288
    endloop
  endfacet
  facet normal 0 0.793366 -0.608745
    outer loop
      vertex -17 58.8128 26.4288
      vertex -7 58.1118 25.5152
      vertex -17 58.1118 25.5152
    endloop
  endfacet
  facet normal 0 0.793366 -0.608745
    outer loop
      vertex 17 58.1118 25.5152
      vertex 7 58.8128 26.4288
      vertex 17 58.8128 26.4288
    endloop
  endfacet
  facet normal 0 0.793366 -0.608745
    outer loop
      vertex 7 58.8128 26.4288
      vertex 17 58.1118 25.5152
      vertex 7 58.1118 25.5152
    endloop
  endfacet
  facet normal 0 -0.608745 -0.793366
    outer loop
      vertex 7 39.5152 23.8882
      vertex 17 40.4288 23.1872
      vertex 17 39.5152 23.8882
    endloop
  endfacet
  facet normal -0 -0.608745 -0.793366
    outer loop
      vertex 17 40.4288 23.1872
      vertex 7 39.5152 23.8882
      vertex 7 40.4288 23.1872
    endloop
  endfacet
  facet normal 0 -0.608745 -0.793366
    outer loop
      vertex -17 39.5152 23.8882
      vertex -7 40.4288 23.1872
      vertex -7 39.5152 23.8882
    endloop
  endfacet
  facet normal -0 -0.608745 -0.793366
    outer loop
      vertex -7 40.4288 23.1872
      vertex -17 39.5152 23.8882
      vertex -17 40.4288 23.1872
    endloop
  endfacet
  facet normal 0 -0.216498 -0.976283
    outer loop
      vertex 7 44.5836 21.2498
      vertex 17 45.7078 21.0005
      vertex 17 44.5836 21.2498
    endloop
  endfacet
  facet normal -0 -0.216498 -0.976283
    outer loop
      vertex 17 45.7078 21.0005
      vertex 7 44.5836 21.2498
      vertex 7 45.7078 21.0005
    endloop
  endfacet
  facet normal 0 -0.216498 -0.976283
    outer loop
      vertex -17 44.5836 21.2498
      vertex -7 45.7078 21.0005
      vertex -7 44.5836 21.2498
    endloop
  endfacet
  facet normal -0 -0.216498 -0.976283
    outer loop
      vertex -7 45.7078 21.0005
      vertex -17 44.5836 21.2498
      vertex -17 45.7078 21.0005
    endloop
  endfacet
  facet normal -0 0.0435917 0.999049
    outer loop
      vertex -17 49.1505 47.1498
      vertex 17 48 47.2
      vertex 17 49.1505 47.1498
    endloop
  endfacet
  facet normal 0 0.0435917 0.999049
    outer loop
      vertex 17 48 47.2
      vertex -17 49.1505 47.1498
      vertex -17 48 47.2
    endloop
  endfacet
  facet normal 0 0.886978 -0.461812
    outer loop
      vertex -7 59.4315 27.4
      vertex -17 59.9633 28.4214
      vertex -7 59.9633 28.4214
    endloop
  endfacet
  facet normal 0 0.886978 -0.461812
    outer loop
      vertex -17 59.9633 28.4214
      vertex -7 59.4315 27.4
      vertex -17 59.4315 27.4
    endloop
  endfacet
  facet normal 0 0.886978 -0.461812
    outer loop
      vertex 17 59.4315 27.4
      vertex 7 59.9633 28.4214
      vertex 17 59.9633 28.4214
    endloop
  endfacet
  facet normal 0 0.886978 -0.461812
    outer loop
      vertex 7 59.9633 28.4214
      vertex 17 59.4315 27.4
      vertex 7 59.4315 27.4
    endloop
  endfacet
  facet normal 0 0.737262 -0.675607
    outer loop
      vertex 17 57.3338 24.6662
      vertex 7 58.1118 25.5152
      vertex 17 58.1118 25.5152
    endloop
  endfacet
  facet normal 0 0.737262 -0.675607
    outer loop
      vertex 7 58.1118 25.5152
      vertex 17 57.3338 24.6662
      vertex 7 57.3338 24.6662
    endloop
  endfacet
  facet normal 0 0.737262 -0.675607
    outer loop
      vertex -7 57.3338 24.6662
      vertex -17 58.1118 25.5152
      vertex -7 58.1118 25.5152
    endloop
  endfacet
  facet normal 0 0.737262 -0.675607
    outer loop
      vertex -17 58.1118 25.5152
      vertex -7 57.3338 24.6662
      vertex -17 57.3338 24.6662
    endloop
  endfacet
  facet normal 0 -0.976283 0.216498
    outer loop
      vertex -17 35.0005 36.2922
      vertex 17 35.2498 37.4164
      vertex -17 35.2498 37.4164
    endloop
  endfacet
  facet normal 0 -0.976283 0.216498
    outer loop
      vertex 17 35.2498 37.4164
      vertex -17 35.0005 36.2922
      vertex 17 35.0005 36.2922
    endloop
  endfacet
  facet normal 0 0.608745 -0.793366
    outer loop
      vertex 7 55.5712 23.1872
      vertex 17 56.4848 23.8882
      vertex 17 55.5712 23.1872
    endloop
  endfacet
  facet normal 0 0.608745 -0.793366
    outer loop
      vertex 17 56.4848 23.8882
      vertex 7 55.5712 23.1872
      vertex 7 56.4848 23.8882
    endloop
  endfacet
  facet normal 0 0.608745 -0.793366
    outer loop
      vertex -17 55.5712 23.1872
      vertex -7 56.4848 23.8882
      vertex -7 55.5712 23.1872
    endloop
  endfacet
  facet normal 0 0.608745 -0.793366
    outer loop
      vertex -7 56.4848 23.8882
      vertex -17 55.5712 23.1872
      vertex -17 56.4848 23.8882
    endloop
  endfacet
  facet normal 0 0.300712 -0.953715
    outer loop
      vertex -17 51.4164 21.2498
      vertex -7 52.5147 21.5961
      vertex -7 51.4164 21.2498
    endloop
  endfacet
  facet normal 0 0.300712 -0.953715
    outer loop
      vertex -7 52.5147 21.5961
      vertex -17 51.4164 21.2498
      vertex -17 52.5147 21.5961
    endloop
  endfacet
  facet normal 0 0.300712 -0.953715
    outer loop
      vertex 7 51.4164 21.2498
      vertex 17 52.5147 21.5961
      vertex 17 51.4164 21.2498
    endloop
  endfacet
  facet normal 0 0.300712 -0.953715
    outer loop
      vertex 17 52.5147 21.5961
      vertex 7 51.4164 21.2498
      vertex 7 52.5147 21.5961
    endloop
  endfacet
  facet normal -0 0.300712 0.953715
    outer loop
      vertex -17 52.5147 46.4039
      vertex 17 51.4164 46.7502
      vertex 17 52.5147 46.4039
    endloop
  endfacet
  facet normal 0 0.300712 0.953715
    outer loop
      vertex 17 51.4164 46.7502
      vertex -17 52.5147 46.4039
      vertex -17 51.4164 46.7502
    endloop
  endfacet
  facet normal 0 -0.793366 0.608745
    outer loop
      vertex -17 37.1872 41.5712
      vertex 17 37.8882 42.4848
      vertex -17 37.8882 42.4848
    endloop
  endfacet
  facet normal 0 -0.793366 0.608745
    outer loop
      vertex 17 37.8882 42.4848
      vertex -17 37.1872 41.5712
      vertex 17 37.1872 41.5712
    endloop
  endfacet
  facet normal 0 -0.382623 -0.923905
    outer loop
      vertex 7 42.4214 22.0367
      vertex 17 43.4853 21.5961
      vertex 17 42.4214 22.0367
    endloop
  endfacet
  facet normal -0 -0.382623 -0.923905
    outer loop
      vertex 17 43.4853 21.5961
      vertex 7 42.4214 22.0367
      vertex 7 43.4853 21.5961
    endloop
  endfacet
  facet normal 0 -0.382623 -0.923905
    outer loop
      vertex -17 42.4214 22.0367
      vertex -7 43.4853 21.5961
      vertex -7 42.4214 22.0367
    endloop
  endfacet
  facet normal -0 -0.382623 -0.923905
    outer loop
      vertex -7 43.4853 21.5961
      vertex -17 42.4214 22.0367
      vertex -17 43.4853 21.5961
    endloop
  endfacet
  facet normal 0 0.537286 -0.8434
    outer loop
      vertex 7 54.6 22.5685
      vertex 17 55.5712 23.1872
      vertex 17 54.6 22.5685
    endloop
  endfacet
  facet normal 0 0.537286 -0.8434
    outer loop
      vertex 17 55.5712 23.1872
      vertex 7 54.6 22.5685
      vertex 7 55.5712 23.1872
    endloop
  endfacet
  facet normal 0 0.537286 -0.8434
    outer loop
      vertex -17 54.6 22.5685
      vertex -7 55.5712 23.1872
      vertex -7 54.6 22.5685
    endloop
  endfacet
  facet normal 0 0.537286 -0.8434
    outer loop
      vertex -7 55.5712 23.1872
      vertex -17 54.6 22.5685
      vertex -17 55.5712 23.1872
    endloop
  endfacet
  facet normal 0 -0.737262 -0.675607
    outer loop
      vertex 7 38.6662 24.6662
      vertex 17 37.8882 25.5152
      vertex 7 37.8882 25.5152
    endloop
  endfacet
  facet normal 0 -0.737262 -0.675607
    outer loop
      vertex 17 37.8882 25.5152
      vertex 7 38.6662 24.6662
      vertex 17 38.6662 24.6662
    endloop
  endfacet
  facet normal 0 -0.737262 -0.675607
    outer loop
      vertex -17 38.6662 24.6662
      vertex -7 37.8882 25.5152
      vertex -17 37.8882 25.5152
    endloop
  endfacet
  facet normal 0 -0.737262 -0.675607
    outer loop
      vertex -7 37.8882 25.5152
      vertex -17 38.6662 24.6662
      vertex -7 38.6662 24.6662
    endloop
  endfacet
  facet normal 0 0.976283 -0.216498
    outer loop
      vertex 17 60.7502 30.5836
      vertex 7 60.9995 31.7078
      vertex 17 60.9995 31.7078
    endloop
  endfacet
  facet normal 0 0.976283 -0.216498
    outer loop
      vertex 7 60.9995 31.7078
      vertex 17 60.7502 30.5836
      vertex 7 60.7502 30.5836
    endloop
  endfacet
  facet normal 0 0.976283 -0.216498
    outer loop
      vertex -7 60.7502 30.5836
      vertex -17 60.9995 31.7078
      vertex -7 60.9995 31.7078
    endloop
  endfacet
  facet normal 0 0.976283 -0.216498
    outer loop
      vertex -17 60.9995 31.7078
      vertex -7 60.7502 30.5836
      vertex -17 60.7502 30.5836
    endloop
  endfacet
  facet normal 0 0.8434 -0.537286
    outer loop
      vertex -7 58.8128 26.4288
      vertex -17 59.4315 27.4
      vertex -7 59.4315 27.4
    endloop
  endfacet
  facet normal 0 0.8434 -0.537286
    outer loop
      vertex -17 59.4315 27.4
      vertex -7 58.8128 26.4288
      vertex -17 58.8128 26.4288
    endloop
  endfacet
  facet normal 0 0.8434 -0.537286
    outer loop
      vertex 17 58.8128 26.4288
      vertex 7 59.4315 27.4
      vertex 17 59.4315 27.4
    endloop
  endfacet
  facet normal 0 0.8434 -0.537286
    outer loop
      vertex 7 59.4315 27.4
      vertex 17 58.8128 26.4288
      vertex 7 58.8128 26.4288
    endloop
  endfacet
  facet normal 0 -0.382623 0.923905
    outer loop
      vertex -17 43.4853 46.4039
      vertex 17 42.4214 45.9633
      vertex 17 43.4853 46.4039
    endloop
  endfacet
  facet normal 0 -0.382623 0.923905
    outer loop
      vertex 17 42.4214 45.9633
      vertex -17 43.4853 46.4039
      vertex -17 42.4214 45.9633
    endloop
  endfacet
  facet normal 0 0.8434 0.537286
    outer loop
      vertex 17 59.4315 40.6
      vertex -17 58.8128 41.5712
      vertex 17 58.8128 41.5712
    endloop
  endfacet
  facet normal 0 0.8434 0.537286
    outer loop
      vertex -17 58.8128 41.5712
      vertex 17 59.4315 40.6
      vertex -17 59.4315 40.6
    endloop
  endfacet
  facet normal 0 0.13052 -0.991446
    outer loop
      vertex 7 49.1505 20.8502
      vertex 17 50.2922 21.0005
      vertex 17 49.1505 20.8502
    endloop
  endfacet
  facet normal 0 0.13052 -0.991446
    outer loop
      vertex 17 50.2922 21.0005
      vertex 7 49.1505 20.8502
      vertex 7 50.2922 21.0005
    endloop
  endfacet
  facet normal 0 0.13052 -0.991446
    outer loop
      vertex -17 49.1505 20.8502
      vertex -7 50.2922 21.0005
      vertex -7 49.1505 20.8502
    endloop
  endfacet
  facet normal 0 0.13052 -0.991446
    outer loop
      vertex -7 50.2922 21.0005
      vertex -17 49.1505 20.8502
      vertex -17 50.2922 21.0005
    endloop
  endfacet
  facet normal 0 -0.923905 0.382623
    outer loop
      vertex -17 35.5961 38.5147
      vertex 17 36.0367 39.5786
      vertex -17 36.0367 39.5786
    endloop
  endfacet
  facet normal 0 -0.923905 0.382623
    outer loop
      vertex 17 36.0367 39.5786
      vertex -17 35.5961 38.5147
      vertex 17 35.5961 38.5147
    endloop
  endfacet
  facet normal 0 0.953715 -0.300712
    outer loop
      vertex 17 60.4039 29.4853
      vertex 7 60.7502 30.5836
      vertex 17 60.7502 30.5836
    endloop
  endfacet
  facet normal 0 0.953715 -0.300712
    outer loop
      vertex 7 60.7502 30.5836
      vertex 17 60.4039 29.4853
      vertex 7 60.4039 29.4853
    endloop
  endfacet
  facet normal 0 0.953715 -0.300712
    outer loop
      vertex -7 60.4039 29.4853
      vertex -17 60.7502 30.5836
      vertex -7 60.7502 30.5836
    endloop
  endfacet
  facet normal 0 0.953715 -0.300712
    outer loop
      vertex -17 60.7502 30.5836
      vertex -7 60.4039 29.4853
      vertex -17 60.4039 29.4853
    endloop
  endfacet
  facet normal 0 -0.8434 -0.537286
    outer loop
      vertex 7 37.1872 26.4288
      vertex 17 36.5685 27.4
      vertex 7 36.5685 27.4
    endloop
  endfacet
  facet normal 0 -0.8434 -0.537286
    outer loop
      vertex 17 36.5685 27.4
      vertex 7 37.1872 26.4288
      vertex 17 37.1872 26.4288
    endloop
  endfacet
  facet normal 0 -0.8434 -0.537286
    outer loop
      vertex -17 37.1872 26.4288
      vertex -7 36.5685 27.4
      vertex -17 36.5685 27.4
    endloop
  endfacet
  facet normal 0 -0.8434 -0.537286
    outer loop
      vertex -7 36.5685 27.4
      vertex -17 37.1872 26.4288
      vertex -7 37.1872 26.4288
    endloop
  endfacet
  facet normal 0 -0.737262 0.675607
    outer loop
      vertex -17 37.8882 42.4848
      vertex 17 38.6662 43.3338
      vertex -17 38.6662 43.3338
    endloop
  endfacet
  facet normal 0 -0.737262 0.675607
    outer loop
      vertex 17 38.6662 43.3338
      vertex -17 37.8882 42.4848
      vertex 17 37.8882 42.4848
    endloop
  endfacet
  facet normal 0 -0.953715 0.300712
    outer loop
      vertex -17 35.2498 37.4164
      vertex 17 35.5961 38.5147
      vertex -17 35.5961 38.5147
    endloop
  endfacet
  facet normal 0 -0.953715 0.300712
    outer loop
      vertex 17 35.5961 38.5147
      vertex -17 35.2498 37.4164
      vertex 17 35.2498 37.4164
    endloop
  endfacet
  facet normal 0 -0.886978 -0.461812
    outer loop
      vertex 7 36.5685 27.4
      vertex 17 36.0367 28.4214
      vertex 7 36.0367 28.4214
    endloop
  endfacet
  facet normal 0 -0.886978 -0.461812
    outer loop
      vertex 17 36.0367 28.4214
      vertex 7 36.5685 27.4
      vertex 17 36.5685 27.4
    endloop
  endfacet
  facet normal 0 -0.886978 -0.461812
    outer loop
      vertex -17 36.5685 27.4
      vertex -7 36.0367 28.4214
      vertex -17 36.0367 28.4214
    endloop
  endfacet
  facet normal 0 -0.886978 -0.461812
    outer loop
      vertex -7 36.0367 28.4214
      vertex -17 36.5685 27.4
      vertex -7 36.5685 27.4
    endloop
  endfacet
  facet normal 0 0.923905 -0.382623
    outer loop
      vertex -7 59.9633 28.4214
      vertex -17 60.4039 29.4853
      vertex -7 60.4039 29.4853
    endloop
  endfacet
  facet normal 0 0.923905 -0.382623
    outer loop
      vertex -17 60.4039 29.4853
      vertex -7 59.9633 28.4214
      vertex -17 59.9633 28.4214
    endloop
  endfacet
  facet normal 0 0.923905 -0.382623
    outer loop
      vertex 17 59.9633 28.4214
      vertex 7 60.4039 29.4853
      vertex 17 60.4039 29.4853
    endloop
  endfacet
  facet normal 0 0.923905 -0.382623
    outer loop
      vertex 7 60.4039 29.4853
      vertex 17 59.9633 28.4214
      vertex 7 59.9633 28.4214
    endloop
  endfacet
  facet normal 0 -0.991446 -0.13052
    outer loop
      vertex -17 35.0005 31.7078
      vertex -7 34.8502 32.8495
      vertex -17 34.8502 32.8495
    endloop
  endfacet
  facet normal 0 -0.991446 -0.13052
    outer loop
      vertex -7 34.8502 32.8495
      vertex -17 35.0005 31.7078
      vertex -7 35.0005 31.7078
    endloop
  endfacet
  facet normal 0 -0.991446 -0.13052
    outer loop
      vertex 7 35.0005 31.7078
      vertex 17 34.8502 32.8495
      vertex 7 34.8502 32.8495
    endloop
  endfacet
  facet normal 0 -0.991446 -0.13052
    outer loop
      vertex 17 34.8502 32.8495
      vertex 7 35.0005 31.7078
      vertex 17 35.0005 31.7078
    endloop
  endfacet
  facet normal 0 -0.300712 -0.953715
    outer loop
      vertex 7 43.4853 21.5961
      vertex 17 44.5836 21.2498
      vertex 17 43.4853 21.5961
    endloop
  endfacet
  facet normal -0 -0.300712 -0.953715
    outer loop
      vertex 17 44.5836 21.2498
      vertex 7 43.4853 21.5961
      vertex 7 44.5836 21.2498
    endloop
  endfacet
  facet normal 0 -0.300712 -0.953715
    outer loop
      vertex -17 43.4853 21.5961
      vertex -7 44.5836 21.2498
      vertex -7 43.4853 21.5961
    endloop
  endfacet
  facet normal -0 -0.300712 -0.953715
    outer loop
      vertex -7 44.5836 21.2498
      vertex -17 43.4853 21.5961
      vertex -17 44.5836 21.2498
    endloop
  endfacet
  facet normal 0 -0.537286 -0.8434
    outer loop
      vertex 7 40.4288 23.1872
      vertex 17 41.4 22.5685
      vertex 17 40.4288 23.1872
    endloop
  endfacet
  facet normal -0 -0.537286 -0.8434
    outer loop
      vertex 17 41.4 22.5685
      vertex 7 40.4288 23.1872
      vertex 7 41.4 22.5685
    endloop
  endfacet
  facet normal 0 -0.537286 -0.8434
    outer loop
      vertex -17 40.4288 23.1872
      vertex -7 41.4 22.5685
      vertex -7 40.4288 23.1872
    endloop
  endfacet
  facet normal -0 -0.537286 -0.8434
    outer loop
      vertex -7 41.4 22.5685
      vertex -17 40.4288 23.1872
      vertex -17 41.4 22.5685
    endloop
  endfacet
  facet normal -0 0.537286 0.8434
    outer loop
      vertex -17 55.5712 44.8128
      vertex 17 54.6 45.4315
      vertex 17 55.5712 44.8128
    endloop
  endfacet
  facet normal 0 0.537286 0.8434
    outer loop
      vertex 17 54.6 45.4315
      vertex -17 55.5712 44.8128
      vertex -17 54.6 45.4315
    endloop
  endfacet
  facet normal 0 0.976283 0.216498
    outer loop
      vertex 17 60.9995 36.2922
      vertex -17 60.7502 37.4164
      vertex 17 60.7502 37.4164
    endloop
  endfacet
  facet normal 0 0.976283 0.216498
    outer loop
      vertex -17 60.7502 37.4164
      vertex 17 60.9995 36.2922
      vertex -17 60.9995 36.2922
    endloop
  endfacet
  facet normal 0 -0.608745 0.793366
    outer loop
      vertex -17 40.4288 44.8128
      vertex 17 39.5152 44.1118
      vertex 17 40.4288 44.8128
    endloop
  endfacet
  facet normal 0 -0.608745 0.793366
    outer loop
      vertex 17 39.5152 44.1118
      vertex -17 40.4288 44.8128
      vertex -17 39.5152 44.1118
    endloop
  endfacet
  facet normal 0 -0.13052 -0.991446
    outer loop
      vertex -17 45.7078 21.0005
      vertex -7 46.8495 20.8502
      vertex -7 45.7078 21.0005
    endloop
  endfacet
  facet normal -0 -0.13052 -0.991446
    outer loop
      vertex -7 46.8495 20.8502
      vertex -17 45.7078 21.0005
      vertex -17 46.8495 20.8502
    endloop
  endfacet
  facet normal 0 -0.13052 -0.991446
    outer loop
      vertex 7 45.7078 21.0005
      vertex 17 46.8495 20.8502
      vertex 17 45.7078 21.0005
    endloop
  endfacet
  facet normal -0 -0.13052 -0.991446
    outer loop
      vertex 17 46.8495 20.8502
      vertex 7 45.7078 21.0005
      vertex 7 46.8495 20.8502
    endloop
  endfacet
  facet normal 0 0.886978 0.461812
    outer loop
      vertex 17 59.9633 39.5786
      vertex -17 59.4315 40.6
      vertex 17 59.4315 40.6
    endloop
  endfacet
  facet normal 0 0.886978 0.461812
    outer loop
      vertex -17 59.4315 40.6
      vertex 17 59.9633 39.5786
      vertex -17 59.9633 39.5786
    endloop
  endfacet
  facet normal 0 -0.300712 0.953715
    outer loop
      vertex -17 44.5836 46.7502
      vertex 17 43.4853 46.4039
      vertex 17 44.5836 46.7502
    endloop
  endfacet
  facet normal 0 -0.300712 0.953715
    outer loop
      vertex 17 43.4853 46.4039
      vertex -17 44.5836 46.7502
      vertex -17 43.4853 46.4039
    endloop
  endfacet
  facet normal 0 0.461812 -0.886978
    outer loop
      vertex 7 53.5786 22.0367
      vertex 17 54.6 22.5685
      vertex 17 53.5786 22.0367
    endloop
  endfacet
  facet normal 0 0.461812 -0.886978
    outer loop
      vertex 17 54.6 22.5685
      vertex 7 53.5786 22.0367
      vertex 7 54.6 22.5685
    endloop
  endfacet
  facet normal 0 0.461812 -0.886978
    outer loop
      vertex -17 53.5786 22.0367
      vertex -7 54.6 22.5685
      vertex -7 53.5786 22.0367
    endloop
  endfacet
  facet normal 0 0.461812 -0.886978
    outer loop
      vertex -7 54.6 22.5685
      vertex -17 53.5786 22.0367
      vertex -17 54.6 22.5685
    endloop
  endfacet
  facet normal 0 -0.0435917 -0.999049
    outer loop
      vertex 7 46.8495 20.8502
      vertex 17 48 20.8
      vertex 17 46.8495 20.8502
    endloop
  endfacet
  facet normal -0 -0.0435917 -0.999049
    outer loop
      vertex 17 48 20.8
      vertex 7 46.8495 20.8502
      vertex 7 48 20.8
    endloop
  endfacet
  facet normal 0 -0.0435917 -0.999049
    outer loop
      vertex -17 46.8495 20.8502
      vertex -7 48 20.8
      vertex -7 46.8495 20.8502
    endloop
  endfacet
  facet normal -0 -0.0435917 -0.999049
    outer loop
      vertex -7 48 20.8
      vertex -17 46.8495 20.8502
      vertex -17 48 20.8
    endloop
  endfacet
  facet normal -0 0.675607 0.737262
    outer loop
      vertex -17 57.3338 43.3338
      vertex 17 56.4848 44.1118
      vertex 17 57.3338 43.3338
    endloop
  endfacet
  facet normal 0 0.675607 0.737262
    outer loop
      vertex 17 56.4848 44.1118
      vertex -17 57.3338 43.3338
      vertex -17 56.4848 44.1118
    endloop
  endfacet
  facet normal 0 0.923905 0.382623
    outer loop
      vertex 17 60.4039 38.5147
      vertex -17 59.9633 39.5786
      vertex 17 59.9633 39.5786
    endloop
  endfacet
  facet normal 0 0.923905 0.382623
    outer loop
      vertex -17 59.9633 39.5786
      vertex 17 60.4039 38.5147
      vertex -17 60.4039 38.5147
    endloop
  endfacet
  facet normal 0 -0.13052 0.991446
    outer loop
      vertex -17 46.8495 47.1498
      vertex 17 45.7078 46.9995
      vertex 17 46.8495 47.1498
    endloop
  endfacet
  facet normal 0 -0.13052 0.991446
    outer loop
      vertex 17 45.7078 46.9995
      vertex -17 46.8495 47.1498
      vertex -17 45.7078 46.9995
    endloop
  endfacet
  facet normal 0 0.991446 0.13052
    outer loop
      vertex 17 61.1498 35.1505
      vertex -17 60.9995 36.2922
      vertex 17 60.9995 36.2922
    endloop
  endfacet
  facet normal 0 0.991446 0.13052
    outer loop
      vertex -17 60.9995 36.2922
      vertex 17 61.1498 35.1505
      vertex -17 61.1498 35.1505
    endloop
  endfacet
  facet normal 0 -0.793366 -0.608745
    outer loop
      vertex 7 37.8882 25.5152
      vertex 17 37.1872 26.4288
      vertex 7 37.1872 26.4288
    endloop
  endfacet
  facet normal 0 -0.793366 -0.608745
    outer loop
      vertex 17 37.1872 26.4288
      vertex 7 37.8882 25.5152
      vertex 17 37.8882 25.5152
    endloop
  endfacet
  facet normal 0 -0.793366 -0.608745
    outer loop
      vertex -17 37.8882 25.5152
      vertex -7 37.1872 26.4288
      vertex -17 37.1872 26.4288
    endloop
  endfacet
  facet normal 0 -0.793366 -0.608745
    outer loop
      vertex -7 37.1872 26.4288
      vertex -17 37.8882 25.5152
      vertex -7 37.8882 25.5152
    endloop
  endfacet
  facet normal 0 0.999049 -0.0435917
    outer loop
      vertex -7 61.1498 32.8495
      vertex -17 61.2 34
      vertex -7 61.2 34
    endloop
  endfacet
  facet normal 0 0.999049 -0.0435917
    outer loop
      vertex -17 61.2 34
      vertex -7 61.1498 32.8495
      vertex -17 61.1498 32.8495
    endloop
  endfacet
  facet normal 0 0.999049 -0.0435917
    outer loop
      vertex 17 61.1498 32.8495
      vertex 7 61.2 34
      vertex 17 61.2 34
    endloop
  endfacet
  facet normal 0 0.999049 -0.0435917
    outer loop
      vertex 7 61.2 34
      vertex 17 61.1498 32.8495
      vertex 7 61.1498 32.8495
    endloop
  endfacet
  facet normal 0 0.675607 -0.737262
    outer loop
      vertex 7 56.4848 23.8882
      vertex 17 57.3338 24.6662
      vertex 17 56.4848 23.8882
    endloop
  endfacet
  facet normal 0 0.675607 -0.737262
    outer loop
      vertex 17 57.3338 24.6662
      vertex 7 56.4848 23.8882
      vertex 7 57.3338 24.6662
    endloop
  endfacet
  facet normal 0 0.675607 -0.737262
    outer loop
      vertex -17 56.4848 23.8882
      vertex -7 57.3338 24.6662
      vertex -7 56.4848 23.8882
    endloop
  endfacet
  facet normal 0 0.675607 -0.737262
    outer loop
      vertex -7 57.3338 24.6662
      vertex -17 56.4848 23.8882
      vertex -17 57.3338 24.6662
    endloop
  endfacet
  facet normal 0 -0.923905 -0.382623
    outer loop
      vertex -17 36.0367 28.4214
      vertex -7 35.5961 29.4853
      vertex -17 35.5961 29.4853
    endloop
  endfacet
  facet normal 0 -0.923905 -0.382623
    outer loop
      vertex -7 35.5961 29.4853
      vertex -17 36.0367 28.4214
      vertex -7 36.0367 28.4214
    endloop
  endfacet
  facet normal 0 -0.923905 -0.382623
    outer loop
      vertex 7 36.0367 28.4214
      vertex 17 35.5961 29.4853
      vertex 7 35.5961 29.4853
    endloop
  endfacet
  facet normal 0 -0.923905 -0.382623
    outer loop
      vertex 17 35.5961 29.4853
      vertex 7 36.0367 28.4214
      vertex 17 36.0367 28.4214
    endloop
  endfacet
  facet normal 0 -0.953715 -0.300712
    outer loop
      vertex -17 35.5961 29.4853
      vertex -7 35.2498 30.5836
      vertex -17 35.2498 30.5836
    endloop
  endfacet
  facet normal 0 -0.953715 -0.300712
    outer loop
      vertex -7 35.2498 30.5836
      vertex -17 35.5961 29.4853
      vertex -7 35.5961 29.4853
    endloop
  endfacet
  facet normal 0 -0.953715 -0.300712
    outer loop
      vertex 7 35.5961 29.4853
      vertex 17 35.2498 30.5836
      vertex 7 35.2498 30.5836
    endloop
  endfacet
  facet normal 0 -0.953715 -0.300712
    outer loop
      vertex 17 35.2498 30.5836
      vertex 7 35.5961 29.4853
      vertex 17 35.5961 29.4853
    endloop
  endfacet
  facet normal -0 0.13052 0.991446
    outer loop
      vertex -17 50.2922 46.9995
      vertex 17 49.1505 47.1498
      vertex 17 50.2922 46.9995
    endloop
  endfacet
  facet normal 0 0.13052 0.991446
    outer loop
      vertex 17 49.1505 47.1498
      vertex -17 50.2922 46.9995
      vertex -17 49.1505 47.1498
    endloop
  endfacet
  facet normal 0 -0.216498 0.976283
    outer loop
      vertex -17 45.7078 46.9995
      vertex 17 44.5836 46.7502
      vertex 17 45.7078 46.9995
    endloop
  endfacet
  facet normal 0 -0.216498 0.976283
    outer loop
      vertex 17 44.5836 46.7502
      vertex -17 45.7078 46.9995
      vertex -17 44.5836 46.7502
    endloop
  endfacet
  facet normal 0 -0.461812 -0.886978
    outer loop
      vertex 7 41.4 22.5685
      vertex 17 42.4214 22.0367
      vertex 17 41.4 22.5685
    endloop
  endfacet
  facet normal -0 -0.461812 -0.886978
    outer loop
      vertex 17 42.4214 22.0367
      vertex 7 41.4 22.5685
      vertex 7 42.4214 22.0367
    endloop
  endfacet
  facet normal 0 -0.461812 -0.886978
    outer loop
      vertex -17 41.4 22.5685
      vertex -7 42.4214 22.0367
      vertex -7 41.4 22.5685
    endloop
  endfacet
  facet normal -0 -0.461812 -0.886978
    outer loop
      vertex -7 42.4214 22.0367
      vertex -17 41.4 22.5685
      vertex -17 42.4214 22.0367
    endloop
  endfacet
  facet normal 0 0.793366 0.608745
    outer loop
      vertex 17 58.8128 41.5712
      vertex -17 58.1118 42.4848
      vertex 17 58.1118 42.4848
    endloop
  endfacet
  facet normal 0 0.793366 0.608745
    outer loop
      vertex -17 58.1118 42.4848
      vertex 17 58.8128 41.5712
      vertex -17 58.8128 41.5712
    endloop
  endfacet
  facet normal 0 -0.461812 0.886978
    outer loop
      vertex -17 42.4214 45.9633
      vertex 17 41.4 45.4315
      vertex 17 42.4214 45.9633
    endloop
  endfacet
  facet normal 0 -0.461812 0.886978
    outer loop
      vertex 17 41.4 45.4315
      vertex -17 42.4214 45.9633
      vertex -17 41.4 45.4315
    endloop
  endfacet
  facet normal 0 -0.0435917 0.999049
    outer loop
      vertex -17 48 47.2
      vertex 17 46.8495 47.1498
      vertex 17 48 47.2
    endloop
  endfacet
  facet normal 0 -0.0435917 0.999049
    outer loop
      vertex 17 46.8495 47.1498
      vertex -17 48 47.2
      vertex -17 46.8495 47.1498
    endloop
  endfacet
  facet normal 1 0 0
    outer loop
      vertex 17 58 34
      vertex 17 61.2 34
      vertex 17 61.1498 35.1505
    endloop
  endfacet
  facet normal 1 0 0
    outer loop
      vertex 17 57.9619 34.8716
      vertex 17 61.1498 35.1505
      vertex 17 60.9995 36.2922
    endloop
  endfacet
  facet normal 1 0 0
    outer loop
      vertex 17 61.2 34
      vertex 17 58 34
      vertex 17 61.1498 32.8495
    endloop
  endfacet
  facet normal 1 0 0
    outer loop
      vertex 17 57.8481 35.7365
      vertex 17 60.9995 36.2922
      vertex 17 60.7502 37.4164
    endloop
  endfacet
  facet normal 1 -0 0
    outer loop
      vertex 17 57.9619 33.1284
      vertex 17 61.1498 32.8495
      vertex 17 58 34
    endloop
  endfacet
  facet normal 1 0 0
    outer loop
      vertex 17 57.6593 36.5882
      vertex 17 60.7502 37.4164
      vertex 17 60.4039 38.5147
    endloop
  endfacet
  facet normal 1 0 0
    outer loop
      vertex 17 61.1498 32.8495
      vertex 17 57.9619 33.1284
      vertex 17 60.9995 31.7078
    endloop
  endfacet
  facet normal 1 0 0
    outer loop
      vertex 17 57.3969 37.4202
      vertex 17 60.4039 38.5147
      vertex 17 59.9633 39.5786
    endloop
  endfacet
  facet normal 1 -0 0
    outer loop
      vertex 17 57.8481 32.2635
      vertex 17 60.9995 31.7078
      vertex 17 57.9619 33.1284
    endloop
  endfacet
  facet normal 1 0 0
    outer loop
      vertex 17 57.0631 38.2262
      vertex 17 59.9633 39.5786
      vertex 17 59.4315 40.6
    endloop
  endfacet
  facet normal 1 0 0
    outer loop
      vertex 17 60.9995 31.7078
      vertex 17 57.8481 32.2635
      vertex 17 60.7502 30.5836
    endloop
  endfacet
  facet normal 1 0 0
    outer loop
      vertex 17 56.6603 39
      vertex 17 59.4315 40.6
      vertex 17 58.8128 41.5712
    endloop
  endfacet
  facet normal 1 -0 0
    outer loop
      vertex 17 57.6593 31.4118
      vertex 17 60.7502 30.5836
      vertex 17 57.8481 32.2635
    endloop
  endfacet
  facet normal 1 0 0
    outer loop
      vertex 17 56.1915 39.7358
      vertex 17 58.8128 41.5712
      vertex 17 58.1118 42.4848
    endloop
  endfacet
  facet normal 1 0 0
    outer loop
      vertex 17 60.7502 30.5836
      vertex 17 57.6593 31.4118
      vertex 17 60.4039 29.4853
    endloop
  endfacet
  facet normal 1 -0 0
    outer loop
      vertex 17 57.3969 30.5798
      vertex 17 60.4039 29.4853
      vertex 17 57.6593 31.4118
    endloop
  endfacet
  facet normal 1 0 0
    outer loop
      vertex 17 61.1498 35.1505
      vertex 17 57.9619 34.8716
      vertex 17 58 34
    endloop
  endfacet
  facet normal 1 0 0
    outer loop
      vertex 17 60.9995 36.2922
      vertex 17 57.8481 35.7365
      vertex 17 57.9619 34.8716
    endloop
  endfacet
  facet normal 1 0 0
    outer loop
      vertex 17 60.7502 37.4164
      vertex 17 57.6593 36.5882
      vertex 17 57.8481 35.7365
    endloop
  endfacet
  facet normal 1 0 0
    outer loop
      vertex 17 60.4039 38.5147
      vertex 17 57.3969 37.4202
      vertex 17 57.6593 36.5882
    endloop
  endfacet
  facet normal 1 0 0
    outer loop
      vertex 17 55.6604 40.4279
      vertex 17 58.1118 42.4848
      vertex 17 57.3338 43.3338
    endloop
  endfacet
  facet normal 1 0 0
    outer loop
      vertex 17 59.9633 39.5786
      vertex 17 57.0631 38.2262
      vertex 17 57.3969 37.4202
    endloop
  endfacet
  facet normal 1 0 0
    outer loop
      vertex 17 59.4315 40.6
      vertex 17 56.6603 39
      vertex 17 57.0631 38.2262
    endloop
  endfacet
  facet normal 1 0 0
    outer loop
      vertex 17 55.0711 41.0711
      vertex 17 57.3338 43.3338
      vertex 17 56.4848 44.1118
    endloop
  endfacet
  facet normal 1 0 0
    outer loop
      vertex 17 58.8128 41.5712
      vertex 17 56.1915 39.7358
      vertex 17 56.6603 39
    endloop
  endfacet
  facet normal 1 0 0
    outer loop
      vertex 17 58.1118 42.4848
      vertex 17 55.6604 40.4279
      vertex 17 56.1915 39.7358
    endloop
  endfacet
  facet normal 1 0 0
    outer loop
      vertex 17 54.4279 41.6604
      vertex 17 56.4848 44.1118
      vertex 17 55.5712 44.8128
    endloop
  endfacet
  facet normal 1 0 0
    outer loop
      vertex 17 57.3338 43.3338
      vertex 17 55.0711 41.0711
      vertex 17 55.6604 40.4279
    endloop
  endfacet
  facet normal 1 0 0
    outer loop
      vertex 17 53.7358 42.1915
      vertex 17 55.5712 44.8128
      vertex 17 54.6 45.4315
    endloop
  endfacet
  facet normal 1 0 0
    outer loop
      vertex 17 56.4848 44.1118
      vertex 17 54.4279 41.6604
      vertex 17 55.0711 41.0711
    endloop
  endfacet
  facet normal 1 0 0
    outer loop
      vertex 17 55.5712 44.8128
      vertex 17 53.7358 42.1915
      vertex 17 54.4279 41.6604
    endloop
  endfacet
  facet normal 1 0 0
    outer loop
      vertex 17 53 42.6603
      vertex 17 54.6 45.4315
      vertex 17 53.5786 45.9633
    endloop
  endfacet
  facet normal 1 0 0
    outer loop
      vertex 17 54.6 45.4315
      vertex 17 53 42.6603
      vertex 17 53.7358 42.1915
    endloop
  endfacet
  facet normal 1 0 0
    outer loop
      vertex 17 52.2262 43.0631
      vertex 17 53.5786 45.9633
      vertex 17 52.5147 46.4039
    endloop
  endfacet
  facet normal 1 0 0
    outer loop
      vertex 17 53.5786 45.9633
      vertex 17 52.2262 43.0631
      vertex 17 53 42.6603
    endloop
  endfacet
  facet normal 1 0 0
    outer loop
      vertex 17 52.5147 46.4039
      vertex 17 51.4202 43.3969
      vertex 17 52.2262 43.0631
    endloop
  endfacet
  facet normal 1 0 0
    outer loop
      vertex 17 51.4164 46.7502
      vertex 17 51.4202 43.3969
      vertex 17 52.5147 46.4039
    endloop
  endfacet
  facet normal 1 0 0
    outer loop
      vertex 17 51.4164 46.7502
      vertex 17 50.5882 43.6593
      vertex 17 51.4202 43.3969
    endloop
  endfacet
  facet normal 1 0 0
    outer loop
      vertex 17 50.2922 46.9995
      vertex 17 50.5882 43.6593
      vertex 17 51.4164 46.7502
    endloop
  endfacet
  facet normal 1 0 0
    outer loop
      vertex 17 50.2922 46.9995
      vertex 17 49.7365 43.8481
      vertex 17 50.5882 43.6593
    endloop
  endfacet
  facet normal 1 0 0
    outer loop
      vertex 17 49.1505 47.1498
      vertex 17 49.7365 43.8481
      vertex 17 50.2922 46.9995
    endloop
  endfacet
  facet normal 1 0 0
    outer loop
      vertex 17 49.1505 47.1498
      vertex 17 48.8716 43.9619
      vertex 17 49.7365 43.8481
    endloop
  endfacet
  facet normal 1 0 0
    outer loop
      vertex 17 48 47.2
      vertex 17 48.8716 43.9619
      vertex 17 49.1505 47.1498
    endloop
  endfacet
  facet normal 1 0 0
    outer loop
      vertex 17 48 47.2
      vertex 17 48 44
      vertex 17 48.8716 43.9619
    endloop
  endfacet
  facet normal 1 0 0
    outer loop
      vertex 17 48 47.2
      vertex 17 47.1284 43.9619
      vertex 17 48 44
    endloop
  endfacet
  facet normal 1 -0 0
    outer loop
      vertex 17 46.8495 47.1498
      vertex 17 47.1284 43.9619
      vertex 17 48 47.2
    endloop
  endfacet
  facet normal 1 0 0
    outer loop
      vertex 17 46.8495 47.1498
      vertex 17 46.2635 43.8481
      vertex 17 47.1284 43.9619
    endloop
  endfacet
  facet normal 1 -0 0
    outer loop
      vertex 17 45.7078 46.9995
      vertex 17 46.2635 43.8481
      vertex 17 46.8495 47.1498
    endloop
  endfacet
  facet normal 1 0 0
    outer loop
      vertex 17 45.7078 46.9995
      vertex 17 45.4118 43.6593
      vertex 17 46.2635 43.8481
    endloop
  endfacet
  facet normal 1 -0 0
    outer loop
      vertex 17 44.5836 46.7502
      vertex 17 45.4118 43.6593
      vertex 17 45.7078 46.9995
    endloop
  endfacet
  facet normal 1 0 0
    outer loop
      vertex 17 44.5836 46.7502
      vertex 17 44.5798 43.3969
      vertex 17 45.4118 43.6593
    endloop
  endfacet
  facet normal 1 -0 0
    outer loop
      vertex 17 43.4853 46.4039
      vertex 17 44.5798 43.3969
      vertex 17 44.5836 46.7502
    endloop
  endfacet
  facet normal 1 0 0
    outer loop
      vertex 17 44.5798 43.3969
      vertex 17 43.4853 46.4039
      vertex 17 43.7738 43.0631
    endloop
  endfacet
  facet normal 1 -0 0
    outer loop
      vertex 17 42.4214 45.9633
      vertex 17 43.7738 43.0631
      vertex 17 43.4853 46.4039
    endloop
  endfacet
  facet normal 1 0 0
    outer loop
      vertex 17 43.7738 43.0631
      vertex 17 42.4214 45.9633
      vertex 17 43 42.6603
    endloop
  endfacet
  facet normal 1 -0 0
    outer loop
      vertex 17 41.4 45.4315
      vertex 17 43 42.6603
      vertex 17 42.4214 45.9633
    endloop
  endfacet
  facet normal 1 0 0
    outer loop
      vertex 17 43 42.6603
      vertex 17 41.4 45.4315
      vertex 17 42.2642 42.1915
    endloop
  endfacet
  facet normal 1 -0 0
    outer loop
      vertex 17 40.4288 44.8128
      vertex 17 42.2642 42.1915
      vertex 17 41.4 45.4315
    endloop
  endfacet
  facet normal 1 0 0
    outer loop
      vertex 17 42.2642 42.1915
      vertex 17 40.4288 44.8128
      vertex 17 41.5721 41.6604
    endloop
  endfacet
  facet normal 1 -0 0
    outer loop
      vertex 17 39.5152 44.1118
      vertex 17 41.5721 41.6604
      vertex 17 40.4288 44.8128
    endloop
  endfacet
  facet normal 1 0 0
    outer loop
      vertex 17 41.5721 41.6604
      vertex 17 39.5152 44.1118
      vertex 17 40.9289 41.0711
    endloop
  endfacet
  facet normal 1 -0 0
    outer loop
      vertex 17 38.6662 43.3338
      vertex 17 40.9289 41.0711
      vertex 17 39.5152 44.1118
    endloop
  endfacet
  facet normal 1 0 0
    outer loop
      vertex 17 40.9289 41.0711
      vertex 17 38.6662 43.3338
      vertex 17 40.3396 40.4279
    endloop
  endfacet
  facet normal 1 -0 0
    outer loop
      vertex 17 37.8882 42.4848
      vertex 17 40.3396 40.4279
      vertex 17 38.6662 43.3338
    endloop
  endfacet
  facet normal 1 0 0
    outer loop
      vertex 17 40.3396 40.4279
      vertex 17 37.8882 42.4848
      vertex 17 39.8085 39.7358
    endloop
  endfacet
  facet normal 1 -0 0
    outer loop
      vertex 17 37.1872 41.5712
      vertex 17 39.8085 39.7358
      vertex 17 37.8882 42.4848
    endloop
  endfacet
  facet normal 1 0 0
    outer loop
      vertex 17 39.8085 39.7358
      vertex 17 37.1872 41.5712
      vertex 17 39.3397 39
    endloop
  endfacet
  facet normal 1 -0 0
    outer loop
      vertex 17 36.5685 40.6
      vertex 17 39.3397 39
      vertex 17 37.1872 41.5712
    endloop
  endfacet
  facet normal 1 0 0
    outer loop
      vertex 17 39.3397 39
      vertex 17 36.5685 40.6
      vertex 17 38.9369 38.2262
    endloop
  endfacet
  facet normal 1 -0 0
    outer loop
      vertex 17 36.0367 39.5786
      vertex 17 38.9369 38.2262
      vertex 17 36.5685 40.6
    endloop
  endfacet
  facet normal 1 -0 0
    outer loop
      vertex 17 35.5961 38.5147
      vertex 17 38.6031 37.4202
      vertex 17 36.0367 39.5786
    endloop
  endfacet
  facet normal 1 0 0
    outer loop
      vertex 17 38.9369 38.2262
      vertex 17 36.0367 39.5786
      vertex 17 38.6031 37.4202
    endloop
  endfacet
  facet normal 1 0 0
    outer loop
      vertex 17 60.4039 29.4853
      vertex 17 57.3969 30.5798
      vertex 17 59.9633 28.4214
    endloop
  endfacet
  facet normal 1 -0 0
    outer loop
      vertex 17 57.0631 29.7738
      vertex 17 59.9633 28.4214
      vertex 17 57.3969 30.5798
    endloop
  endfacet
  facet normal 1 0 0
    outer loop
      vertex 17 59.9633 28.4214
      vertex 17 57.0631 29.7738
      vertex 17 59.4315 27.4
    endloop
  endfacet
  facet normal 1 -0 0
    outer loop
      vertex 17 56.6603 29
      vertex 17 59.4315 27.4
      vertex 17 57.0631 29.7738
    endloop
  endfacet
  facet normal 1 0 0
    outer loop
      vertex 17 59.4315 27.4
      vertex 17 56.6603 29
      vertex 17 58.8128 26.4288
    endloop
  endfacet
  facet normal 1 -0 0
    outer loop
      vertex 17 56.1915 28.2642
      vertex 17 58.8128 26.4288
      vertex 17 56.6603 29
    endloop
  endfacet
  facet normal 1 0 0
    outer loop
      vertex 17 58.8128 26.4288
      vertex 17 56.1915 28.2642
      vertex 17 58.1118 25.5152
    endloop
  endfacet
  facet normal 1 -0 0
    outer loop
      vertex 17 55.6604 27.5721
      vertex 17 58.1118 25.5152
      vertex 17 56.1915 28.2642
    endloop
  endfacet
  facet normal 1 0 0
    outer loop
      vertex 17 58.1118 25.5152
      vertex 17 55.6604 27.5721
      vertex 17 57.3338 24.6662
    endloop
  endfacet
  facet normal 1 -0 0
    outer loop
      vertex 17 55.0711 26.9289
      vertex 17 57.3338 24.6662
      vertex 17 55.6604 27.5721
    endloop
  endfacet
  facet normal 1 0 0
    outer loop
      vertex 17 57.3338 24.6662
      vertex 17 55.0711 26.9289
      vertex 17 56.4848 23.8882
    endloop
  endfacet
  facet normal 1 -0 0
    outer loop
      vertex 17 54.4279 26.3396
      vertex 17 56.4848 23.8882
      vertex 17 55.0711 26.9289
    endloop
  endfacet
  facet normal 1 0 0
    outer loop
      vertex 17 56.4848 23.8882
      vertex 17 54.4279 26.3396
      vertex 17 55.5712 23.1872
    endloop
  endfacet
  facet normal 1 -0 0
    outer loop
      vertex 17 53.7358 25.8085
      vertex 17 55.5712 23.1872
      vertex 17 54.4279 26.3396
    endloop
  endfacet
  facet normal 1 0 0
    outer loop
      vertex 17 55.5712 23.1872
      vertex 17 53.7358 25.8085
      vertex 17 54.6 22.5685
    endloop
  endfacet
  facet normal 1 -0 0
    outer loop
      vertex 17 53 25.3397
      vertex 17 54.6 22.5685
      vertex 17 53.7358 25.8085
    endloop
  endfacet
  facet normal 1 0 0
    outer loop
      vertex 17 54.6 22.5685
      vertex 17 53 25.3397
      vertex 17 53.5786 22.0367
    endloop
  endfacet
  facet normal 1 -0 0
    outer loop
      vertex 17 52.2262 24.9369
      vertex 17 53.5786 22.0367
      vertex 17 53 25.3397
    endloop
  endfacet
  facet normal 1 0 0
    outer loop
      vertex 17 53.5786 22.0367
      vertex 17 52.2262 24.9369
      vertex 17 52.5147 21.5961
    endloop
  endfacet
  facet normal 1 -0 0
    outer loop
      vertex 17 51.4202 24.6031
      vertex 17 52.5147 21.5961
      vertex 17 52.2262 24.9369
    endloop
  endfacet
  facet normal 1 0 0
    outer loop
      vertex 17 51.4202 24.6031
      vertex 17 51.4164 21.2498
      vertex 17 52.5147 21.5961
    endloop
  endfacet
  facet normal 1 -0 0
    outer loop
      vertex 17 50.5882 24.3407
      vertex 17 51.4164 21.2498
      vertex 17 51.4202 24.6031
    endloop
  endfacet
  facet normal 1 0 0
    outer loop
      vertex 17 50.5882 24.3407
      vertex 17 50.2922 21.0005
      vertex 17 51.4164 21.2498
    endloop
  endfacet
  facet normal 1 -0 0
    outer loop
      vertex 17 49.7365 24.1519
      vertex 17 50.2922 21.0005
      vertex 17 50.5882 24.3407
    endloop
  endfacet
  facet normal 1 0 0
    outer loop
      vertex 17 49.7365 24.1519
      vertex 17 49.1505 20.8502
      vertex 17 50.2922 21.0005
    endloop
  endfacet
  facet normal 1 -0 0
    outer loop
      vertex 17 48.8716 24.0381
      vertex 17 49.1505 20.8502
      vertex 17 49.7365 24.1519
    endloop
  endfacet
  facet normal 1 -0 0
    outer loop
      vertex 17 48 24
      vertex 17 49.1505 20.8502
      vertex 17 48.8716 24.0381
    endloop
  endfacet
  facet normal 1 0 0
    outer loop
      vertex 17 48 24
      vertex 17 48 20.8
      vertex 17 49.1505 20.8502
    endloop
  endfacet
  facet normal 1 0 0
    outer loop
      vertex 17 47.1284 24.0381
      vertex 17 48 20.8
      vertex 17 48 24
    endloop
  endfacet
  facet normal 1 0 0
    outer loop
      vertex 17 47.1284 24.0381
      vertex 17 46.8495 20.8502
      vertex 17 48 20.8
    endloop
  endfacet
  facet normal 1 0 0
    outer loop
      vertex 17 46.2635 24.1519
      vertex 17 46.8495 20.8502
      vertex 17 47.1284 24.0381
    endloop
  endfacet
  facet normal 1 0 0
    outer loop
      vertex 17 46.2635 24.1519
      vertex 17 45.7078 21.0005
      vertex 17 46.8495 20.8502
    endloop
  endfacet
  facet normal 1 0 0
    outer loop
      vertex 17 45.4118 24.3407
      vertex 17 45.7078 21.0005
      vertex 17 46.2635 24.1519
    endloop
  endfacet
  facet normal 1 0 0
    outer loop
      vertex 17 45.4118 24.3407
      vertex 17 44.5836 21.2498
      vertex 17 45.7078 21.0005
    endloop
  endfacet
  facet normal 1 0 0
    outer loop
      vertex 17 44.5798 24.6031
      vertex 17 44.5836 21.2498
      vertex 17 45.4118 24.3407
    endloop
  endfacet
  facet normal 1 0 0
    outer loop
      vertex 17 43.4853 21.5961
      vertex 17 44.5798 24.6031
      vertex 17 43.7738 24.9369
    endloop
  endfacet
  facet normal 1 0 0
    outer loop
      vertex 17 44.5798 24.6031
      vertex 17 43.4853 21.5961
      vertex 17 44.5836 21.2498
    endloop
  endfacet
  facet normal 1 0 0
    outer loop
      vertex 17 42.4214 22.0367
      vertex 17 43.7738 24.9369
      vertex 17 43 25.3397
    endloop
  endfacet
  facet normal 1 0 0
    outer loop
      vertex 17 43.7738 24.9369
      vertex 17 42.4214 22.0367
      vertex 17 43.4853 21.5961
    endloop
  endfacet
  facet normal 1 0 0
    outer loop
      vertex 17 41.4 22.5685
      vertex 17 43 25.3397
      vertex 17 42.2642 25.8085
    endloop
  endfacet
  facet normal 1 0 0
    outer loop
      vertex 17 40.4288 23.1872
      vertex 17 42.2642 25.8085
      vertex 17 41.5721 26.3396
    endloop
  endfacet
  facet normal 1 0 0
    outer loop
      vertex 17 43 25.3397
      vertex 17 41.4 22.5685
      vertex 17 42.4214 22.0367
    endloop
  endfacet
  facet normal 1 0 0
    outer loop
      vertex 17 39.5152 23.8882
      vertex 17 41.5721 26.3396
      vertex 17 40.9289 26.9289
    endloop
  endfacet
  facet normal 1 0 0
    outer loop
      vertex 17 42.2642 25.8085
      vertex 17 40.4288 23.1872
      vertex 17 41.4 22.5685
    endloop
  endfacet
  facet normal 1 0 0
    outer loop
      vertex 17 38.6662 24.6662
      vertex 17 40.9289 26.9289
      vertex 17 40.3396 27.5721
    endloop
  endfacet
  facet normal 1 0 0
    outer loop
      vertex 17 37.8882 25.5152
      vertex 17 40.3396 27.5721
      vertex 17 39.8085 28.2642
    endloop
  endfacet
  facet normal 1 0 0
    outer loop
      vertex 17 41.5721 26.3396
      vertex 17 39.5152 23.8882
      vertex 17 40.4288 23.1872
    endloop
  endfacet
  facet normal 1 0 0
    outer loop
      vertex 17 37.1872 26.4288
      vertex 17 39.8085 28.2642
      vertex 17 39.3397 29
    endloop
  endfacet
  facet normal 1 0 0
    outer loop
      vertex 17 36.5685 27.4
      vertex 17 39.3397 29
      vertex 17 38.9369 29.7738
    endloop
  endfacet
  facet normal 1 0 0
    outer loop
      vertex 17 40.9289 26.9289
      vertex 17 38.6662 24.6662
      vertex 17 39.5152 23.8882
    endloop
  endfacet
  facet normal 1 0 0
    outer loop
      vertex 17 36.0367 28.4214
      vertex 17 38.9369 29.7738
      vertex 17 38.6031 30.5798
    endloop
  endfacet
  facet normal 1 0 0
    outer loop
      vertex 17 35.5961 29.4853
      vertex 17 38.6031 30.5798
      vertex 17 38.3407 31.4118
    endloop
  endfacet
  facet normal 1 0 0
    outer loop
      vertex 17 35.2498 30.5836
      vertex 17 38.3407 31.4118
      vertex 17 38.1519 32.2635
    endloop
  endfacet
  facet normal 1 0 0
    outer loop
      vertex 17 35.0005 31.7078
      vertex 17 38.1519 32.2635
      vertex 17 38.0381 33.1284
    endloop
  endfacet
  facet normal 1 0 0
    outer loop
      vertex 17 40.3396 27.5721
      vertex 17 37.8882 25.5152
      vertex 17 38.6662 24.6662
    endloop
  endfacet
  facet normal 1 0 0
    outer loop
      vertex 17 34.8502 32.8495
      vertex 17 38.0381 33.1284
      vertex 17 38 34
    endloop
  endfacet
  facet normal 1 0 0
    outer loop
      vertex 17 38.6031 37.4202
      vertex 17 35.5961 38.5147
      vertex 17 38.3407 36.5882
    endloop
  endfacet
  facet normal 1 -0 0
    outer loop
      vertex 17 35.2498 37.4164
      vertex 17 38.3407 36.5882
      vertex 17 35.5961 38.5147
    endloop
  endfacet
  facet normal 1 0 0
    outer loop
      vertex 17 39.8085 28.2642
      vertex 17 37.1872 26.4288
      vertex 17 37.8882 25.5152
    endloop
  endfacet
  facet normal 1 0 0
    outer loop
      vertex 17 38.3407 36.5882
      vertex 17 35.2498 37.4164
      vertex 17 38.1519 35.7365
    endloop
  endfacet
  facet normal 1 0 0
    outer loop
      vertex 17 39.3397 29
      vertex 17 36.5685 27.4
      vertex 17 37.1872 26.4288
    endloop
  endfacet
  facet normal 1 -0 0
    outer loop
      vertex 17 35.0005 36.2922
      vertex 17 38.1519 35.7365
      vertex 17 35.2498 37.4164
    endloop
  endfacet
  facet normal 1 0 0
    outer loop
      vertex 17 38.9369 29.7738
      vertex 17 36.0367 28.4214
      vertex 17 36.5685 27.4
    endloop
  endfacet
  facet normal 1 0 0
    outer loop
      vertex 17 38.1519 35.7365
      vertex 17 35.0005 36.2922
      vertex 17 38.0381 34.8716
    endloop
  endfacet
  facet normal 1 0 0
    outer loop
      vertex 17 38.6031 30.5798
      vertex 17 35.5961 29.4853
      vertex 17 36.0367 28.4214
    endloop
  endfacet
  facet normal 1 -0 0
    outer loop
      vertex 17 34.8502 35.1505
      vertex 17 38.0381 34.8716
      vertex 17 35.0005 36.2922
    endloop
  endfacet
  facet normal 1 0 0
    outer loop
      vertex 17 38.3407 31.4118
      vertex 17 35.2498 30.5836
      vertex 17 35.5961 29.4853
    endloop
  endfacet
  facet normal 1 0 0
    outer loop
      vertex 17 38.0381 34.8716
      vertex 17 34.8502 35.1505
      vertex 17 38 34
    endloop
  endfacet
  facet normal 1 0 0
    outer loop
      vertex 17 38.1519 32.2635
      vertex 17 35.0005 31.7078
      vertex 17 35.2498 30.5836
    endloop
  endfacet
  facet normal 1 0 0
    outer loop
      vertex 17 34.8 34
      vertex 17 38 34
      vertex 17 34.8502 35.1505
    endloop
  endfacet
  facet normal 1 0 0
    outer loop
      vertex 17 38.0381 33.1284
      vertex 17 34.8502 32.8495
      vertex 17 35.0005 31.7078
    endloop
  endfacet
  facet normal 1 0 0
    outer loop
      vertex 17 38 34
      vertex 17 34.8 34
      vertex 17 34.8502 32.8495
    endloop
  endfacet
  facet normal -0 0.382623 0.923905
    outer loop
      vertex -17 53.5786 45.9633
      vertex 17 52.5147 46.4039
      vertex 17 53.5786 45.9633
    endloop
  endfacet
  facet normal 0 0.382623 0.923905
    outer loop
      vertex 17 52.5147 46.4039
      vertex -17 53.5786 45.9633
      vertex -17 52.5147 46.4039
    endloop
  endfacet
  facet normal 0 -0.999049 0.0435917
    outer loop
      vertex -7 34.8 34
      vertex -17 34.8502 35.1505
      vertex -17 34.8 34
    endloop
  endfacet
  facet normal 0 -0.999049 0.0435917
    outer loop
      vertex -17 34.8502 35.1505
      vertex -7 34.8 34
      vertex 17 34.8502 35.1505
    endloop
  endfacet
  facet normal 0 -0.999049 0.0435917
    outer loop
      vertex 7 34.8 34
      vertex 17 34.8502 35.1505
      vertex -7 34.8 34
    endloop
  endfacet
  facet normal 0 -0.999049 0.0435917
    outer loop
      vertex 17 34.8502 35.1505
      vertex 7 34.8 34
      vertex 17 34.8 34
    endloop
  endfacet
  facet normal -0 0.608745 0.793366
    outer loop
      vertex -17 56.4848 44.1118
      vertex 17 55.5712 44.8128
      vertex 17 56.4848 44.1118
    endloop
  endfacet
  facet normal 0 0.608745 0.793366
    outer loop
      vertex 17 55.5712 44.8128
      vertex -17 56.4848 44.1118
      vertex -17 55.5712 44.8128
    endloop
  endfacet
  facet normal 0 -0.675607 -0.737262
    outer loop
      vertex 7 38.6662 24.6662
      vertex 17 39.5152 23.8882
      vertex 17 38.6662 24.6662
    endloop
  endfacet
  facet normal -0 -0.675607 -0.737262
    outer loop
      vertex 17 39.5152 23.8882
      vertex 7 38.6662 24.6662
      vertex 7 39.5152 23.8882
    endloop
  endfacet
  facet normal 0 -0.675607 -0.737262
    outer loop
      vertex -17 38.6662 24.6662
      vertex -7 39.5152 23.8882
      vertex -7 38.6662 24.6662
    endloop
  endfacet
  facet normal -0 -0.675607 -0.737262
    outer loop
      vertex -7 39.5152 23.8882
      vertex -17 38.6662 24.6662
      vertex -17 39.5152 23.8882
    endloop
  endfacet
  facet normal 0 0.991446 -0.13052
    outer loop
      vertex 17 60.9995 31.7078
      vertex 7 61.1498 32.8495
      vertex 17 61.1498 32.8495
    endloop
  endfacet
  facet normal 0 0.991446 -0.13052
    outer loop
      vertex 7 61.1498 32.8495
      vertex 17 60.9995 31.7078
      vertex 7 60.9995 31.7078
    endloop
  endfacet
  facet normal 0 0.991446 -0.13052
    outer loop
      vertex -7 60.9995 31.7078
      vertex -17 61.1498 32.8495
      vertex -7 61.1498 32.8495
    endloop
  endfacet
  facet normal 0 0.991446 -0.13052
    outer loop
      vertex -17 61.1498 32.8495
      vertex -7 60.9995 31.7078
      vertex -17 60.9995 31.7078
    endloop
  endfacet
  facet normal 0 -0.991446 0.13052
    outer loop
      vertex -17 34.8502 35.1505
      vertex 17 35.0005 36.2922
      vertex -17 35.0005 36.2922
    endloop
  endfacet
  facet normal 0 -0.991446 0.13052
    outer loop
      vertex 17 35.0005 36.2922
      vertex -17 34.8502 35.1505
      vertex 17 34.8502 35.1505
    endloop
  endfacet
  facet normal 0 -0.675607 0.737262
    outer loop
      vertex -17 39.5152 44.1118
      vertex 17 38.6662 43.3338
      vertex 17 39.5152 44.1118
    endloop
  endfacet
  facet normal 0 -0.675607 0.737262
    outer loop
      vertex 17 38.6662 43.3338
      vertex -17 39.5152 44.1118
      vertex -17 38.6662 43.3338
    endloop
  endfacet
  facet normal -0 0.461812 0.886978
    outer loop
      vertex -17 54.6 45.4315
      vertex 17 53.5786 45.9633
      vertex 17 54.6 45.4315
    endloop
  endfacet
  facet normal 0 0.461812 0.886978
    outer loop
      vertex 17 53.5786 45.9633
      vertex -17 54.6 45.4315
      vertex -17 53.5786 45.9633
    endloop
  endfacet
  facet normal 0 -0.675538 -0.737325
    outer loop
      vertex -17 54.4279 41.6604
      vertex 17 55.0711 41.0711
      vertex 17 54.4279 41.6604
    endloop
  endfacet
  facet normal -0 -0.675538 -0.737325
    outer loop
      vertex 17 55.0711 41.0711
      vertex -17 54.4279 41.6604
      vertex -17 55.0711 41.0711
    endloop
  endfacet
  facet normal 0 -0.216421 0.9763
    outer loop
      vertex -17 50.5882 24.3407
      vertex 17 49.7365 24.1519
      vertex 17 50.5882 24.3407
    endloop
  endfacet
  facet normal 0 -0.216421 0.9763
    outer loop
      vertex 17 49.7365 24.1519
      vertex -17 50.5882 24.3407
      vertex -17 49.7365 24.1519
    endloop
  endfacet
  facet normal 0 -0.923902 -0.382629
    outer loop
      vertex -17 57.3969 37.4202
      vertex 17 57.0631 38.2262
      vertex -17 57.0631 38.2262
    endloop
  endfacet
  facet normal 0 -0.923902 -0.382629
    outer loop
      vertex 17 57.0631 38.2262
      vertex -17 57.3969 37.4202
      vertex 17 57.3969 37.4202
    endloop
  endfacet
  facet normal 0 -0.30078 0.953693
    outer loop
      vertex -17 51.4202 24.6031
      vertex 17 50.5882 24.3407
      vertex 17 51.4202 24.6031
    endloop
  endfacet
  facet normal 0 -0.30078 0.953693
    outer loop
      vertex 17 50.5882 24.3407
      vertex -17 51.4202 24.6031
      vertex -17 50.5882 24.3407
    endloop
  endfacet
  facet normal 0 -0.843369 0.537335
    outer loop
      vertex -17 56.1915 28.2642
      vertex 17 56.6603 29
      vertex -17 56.6603 29
    endloop
  endfacet
  facet normal 0 -0.843369 0.537335
    outer loop
      vertex 17 56.6603 29
      vertex -17 56.1915 28.2642
      vertex 17 56.1915 28.2642
    endloop
  endfacet
  facet normal 0 0.537335 -0.843369
    outer loop
      vertex -17 42.2642 42.1915
      vertex 17 43 42.6603
      vertex 17 42.2642 42.1915
    endloop
  endfacet
  facet normal 0 0.537335 -0.843369
    outer loop
      vertex 17 43 42.6603
      vertex -17 42.2642 42.1915
      vertex -17 43 42.6603
    endloop
  endfacet
  facet normal -0 0.216421 0.9763
    outer loop
      vertex -17 46.2635 24.1519
      vertex 17 45.4118 24.3407
      vertex 17 46.2635 24.1519
    endloop
  endfacet
  facet normal 0 0.216421 0.9763
    outer loop
      vertex 17 45.4118 24.3407
      vertex -17 46.2635 24.1519
      vertex -17 45.4118 24.3407
    endloop
  endfacet
  facet normal 0 -0.608785 -0.793335
    outer loop
      vertex -17 53.7358 42.1915
      vertex 17 54.4279 41.6604
      vertex 17 53.7358 42.1915
    endloop
  endfacet
  facet normal -0 -0.608785 -0.793335
    outer loop
      vertex 17 54.4279 41.6604
      vertex -17 53.7358 42.1915
      vertex -17 54.4279 41.6604
    endloop
  endfacet
  facet normal 0 -0.043671 0.999046
    outer loop
      vertex -17 48.8716 24.0381
      vertex 17 48 24
      vertex 17 48.8716 24.0381
    endloop
  endfacet
  facet normal 0 -0.043671 0.999046
    outer loop
      vertex 17 48 24
      vertex -17 48.8716 24.0381
      vertex -17 48 24
    endloop
  endfacet
  facet normal -0 0.130452 0.991455
    outer loop
      vertex -17 47.1284 24.0381
      vertex 17 46.2635 24.1519
      vertex 17 47.1284 24.0381
    endloop
  endfacet
  facet normal 0 0.130452 0.991455
    outer loop
      vertex 17 46.2635 24.1519
      vertex -17 47.1284 24.0381
      vertex -17 46.2635 24.1519
    endloop
  endfacet
  facet normal -0 0.30078 0.953693
    outer loop
      vertex -17 45.4118 24.3407
      vertex 17 44.5798 24.6031
      vertex 17 45.4118 24.3407
    endloop
  endfacet
  facet normal 0 0.30078 0.953693
    outer loop
      vertex 17 44.5798 24.6031
      vertex -17 45.4118 24.3407
      vertex -17 44.5798 24.6031
    endloop
  endfacet
  facet normal 0 0.216421 -0.9763
    outer loop
      vertex -17 45.4118 43.6593
      vertex 17 46.2635 43.8481
      vertex 17 45.4118 43.6593
    endloop
  endfacet
  facet normal 0 0.216421 -0.9763
    outer loop
      vertex 17 46.2635 43.8481
      vertex -17 45.4118 43.6593
      vertex -17 46.2635 43.8481
    endloop
  endfacet
  facet normal 0 -0.737325 0.675538
    outer loop
      vertex -17 55.0711 26.9289
      vertex 17 55.6604 27.5721
      vertex -17 55.6604 27.5721
    endloop
  endfacet
  facet normal 0 -0.737325 0.675538
    outer loop
      vertex 17 55.6604 27.5721
      vertex -17 55.0711 26.9289
      vertex 17 55.0711 26.9289
    endloop
  endfacet
  facet normal 0 -0.737325 -0.675538
    outer loop
      vertex -17 55.6604 40.4279
      vertex 17 55.0711 41.0711
      vertex -17 55.0711 41.0711
    endloop
  endfacet
  facet normal 0 -0.737325 -0.675538
    outer loop
      vertex 17 55.0711 41.0711
      vertex -17 55.6604 40.4279
      vertex 17 55.6604 40.4279
    endloop
  endfacet
  facet normal 0 0.843369 0.537335
    outer loop
      vertex 17 39.8085 28.2642
      vertex -17 39.3397 29
      vertex 17 39.3397 29
    endloop
  endfacet
  facet normal 0 0.843369 0.537335
    outer loop
      vertex -17 39.3397 29
      vertex 17 39.8085 28.2642
      vertex -17 39.8085 28.2642
    endloop
  endfacet
  facet normal 0 -0.30078 -0.953693
    outer loop
      vertex -17 50.5882 43.6593
      vertex 17 51.4202 43.3969
      vertex 17 50.5882 43.6593
    endloop
  endfacet
  facet normal -0 -0.30078 -0.953693
    outer loop
      vertex 17 51.4202 43.3969
      vertex -17 50.5882 43.6593
      vertex -17 51.4202 43.3969
    endloop
  endfacet
  facet normal 0 0.461735 -0.887018
    outer loop
      vertex -17 43 42.6603
      vertex 17 43.7738 43.0631
      vertex 17 43 42.6603
    endloop
  endfacet
  facet normal 0 0.461735 -0.887018
    outer loop
      vertex 17 43.7738 43.0631
      vertex -17 43 42.6603
      vertex -17 43.7738 43.0631
    endloop
  endfacet
  facet normal 0 0.30078 -0.953693
    outer loop
      vertex -17 44.5798 43.3969
      vertex 17 45.4118 43.6593
      vertex 17 44.5798 43.3969
    endloop
  endfacet
  facet normal 0 0.30078 -0.953693
    outer loop
      vertex 17 45.4118 43.6593
      vertex -17 44.5798 43.3969
      vertex -17 45.4118 43.6593
    endloop
  endfacet
  facet normal 0 -0.382629 -0.923902
    outer loop
      vertex -17 51.4202 43.3969
      vertex 17 52.2262 43.0631
      vertex 17 51.4202 43.3969
    endloop
  endfacet
  facet normal -0 -0.382629 -0.923902
    outer loop
      vertex 17 52.2262 43.0631
      vertex -17 51.4202 43.3969
      vertex -17 52.2262 43.0631
    endloop
  endfacet
  facet normal 0 -0.887018 0.461735
    outer loop
      vertex -17 56.6603 29
      vertex 17 57.0631 29.7738
      vertex -17 57.0631 29.7738
    endloop
  endfacet
  facet normal 0 -0.887018 0.461735
    outer loop
      vertex 17 57.0631 29.7738
      vertex -17 56.6603 29
      vertex 17 56.6603 29
    endloop
  endfacet
  facet normal -0 0.043671 0.999046
    outer loop
      vertex -17 48 24
      vertex 17 47.1284 24.0381
      vertex 17 48 24
    endloop
  endfacet
  facet normal 0 0.043671 0.999046
    outer loop
      vertex 17 47.1284 24.0381
      vertex -17 48 24
      vertex -17 47.1284 24.0381
    endloop
  endfacet
  facet normal 0 -0.793335 -0.608785
    outer loop
      vertex -17 56.1915 39.7358
      vertex 17 55.6604 40.4279
      vertex -17 55.6604 40.4279
    endloop
  endfacet
  facet normal 0 -0.793335 -0.608785
    outer loop
      vertex 17 55.6604 40.4279
      vertex -17 56.1915 39.7358
      vertex 17 56.1915 39.7358
    endloop
  endfacet
  facet normal 0 -0.953693 -0.30078
    outer loop
      vertex -17 57.6593 36.5882
      vertex 17 57.3969 37.4202
      vertex -17 57.3969 37.4202
    endloop
  endfacet
  facet normal 0 -0.953693 -0.30078
    outer loop
      vertex 17 57.3969 37.4202
      vertex -17 57.6593 36.5882
      vertex 17 57.6593 36.5882
    endloop
  endfacet
  facet normal 0 -0.537335 0.843369
    outer loop
      vertex -17 53.7358 25.8085
      vertex 17 53 25.3397
      vertex 17 53.7358 25.8085
    endloop
  endfacet
  facet normal 0 -0.537335 0.843369
    outer loop
      vertex 17 53 25.3397
      vertex -17 53.7358 25.8085
      vertex -17 53 25.3397
    endloop
  endfacet
  facet normal 0 0.793335 -0.608785
    outer loop
      vertex 17 39.8085 39.7358
      vertex -17 40.3396 40.4279
      vertex 17 40.3396 40.4279
    endloop
  endfacet
  facet normal 0 0.793335 -0.608785
    outer loop
      vertex -17 40.3396 40.4279
      vertex 17 39.8085 39.7358
      vertex -17 39.8085 39.7358
    endloop
  endfacet
  facet normal 0 0.953693 0.30078
    outer loop
      vertex 17 38.6031 30.5798
      vertex -17 38.3407 31.4118
      vertex 17 38.3407 31.4118
    endloop
  endfacet
  facet normal 0 0.953693 0.30078
    outer loop
      vertex -17 38.3407 31.4118
      vertex 17 38.6031 30.5798
      vertex -17 38.6031 30.5798
    endloop
  endfacet
  facet normal 0 0.999046 0.043671
    outer loop
      vertex 17 38.0381 33.1284
      vertex -17 38 34
      vertex 17 38 34
    endloop
  endfacet
  facet normal 0 0.999046 0.043671
    outer loop
      vertex -17 38 34
      vertex 17 38.0381 33.1284
      vertex -17 38.0381 33.1284
    endloop
  endfacet
  facet normal 0 -0.130452 0.991455
    outer loop
      vertex -17 49.7365 24.1519
      vertex 17 48.8716 24.0381
      vertex 17 49.7365 24.1519
    endloop
  endfacet
  facet normal 0 -0.130452 0.991455
    outer loop
      vertex 17 48.8716 24.0381
      vertex -17 49.7365 24.1519
      vertex -17 48.8716 24.0381
    endloop
  endfacet
  facet normal 0 0.130452 -0.991455
    outer loop
      vertex -17 46.2635 43.8481
      vertex 17 47.1284 43.9619
      vertex 17 46.2635 43.8481
    endloop
  endfacet
  facet normal 0 0.130452 -0.991455
    outer loop
      vertex 17 47.1284 43.9619
      vertex -17 46.2635 43.8481
      vertex -17 47.1284 43.9619
    endloop
  endfacet
  facet normal 0 0.382629 -0.923902
    outer loop
      vertex -17 43.7738 43.0631
      vertex 17 44.5798 43.3969
      vertex 17 43.7738 43.0631
    endloop
  endfacet
  facet normal 0 0.382629 -0.923902
    outer loop
      vertex 17 44.5798 43.3969
      vertex -17 43.7738 43.0631
      vertex -17 44.5798 43.3969
    endloop
  endfacet
  facet normal 0 0.953693 -0.30078
    outer loop
      vertex 17 38.3407 36.5882
      vertex -17 38.6031 37.4202
      vertex 17 38.6031 37.4202
    endloop
  endfacet
  facet normal 0 0.953693 -0.30078
    outer loop
      vertex -17 38.6031 37.4202
      vertex 17 38.3407 36.5882
      vertex -17 38.3407 36.5882
    endloop
  endfacet
  facet normal 0 -0.537335 -0.843369
    outer loop
      vertex -17 53 42.6603
      vertex 17 53.7358 42.1915
      vertex 17 53 42.6603
    endloop
  endfacet
  facet normal -0 -0.537335 -0.843369
    outer loop
      vertex 17 53.7358 42.1915
      vertex -17 53 42.6603
      vertex -17 53.7358 42.1915
    endloop
  endfacet
  facet normal 0 0.923902 0.382629
    outer loop
      vertex 17 38.9369 29.7738
      vertex -17 38.6031 30.5798
      vertex 17 38.6031 30.5798
    endloop
  endfacet
  facet normal 0 0.923902 0.382629
    outer loop
      vertex -17 38.6031 30.5798
      vertex 17 38.9369 29.7738
      vertex -17 38.9369 29.7738
    endloop
  endfacet
  facet normal 0 -0.382629 0.923902
    outer loop
      vertex -17 52.2262 24.9369
      vertex 17 51.4202 24.6031
      vertex 17 52.2262 24.9369
    endloop
  endfacet
  facet normal 0 -0.382629 0.923902
    outer loop
      vertex 17 51.4202 24.6031
      vertex -17 52.2262 24.9369
      vertex -17 51.4202 24.6031
    endloop
  endfacet
  facet normal 0 -0.675538 0.737325
    outer loop
      vertex -17 55.0711 26.9289
      vertex 17 54.4279 26.3396
      vertex 17 55.0711 26.9289
    endloop
  endfacet
  facet normal 0 -0.675538 0.737325
    outer loop
      vertex 17 54.4279 26.3396
      vertex -17 55.0711 26.9289
      vertex -17 54.4279 26.3396
    endloop
  endfacet
  facet normal 0 -0.461735 -0.887018
    outer loop
      vertex -17 52.2262 43.0631
      vertex 17 53 42.6603
      vertex 17 52.2262 43.0631
    endloop
  endfacet
  facet normal -0 -0.461735 -0.887018
    outer loop
      vertex 17 53 42.6603
      vertex -17 52.2262 43.0631
      vertex -17 53 42.6603
    endloop
  endfacet
  facet normal 0 0.887018 0.461735
    outer loop
      vertex 17 39.3397 29
      vertex -17 38.9369 29.7738
      vertex 17 38.9369 29.7738
    endloop
  endfacet
  facet normal 0 0.887018 0.461735
    outer loop
      vertex -17 38.9369 29.7738
      vertex 17 39.3397 29
      vertex -17 39.3397 29
    endloop
  endfacet
  facet normal 0 0.608785 -0.793335
    outer loop
      vertex -17 41.5721 41.6604
      vertex 17 42.2642 42.1915
      vertex 17 41.5721 41.6604
    endloop
  endfacet
  facet normal 0 0.608785 -0.793335
    outer loop
      vertex 17 42.2642 42.1915
      vertex -17 41.5721 41.6604
      vertex -17 42.2642 42.1915
    endloop
  endfacet
  facet normal 0 -0.887018 -0.461735
    outer loop
      vertex -17 57.0631 38.2262
      vertex 17 56.6603 39
      vertex -17 56.6603 39
    endloop
  endfacet
  facet normal 0 -0.887018 -0.461735
    outer loop
      vertex 17 56.6603 39
      vertex -17 57.0631 38.2262
      vertex 17 57.0631 38.2262
    endloop
  endfacet
  facet normal 0 -0.923902 0.382629
    outer loop
      vertex -17 57.0631 29.7738
      vertex 17 57.3969 30.5798
      vertex -17 57.3969 30.5798
    endloop
  endfacet
  facet normal 0 -0.923902 0.382629
    outer loop
      vertex 17 57.3969 30.5798
      vertex -17 57.0631 29.7738
      vertex 17 57.0631 29.7738
    endloop
  endfacet
  facet normal 0 0.923902 -0.382629
    outer loop
      vertex 17 38.6031 37.4202
      vertex -17 38.9369 38.2262
      vertex 17 38.9369 38.2262
    endloop
  endfacet
  facet normal 0 0.923902 -0.382629
    outer loop
      vertex -17 38.9369 38.2262
      vertex 17 38.6031 37.4202
      vertex -17 38.6031 37.4202
    endloop
  endfacet
  facet normal 0 0.991455 -0.130452
    outer loop
      vertex 17 38.0381 34.8716
      vertex -17 38.1519 35.7365
      vertex 17 38.1519 35.7365
    endloop
  endfacet
  facet normal 0 0.991455 -0.130452
    outer loop
      vertex -17 38.1519 35.7365
      vertex 17 38.0381 34.8716
      vertex -17 38.0381 34.8716
    endloop
  endfacet
  facet normal -0 0.537335 0.843369
    outer loop
      vertex -17 43 25.3397
      vertex 17 42.2642 25.8085
      vertex 17 43 25.3397
    endloop
  endfacet
  facet normal 0 0.537335 0.843369
    outer loop
      vertex 17 42.2642 25.8085
      vertex -17 43 25.3397
      vertex -17 42.2642 25.8085
    endloop
  endfacet
  facet normal 0 0.991455 0.130452
    outer loop
      vertex 17 38.1519 32.2635
      vertex -17 38.0381 33.1284
      vertex 17 38.0381 33.1284
    endloop
  endfacet
  facet normal 0 0.991455 0.130452
    outer loop
      vertex -17 38.0381 33.1284
      vertex 17 38.1519 32.2635
      vertex -17 38.1519 32.2635
    endloop
  endfacet
  facet normal 0 0.999046 -0.043671
    outer loop
      vertex 17 38 34
      vertex -17 38.0381 34.8716
      vertex 17 38.0381 34.8716
    endloop
  endfacet
  facet normal 0 0.999046 -0.043671
    outer loop
      vertex -17 38.0381 34.8716
      vertex 17 38 34
      vertex -17 38 34
    endloop
  endfacet
  facet normal 0 -0.9763 -0.216421
    outer loop
      vertex -17 57.8481 35.7365
      vertex 17 57.6593 36.5882
      vertex -17 57.6593 36.5882
    endloop
  endfacet
  facet normal 0 -0.9763 -0.216421
    outer loop
      vertex 17 57.6593 36.5882
      vertex -17 57.8481 35.7365
      vertex 17 57.8481 35.7365
    endloop
  endfacet
  facet normal 0 -0.461735 0.887018
    outer loop
      vertex -17 53 25.3397
      vertex 17 52.2262 24.9369
      vertex 17 53 25.3397
    endloop
  endfacet
  facet normal 0 -0.461735 0.887018
    outer loop
      vertex 17 52.2262 24.9369
      vertex -17 53 25.3397
      vertex -17 52.2262 24.9369
    endloop
  endfacet
  facet normal 0 0.793335 0.608785
    outer loop
      vertex 17 40.3396 27.5721
      vertex -17 39.8085 28.2642
      vertex 17 39.8085 28.2642
    endloop
  endfacet
  facet normal 0 0.793335 0.608785
    outer loop
      vertex -17 39.8085 28.2642
      vertex 17 40.3396 27.5721
      vertex -17 40.3396 27.5721
    endloop
  endfacet
  facet normal 0 0.737325 0.675538
    outer loop
      vertex 17 40.9289 26.9289
      vertex -17 40.3396 27.5721
      vertex 17 40.3396 27.5721
    endloop
  endfacet
  facet normal 0 0.737325 0.675538
    outer loop
      vertex -17 40.3396 27.5721
      vertex 17 40.9289 26.9289
      vertex -17 40.9289 26.9289
    endloop
  endfacet
  facet normal 0 0.737325 -0.675538
    outer loop
      vertex 17 40.3396 40.4279
      vertex -17 40.9289 41.0711
      vertex 17 40.9289 41.0711
    endloop
  endfacet
  facet normal 0 0.737325 -0.675538
    outer loop
      vertex -17 40.9289 41.0711
      vertex 17 40.3396 40.4279
      vertex -17 40.3396 40.4279
    endloop
  endfacet
  facet normal 0 -0.999046 -0.043671
    outer loop
      vertex -17 58 34
      vertex 17 57.9619 34.8716
      vertex -17 57.9619 34.8716
    endloop
  endfacet
  facet normal 0 -0.999046 -0.043671
    outer loop
      vertex 17 57.9619 34.8716
      vertex -17 58 34
      vertex 17 58 34
    endloop
  endfacet
  facet normal 0 0.887018 -0.461735
    outer loop
      vertex 17 38.9369 38.2262
      vertex -17 39.3397 39
      vertex 17 39.3397 39
    endloop
  endfacet
  facet normal 0 0.887018 -0.461735
    outer loop
      vertex -17 39.3397 39
      vertex 17 38.9369 38.2262
      vertex -17 38.9369 38.2262
    endloop
  endfacet
  facet normal 0 -0.999046 0.043671
    outer loop
      vertex -17 57.9619 33.1284
      vertex 17 58 34
      vertex -17 58 34
    endloop
  endfacet
  facet normal 0 -0.999046 0.043671
    outer loop
      vertex 17 58 34
      vertex -17 57.9619 33.1284
      vertex 17 57.9619 33.1284
    endloop
  endfacet
  facet normal 0 0.043671 -0.999046
    outer loop
      vertex -17 47.1284 43.9619
      vertex 17 48 44
      vertex 17 47.1284 43.9619
    endloop
  endfacet
  facet normal 0 0.043671 -0.999046
    outer loop
      vertex 17 48 44
      vertex -17 47.1284 43.9619
      vertex -17 48 44
    endloop
  endfacet
  facet normal 0 -0.991455 -0.130452
    outer loop
      vertex -17 57.9619 34.8716
      vertex 17 57.8481 35.7365
      vertex -17 57.8481 35.7365
    endloop
  endfacet
  facet normal 0 -0.991455 -0.130452
    outer loop
      vertex 17 57.8481 35.7365
      vertex -17 57.9619 34.8716
      vertex 17 57.9619 34.8716
    endloop
  endfacet
  facet normal 0 -0.991455 0.130452
    outer loop
      vertex -17 57.8481 32.2635
      vertex 17 57.9619 33.1284
      vertex -17 57.9619 33.1284
    endloop
  endfacet
  facet normal 0 -0.991455 0.130452
    outer loop
      vertex 17 57.9619 33.1284
      vertex -17 57.8481 32.2635
      vertex 17 57.8481 32.2635
    endloop
  endfacet
  facet normal 0 0.9763 0.216421
    outer loop
      vertex 17 38.3407 31.4118
      vertex -17 38.1519 32.2635
      vertex 17 38.1519 32.2635
    endloop
  endfacet
  facet normal 0 0.9763 0.216421
    outer loop
      vertex -17 38.1519 32.2635
      vertex 17 38.3407 31.4118
      vertex -17 38.3407 31.4118
    endloop
  endfacet
  facet normal 0 -0.793335 0.608785
    outer loop
      vertex -17 55.6604 27.5721
      vertex 17 56.1915 28.2642
      vertex -17 56.1915 28.2642
    endloop
  endfacet
  facet normal 0 -0.793335 0.608785
    outer loop
      vertex 17 56.1915 28.2642
      vertex -17 55.6604 27.5721
      vertex 17 55.6604 27.5721
    endloop
  endfacet
  facet normal 0 -0.608785 0.793335
    outer loop
      vertex -17 54.4279 26.3396
      vertex 17 53.7358 25.8085
      vertex 17 54.4279 26.3396
    endloop
  endfacet
  facet normal 0 -0.608785 0.793335
    outer loop
      vertex 17 53.7358 25.8085
      vertex -17 54.4279 26.3396
      vertex -17 53.7358 25.8085
    endloop
  endfacet
  facet normal 0 0.675538 -0.737325
    outer loop
      vertex -17 40.9289 41.0711
      vertex 17 41.5721 41.6604
      vertex 17 40.9289 41.0711
    endloop
  endfacet
  facet normal 0 0.675538 -0.737325
    outer loop
      vertex 17 41.5721 41.6604
      vertex -17 40.9289 41.0711
      vertex -17 41.5721 41.6604
    endloop
  endfacet
  facet normal -0 0.675538 0.737325
    outer loop
      vertex -17 41.5721 26.3396
      vertex 17 40.9289 26.9289
      vertex 17 41.5721 26.3396
    endloop
  endfacet
  facet normal 0 0.675538 0.737325
    outer loop
      vertex 17 40.9289 26.9289
      vertex -17 41.5721 26.3396
      vertex -17 40.9289 26.9289
    endloop
  endfacet
  facet normal -0 0.382629 0.923902
    outer loop
      vertex -17 44.5798 24.6031
      vertex 17 43.7738 24.9369
      vertex 17 44.5798 24.6031
    endloop
  endfacet
  facet normal 0 0.382629 0.923902
    outer loop
      vertex 17 43.7738 24.9369
      vertex -17 44.5798 24.6031
      vertex -17 43.7738 24.9369
    endloop
  endfacet
  facet normal -0 0.461735 0.887018
    outer loop
      vertex -17 43.7738 24.9369
      vertex 17 43 25.3397
      vertex 17 43.7738 24.9369
    endloop
  endfacet
  facet normal 0 0.461735 0.887018
    outer loop
      vertex 17 43 25.3397
      vertex -17 43.7738 24.9369
      vertex -17 43 25.3397
    endloop
  endfacet
  facet normal 0 0.9763 -0.216421
    outer loop
      vertex 17 38.1519 35.7365
      vertex -17 38.3407 36.5882
      vertex 17 38.3407 36.5882
    endloop
  endfacet
  facet normal 0 0.9763 -0.216421
    outer loop
      vertex -17 38.3407 36.5882
      vertex 17 38.1519 35.7365
      vertex -17 38.1519 35.7365
    endloop
  endfacet
  facet normal 0 -0.216421 -0.9763
    outer loop
      vertex -17 49.7365 43.8481
      vertex 17 50.5882 43.6593
      vertex 17 49.7365 43.8481
    endloop
  endfacet
  facet normal -0 -0.216421 -0.9763
    outer loop
      vertex 17 50.5882 43.6593
      vertex -17 49.7365 43.8481
      vertex -17 50.5882 43.6593
    endloop
  endfacet
  facet normal -0 0.608785 0.793335
    outer loop
      vertex -17 42.2642 25.8085
      vertex 17 41.5721 26.3396
      vertex 17 42.2642 25.8085
    endloop
  endfacet
  facet normal 0 0.608785 0.793335
    outer loop
      vertex 17 41.5721 26.3396
      vertex -17 42.2642 25.8085
      vertex -17 41.5721 26.3396
    endloop
  endfacet
  facet normal 0 -0.130452 -0.991455
    outer loop
      vertex -17 48.8716 43.9619
      vertex 17 49.7365 43.8481
      vertex 17 48.8716 43.9619
    endloop
  endfacet
  facet normal -0 -0.130452 -0.991455
    outer loop
      vertex 17 49.7365 43.8481
      vertex -17 48.8716 43.9619
      vertex -17 49.7365 43.8481
    endloop
  endfacet
  facet normal 0 -0.043671 -0.999046
    outer loop
      vertex -17 48 44
      vertex 17 48.8716 43.9619
      vertex 17 48 44
    endloop
  endfacet
  facet normal -0 -0.043671 -0.999046
    outer loop
      vertex 17 48.8716 43.9619
      vertex -17 48 44
      vertex -17 48.8716 43.9619
    endloop
  endfacet
  facet normal 0 -0.843369 -0.537335
    outer loop
      vertex -17 56.6603 39
      vertex 17 56.1915 39.7358
      vertex -17 56.1915 39.7358
    endloop
  endfacet
  facet normal 0 -0.843369 -0.537335
    outer loop
      vertex 17 56.1915 39.7358
      vertex -17 56.6603 39
      vertex 17 56.6603 39
    endloop
  endfacet
  facet normal 0 -0.9763 0.216421
    outer loop
      vertex -17 57.6593 31.4118
      vertex 17 57.8481 32.2635
      vertex -17 57.8481 32.2635
    endloop
  endfacet
  facet normal 0 -0.9763 0.216421
    outer loop
      vertex 17 57.8481 32.2635
      vertex -17 57.6593 31.4118
      vertex 17 57.6593 31.4118
    endloop
  endfacet
  facet normal 0 -0.953693 0.30078
    outer loop
      vertex -17 57.3969 30.5798
      vertex 17 57.6593 31.4118
      vertex -17 57.6593 31.4118
    endloop
  endfacet
  facet normal 0 -0.953693 0.30078
    outer loop
      vertex 17 57.6593 31.4118
      vertex -17 57.3969 30.5798
      vertex 17 57.3969 30.5798
    endloop
  endfacet
  facet normal 0 0.843369 -0.537335
    outer loop
      vertex 17 39.3397 39
      vertex -17 39.8085 39.7358
      vertex 17 39.8085 39.7358
    endloop
  endfacet
  facet normal 0 0.843369 -0.537335
    outer loop
      vertex -17 39.8085 39.7358
      vertex 17 39.3397 39
      vertex -17 39.3397 39
    endloop
  endfacet
endsolid OpenSCAD_Model
