solid OpenSCAD_Model
  facet normal -0.991443 -0.130538 0
    outer loop
      vertex 4.13421 0.361696 0
      vertex 4.08695 0.720639 12
      vertex 4.08695 0.720639 0
    endloop
  endfacet
  facet normal -0.991443 -0.130538 0
    outer loop
      vertex 4.08695 0.720639 12
      vertex 4.13421 0.361696 0
      vertex 4.13421 0.361696 12
    endloop
  endfacet
  facet normal -0.999048 -0.0436139 0
    outer loop
      vertex 4.15 0 0
      vertex 4.13421 0.361696 12
      vertex 4.13421 0.361696 0
    endloop
  endfacet
  facet normal -0.999048 -0.0436139 0
    outer loop
      vertex 4.13421 0.361696 12
      vertex 4.15 0 0
      vertex 4.15 0 12
    endloop
  endfacet
  facet normal -0.976296 -0.216439 0
    outer loop
      vertex 4.08695 0.720639 0
      vertex 4.00859 1.0741 12
      vertex 4.00859 1.0741 0
    endloop
  endfacet
  facet normal -0.976296 -0.216439 0
    outer loop
      vertex 4.00859 1.0741 12
      vertex 4.08695 0.720639 0
      vertex 4.08695 0.720639 12
    endloop
  endfacet
  facet normal 0.0436139 -0.999048 0
    outer loop
      vertex -0.361696 4.13421 12
      vertex 0 4.15 7.65
      vertex 0 4.15 12
    endloop
  endfacet
  facet normal 0.0436283 -0.999048 1.20005e-06
    outer loop
      vertex -0.361696 4.13421 12
      vertex -0.143806 4.14372 7.64372
      vertex 0 4.15 7.65
    endloop
  endfacet
  facet normal 0.0436125 -0.999049 4.05611e-07
    outer loop
      vertex -0.361696 4.13421 12
      vertex -0.286519 4.13749 7.62493
      vertex -0.143806 4.14372 7.64372
    endloop
  endfacet
  facet normal 0.0435889 -0.99905 0
    outer loop
      vertex -0.286519 4.13749 7.62493
      vertex -0.361696 4.13421 12
      vertex -0.361696 4.13421 7.60827
    endloop
  endfacet
  facet normal 0.0435889 -0.99905 0
    outer loop
      vertex -0.361696 4.13421 0
      vertex -0.286519 4.13749 4.37507
      vertex -0.361696 4.13421 4.39173
    endloop
  endfacet
  facet normal 0.0436125 -0.999049 -4.05611e-07
    outer loop
      vertex -0.361696 4.13421 0
      vertex -0.143806 4.14372 4.35628
      vertex -0.286519 4.13749 4.37507
    endloop
  endfacet
  facet normal 0.0436283 -0.999048 -1.20005e-06
    outer loop
      vertex -0.361696 4.13421 0
      vertex 0 4.15 4.35
      vertex -0.143806 4.14372 4.35628
    endloop
  endfacet
  facet normal 0.0436139 -0.999048 0
    outer loop
      vertex 0 4.15 4.35
      vertex -0.361696 4.13421 0
      vertex 0 4.15 0
    endloop
  endfacet
  facet normal -0.793352 0.608763 0
    outer loop
      vertex 3.17908 -2.66757 0
      vertex 3.39948 -2.38034 12
      vertex 3.39948 -2.38034 0
    endloop
  endfacet
  facet normal -0.793352 0.608763 0
    outer loop
      vertex 3.39948 -2.38034 12
      vertex 3.17908 -2.66757 0
      vertex 3.17908 -2.66757 12
    endloop
  endfacet
  facet normal 0.976296 0.216439 0
    outer loop
      vertex -4.00859 -1.0741 12
      vertex -4.08695 -0.720639 0
      vertex -4.08695 -0.720639 12
    endloop
  endfacet
  facet normal 0.976296 0.216439 0
    outer loop
      vertex -4.08695 -0.720639 0
      vertex -4.00859 -1.0741 12
      vertex -4.00859 -1.0741 0
    endloop
  endfacet
  facet normal -0.991443 0.130538 0
    outer loop
      vertex 4.08695 -0.720639 0
      vertex 4.13421 -0.361696 12
      vertex 4.13421 -0.361696 0
    endloop
  endfacet
  facet normal -0.991443 0.130538 0
    outer loop
      vertex 4.13421 -0.361696 12
      vertex 4.08695 -0.720639 0
      vertex 4.08695 -0.720639 12
    endloop
  endfacet
  facet normal 0.216439 -0.976296 0
    outer loop
      vertex -1.0741 4.00859 12
      vertex -0.720639 4.08695 7.48327
      vertex -0.720639 4.08695 12
    endloop
  endfacet
  facet normal 0.216386 -0.976308 -4.3286e-06
    outer loop
      vertex -1.0741 4.00859 12
      vertex -0.825 4.06382 7.42894
      vertex -0.720639 4.08695 7.48327
    endloop
  endfacet
  facet normal 0.216485 -0.976286 1.35132e-06
    outer loop
      vertex -1.0741 4.00859 12
      vertex -0.946401 4.0369 7.3516
      vertex -0.825 4.06382 7.42894
    endloop
  endfacet
  facet normal 0.216461 -0.976291 6.57408e-07
    outer loop
      vertex -1.0741 4.00859 12
      vertex -1.0606 4.01158 7.26397
      vertex -0.946401 4.0369 7.3516
    endloop
  endfacet
  facet normal 0.216241 -0.97634 0
    outer loop
      vertex -1.0606 4.01158 7.26397
      vertex -1.0741 4.00859 12
      vertex -1.0741 4.00859 7.2516
    endloop
  endfacet
  facet normal 0.216241 -0.97634 0
    outer loop
      vertex -1.0741 4.00859 0
      vertex -1.0606 4.01158 4.73603
      vertex -1.0741 4.00859 4.7484
    endloop
  endfacet
  facet normal 0.216461 -0.976291 -6.57408e-07
    outer loop
      vertex -1.0741 4.00859 0
      vertex -0.946401 4.0369 4.6484
      vertex -1.0606 4.01158 4.73603
    endloop
  endfacet
  facet normal 0.216485 -0.976286 -1.35132e-06
    outer loop
      vertex -1.0741 4.00859 0
      vertex -0.825 4.06382 4.57106
      vertex -0.946401 4.0369 4.6484
    endloop
  endfacet
  facet normal 0.216386 -0.976308 4.3286e-06
    outer loop
      vertex -1.0741 4.00859 0
      vertex -0.720639 4.08695 4.51673
      vertex -0.825 4.06382 4.57106
    endloop
  endfacet
  facet normal 0.216439 -0.976296 0
    outer loop
      vertex -0.720639 4.08695 4.51673
      vertex -1.0741 4.00859 0
      vertex -0.720639 4.08695 0
    endloop
  endfacet
  facet normal 0.953714 0.300715 0
    outer loop
      vertex -3.89972 -1.41938 12
      vertex -4.00859 -1.0741 0
      vertex -4.00859 -1.0741 12
    endloop
  endfacet
  facet normal 0.953714 0.300715 0
    outer loop
      vertex -4.00859 -1.0741 0
      vertex -3.89972 -1.41938 12
      vertex -3.89972 -1.41938 0
    endloop
  endfacet
  facet normal -0.537294 -0.843395 0
    outer loop
      vertex 2.075 3.594 0
      vertex 2.38034 3.39948 12
      vertex 2.075 3.594 12
    endloop
  endfacet
  facet normal -0.537294 -0.843395 -0
    outer loop
      vertex 2.38034 3.39948 12
      vertex 2.075 3.594 0
      vertex 2.38034 3.39948 0
    endloop
  endfacet
  facet normal -0.976296 0.216439 0
    outer loop
      vertex 4.00859 -1.0741 0
      vertex 4.08695 -0.720639 12
      vertex 4.08695 -0.720639 0
    endloop
  endfacet
  facet normal -0.976296 0.216439 0
    outer loop
      vertex 4.08695 -0.720639 12
      vertex 4.00859 -1.0741 0
      vertex 4.00859 -1.0741 12
    endloop
  endfacet
  facet normal 0.92389 -0.382659 0
    outer loop
      vertex -3.89972 1.41938 12
      vertex -3.76118 1.75387 0
      vertex -3.76118 1.75387 12
    endloop
  endfacet
  facet normal 0.92389 -0.382659 0
    outer loop
      vertex -3.76118 1.75387 0
      vertex -3.89972 1.41938 12
      vertex -3.89972 1.41938 0
    endloop
  endfacet
  facet normal 0.953714 -0.300715 0
    outer loop
      vertex -4.00859 1.0741 12
      vertex -3.89972 1.41938 0
      vertex -3.89972 1.41938 12
    endloop
  endfacet
  facet normal 0.953714 -0.300715 0
    outer loop
      vertex -3.89972 1.41938 0
      vertex -4.00859 1.0741 12
      vertex -4.00859 1.0741 0
    endloop
  endfacet
  facet normal 0.300715 -0.953714 0
    outer loop
      vertex -1.41938 3.89972 12
      vertex -1.0741 4.00859 7.2516
      vertex -1.0741 4.00859 12
    endloop
  endfacet
  facet normal 0.300653 -0.953734 -4.98489e-06
    outer loop
      vertex -1.41938 3.89972 12
      vertex -1.16673 3.97939 7.16673
      vertex -1.0741 4.00859 7.2516
    endloop
  endfacet
  facet normal 0.300795 -0.953689 3.19566e-06
    outer loop
      vertex -1.41938 3.89972 12
      vertex -1.26397 3.94872 7.0606
      vertex -1.16673 3.97939 7.16673
    endloop
  endfacet
  facet normal 0.300614 -0.953746 -3.06028e-06
    outer loop
      vertex -1.41938 3.89972 12
      vertex -1.3516 3.9211 6.9464
      vertex -1.26397 3.94872 7.0606
    endloop
  endfacet
  facet normal 0.300822 -0.95368 0
    outer loop
      vertex -1.3516 3.9211 6.9464
      vertex -1.41938 3.89972 12
      vertex -1.41938 3.89972 6.84
    endloop
  endfacet
  facet normal 0.300822 -0.95368 0
    outer loop
      vertex -1.41938 3.89972 0
      vertex -1.3516 3.9211 5.0536
      vertex -1.41938 3.89972 5.16
    endloop
  endfacet
  facet normal 0.300614 -0.953746 3.06028e-06
    outer loop
      vertex -1.41938 3.89972 0
      vertex -1.26397 3.94872 4.9394
      vertex -1.3516 3.9211 5.0536
    endloop
  endfacet
  facet normal 0.300795 -0.953689 -3.19566e-06
    outer loop
      vertex -1.41938 3.89972 0
      vertex -1.16673 3.97939 4.83327
      vertex -1.26397 3.94872 4.9394
    endloop
  endfacet
  facet normal 0.300653 -0.953734 4.98489e-06
    outer loop
      vertex -1.41938 3.89972 0
      vertex -1.0741 4.00859 4.7484
      vertex -1.16673 3.97939 4.83327
    endloop
  endfacet
  facet normal 0.300715 -0.953714 0
    outer loop
      vertex -1.0741 4.00859 4.7484
      vertex -1.41938 3.89972 0
      vertex -1.0741 4.00859 0
    endloop
  endfacet
  facet normal -0.0436139 -0.999048 0
    outer loop
      vertex 0 4.15 7.65
      vertex 0.361696 4.13421 12
      vertex 0 4.15 12
    endloop
  endfacet
  facet normal -0.0436283 -0.999048 1.20005e-06
    outer loop
      vertex 0.143806 4.14372 7.64372
      vertex 0.361696 4.13421 12
      vertex 0 4.15 7.65
    endloop
  endfacet
  facet normal -0.0436125 -0.999049 4.05611e-07
    outer loop
      vertex 0.286519 4.13749 7.62493
      vertex 0.361696 4.13421 12
      vertex 0.143806 4.14372 7.64372
    endloop
  endfacet
  facet normal -0.0435889 -0.99905 -0
    outer loop
      vertex 0.361696 4.13421 12
      vertex 0.286519 4.13749 7.62493
      vertex 0.361696 4.13421 7.60827
    endloop
  endfacet
  facet normal -0.0436284 -0.999048 0
    outer loop
      vertex 0 4.15 0
      vertex 0.143806 4.14372 4.35628
      vertex 0 4.15 4.35
    endloop
  endfacet
  facet normal -0.0436139 -0.999048 -4.78166e-07
    outer loop
      vertex 0.361696 4.13421 0
      vertex 0.143806 4.14372 4.35628
      vertex 0 4.15 0
    endloop
  endfacet
  facet normal -0.0436125 -0.999049 -4.05611e-07
    outer loop
      vertex 0.143806 4.14372 4.35628
      vertex 0.361696 4.13421 0
      vertex 0.286519 4.13749 4.37507
    endloop
  endfacet
  facet normal -0.0435889 -0.99905 0
    outer loop
      vertex 0.286519 4.13749 4.37507
      vertex 0.361696 4.13421 0
      vertex 0.361696 4.13421 4.39173
    endloop
  endfacet
  facet normal -0.843395 -0.537294 0
    outer loop
      vertex 3.594 2.075 0
      vertex 3.39948 2.38034 12
      vertex 3.39948 2.38034 0
    endloop
  endfacet
  facet normal -0.843395 -0.537294 0
    outer loop
      vertex 3.39948 2.38034 12
      vertex 3.594 2.075 0
      vertex 3.594 2.075 12
    endloop
  endfacet
  facet normal -0.608763 -0.793352 0
    outer loop
      vertex 2.38034 3.39948 0
      vertex 2.66757 3.17908 12
      vertex 2.38034 3.39948 12
    endloop
  endfacet
  facet normal -0.608763 -0.793352 -0
    outer loop
      vertex 2.66757 3.17908 12
      vertex 2.38034 3.39948 0
      vertex 2.66757 3.17908 0
    endloop
  endfacet
  facet normal -0.382659 -0.92389 0
    outer loop
      vertex 1.41938 3.89972 6.84
      vertex 1.75387 3.76118 12
      vertex 1.41938 3.89972 12
    endloop
  endfacet
  facet normal -0.38269 -0.923877 2.34595e-06
    outer loop
      vertex 1.42894 3.89576 6.825
      vertex 1.75387 3.76118 12
      vertex 1.41938 3.89972 6.84
    endloop
  endfacet
  facet normal -0.382651 -0.923893 -5.02609e-07
    outer loop
      vertex 1.49541 3.86823 6.69732
      vertex 1.75387 3.76118 12
      vertex 1.42894 3.89576 6.825
    endloop
  endfacet
  facet normal -0.382618 -0.923906 -2.38134e-06
    outer loop
      vertex 1.55049 3.84542 6.56433
      vertex 1.75387 3.76118 12
      vertex 1.49541 3.86823 6.69732
    endloop
  endfacet
  facet normal -0.382661 -0.923889 -5.13135e-07
    outer loop
      vertex 1.59378 3.82749 6.42705
      vertex 1.75387 3.76118 12
      vertex 1.55049 3.84542 6.56433
    endloop
  endfacet
  facet normal -0.382845 -0.923813 5.6787e-06
    outer loop
      vertex 1.62493 3.81458 6.28652
      vertex 1.75387 3.76118 12
      vertex 1.59378 3.82749 6.42705
    endloop
  endfacet
  facet normal -0.382566 -0.923928 -1.71036e-06
    outer loop
      vertex 1.64372 3.8068 6.14381
      vertex 1.75387 3.76118 12
      vertex 1.62493 3.81458 6.28652
    endloop
  endfacet
  facet normal -0.382561 -0.92393 -1.81915e-06
    outer loop
      vertex 1.65 3.8042 6
      vertex 1.75387 3.76118 12
      vertex 1.64372 3.8068 6.14381
    endloop
  endfacet
  facet normal -0.382659 -0.92389 0
    outer loop
      vertex 1.75387 3.76118 0
      vertex 1.41938 3.89972 5.16
      vertex 1.41938 3.89972 0
    endloop
  endfacet
  facet normal -0.38269 -0.923877 -2.34595e-06
    outer loop
      vertex 1.41938 3.89972 5.16
      vertex 1.75387 3.76118 0
      vertex 1.42894 3.89576 5.175
    endloop
  endfacet
  facet normal -0.382651 -0.923893 5.02609e-07
    outer loop
      vertex 1.42894 3.89576 5.175
      vertex 1.75387 3.76118 0
      vertex 1.49541 3.86823 5.30268
    endloop
  endfacet
  facet normal -0.382618 -0.923906 2.38134e-06
    outer loop
      vertex 1.49541 3.86823 5.30268
      vertex 1.75387 3.76118 0
      vertex 1.55049 3.84542 5.43567
    endloop
  endfacet
  facet normal -0.382661 -0.923889 5.13135e-07
    outer loop
      vertex 1.55049 3.84542 5.43567
      vertex 1.75387 3.76118 0
      vertex 1.59378 3.82749 5.57295
    endloop
  endfacet
  facet normal -0.382845 -0.923813 -5.6787e-06
    outer loop
      vertex 1.59378 3.82749 5.57295
      vertex 1.75387 3.76118 0
      vertex 1.62493 3.81458 5.71348
    endloop
  endfacet
  facet normal -0.382566 -0.923928 1.71036e-06
    outer loop
      vertex 1.62493 3.81458 5.71348
      vertex 1.75387 3.76118 0
      vertex 1.64372 3.8068 5.85619
    endloop
  endfacet
  facet normal -0.38265 -0.923893 0
    outer loop
      vertex 1.65 3.8042 6
      vertex 1.75387 3.76118 0
      vertex 1.75387 3.76118 12
    endloop
  endfacet
  facet normal -0.382561 -0.92393 1.81915e-06
    outer loop
      vertex 1.64372 3.8068 5.85619
      vertex 1.75387 3.76118 0
      vertex 1.65 3.8042 6
    endloop
  endfacet
  facet normal -0.300715 -0.953714 0
    outer loop
      vertex 1.0741 4.00859 7.2516
      vertex 1.41938 3.89972 12
      vertex 1.0741 4.00859 12
    endloop
  endfacet
  facet normal -0.300653 -0.953734 -4.98489e-06
    outer loop
      vertex 1.16673 3.97939 7.16673
      vertex 1.41938 3.89972 12
      vertex 1.0741 4.00859 7.2516
    endloop
  endfacet
  facet normal -0.300795 -0.953689 3.19566e-06
    outer loop
      vertex 1.26397 3.94872 7.0606
      vertex 1.41938 3.89972 12
      vertex 1.16673 3.97939 7.16673
    endloop
  endfacet
  facet normal -0.300614 -0.953746 -3.06028e-06
    outer loop
      vertex 1.3516 3.9211 6.9464
      vertex 1.41938 3.89972 12
      vertex 1.26397 3.94872 7.0606
    endloop
  endfacet
  facet normal -0.300822 -0.95368 -0
    outer loop
      vertex 1.41938 3.89972 12
      vertex 1.3516 3.9211 6.9464
      vertex 1.41938 3.89972 6.84
    endloop
  endfacet
  facet normal -0.300715 -0.953714 0
    outer loop
      vertex 1.41938 3.89972 0
      vertex 1.0741 4.00859 4.7484
      vertex 1.0741 4.00859 0
    endloop
  endfacet
  facet normal -0.300653 -0.953734 4.98489e-06
    outer loop
      vertex 1.0741 4.00859 4.7484
      vertex 1.41938 3.89972 0
      vertex 1.16673 3.97939 4.83327
    endloop
  endfacet
  facet normal -0.300795 -0.953689 -3.19566e-06
    outer loop
      vertex 1.16673 3.97939 4.83327
      vertex 1.41938 3.89972 0
      vertex 1.26397 3.94872 4.9394
    endloop
  endfacet
  facet normal -0.300614 -0.953746 3.06028e-06
    outer loop
      vertex 1.26397 3.94872 4.9394
      vertex 1.41938 3.89972 0
      vertex 1.3516 3.9211 5.0536
    endloop
  endfacet
  facet normal -0.300822 -0.95368 0
    outer loop
      vertex 1.3516 3.9211 5.0536
      vertex 1.41938 3.89972 0
      vertex 1.41938 3.89972 5.16
    endloop
  endfacet
  facet normal -0.737273 0.675595 0
    outer loop
      vertex 2.93449 -2.93449 0
      vertex 3.17908 -2.66757 12
      vertex 3.17908 -2.66757 0
    endloop
  endfacet
  facet normal -0.737273 0.675595 0
    outer loop
      vertex 3.17908 -2.66757 12
      vertex 2.93449 -2.93449 0
      vertex 2.93449 -2.93449 12
    endloop
  endfacet
  facet normal -0.675595 -0.737273 0
    outer loop
      vertex 2.66757 3.17908 0
      vertex 2.93449 2.93449 12
      vertex 2.66757 3.17908 12
    endloop
  endfacet
  facet normal -0.675595 -0.737273 -0
    outer loop
      vertex 2.93449 2.93449 12
      vertex 2.66757 3.17908 0
      vertex 2.93449 2.93449 0
    endloop
  endfacet
  facet normal 0.886999 -0.461771 0
    outer loop
      vertex -3.76118 1.75387 12
      vertex -3.594 2.075 0
      vertex -3.594 2.075 12
    endloop
  endfacet
  facet normal 0.886999 -0.461771 0
    outer loop
      vertex -3.594 2.075 0
      vertex -3.76118 1.75387 12
      vertex -3.76118 1.75387 0
    endloop
  endfacet
  facet normal 0.608763 -0.793352 0
    outer loop
      vertex -2.66757 3.17908 0
      vertex -2.38034 3.39948 12
      vertex -2.66757 3.17908 12
    endloop
  endfacet
  facet normal 0.608763 -0.793352 0
    outer loop
      vertex -2.38034 3.39948 12
      vertex -2.66757 3.17908 0
      vertex -2.38034 3.39948 0
    endloop
  endfacet
  facet normal 0.843395 -0.537294 0
    outer loop
      vertex -3.594 2.075 12
      vertex -3.39948 2.38034 0
      vertex -3.39948 2.38034 12
    endloop
  endfacet
  facet normal 0.843395 -0.537294 0
    outer loop
      vertex -3.39948 2.38034 0
      vertex -3.594 2.075 12
      vertex -3.594 2.075 0
    endloop
  endfacet
  facet normal -0.461771 -0.886999 0
    outer loop
      vertex 1.75387 3.76118 0
      vertex 2.075 3.594 12
      vertex 1.75387 3.76118 12
    endloop
  endfacet
  facet normal -0.461771 -0.886999 -0
    outer loop
      vertex 2.075 3.594 12
      vertex 1.75387 3.76118 0
      vertex 2.075 3.594 0
    endloop
  endfacet
  facet normal -0.953714 -0.300715 0
    outer loop
      vertex 4.00859 1.0741 0
      vertex 3.89972 1.41938 12
      vertex 3.89972 1.41938 0
    endloop
  endfacet
  facet normal -0.953714 -0.300715 0
    outer loop
      vertex 3.89972 1.41938 12
      vertex 4.00859 1.0741 0
      vertex 4.00859 1.0741 12
    endloop
  endfacet
  facet normal -0.999048 0.0436139 0
    outer loop
      vertex 4.13421 -0.361696 0
      vertex 4.15 0 12
      vertex 4.15 0 0
    endloop
  endfacet
  facet normal -0.999048 0.0436139 0
    outer loop
      vertex 4.15 0 12
      vertex 4.13421 -0.361696 0
      vertex 4.13421 -0.361696 12
    endloop
  endfacet
  facet normal 0.999048 0.0436139 0
    outer loop
      vertex -4.13421 -0.361696 12
      vertex -4.15 0 0
      vertex -4.15 0 12
    endloop
  endfacet
  facet normal 0.999048 0.0436139 0
    outer loop
      vertex -4.15 0 0
      vertex -4.13421 -0.361696 12
      vertex -4.13421 -0.361696 0
    endloop
  endfacet
  facet normal -0.92389 0.382659 0
    outer loop
      vertex 3.76118 -1.75387 0
      vertex 3.89972 -1.41938 12
      vertex 3.89972 -1.41938 0
    endloop
  endfacet
  facet normal -0.92389 0.382659 0
    outer loop
      vertex 3.89972 -1.41938 12
      vertex 3.76118 -1.75387 0
      vertex 3.76118 -1.75387 12
    endloop
  endfacet
  facet normal 0.793352 -0.608763 0
    outer loop
      vertex -3.39948 2.38034 12
      vertex -3.17908 2.66757 0
      vertex -3.17908 2.66757 12
    endloop
  endfacet
  facet normal 0.793352 -0.608763 0
    outer loop
      vertex -3.17908 2.66757 0
      vertex -3.39948 2.38034 12
      vertex -3.39948 2.38034 0
    endloop
  endfacet
  facet normal -0.92389 -0.382659 0
    outer loop
      vertex 3.89972 1.41938 0
      vertex 3.76118 1.75387 12
      vertex 3.76118 1.75387 0
    endloop
  endfacet
  facet normal -0.92389 -0.382659 0
    outer loop
      vertex 3.76118 1.75387 12
      vertex 3.89972 1.41938 0
      vertex 3.89972 1.41938 12
    endloop
  endfacet
  facet normal 0.461771 -0.886999 0
    outer loop
      vertex -2.075 3.594 0
      vertex -1.75387 3.76118 12
      vertex -2.075 3.594 12
    endloop
  endfacet
  facet normal 0.461771 -0.886999 0
    outer loop
      vertex -1.75387 3.76118 12
      vertex -2.075 3.594 0
      vertex -1.75387 3.76118 0
    endloop
  endfacet
  facet normal 0.737273 -0.675595 0
    outer loop
      vertex -3.17908 2.66757 12
      vertex -2.93449 2.93449 0
      vertex -2.93449 2.93449 12
    endloop
  endfacet
  facet normal 0.737273 -0.675595 0
    outer loop
      vertex -2.93449 2.93449 0
      vertex -3.17908 2.66757 12
      vertex -3.17908 2.66757 0
    endloop
  endfacet
  facet normal 0.999048 -0.0436139 0
    outer loop
      vertex -4.15 0 12
      vertex -4.13421 0.361696 0
      vertex -4.13421 0.361696 12
    endloop
  endfacet
  facet normal 0.999048 -0.0436139 0
    outer loop
      vertex -4.13421 0.361696 0
      vertex -4.15 0 12
      vertex -4.15 0 0
    endloop
  endfacet
  facet normal 0.130538 -0.991443 0
    outer loop
      vertex -0.720639 4.08695 12
      vertex -0.361696 4.13421 7.60827
      vertex -0.361696 4.13421 12
    endloop
  endfacet
  facet normal 0.130612 -0.991434 6.18132e-06
    outer loop
      vertex -0.720639 4.08695 12
      vertex -0.427051 4.1256 7.59378
      vertex -0.361696 4.13421 7.60827
    endloop
  endfacet
  facet normal 0.130502 -0.991448 -1.30695e-06
    outer loop
      vertex -0.720639 4.08695 12
      vertex -0.564333 4.10753 7.55049
      vertex -0.427051 4.1256 7.59378
    endloop
  endfacet
  facet normal 0.13054 -0.991443 7.53075e-08
    outer loop
      vertex -0.720639 4.08695 12
      vertex -0.69732 4.09002 7.49541
      vertex -0.564333 4.10753 7.55049
    endloop
  endfacet
  facet normal 0.130526 -0.991445 0
    outer loop
      vertex -0.69732 4.09002 7.49541
      vertex -0.720639 4.08695 12
      vertex -0.720639 4.08695 7.48327
    endloop
  endfacet
  facet normal 0.130526 -0.991445 0
    outer loop
      vertex -0.720639 4.08695 0
      vertex -0.69732 4.09002 4.50459
      vertex -0.720639 4.08695 4.51673
    endloop
  endfacet
  facet normal 0.13054 -0.991443 -7.53075e-08
    outer loop
      vertex -0.720639 4.08695 0
      vertex -0.564333 4.10753 4.44951
      vertex -0.69732 4.09002 4.50459
    endloop
  endfacet
  facet normal 0.130502 -0.991448 1.30695e-06
    outer loop
      vertex -0.720639 4.08695 0
      vertex -0.427051 4.1256 4.40622
      vertex -0.564333 4.10753 4.44951
    endloop
  endfacet
  facet normal 0.130612 -0.991434 -6.18132e-06
    outer loop
      vertex -0.720639 4.08695 0
      vertex -0.361696 4.13421 4.39173
      vertex -0.427051 4.1256 4.40622
    endloop
  endfacet
  facet normal 0.130538 -0.991443 0
    outer loop
      vertex -0.361696 4.13421 4.39173
      vertex -0.720639 4.08695 0
      vertex -0.361696 4.13421 0
    endloop
  endfacet
  facet normal 0.382659 -0.92389 0
    outer loop
      vertex -1.75387 3.76118 12
      vertex -1.41938 3.89972 6.84
      vertex -1.41938 3.89972 12
    endloop
  endfacet
  facet normal 0.38269 -0.923877 2.34595e-06
    outer loop
      vertex -1.75387 3.76118 12
      vertex -1.42894 3.89576 6.825
      vertex -1.41938 3.89972 6.84
    endloop
  endfacet
  facet normal 0.382651 -0.923893 -5.02609e-07
    outer loop
      vertex -1.75387 3.76118 12
      vertex -1.49541 3.86823 6.69732
      vertex -1.42894 3.89576 6.825
    endloop
  endfacet
  facet normal 0.382618 -0.923906 -2.38134e-06
    outer loop
      vertex -1.75387 3.76118 12
      vertex -1.55049 3.84542 6.56433
      vertex -1.49541 3.86823 6.69732
    endloop
  endfacet
  facet normal 0.382661 -0.923889 -5.13135e-07
    outer loop
      vertex -1.75387 3.76118 12
      vertex -1.59378 3.82749 6.42705
      vertex -1.55049 3.84542 6.56433
    endloop
  endfacet
  facet normal 0.382845 -0.923813 5.6787e-06
    outer loop
      vertex -1.75387 3.76118 12
      vertex -1.62493 3.81458 6.28652
      vertex -1.59378 3.82749 6.42705
    endloop
  endfacet
  facet normal 0.382566 -0.923928 -1.71036e-06
    outer loop
      vertex -1.75387 3.76118 12
      vertex -1.64372 3.8068 6.14381
      vertex -1.62493 3.81458 6.28652
    endloop
  endfacet
  facet normal 0.382561 -0.92393 -1.81915e-06
    outer loop
      vertex -1.75387 3.76118 12
      vertex -1.65 3.8042 6
      vertex -1.64372 3.8068 6.14381
    endloop
  endfacet
  facet normal 0.38265 -0.923893 0
    outer loop
      vertex -1.75387 3.76118 0
      vertex -1.65 3.8042 6
      vertex -1.75387 3.76118 12
    endloop
  endfacet
  facet normal 0.382561 -0.92393 1.81915e-06
    outer loop
      vertex -1.75387 3.76118 0
      vertex -1.64372 3.8068 5.85619
      vertex -1.65 3.8042 6
    endloop
  endfacet
  facet normal 0.382566 -0.923928 1.71036e-06
    outer loop
      vertex -1.75387 3.76118 0
      vertex -1.62493 3.81458 5.71348
      vertex -1.64372 3.8068 5.85619
    endloop
  endfacet
  facet normal 0.382845 -0.923813 -5.6787e-06
    outer loop
      vertex -1.75387 3.76118 0
      vertex -1.59378 3.82749 5.57295
      vertex -1.62493 3.81458 5.71348
    endloop
  endfacet
  facet normal 0.382661 -0.923889 5.13135e-07
    outer loop
      vertex -1.75387 3.76118 0
      vertex -1.55049 3.84542 5.43567
      vertex -1.59378 3.82749 5.57295
    endloop
  endfacet
  facet normal 0.382618 -0.923906 2.38134e-06
    outer loop
      vertex -1.75387 3.76118 0
      vertex -1.49541 3.86823 5.30268
      vertex -1.55049 3.84542 5.43567
    endloop
  endfacet
  facet normal 0.382651 -0.923893 5.02609e-07
    outer loop
      vertex -1.75387 3.76118 0
      vertex -1.42894 3.89576 5.175
      vertex -1.49541 3.86823 5.30268
    endloop
  endfacet
  facet normal 0.38269 -0.923877 -2.34595e-06
    outer loop
      vertex -1.75387 3.76118 0
      vertex -1.41938 3.89972 5.16
      vertex -1.42894 3.89576 5.175
    endloop
  endfacet
  facet normal 0.382659 -0.92389 0
    outer loop
      vertex -1.41938 3.89972 5.16
      vertex -1.75387 3.76118 0
      vertex -1.41938 3.89972 0
    endloop
  endfacet
  facet normal 0.991443 0.130538 0
    outer loop
      vertex -4.08695 -0.720639 12
      vertex -4.13421 -0.361696 0
      vertex -4.13421 -0.361696 12
    endloop
  endfacet
  facet normal 0.991443 0.130538 0
    outer loop
      vertex -4.13421 -0.361696 0
      vertex -4.08695 -0.720639 12
      vertex -4.08695 -0.720639 0
    endloop
  endfacet
  facet normal -0.886999 -0.461771 0
    outer loop
      vertex 3.76118 1.75387 0
      vertex 3.594 2.075 12
      vertex 3.594 2.075 0
    endloop
  endfacet
  facet normal -0.886999 -0.461771 0
    outer loop
      vertex 3.594 2.075 12
      vertex 3.76118 1.75387 0
      vertex 3.76118 1.75387 12
    endloop
  endfacet
  facet normal 0.886999 0.461771 0
    outer loop
      vertex -3.594 -2.075 12
      vertex -3.76118 -1.75387 0
      vertex -3.76118 -1.75387 12
    endloop
  endfacet
  facet normal 0.886999 0.461771 0
    outer loop
      vertex -3.76118 -1.75387 0
      vertex -3.594 -2.075 12
      vertex -3.594 -2.075 0
    endloop
  endfacet
  facet normal -0.886999 0.461771 0
    outer loop
      vertex 3.594 -2.075 0
      vertex 3.76118 -1.75387 12
      vertex 3.76118 -1.75387 0
    endloop
  endfacet
  facet normal -0.886999 0.461771 0
    outer loop
      vertex 3.76118 -1.75387 12
      vertex 3.594 -2.075 0
      vertex 3.594 -2.075 12
    endloop
  endfacet
  facet normal 0.843395 0.537294 0
    outer loop
      vertex -3.39948 -2.38034 12
      vertex -3.594 -2.075 0
      vertex -3.594 -2.075 12
    endloop
  endfacet
  facet normal 0.843395 0.537294 0
    outer loop
      vertex -3.594 -2.075 0
      vertex -3.39948 -2.38034 12
      vertex -3.39948 -2.38034 0
    endloop
  endfacet
  facet normal -0.953714 0.300715 0
    outer loop
      vertex 3.89972 -1.41938 0
      vertex 4.00859 -1.0741 12
      vertex 4.00859 -1.0741 0
    endloop
  endfacet
  facet normal -0.953714 0.300715 0
    outer loop
      vertex 4.00859 -1.0741 12
      vertex 3.89972 -1.41938 0
      vertex 3.89972 -1.41938 12
    endloop
  endfacet
  facet normal 0.675595 -0.737273 0
    outer loop
      vertex -2.93449 2.93449 0
      vertex -2.66757 3.17908 12
      vertex -2.93449 2.93449 12
    endloop
  endfacet
  facet normal 0.675595 -0.737273 0
    outer loop
      vertex -2.66757 3.17908 12
      vertex -2.93449 2.93449 0
      vertex -2.66757 3.17908 0
    endloop
  endfacet
  facet normal 0.793352 0.608763 0
    outer loop
      vertex -3.17908 -2.66757 12
      vertex -3.39948 -2.38034 0
      vertex -3.39948 -2.38034 12
    endloop
  endfacet
  facet normal 0.793352 0.608763 0
    outer loop
      vertex -3.39948 -2.38034 0
      vertex -3.17908 -2.66757 12
      vertex -3.17908 -2.66757 0
    endloop
  endfacet
  facet normal 0.737273 0.675595 0
    outer loop
      vertex -2.93449 -2.93449 12
      vertex -3.17908 -2.66757 0
      vertex -3.17908 -2.66757 12
    endloop
  endfacet
  facet normal 0.737273 0.675595 0
    outer loop
      vertex -3.17908 -2.66757 0
      vertex -2.93449 -2.93449 12
      vertex -2.93449 -2.93449 0
    endloop
  endfacet
  facet normal 0.92389 0.382659 0
    outer loop
      vertex -3.76118 -1.75387 12
      vertex -3.89972 -1.41938 0
      vertex -3.89972 -1.41938 12
    endloop
  endfacet
  facet normal 0.92389 0.382659 0
    outer loop
      vertex -3.89972 -1.41938 0
      vertex -3.76118 -1.75387 12
      vertex -3.76118 -1.75387 0
    endloop
  endfacet
  facet normal -0.843395 0.537294 0
    outer loop
      vertex 3.39948 -2.38034 0
      vertex 3.594 -2.075 12
      vertex 3.594 -2.075 0
    endloop
  endfacet
  facet normal -0.843395 0.537294 0
    outer loop
      vertex 3.594 -2.075 12
      vertex 3.39948 -2.38034 0
      vertex 3.39948 -2.38034 12
    endloop
  endfacet
  facet normal 0 0 -1
    outer loop
      vertex 4.13421 -0.361696 12
      vertex 4.13421 0.361696 12
      vertex 4.15 0 12
    endloop
  endfacet
  facet normal 0 0 -1
    outer loop
      vertex 4.08695 -0.720639 12
      vertex 4.13421 0.361696 12
      vertex 4.13421 -0.361696 12
    endloop
  endfacet
  facet normal 0 0 -1
    outer loop
      vertex 4.08695 -0.720639 12
      vertex 4.08695 0.720639 12
      vertex 4.13421 0.361696 12
    endloop
  endfacet
  facet normal 0 0 -1
    outer loop
      vertex 4.00859 -1.0741 12
      vertex 4.08695 0.720639 12
      vertex 4.08695 -0.720639 12
    endloop
  endfacet
  facet normal 0 0 -1
    outer loop
      vertex 4.00859 -1.0741 12
      vertex 4.00859 1.0741 12
      vertex 4.08695 0.720639 12
    endloop
  endfacet
  facet normal 0 0 -1
    outer loop
      vertex 3.89972 -1.41938 12
      vertex 4.00859 1.0741 12
      vertex 4.00859 -1.0741 12
    endloop
  endfacet
  facet normal 0 0 -1
    outer loop
      vertex 3.89972 -1.41938 12
      vertex 3.89972 1.41938 12
      vertex 4.00859 1.0741 12
    endloop
  endfacet
  facet normal 0 0 -1
    outer loop
      vertex 3.76118 -1.75387 12
      vertex 3.89972 1.41938 12
      vertex 3.89972 -1.41938 12
    endloop
  endfacet
  facet normal 0 0 -1
    outer loop
      vertex 3.76118 -1.75387 12
      vertex 3.76118 1.75387 12
      vertex 3.89972 1.41938 12
    endloop
  endfacet
  facet normal 0 0 -1
    outer loop
      vertex 3.594 -2.075 12
      vertex 3.76118 1.75387 12
      vertex 3.76118 -1.75387 12
    endloop
  endfacet
  facet normal 0 0 -1
    outer loop
      vertex 3.594 -2.075 12
      vertex 3.594 2.075 12
      vertex 3.76118 1.75387 12
    endloop
  endfacet
  facet normal 0 0 -1
    outer loop
      vertex 3.39948 -2.38034 12
      vertex 3.594 2.075 12
      vertex 3.594 -2.075 12
    endloop
  endfacet
  facet normal 0 0 -1
    outer loop
      vertex 3.39948 -2.38034 12
      vertex 3.39948 2.38034 12
      vertex 3.594 2.075 12
    endloop
  endfacet
  facet normal 0 0 -1
    outer loop
      vertex 3.17908 -2.66757 12
      vertex 3.39948 2.38034 12
      vertex 3.39948 -2.38034 12
    endloop
  endfacet
  facet normal 0 0 -1
    outer loop
      vertex 3.17908 -2.66757 12
      vertex 3.17908 2.66757 12
      vertex 3.39948 2.38034 12
    endloop
  endfacet
  facet normal 0 0 -1
    outer loop
      vertex 2.93449 -2.93449 12
      vertex 3.17908 2.66757 12
      vertex 3.17908 -2.66757 12
    endloop
  endfacet
  facet normal 0 0 -1
    outer loop
      vertex 2.93449 -2.93449 12
      vertex 2.93449 2.93449 12
      vertex 3.17908 2.66757 12
    endloop
  endfacet
  facet normal 0 0 -1
    outer loop
      vertex 2.66757 -3.17908 12
      vertex 2.93449 2.93449 12
      vertex 2.93449 -2.93449 12
    endloop
  endfacet
  facet normal 0 0 -1
    outer loop
      vertex 2.66757 -3.17908 12
      vertex 2.66757 3.17908 12
      vertex 2.93449 2.93449 12
    endloop
  endfacet
  facet normal 0 0 -1
    outer loop
      vertex 2.30104 -3.45 12
      vertex 2.66757 -3.17908 12
      vertex 2.38034 -3.39948 12
    endloop
  endfacet
  facet normal -0 0 -1
    outer loop
      vertex 2.66757 -3.17908 12
      vertex 2.30104 -3.45 12
      vertex 2.66757 3.17908 12
    endloop
  endfacet
  facet normal -0 0 -1
    outer loop
      vertex 2.66757 3.17908 12
      vertex 2.30104 -3.45 12
      vertex 2.38034 3.39948 12
    endloop
  endfacet
  facet normal 0 0 -1
    outer loop
      vertex 2.30104 -3.45 12
      vertex 2.075 3.594 12
      vertex 2.38034 3.39948 12
    endloop
  endfacet
  facet normal 0 0 -1
    outer loop
      vertex 2.30104 -3.45 12
      vertex 1.75387 3.76118 12
      vertex 2.075 3.594 12
    endloop
  endfacet
  facet normal 0 0 -1
    outer loop
      vertex 2.30104 -3.45 12
      vertex 1.41938 3.89972 12
      vertex 1.75387 3.76118 12
    endloop
  endfacet
  facet normal 0 0 -1
    outer loop
      vertex 2.30104 -3.45 12
      vertex 1.0741 4.00859 12
      vertex 1.41938 3.89972 12
    endloop
  endfacet
  facet normal 0 0 -1
    outer loop
      vertex 2.30104 -3.45 12
      vertex 0.720639 4.08695 12
      vertex 1.0741 4.00859 12
    endloop
  endfacet
  facet normal 0 0 -1
    outer loop
      vertex 2.30104 -3.45 12
      vertex 0.361696 4.13421 12
      vertex 0.720639 4.08695 12
    endloop
  endfacet
  facet normal 0 0 -1
    outer loop
      vertex 2.30104 -3.45 12
      vertex 0 4.15 12
      vertex 0.361696 4.13421 12
    endloop
  endfacet
  facet normal 0 0 -1
    outer loop
      vertex 2.30104 -3.45 12
      vertex -0.361696 4.13421 12
      vertex 0 4.15 12
    endloop
  endfacet
  facet normal 0 0 -1
    outer loop
      vertex 2.30104 -3.45 12
      vertex -0.720639 4.08695 12
      vertex -0.361696 4.13421 12
    endloop
  endfacet
  facet normal 0 0 -1
    outer loop
      vertex 2.30104 -3.45 12
      vertex -1.0741 4.00859 12
      vertex -0.720639 4.08695 12
    endloop
  endfacet
  facet normal 0 0 -1
    outer loop
      vertex 2.30104 -3.45 12
      vertex -1.41938 3.89972 12
      vertex -1.0741 4.00859 12
    endloop
  endfacet
  facet normal 0 0 -1
    outer loop
      vertex 2.30104 -3.45 12
      vertex -1.75387 3.76118 12
      vertex -1.41938 3.89972 12
    endloop
  endfacet
  facet normal 0 0 -1
    outer loop
      vertex 2.30104 -3.45 12
      vertex -2.075 3.594 12
      vertex -1.75387 3.76118 12
    endloop
  endfacet
  facet normal 0 0 -1
    outer loop
      vertex -2.30104 -3.45 12
      vertex -2.075 3.594 12
      vertex 2.30104 -3.45 12
    endloop
  endfacet
  facet normal 0 0 -1
    outer loop
      vertex -2.66757 -3.17908 12
      vertex -2.30104 -3.45 12
      vertex -2.38034 -3.39948 12
    endloop
  endfacet
  facet normal 0 0 -1
    outer loop
      vertex -2.30104 -3.45 12
      vertex -2.38034 3.39948 12
      vertex -2.075 3.594 12
    endloop
  endfacet
  facet normal 0 0 -1
    outer loop
      vertex -2.30104 -3.45 12
      vertex -2.66757 -3.17908 12
      vertex -2.38034 3.39948 12
    endloop
  endfacet
  facet normal 0 0 -1
    outer loop
      vertex -2.66757 -3.17908 12
      vertex -2.66757 3.17908 12
      vertex -2.38034 3.39948 12
    endloop
  endfacet
  facet normal 0 0 -1
    outer loop
      vertex -2.93449 -2.93449 12
      vertex -2.66757 3.17908 12
      vertex -2.66757 -3.17908 12
    endloop
  endfacet
  facet normal 0 0 -1
    outer loop
      vertex -2.93449 -2.93449 12
      vertex -2.93449 2.93449 12
      vertex -2.66757 3.17908 12
    endloop
  endfacet
  facet normal 0 0 -1
    outer loop
      vertex -3.17908 -2.66757 12
      vertex -2.93449 2.93449 12
      vertex -2.93449 -2.93449 12
    endloop
  endfacet
  facet normal 0 0 -1
    outer loop
      vertex -3.17908 -2.66757 12
      vertex -3.17908 2.66757 12
      vertex -2.93449 2.93449 12
    endloop
  endfacet
  facet normal 0 0 -1
    outer loop
      vertex -3.39948 -2.38034 12
      vertex -3.17908 2.66757 12
      vertex -3.17908 -2.66757 12
    endloop
  endfacet
  facet normal 0 0 -1
    outer loop
      vertex -3.39948 -2.38034 12
      vertex -3.39948 2.38034 12
      vertex -3.17908 2.66757 12
    endloop
  endfacet
  facet normal 0 0 -1
    outer loop
      vertex -3.594 -2.075 12
      vertex -3.39948 2.38034 12
      vertex -3.39948 -2.38034 12
    endloop
  endfacet
  facet normal 0 0 -1
    outer loop
      vertex -3.594 -2.075 12
      vertex -3.594 2.075 12
      vertex -3.39948 2.38034 12
    endloop
  endfacet
  facet normal 0 0 -1
    outer loop
      vertex -3.76118 -1.75387 12
      vertex -3.594 2.075 12
      vertex -3.594 -2.075 12
    endloop
  endfacet
  facet normal 0 0 -1
    outer loop
      vertex -3.76118 -1.75387 12
      vertex -3.76118 1.75387 12
      vertex -3.594 2.075 12
    endloop
  endfacet
  facet normal 0 0 -1
    outer loop
      vertex -3.89972 -1.41938 12
      vertex -3.76118 1.75387 12
      vertex -3.76118 -1.75387 12
    endloop
  endfacet
  facet normal 0 0 -1
    outer loop
      vertex -3.89972 -1.41938 12
      vertex -3.89972 1.41938 12
      vertex -3.76118 1.75387 12
    endloop
  endfacet
  facet normal 0 0 -1
    outer loop
      vertex -4.00859 -1.0741 12
      vertex -3.89972 1.41938 12
      vertex -3.89972 -1.41938 12
    endloop
  endfacet
  facet normal 0 0 -1
    outer loop
      vertex -4.00859 -1.0741 12
      vertex -4.00859 1.0741 12
      vertex -3.89972 1.41938 12
    endloop
  endfacet
  facet normal 0 0 -1
    outer loop
      vertex -4.08695 -0.720639 12
      vertex -4.00859 1.0741 12
      vertex -4.00859 -1.0741 12
    endloop
  endfacet
  facet normal 0 0 -1
    outer loop
      vertex -4.08695 -0.720639 12
      vertex -4.08695 0.720639 12
      vertex -4.00859 1.0741 12
    endloop
  endfacet
  facet normal 0 0 -1
    outer loop
      vertex -4.13421 -0.361696 12
      vertex -4.08695 0.720639 12
      vertex -4.08695 -0.720639 12
    endloop
  endfacet
  facet normal 0 0 -1
    outer loop
      vertex -4.13421 -0.361696 12
      vertex -4.13421 0.361696 12
      vertex -4.08695 0.720639 12
    endloop
  endfacet
  facet normal 0 -0 -1
    outer loop
      vertex -4.13421 0.361696 12
      vertex -4.13421 -0.361696 12
      vertex -4.15 0 12
    endloop
  endfacet
  facet normal -0.537302 0.84339 0
    outer loop
      vertex 2.38034 -3.39948 0
      vertex 2.30104 -3.45 12
      vertex 2.38034 -3.39948 12
    endloop
  endfacet
  facet normal -0.537302 0.84339 0
    outer loop
      vertex 2.30104 -3.45 12
      vertex 2.38034 -3.39948 0
      vertex 2.30104 -3.45 0
    endloop
  endfacet
  facet normal 0.608763 0.793352 -0
    outer loop
      vertex -2.38034 -3.39948 0
      vertex -2.66757 -3.17908 12
      vertex -2.38034 -3.39948 12
    endloop
  endfacet
  facet normal 0.608763 0.793352 0
    outer loop
      vertex -2.66757 -3.17908 12
      vertex -2.38034 -3.39948 0
      vertex -2.66757 -3.17908 0
    endloop
  endfacet
  facet normal 0.537294 -0.843395 0
    outer loop
      vertex -2.38034 3.39948 0
      vertex -2.075 3.594 12
      vertex -2.38034 3.39948 12
    endloop
  endfacet
  facet normal 0.537294 -0.843395 0
    outer loop
      vertex -2.075 3.594 12
      vertex -2.38034 3.39948 0
      vertex -2.075 3.594 0
    endloop
  endfacet
  facet normal -0.737273 -0.675595 0
    outer loop
      vertex 3.17908 2.66757 0
      vertex 2.93449 2.93449 12
      vertex 2.93449 2.93449 0
    endloop
  endfacet
  facet normal -0.737273 -0.675595 0
    outer loop
      vertex 2.93449 2.93449 12
      vertex 3.17908 2.66757 0
      vertex 3.17908 2.66757 12
    endloop
  endfacet
  facet normal -0.608763 0.793352 0
    outer loop
      vertex 2.66757 -3.17908 0
      vertex 2.38034 -3.39948 12
      vertex 2.66757 -3.17908 12
    endloop
  endfacet
  facet normal -0.608763 0.793352 0
    outer loop
      vertex 2.38034 -3.39948 12
      vertex 2.66757 -3.17908 0
      vertex 2.38034 -3.39948 0
    endloop
  endfacet
  facet normal 0.675595 0.737273 -0
    outer loop
      vertex -2.66757 -3.17908 0
      vertex -2.93449 -2.93449 12
      vertex -2.66757 -3.17908 12
    endloop
  endfacet
  facet normal 0.675595 0.737273 0
    outer loop
      vertex -2.93449 -2.93449 12
      vertex -2.66757 -3.17908 0
      vertex -2.93449 -2.93449 0
    endloop
  endfacet
  facet normal 0.976296 -0.216439 0
    outer loop
      vertex -4.08695 0.720639 12
      vertex -4.00859 1.0741 0
      vertex -4.00859 1.0741 12
    endloop
  endfacet
  facet normal 0.976296 -0.216439 0
    outer loop
      vertex -4.00859 1.0741 0
      vertex -4.08695 0.720639 12
      vertex -4.08695 0.720639 0
    endloop
  endfacet
  facet normal -0.216439 -0.976296 0
    outer loop
      vertex 0.720639 4.08695 7.48327
      vertex 1.0741 4.00859 12
      vertex 0.720639 4.08695 12
    endloop
  endfacet
  facet normal -0.216386 -0.976308 -4.3286e-06
    outer loop
      vertex 0.825 4.06382 7.42894
      vertex 1.0741 4.00859 12
      vertex 0.720639 4.08695 7.48327
    endloop
  endfacet
  facet normal -0.216485 -0.976286 1.35132e-06
    outer loop
      vertex 0.946401 4.0369 7.3516
      vertex 1.0741 4.00859 12
      vertex 0.825 4.06382 7.42894
    endloop
  endfacet
  facet normal -0.216461 -0.976291 6.57408e-07
    outer loop
      vertex 1.0606 4.01158 7.26397
      vertex 1.0741 4.00859 12
      vertex 0.946401 4.0369 7.3516
    endloop
  endfacet
  facet normal -0.216241 -0.97634 -0
    outer loop
      vertex 1.0741 4.00859 12
      vertex 1.0606 4.01158 7.26397
      vertex 1.0741 4.00859 7.2516
    endloop
  endfacet
  facet normal -0.216439 -0.976296 0
    outer loop
      vertex 1.0741 4.00859 0
      vertex 0.720639 4.08695 4.51673
      vertex 0.720639 4.08695 0
    endloop
  endfacet
  facet normal -0.216386 -0.976308 4.3286e-06
    outer loop
      vertex 0.720639 4.08695 4.51673
      vertex 1.0741 4.00859 0
      vertex 0.825 4.06382 4.57106
    endloop
  endfacet
  facet normal -0.216485 -0.976286 -1.35132e-06
    outer loop
      vertex 0.825 4.06382 4.57106
      vertex 1.0741 4.00859 0
      vertex 0.946401 4.0369 4.6484
    endloop
  endfacet
  facet normal -0.216461 -0.976291 -6.57408e-07
    outer loop
      vertex 0.946401 4.0369 4.6484
      vertex 1.0741 4.00859 0
      vertex 1.0606 4.01158 4.73603
    endloop
  endfacet
  facet normal -0.216241 -0.97634 0
    outer loop
      vertex 1.0606 4.01158 4.73603
      vertex 1.0741 4.00859 0
      vertex 1.0741 4.00859 4.7484
    endloop
  endfacet
  facet normal 0.537302 0.84339 -0
    outer loop
      vertex -2.30104 -3.45 0
      vertex -2.38034 -3.39948 12
      vertex -2.30104 -3.45 12
    endloop
  endfacet
  facet normal 0.537302 0.84339 0
    outer loop
      vertex -2.38034 -3.39948 12
      vertex -2.30104 -3.45 0
      vertex -2.38034 -3.39948 0
    endloop
  endfacet
  facet normal 0.991443 -0.130538 0
    outer loop
      vertex -4.13421 0.361696 12
      vertex -4.08695 0.720639 0
      vertex -4.08695 0.720639 12
    endloop
  endfacet
  facet normal 0.991443 -0.130538 0
    outer loop
      vertex -4.08695 0.720639 0
      vertex -4.13421 0.361696 12
      vertex -4.13421 0.361696 0
    endloop
  endfacet
  facet normal -0.675595 0.737273 0
    outer loop
      vertex 2.93449 -2.93449 0
      vertex 2.66757 -3.17908 12
      vertex 2.93449 -2.93449 12
    endloop
  endfacet
  facet normal -0.675595 0.737273 0
    outer loop
      vertex 2.66757 -3.17908 12
      vertex 2.93449 -2.93449 0
      vertex 2.66757 -3.17908 0
    endloop
  endfacet
  facet normal -0.793352 -0.608763 0
    outer loop
      vertex 3.39948 2.38034 0
      vertex 3.17908 2.66757 12
      vertex 3.17908 2.66757 0
    endloop
  endfacet
  facet normal -0.793352 -0.608763 0
    outer loop
      vertex 3.17908 2.66757 12
      vertex 3.39948 2.38034 0
      vertex 3.39948 2.38034 12
    endloop
  endfacet
  facet normal -0.130538 -0.991443 0
    outer loop
      vertex 0.361696 4.13421 7.60827
      vertex 0.720639 4.08695 12
      vertex 0.361696 4.13421 12
    endloop
  endfacet
  facet normal -0.130612 -0.991434 6.18132e-06
    outer loop
      vertex 0.427051 4.1256 7.59378
      vertex 0.720639 4.08695 12
      vertex 0.361696 4.13421 7.60827
    endloop
  endfacet
  facet normal -0.130502 -0.991448 -1.30695e-06
    outer loop
      vertex 0.564333 4.10753 7.55049
      vertex 0.720639 4.08695 12
      vertex 0.427051 4.1256 7.59378
    endloop
  endfacet
  facet normal -0.13054 -0.991443 7.53075e-08
    outer loop
      vertex 0.69732 4.09002 7.49541
      vertex 0.720639 4.08695 12
      vertex 0.564333 4.10753 7.55049
    endloop
  endfacet
  facet normal -0.130526 -0.991445 -0
    outer loop
      vertex 0.720639 4.08695 12
      vertex 0.69732 4.09002 7.49541
      vertex 0.720639 4.08695 7.48327
    endloop
  endfacet
  facet normal -0.130538 -0.991443 0
    outer loop
      vertex 0.720639 4.08695 0
      vertex 0.361696 4.13421 4.39173
      vertex 0.361696 4.13421 0
    endloop
  endfacet
  facet normal -0.130612 -0.991434 -6.18132e-06
    outer loop
      vertex 0.361696 4.13421 4.39173
      vertex 0.720639 4.08695 0
      vertex 0.427051 4.1256 4.40622
    endloop
  endfacet
  facet normal -0.130502 -0.991448 1.30695e-06
    outer loop
      vertex 0.427051 4.1256 4.40622
      vertex 0.720639 4.08695 0
      vertex 0.564333 4.10753 4.44951
    endloop
  endfacet
  facet normal -0.13054 -0.991443 -7.53075e-08
    outer loop
      vertex 0.564333 4.10753 4.44951
      vertex 0.720639 4.08695 0
      vertex 0.69732 4.09002 4.50459
    endloop
  endfacet
  facet normal -0.130526 -0.991445 0
    outer loop
      vertex 0.69732 4.09002 4.50459
      vertex 0.720639 4.08695 0
      vertex 0.720639 4.08695 4.51673
    endloop
  endfacet
  facet normal 0 1 0
    outer loop
      vertex 2.30104 -3.45 12
      vertex 0 -3.45 7.65
      vertex -2.30104 -3.45 12
    endloop
  endfacet
  facet normal 0 1 0
    outer loop
      vertex 2.30104 -3.45 12
      vertex 0.143806 -3.45 7.64372
      vertex 0 -3.45 7.65
    endloop
  endfacet
  facet normal 0 1 0
    outer loop
      vertex 2.30104 -3.45 12
      vertex 0.286519 -3.45 7.62493
      vertex 0.143806 -3.45 7.64372
    endloop
  endfacet
  facet normal 0 1 0
    outer loop
      vertex 2.30104 -3.45 12
      vertex 0.427051 -3.45 7.59378
      vertex 0.286519 -3.45 7.62493
    endloop
  endfacet
  facet normal 0 1 0
    outer loop
      vertex 2.30104 -3.45 12
      vertex 0.564333 -3.45 7.55049
      vertex 0.427051 -3.45 7.59378
    endloop
  endfacet
  facet normal 0 1 0
    outer loop
      vertex 2.30104 -3.45 12
      vertex 0.69732 -3.45 7.49541
      vertex 0.564333 -3.45 7.55049
    endloop
  endfacet
  facet normal 0 1 0
    outer loop
      vertex 2.30104 -3.45 12
      vertex 0.825 -3.45 7.42894
      vertex 0.69732 -3.45 7.49541
    endloop
  endfacet
  facet normal 0 1 0
    outer loop
      vertex 2.30104 -3.45 12
      vertex 0.946401 -3.45 7.3516
      vertex 0.825 -3.45 7.42894
    endloop
  endfacet
  facet normal 0 1 0
    outer loop
      vertex 2.30104 -3.45 12
      vertex 1.0606 -3.45 7.26397
      vertex 0.946401 -3.45 7.3516
    endloop
  endfacet
  facet normal 0 1 0
    outer loop
      vertex 2.30104 -3.45 12
      vertex 1.16673 -3.45 7.16673
      vertex 1.0606 -3.45 7.26397
    endloop
  endfacet
  facet normal 0 1 0
    outer loop
      vertex 2.30104 -3.45 12
      vertex 1.26397 -3.45 7.0606
      vertex 1.16673 -3.45 7.16673
    endloop
  endfacet
  facet normal 0 1 0
    outer loop
      vertex 2.30104 -3.45 12
      vertex 1.3516 -3.45 6.9464
      vertex 1.26397 -3.45 7.0606
    endloop
  endfacet
  facet normal 0 1 0
    outer loop
      vertex 2.30104 -3.45 12
      vertex 1.42894 -3.45 6.825
      vertex 1.3516 -3.45 6.9464
    endloop
  endfacet
  facet normal 0 1 0
    outer loop
      vertex 2.30104 -3.45 12
      vertex 1.49541 -3.45 6.69732
      vertex 1.42894 -3.45 6.825
    endloop
  endfacet
  facet normal 0 1 0
    outer loop
      vertex 2.30104 -3.45 12
      vertex 1.55049 -3.45 6.56433
      vertex 1.49541 -3.45 6.69732
    endloop
  endfacet
  facet normal 0 1 0
    outer loop
      vertex 2.30104 -3.45 12
      vertex 1.59378 -3.45 6.42705
      vertex 1.55049 -3.45 6.56433
    endloop
  endfacet
  facet normal 0 1 0
    outer loop
      vertex 2.30104 -3.45 12
      vertex 1.62493 -3.45 6.28652
      vertex 1.59378 -3.45 6.42705
    endloop
  endfacet
  facet normal 0 1 0
    outer loop
      vertex 2.30104 -3.45 12
      vertex 1.64372 -3.45 6.14381
      vertex 1.62493 -3.45 6.28652
    endloop
  endfacet
  facet normal 0 1 0
    outer loop
      vertex 2.30104 -3.45 12
      vertex 1.65 -3.45 6
      vertex 1.64372 -3.45 6.14381
    endloop
  endfacet
  facet normal 0 1 -0
    outer loop
      vertex 2.30104 -3.45 0
      vertex 1.65 -3.45 6
      vertex 2.30104 -3.45 12
    endloop
  endfacet
  facet normal 0 1 0
    outer loop
      vertex 0.143806 -3.45 4.35628
      vertex 2.30104 -3.45 0
      vertex 0 -3.45 4.35
    endloop
  endfacet
  facet normal 0 1 0
    outer loop
      vertex 0.286519 -3.45 4.37507
      vertex 2.30104 -3.45 0
      vertex 0.143806 -3.45 4.35628
    endloop
  endfacet
  facet normal 0 1 0
    outer loop
      vertex 0.427051 -3.45 4.40622
      vertex 2.30104 -3.45 0
      vertex 0.286519 -3.45 4.37507
    endloop
  endfacet
  facet normal 0 1 0
    outer loop
      vertex 0.564333 -3.45 4.44951
      vertex 2.30104 -3.45 0
      vertex 0.427051 -3.45 4.40622
    endloop
  endfacet
  facet normal 0 1 0
    outer loop
      vertex 0.69732 -3.45 4.50459
      vertex 2.30104 -3.45 0
      vertex 0.564333 -3.45 4.44951
    endloop
  endfacet
  facet normal 0 1 0
    outer loop
      vertex 0.825 -3.45 4.57106
      vertex 2.30104 -3.45 0
      vertex 0.69732 -3.45 4.50459
    endloop
  endfacet
  facet normal 0 1 0
    outer loop
      vertex 0.946401 -3.45 4.6484
      vertex 2.30104 -3.45 0
      vertex 0.825 -3.45 4.57106
    endloop
  endfacet
  facet normal 0 1 0
    outer loop
      vertex 1.0606 -3.45 4.73603
      vertex 2.30104 -3.45 0
      vertex 0.946401 -3.45 4.6484
    endloop
  endfacet
  facet normal 0 1 0
    outer loop
      vertex 1.16673 -3.45 4.83327
      vertex 2.30104 -3.45 0
      vertex 1.0606 -3.45 4.73603
    endloop
  endfacet
  facet normal 0 1 0
    outer loop
      vertex 1.26397 -3.45 4.9394
      vertex 2.30104 -3.45 0
      vertex 1.16673 -3.45 4.83327
    endloop
  endfacet
  facet normal 0 1 0
    outer loop
      vertex 1.3516 -3.45 5.0536
      vertex 2.30104 -3.45 0
      vertex 1.26397 -3.45 4.9394
    endloop
  endfacet
  facet normal 0 1 0
    outer loop
      vertex 1.42894 -3.45 5.175
      vertex 2.30104 -3.45 0
      vertex 1.3516 -3.45 5.0536
    endloop
  endfacet
  facet normal 0 1 0
    outer loop
      vertex 1.49541 -3.45 5.30268
      vertex 2.30104 -3.45 0
      vertex 1.42894 -3.45 5.175
    endloop
  endfacet
  facet normal 0 1 0
    outer loop
      vertex 1.55049 -3.45 5.43567
      vertex 2.30104 -3.45 0
      vertex 1.49541 -3.45 5.30268
    endloop
  endfacet
  facet normal 0 1 0
    outer loop
      vertex 1.59378 -3.45 5.57295
      vertex 2.30104 -3.45 0
      vertex 1.55049 -3.45 5.43567
    endloop
  endfacet
  facet normal 0 1 0
    outer loop
      vertex 1.62493 -3.45 5.71348
      vertex 2.30104 -3.45 0
      vertex 1.59378 -3.45 5.57295
    endloop
  endfacet
  facet normal 0 1 0
    outer loop
      vertex 1.64372 -3.45 5.85619
      vertex 2.30104 -3.45 0
      vertex 1.62493 -3.45 5.71348
    endloop
  endfacet
  facet normal 0 1 0
    outer loop
      vertex 1.65 -3.45 6
      vertex 2.30104 -3.45 0
      vertex 1.64372 -3.45 5.85619
    endloop
  endfacet
  facet normal 0 1 -0
    outer loop
      vertex -0.143806 -3.45 7.64372
      vertex -2.30104 -3.45 12
      vertex 0 -3.45 7.65
    endloop
  endfacet
  facet normal 0 1 -0
    outer loop
      vertex -0.286519 -3.45 7.62493
      vertex -2.30104 -3.45 12
      vertex -0.143806 -3.45 7.64372
    endloop
  endfacet
  facet normal 0 1 -0
    outer loop
      vertex -0.427051 -3.45 7.59378
      vertex -2.30104 -3.45 12
      vertex -0.286519 -3.45 7.62493
    endloop
  endfacet
  facet normal 0 1 -0
    outer loop
      vertex -0.564333 -3.45 7.55049
      vertex -2.30104 -3.45 12
      vertex -0.427051 -3.45 7.59378
    endloop
  endfacet
  facet normal 0 1 -0
    outer loop
      vertex -0.69732 -3.45 7.49541
      vertex -2.30104 -3.45 12
      vertex -0.564333 -3.45 7.55049
    endloop
  endfacet
  facet normal 0 1 -0
    outer loop
      vertex -0.825 -3.45 7.42894
      vertex -2.30104 -3.45 12
      vertex -0.69732 -3.45 7.49541
    endloop
  endfacet
  facet normal 0 1 -0
    outer loop
      vertex -0.946401 -3.45 7.3516
      vertex -2.30104 -3.45 12
      vertex -0.825 -3.45 7.42894
    endloop
  endfacet
  facet normal 0 1 -0
    outer loop
      vertex -1.0606 -3.45 7.26397
      vertex -2.30104 -3.45 12
      vertex -0.946401 -3.45 7.3516
    endloop
  endfacet
  facet normal 0 1 -0
    outer loop
      vertex -1.16673 -3.45 7.16673
      vertex -2.30104 -3.45 12
      vertex -1.0606 -3.45 7.26397
    endloop
  endfacet
  facet normal 0 1 -0
    outer loop
      vertex -1.26397 -3.45 7.0606
      vertex -2.30104 -3.45 12
      vertex -1.16673 -3.45 7.16673
    endloop
  endfacet
  facet normal 0 1 -0
    outer loop
      vertex -1.3516 -3.45 6.9464
      vertex -2.30104 -3.45 12
      vertex -1.26397 -3.45 7.0606
    endloop
  endfacet
  facet normal 0 1 -0
    outer loop
      vertex -1.42894 -3.45 6.825
      vertex -2.30104 -3.45 12
      vertex -1.3516 -3.45 6.9464
    endloop
  endfacet
  facet normal 0 1 -0
    outer loop
      vertex -1.49541 -3.45 6.69732
      vertex -2.30104 -3.45 12
      vertex -1.42894 -3.45 6.825
    endloop
  endfacet
  facet normal 0 1 -0
    outer loop
      vertex -1.55049 -3.45 6.56433
      vertex -2.30104 -3.45 12
      vertex -1.49541 -3.45 6.69732
    endloop
  endfacet
  facet normal 0 1 -0
    outer loop
      vertex -1.59378 -3.45 6.42705
      vertex -2.30104 -3.45 12
      vertex -1.55049 -3.45 6.56433
    endloop
  endfacet
  facet normal 0 1 -0
    outer loop
      vertex -1.62493 -3.45 6.28652
      vertex -2.30104 -3.45 12
      vertex -1.59378 -3.45 6.42705
    endloop
  endfacet
  facet normal 0 1 -0
    outer loop
      vertex -1.64372 -3.45 6.14381
      vertex -2.30104 -3.45 12
      vertex -1.62493 -3.45 6.28652
    endloop
  endfacet
  facet normal 0 1 -0
    outer loop
      vertex -1.65 -3.45 6
      vertex -2.30104 -3.45 12
      vertex -1.64372 -3.45 6.14381
    endloop
  endfacet
  facet normal 0 1 0
    outer loop
      vertex -2.30104 -3.45 0
      vertex -1.65 -3.45 6
      vertex -1.64372 -3.45 5.85619
    endloop
  endfacet
  facet normal 0 1 0
    outer loop
      vertex -2.30104 -3.45 0
      vertex 0 -3.45 4.35
      vertex 2.30104 -3.45 0
    endloop
  endfacet
  facet normal 0 1 0
    outer loop
      vertex 0 -3.45 4.35
      vertex -2.30104 -3.45 0
      vertex -0.143806 -3.45 4.35628
    endloop
  endfacet
  facet normal 0 1 0
    outer loop
      vertex -0.143806 -3.45 4.35628
      vertex -2.30104 -3.45 0
      vertex -0.286519 -3.45 4.37507
    endloop
  endfacet
  facet normal 0 1 0
    outer loop
      vertex -0.286519 -3.45 4.37507
      vertex -2.30104 -3.45 0
      vertex -0.427051 -3.45 4.40622
    endloop
  endfacet
  facet normal 0 1 0
    outer loop
      vertex -0.427051 -3.45 4.40622
      vertex -2.30104 -3.45 0
      vertex -0.564333 -3.45 4.44951
    endloop
  endfacet
  facet normal 0 1 0
    outer loop
      vertex -0.564333 -3.45 4.44951
      vertex -2.30104 -3.45 0
      vertex -0.69732 -3.45 4.50459
    endloop
  endfacet
  facet normal 0 1 0
    outer loop
      vertex -0.69732 -3.45 4.50459
      vertex -2.30104 -3.45 0
      vertex -0.825 -3.45 4.57106
    endloop
  endfacet
  facet normal 0 1 0
    outer loop
      vertex -0.825 -3.45 4.57106
      vertex -2.30104 -3.45 0
      vertex -0.946401 -3.45 4.6484
    endloop
  endfacet
  facet normal 0 1 0
    outer loop
      vertex -0.946401 -3.45 4.6484
      vertex -2.30104 -3.45 0
      vertex -1.0606 -3.45 4.73603
    endloop
  endfacet
  facet normal 0 1 0
    outer loop
      vertex -1.0606 -3.45 4.73603
      vertex -2.30104 -3.45 0
      vertex -1.16673 -3.45 4.83327
    endloop
  endfacet
  facet normal 0 1 0
    outer loop
      vertex -1.16673 -3.45 4.83327
      vertex -2.30104 -3.45 0
      vertex -1.26397 -3.45 4.9394
    endloop
  endfacet
  facet normal 0 1 0
    outer loop
      vertex -1.65 -3.45 6
      vertex -2.30104 -3.45 0
      vertex -2.30104 -3.45 12
    endloop
  endfacet
  facet normal 0 1 0
    outer loop
      vertex -1.62493 -3.45 5.71348
      vertex -2.30104 -3.45 0
      vertex -1.64372 -3.45 5.85619
    endloop
  endfacet
  facet normal 0 1 0
    outer loop
      vertex -1.59378 -3.45 5.57295
      vertex -2.30104 -3.45 0
      vertex -1.62493 -3.45 5.71348
    endloop
  endfacet
  facet normal 0 1 0
    outer loop
      vertex -1.55049 -3.45 5.43567
      vertex -2.30104 -3.45 0
      vertex -1.59378 -3.45 5.57295
    endloop
  endfacet
  facet normal 0 1 0
    outer loop
      vertex -1.49541 -3.45 5.30268
      vertex -2.30104 -3.45 0
      vertex -1.55049 -3.45 5.43567
    endloop
  endfacet
  facet normal 0 1 0
    outer loop
      vertex -1.42894 -3.45 5.175
      vertex -2.30104 -3.45 0
      vertex -1.49541 -3.45 5.30268
    endloop
  endfacet
  facet normal 0 1 0
    outer loop
      vertex -1.3516 -3.45 5.0536
      vertex -2.30104 -3.45 0
      vertex -1.42894 -3.45 5.175
    endloop
  endfacet
  facet normal 0 1 0
    outer loop
      vertex -1.26397 -3.45 4.9394
      vertex -2.30104 -3.45 0
      vertex -1.3516 -3.45 5.0536
    endloop
  endfacet
  facet normal 0.999047 -0.0436469 0
    outer loop
      vertex 12.9505 -1.13302 49
      vertex 13 0 0
      vertex 13 0 49
    endloop
  endfacet
  facet normal 0.999047 -0.0436469 0
    outer loop
      vertex 13 0 0
      vertex 12.9505 -1.13302 49
      vertex 12.9505 -1.13302 0
    endloop
  endfacet
  facet normal 0.991448 0.130499 0
    outer loop
      vertex 12.9505 1.13302 49
      vertex 12.8025 2.25743 0
      vertex 12.8025 2.25743 49
    endloop
  endfacet
  facet normal 0.991448 0.130499 0
    outer loop
      vertex 12.8025 2.25743 0
      vertex 12.9505 1.13302 49
      vertex 12.9505 1.13302 0
    endloop
  endfacet
  facet normal 0.999047 0.0436469 0
    outer loop
      vertex 13 0 49
      vertex 12.9505 1.13302 0
      vertex 12.9505 1.13302 49
    endloop
  endfacet
  facet normal 0.999047 0.0436469 0
    outer loop
      vertex 12.9505 1.13302 0
      vertex 13 0 49
      vertex 13 0 0
    endloop
  endfacet
  facet normal 0.976289 0.216469 0
    outer loop
      vertex 12.8025 2.25743 49
      vertex 12.557 3.36465 0
      vertex 12.557 3.36465 49
    endloop
  endfacet
  facet normal 0.976289 0.216469 0
    outer loop
      vertex 12.557 3.36465 0
      vertex 12.8025 2.25743 49
      vertex 12.8025 2.25743 0
    endloop
  endfacet
  facet normal -0.130499 0.991448 0
    outer loop
      vertex -1.13302 12.9505 36.825
      vertex -2.25743 12.8025 49
      vertex -1.13302 12.9505 49
    endloop
  endfacet
  facet normal -0.130638 0.99143 -1.30921e-05
    outer loop
      vertex -1.23319 12.9373 36.7612
      vertex -2.25743 12.8025 49
      vertex -1.13302 12.9505 36.825
    endloop
  endfacet
  facet normal -0.12997 0.991518 4.37718e-05
    outer loop
      vertex -1.38199 12.9178 36.647
      vertex -2.25743 12.8025 49
      vertex -1.23319 12.9373 36.7612
    endloop
  endfacet
  facet normal -0.13115 0.991363 -4.12601e-05
    outer loop
      vertex -1.52028 12.8995 36.5203
      vertex -2.25743 12.8025 49
      vertex -1.38199 12.9178 36.647
    endloop
  endfacet
  facet normal -0.129923 0.991524 3.24839e-05
    outer loop
      vertex -1.647 12.8829 36.382
      vertex -2.25743 12.8025 49
      vertex -1.52028 12.8995 36.5203
    endloop
  endfacet
  facet normal -0.131075 0.991372 -2.42225e-05
    outer loop
      vertex -1.76118 12.8678 36.2332
      vertex -2.25743 12.8025 49
      vertex -1.647 12.8829 36.382
    endloop
  endfacet
  facet normal -0.129915 0.991525 2.16324e-05
    outer loop
      vertex -1.86195 12.8546 36.075
      vertex -2.25743 12.8025 49
      vertex -1.76118 12.8678 36.2332
    endloop
  endfacet
  facet normal -0.130505 0.991448 3.26985e-06
    outer loop
      vertex -1.94856 12.8432 35.9086
      vertex -2.25743 12.8025 49
      vertex -1.86195 12.8546 36.075
    endloop
  endfacet
  facet normal -0.131174 0.991359 -1.27949e-05
    outer loop
      vertex -2.02034 12.8337 35.7353
      vertex -2.25743 12.8025 49
      vertex -1.94856 12.8432 35.9086
    endloop
  endfacet
  facet normal -0.130111 0.991499 6.53959e-06
    outer loop
      vertex -2.07674 12.8263 35.5565
      vertex -2.25743 12.8025 49
      vertex -2.02034 12.8337 35.7353
    endloop
  endfacet
  facet normal -0.131772 0.99128 -1.61746e-05
    outer loop
      vertex -2.11734 12.8209 35.3733
      vertex -2.25743 12.8025 49
      vertex -2.07674 12.8263 35.5565
    endloop
  endfacet
  facet normal -0.12966 0.991558 5.91145e-06
    outer loop
      vertex -2.14182 12.8177 35.1874
      vertex -2.25743 12.8025 49
      vertex -2.11734 12.8209 35.3733
    endloop
  endfacet
  facet normal -0.132805 0.991142 -2.08677e-05
    outer loop
      vertex -2.15 12.8166 35
      vertex -2.25743 12.8025 49
      vertex -2.14182 12.8177 35.1874
    endloop
  endfacet
  facet normal -0.130647 0.991429 0
    outer loop
      vertex -1.13302 12.9505 7.19761
      vertex -1.23319 12.9373 33.2388
      vertex -1.13302 12.9505 33.175
    endloop
  endfacet
  facet normal -0.129935 0.991522 2.78325e-06
    outer loop
      vertex -1.13302 12.9505 7.19761
      vertex -1.38199 12.9178 33.353
      vertex -1.23319 12.9373 33.2388
    endloop
  endfacet
  facet normal -0.129434 0.991588 7.63604e-06
    outer loop
      vertex -1.16673 12.9461 7.16673
      vertex -1.38199 12.9178 33.353
      vertex -1.13302 12.9505 7.19761
    endloop
  endfacet
  facet normal -0.131193 0.991357 -7.07543e-06
    outer loop
      vertex -1.38199 12.9178 33.353
      vertex -1.16673 12.9461 7.16673
      vertex -1.52028 12.8995 33.4797
    endloop
  endfacet
  facet normal -0.13051 0.991447 2.26992e-06
    outer loop
      vertex -1.26397 12.9333 7.0606
      vertex -1.52028 12.8995 33.4797
      vertex -1.16673 12.9461 7.16673
    endloop
  endfacet
  facet normal -0.129879 0.99153 8.49828e-06
    outer loop
      vertex -1.52028 12.8995 33.4797
      vertex -1.26397 12.9333 7.0606
      vertex -1.647 12.8829 33.618
    endloop
  endfacet
  facet normal -0.130124 0.991498 4.89567e-06
    outer loop
      vertex -1.3516 12.9218 6.9464
      vertex -1.647 12.8829 33.618
      vertex -1.26397 12.9333 7.0606
    endloop
  endfacet
  facet normal -0.131114 0.991367 -6.25524e-06
    outer loop
      vertex -1.647 12.8829 33.618
      vertex -1.3516 12.9218 6.9464
      vertex -1.76118 12.8678 33.7668
    endloop
  endfacet
  facet normal -0.130752 0.991415 -6.32934e-07
    outer loop
      vertex -1.42894 12.9116 6.825
      vertex -1.76118 12.8678 33.7668
      vertex -1.3516 12.9218 6.9464
    endloop
  endfacet
  facet normal -0.129866 0.991532 1.04867e-05
    outer loop
      vertex -1.76118 12.8678 33.7668
      vertex -1.42894 12.9116 6.825
      vertex -1.86195 12.8546 33.925
    endloop
  endfacet
  facet normal -0.131223 0.991353 -1.15857e-05
    outer loop
      vertex -1.49541 12.9028 6.69732
      vertex -1.86195 12.8546 33.925
      vertex -1.42894 12.9116 6.825
    endloop
  endfacet
  facet normal -0.130502 0.991448 -1.70651e-06
    outer loop
      vertex -1.86195 12.8546 33.925
      vertex -1.49541 12.9028 6.69732
      vertex -1.94856 12.8432 34.0914
    endloop
  endfacet
  facet normal -0.129646 0.99156 1.2694e-05
    outer loop
      vertex -1.55049 12.8956 6.56433
      vertex -1.94856 12.8432 34.0914
      vertex -1.49541 12.9028 6.69732
    endloop
  endfacet
  facet normal -0.13123 0.991352 -1.06018e-05
    outer loop
      vertex -1.94856 12.8432 34.0914
      vertex -1.55049 12.8956 6.56433
      vertex -2.02034 12.8337 34.2647
    endloop
  endfacet
  facet normal -0.130547 0.991442 1.18159e-06
    outer loop
      vertex -1.59378 12.8899 6.42705
      vertex -2.02034 12.8337 34.2647
      vertex -1.55049 12.8956 6.56433
    endloop
  endfacet
  facet normal -0.130064 0.991506 8.71913e-06
    outer loop
      vertex -2.02034 12.8337 34.2647
      vertex -1.59378 12.8899 6.42705
      vertex -2.07674 12.8263 34.4435
    endloop
  endfacet
  facet normal -0.1305 0.991448 1.05829e-06
    outer loop
      vertex -1.62493 12.8858 6.28652
      vertex -2.07674 12.8263 34.4435
      vertex -1.59378 12.8899 6.42705
    endloop
  endfacet
  facet normal -0.131944 0.991257 -2.25042e-05
    outer loop
      vertex -2.07674 12.8263 34.4435
      vertex -1.62493 12.8858 6.28652
      vertex -2.11734 12.8209 34.6267
    endloop
  endfacet
  facet normal -0.131745 0.991284 -1.90007e-05
    outer loop
      vertex -1.64372 12.8833 6.14381
      vertex -2.11734 12.8209 34.6267
      vertex -1.62493 12.8858 6.28652
    endloop
  endfacet
  facet normal -0.129471 0.991583 1.94796e-05
    outer loop
      vertex -2.11734 12.8209 34.6267
      vertex -1.64372 12.8833 6.14381
      vertex -2.14182 12.8177 34.8126
    endloop
  endfacet
  facet normal -0.130538 0.991443 6.19023e-07
    outer loop
      vertex -2.25743 12.8025 0
      vertex -2.14182 12.8177 34.8126
      vertex -1.64372 12.8833 6.14381
    endloop
  endfacet
  facet normal -0.133762 0.991013 0.0003283
    outer loop
      vertex -2.25743 12.8025 0
      vertex -1.64372 12.8833 6.14381
      vertex -1.65 12.8825 6
    endloop
  endfacet
  facet normal -0.130499 0.991448 0
    outer loop
      vertex -2.25743 12.8025 0
      vertex -1.13302 12.9505 4.80239
      vertex -1.13302 12.9505 0
    endloop
  endfacet
  facet normal -0.129617 0.991564 -0.000210184
    outer loop
      vertex -1.13302 12.9505 4.80239
      vertex -2.25743 12.8025 0
      vertex -1.16673 12.9461 4.83327
    endloop
  endfacet
  facet normal -0.130512 0.991447 -4.57687e-06
    outer loop
      vertex -1.16673 12.9461 4.83327
      vertex -2.25743 12.8025 0
      vertex -1.26397 12.9333 4.9394
    endloop
  endfacet
  facet normal -0.130204 0.991487 -6.75411e-05
    outer loop
      vertex -1.26397 12.9333 4.9394
      vertex -2.25743 12.8025 0
      vertex -1.3516 12.9218 5.0536
    endloop
  endfacet
  facet normal -0.130714 0.99142 2.53471e-05
    outer loop
      vertex -1.3516 12.9218 5.0536
      vertex -2.25743 12.8025 0
      vertex -1.42894 12.9116 5.175
    endloop
  endfacet
  facet normal -0.131084 0.991371 8.56003e-05
    outer loop
      vertex -1.42894 12.9116 5.175
      vertex -2.25743 12.8025 0
      vertex -1.49541 12.9028 5.30268
    endloop
  endfacet
  facet normal -0.129843 0.991534 -9.57226e-05
    outer loop
      vertex -1.49541 12.9028 5.30268
      vertex -2.25743 12.8025 0
      vertex -1.55049 12.8956 5.43567
    endloop
  endfacet
  facet normal -0.13055 0.991442 -2.21044e-06
    outer loop
      vertex -1.55049 12.8956 5.43567
      vertex -2.25743 12.8025 0
      vertex -1.59378 12.8899 5.57295
    endloop
  endfacet
  facet normal -0.130521 0.991446 -5.74002e-06
    outer loop
      vertex -1.59378 12.8899 5.57295
      vertex -2.25743 12.8025 0
      vertex -1.62493 12.8858 5.71348
    endloop
  endfacet
  facet normal -0.130132 0.991497 0
    outer loop
      vertex -2.15 12.8166 35
      vertex -2.25743 12.8025 0
      vertex -2.25743 12.8025 49
    endloop
  endfacet
  facet normal -0.133068 0.991107 9.16936e-06
    outer loop
      vertex -2.14182 12.8177 34.8126
      vertex -2.25743 12.8025 0
      vertex -2.15 12.8166 35
    endloop
  endfacet
  facet normal -0.129308 0.991605 -0.000130507
    outer loop
      vertex -1.64372 12.8833 5.85619
      vertex -2.25743 12.8025 0
      vertex -1.65 12.8825 6
    endloop
  endfacet
  facet normal -0.131287 0.991344 8.04782e-05
    outer loop
      vertex -1.62493 12.8858 5.71348
      vertex -2.25743 12.8025 0
      vertex -1.64372 12.8833 5.85619
    endloop
  endfacet
  facet normal 0.0441436 0.999025 -0
    outer loop
      vertex 1.13302 12.9505 0
      vertex 1.0606 12.9537 4.73603
      vertex 1.13302 12.9505 4.80239
    endloop
  endfacet
  facet normal 0.043746 0.999043 -6.09216e-06
    outer loop
      vertex 1.13302 12.9505 0
      vertex 0.946401 12.9587 4.6484
      vertex 1.0606 12.9537 4.73603
    endloop
  endfacet
  facet normal 0.0436225 0.999048 -1.10607e-05
    outer loop
      vertex 1.13302 12.9505 0
      vertex 0.825 12.964 4.57106
      vertex 0.946401 12.9587 4.6484
    endloop
  endfacet
  facet normal 0.0438165 0.99904 2.03742e-06
    outer loop
      vertex 1.13302 12.9505 0
      vertex 0.69732 12.9696 4.50459
      vertex 0.825 12.964 4.57106
    endloop
  endfacet
  facet normal 0.0435805 0.99905 -2.0832e-05
    outer loop
      vertex 1.13302 12.9505 0
      vertex 0.564333 12.9754 4.44951
      vertex 0.69732 12.9696 4.50459
    endloop
  endfacet
  facet normal 0.043667 0.999046 -9.74715e-06
    outer loop
      vertex 1.13302 12.9505 0
      vertex 0.427051 12.9814 4.40622
      vertex 0.564333 12.9754 4.44951
    endloop
  endfacet
  facet normal 0.0433781 0.999059 -5.61348e-05
    outer loop
      vertex 1.13302 12.9505 0
      vertex 0.286519 12.9875 4.37507
      vertex 0.427051 12.9814 4.40622
    endloop
  endfacet
  facet normal 0.0436469 0.999047 -4.01883e-06
    outer loop
      vertex 0 13 0
      vertex 0.286519 12.9875 4.37507
      vertex 1.13302 12.9505 0
    endloop
  endfacet
  facet normal 0.0434013 0.999058 1.20964e-05
    outer loop
      vertex 0.286519 12.9875 4.37507
      vertex 0 13 0
      vertex 0.143806 12.9937 4.35628
    endloop
  endfacet
  facet normal 0.043767 0.999042 0
    outer loop
      vertex 0.143806 12.9937 4.35628
      vertex 0 13 0
      vertex 0 13 4.35
    endloop
  endfacet
  facet normal 0.0436469 0.999047 -1.13073e-06
    outer loop
      vertex 0.187385 12.9918 37.1418
      vertex 0 13 49
      vertex 1.13302 12.9505 49
    endloop
  endfacet
  facet normal 0.0437183 0.999044 0
    outer loop
      vertex 0 13 49
      vertex 0.187385 12.9918 37.1418
      vertex 0 13 37.15
    endloop
  endfacet
  facet normal 0.0435182 0.999053 9.15613e-06
    outer loop
      vertex 1.13302 12.9505 49
      vertex 0.373343 12.9837 37.1173
      vertex 0.187385 12.9918 37.1418
    endloop
  endfacet
  facet normal 0.0436465 0.999047 9.36405e-07
    outer loop
      vertex 1.13302 12.9505 49
      vertex 0.55646 12.9757 37.0767
      vertex 0.373343 12.9837 37.1173
    endloop
  endfacet
  facet normal 0.0435641 0.999051 4.92911e-06
    outer loop
      vertex 1.13302 12.9505 49
      vertex 0.735343 12.9679 37.0203
      vertex 0.55646 12.9757 37.0767
    endloop
  endfacet
  facet normal 0.0438149 0.99904 -3.41154e-06
    outer loop
      vertex 1.13302 12.9505 49
      vertex 0.908628 12.9603 36.9486
      vertex 0.735343 12.9679 37.0203
    endloop
  endfacet
  facet normal 0.0432398 0.999065 7.31525e-06
    outer loop
      vertex 1.13302 12.9505 49
      vertex 1.075 12.9531 36.862
      vertex 0.908628 12.9603 36.9486
    endloop
  endfacet
  facet normal 0.0447672 0.998997 0
    outer loop
      vertex 1.075 12.9531 36.862
      vertex 1.13302 12.9505 49
      vertex 1.13302 12.9505 36.825
    endloop
  endfacet
  facet normal 0.0437183 0.999044 0
    outer loop
      vertex 0.187385 12.9918 32.8582
      vertex 0 13 7.65
      vertex 0 13 32.85
    endloop
  endfacet
  facet normal 0.043517 0.999053 7.03932e-08
    outer loop
      vertex 0.143806 12.9937 7.64372
      vertex 0.187385 12.9918 32.8582
      vertex 0.373343 12.9837 32.8827
    endloop
  endfacet
  facet normal 0.0436462 0.999047 2.70773e-07
    outer loop
      vertex 0.286519 12.9875 7.62493
      vertex 0.373343 12.9837 32.8827
      vertex 0.55646 12.9757 32.9233
    endloop
  endfacet
  facet normal 0.043562 0.999051 1.70451e-06
    outer loop
      vertex 0.564333 12.9754 7.55049
      vertex 0.55646 12.9757 32.9233
      vertex 0.735343 12.9679 32.9797
    endloop
  endfacet
  facet normal 0.0438157 0.99904 1.26986e-06
    outer loop
      vertex 0.69732 12.9696 7.49541
      vertex 0.735343 12.9679 32.9797
      vertex 0.908628 12.9603 33.0514
    endloop
  endfacet
  facet normal 0.0432344 0.999065 3.1587e-06
    outer loop
      vertex 0.825 12.964 7.42894
      vertex 0.908628 12.9603 33.0514
      vertex 1.075 12.9531 33.138
    endloop
  endfacet
  facet normal 0.0447712 0.998997 -6.32703e-06
    outer loop
      vertex 0.946401 12.9587 7.3516
      vertex 1.075 12.9531 33.138
      vertex 1.13302 12.9505 33.175
    endloop
  endfacet
  facet normal 0.043767 0.999042 -3.62643e-07
    outer loop
      vertex 0.187385 12.9918 32.8582
      vertex 0.143806 12.9937 7.64372
      vertex 0 13 7.65
    endloop
  endfacet
  facet normal 0.043403 0.999058 1.10831e-06
    outer loop
      vertex 0.373343 12.9837 32.8827
      vertex 0.286519 12.9875 7.62493
      vertex 0.143806 12.9937 7.64372
    endloop
  endfacet
  facet normal 0.0433664 0.999059 3.26255e-06
    outer loop
      vertex 0.55646 12.9757 32.9233
      vertex 0.427051 12.9814 7.59378
      vertex 0.286519 12.9875 7.62493
    endloop
  endfacet
  facet normal 0.0436645 0.999046 1.73638e-06
    outer loop
      vertex 0.55646 12.9757 32.9233
      vertex 0.564333 12.9754 7.55049
      vertex 0.427051 12.9814 7.59378
    endloop
  endfacet
  facet normal 0.0435725 0.99905 1.63343e-06
    outer loop
      vertex 0.735343 12.9679 32.9797
      vertex 0.69732 12.9696 7.49541
      vertex 0.564333 12.9754 7.55049
    endloop
  endfacet
  facet normal 0.0438182 0.99904 1.24969e-06
    outer loop
      vertex 0.908628 12.9603 33.0514
      vertex 0.825 12.964 7.42894
      vertex 0.69732 12.9696 7.49541
    endloop
  endfacet
  facet normal 0.0436151 0.999048 -5.50068e-07
    outer loop
      vertex 1.075 12.9531 33.138
      vertex 0.946401 12.9587 7.3516
      vertex 0.825 12.964 7.42894
    endloop
  endfacet
  facet normal 0.0437422 0.999043 1.12418e-06
    outer loop
      vertex 1.13302 12.9505 33.175
      vertex 1.0606 12.9537 7.26397
      vertex 0.946401 12.9587 7.3516
    endloop
  endfacet
  facet normal 0.0441436 0.999025 0
    outer loop
      vertex 1.0606 12.9537 7.26397
      vertex 1.13302 12.9505 33.175
      vertex 1.13302 12.9505 7.19761
    endloop
  endfacet
  facet normal 0.216469 -0.976289 0
    outer loop
      vertex 2.25743 -12.8025 0
      vertex 3.36465 -12.557 49
      vertex 2.25743 -12.8025 49
    endloop
  endfacet
  facet normal 0.216469 -0.976289 0
    outer loop
      vertex 3.36465 -12.557 49
      vertex 2.25743 -12.8025 0
      vertex 3.36465 -12.557 0
    endloop
  endfacet
  facet normal -0.608771 0.793346 0
    outer loop
      vertex -7.45649 10.649 0
      vertex -8.35624 9.95858 49
      vertex -7.45649 10.649 49
    endloop
  endfacet
  facet normal -0.608771 0.793346 0
    outer loop
      vertex -8.35624 9.95858 49
      vertex -7.45649 10.649 0
      vertex -8.35624 9.95858 0
    endloop
  endfacet
  facet normal -0.737277 0.67559 0
    outer loop
      vertex -9.95858 8.35624 0
      vertex -9.19239 9.19239 49
      vertex -9.19239 9.19239 0
    endloop
  endfacet
  facet normal -0.737277 0.67559 0
    outer loop
      vertex -9.19239 9.19239 49
      vertex -9.95858 8.35624 0
      vertex -9.95858 8.35624 49
    endloop
  endfacet
  facet normal 0.130499 -0.991448 0
    outer loop
      vertex 1.13302 -12.9505 36.825
      vertex 2.25743 -12.8025 49
      vertex 1.13302 -12.9505 49
    endloop
  endfacet
  facet normal 0.130638 -0.99143 -1.30921e-05
    outer loop
      vertex 1.23319 -12.9373 36.7612
      vertex 2.25743 -12.8025 49
      vertex 1.13302 -12.9505 36.825
    endloop
  endfacet
  facet normal 0.12997 -0.991518 4.37718e-05
    outer loop
      vertex 1.38199 -12.9178 36.647
      vertex 2.25743 -12.8025 49
      vertex 1.23319 -12.9373 36.7612
    endloop
  endfacet
  facet normal 0.13115 -0.991363 -4.12601e-05
    outer loop
      vertex 1.52028 -12.8995 36.5203
      vertex 2.25743 -12.8025 49
      vertex 1.38199 -12.9178 36.647
    endloop
  endfacet
  facet normal 0.129923 -0.991524 3.24839e-05
    outer loop
      vertex 1.647 -12.8829 36.382
      vertex 2.25743 -12.8025 49
      vertex 1.52028 -12.8995 36.5203
    endloop
  endfacet
  facet normal 0.131075 -0.991372 -2.42225e-05
    outer loop
      vertex 1.76118 -12.8678 36.2332
      vertex 2.25743 -12.8025 49
      vertex 1.647 -12.8829 36.382
    endloop
  endfacet
  facet normal 0.129915 -0.991525 2.16324e-05
    outer loop
      vertex 1.86195 -12.8546 36.075
      vertex 2.25743 -12.8025 49
      vertex 1.76118 -12.8678 36.2332
    endloop
  endfacet
  facet normal 0.130505 -0.991448 3.26985e-06
    outer loop
      vertex 1.94856 -12.8432 35.9086
      vertex 2.25743 -12.8025 49
      vertex 1.86195 -12.8546 36.075
    endloop
  endfacet
  facet normal 0.131174 -0.991359 -1.27949e-05
    outer loop
      vertex 2.02034 -12.8337 35.7353
      vertex 2.25743 -12.8025 49
      vertex 1.94856 -12.8432 35.9086
    endloop
  endfacet
  facet normal 0.130111 -0.991499 6.53959e-06
    outer loop
      vertex 2.07674 -12.8263 35.5565
      vertex 2.25743 -12.8025 49
      vertex 2.02034 -12.8337 35.7353
    endloop
  endfacet
  facet normal 0.131772 -0.99128 -1.61746e-05
    outer loop
      vertex 2.11734 -12.8209 35.3733
      vertex 2.25743 -12.8025 49
      vertex 2.07674 -12.8263 35.5565
    endloop
  endfacet
  facet normal 0.12966 -0.991558 5.91145e-06
    outer loop
      vertex 2.14182 -12.8177 35.1874
      vertex 2.25743 -12.8025 49
      vertex 2.11734 -12.8209 35.3733
    endloop
  endfacet
  facet normal 0.132805 -0.991142 -2.08677e-05
    outer loop
      vertex 2.15 -12.8166 35
      vertex 2.25743 -12.8025 49
      vertex 2.14182 -12.8177 35.1874
    endloop
  endfacet
  facet normal 0.130647 -0.991429 0
    outer loop
      vertex 1.13302 -12.9505 7.19761
      vertex 1.23319 -12.9373 33.2388
      vertex 1.13302 -12.9505 33.175
    endloop
  endfacet
  facet normal 0.129935 -0.991522 2.78325e-06
    outer loop
      vertex 1.13302 -12.9505 7.19761
      vertex 1.38199 -12.9178 33.353
      vertex 1.23319 -12.9373 33.2388
    endloop
  endfacet
  facet normal 0.129434 -0.991588 7.63604e-06
    outer loop
      vertex 1.16673 -12.9461 7.16673
      vertex 1.38199 -12.9178 33.353
      vertex 1.13302 -12.9505 7.19761
    endloop
  endfacet
  facet normal 0.131193 -0.991357 -7.07543e-06
    outer loop
      vertex 1.38199 -12.9178 33.353
      vertex 1.16673 -12.9461 7.16673
      vertex 1.52028 -12.8995 33.4797
    endloop
  endfacet
  facet normal 0.13051 -0.991447 2.26992e-06
    outer loop
      vertex 1.26397 -12.9333 7.0606
      vertex 1.52028 -12.8995 33.4797
      vertex 1.16673 -12.9461 7.16673
    endloop
  endfacet
  facet normal 0.129879 -0.99153 8.49828e-06
    outer loop
      vertex 1.52028 -12.8995 33.4797
      vertex 1.26397 -12.9333 7.0606
      vertex 1.647 -12.8829 33.618
    endloop
  endfacet
  facet normal 0.130124 -0.991498 4.89567e-06
    outer loop
      vertex 1.3516 -12.9218 6.9464
      vertex 1.647 -12.8829 33.618
      vertex 1.26397 -12.9333 7.0606
    endloop
  endfacet
  facet normal 0.131114 -0.991367 -6.25524e-06
    outer loop
      vertex 1.647 -12.8829 33.618
      vertex 1.3516 -12.9218 6.9464
      vertex 1.76118 -12.8678 33.7668
    endloop
  endfacet
  facet normal 0.130752 -0.991415 -6.32934e-07
    outer loop
      vertex 1.42894 -12.9116 6.825
      vertex 1.76118 -12.8678 33.7668
      vertex 1.3516 -12.9218 6.9464
    endloop
  endfacet
  facet normal 0.129866 -0.991532 1.04867e-05
    outer loop
      vertex 1.76118 -12.8678 33.7668
      vertex 1.42894 -12.9116 6.825
      vertex 1.86195 -12.8546 33.925
    endloop
  endfacet
  facet normal 0.131223 -0.991353 -1.15857e-05
    outer loop
      vertex 1.49541 -12.9028 6.69732
      vertex 1.86195 -12.8546 33.925
      vertex 1.42894 -12.9116 6.825
    endloop
  endfacet
  facet normal 0.130502 -0.991448 -1.70651e-06
    outer loop
      vertex 1.86195 -12.8546 33.925
      vertex 1.49541 -12.9028 6.69732
      vertex 1.94856 -12.8432 34.0914
    endloop
  endfacet
  facet normal 0.129646 -0.99156 1.2694e-05
    outer loop
      vertex 1.55049 -12.8956 6.56433
      vertex 1.94856 -12.8432 34.0914
      vertex 1.49541 -12.9028 6.69732
    endloop
  endfacet
  facet normal 0.13123 -0.991352 -1.06018e-05
    outer loop
      vertex 1.94856 -12.8432 34.0914
      vertex 1.55049 -12.8956 6.56433
      vertex 2.02034 -12.8337 34.2647
    endloop
  endfacet
  facet normal 0.130547 -0.991442 1.18159e-06
    outer loop
      vertex 1.59378 -12.8899 6.42705
      vertex 2.02034 -12.8337 34.2647
      vertex 1.55049 -12.8956 6.56433
    endloop
  endfacet
  facet normal 0.130064 -0.991506 8.71913e-06
    outer loop
      vertex 2.02034 -12.8337 34.2647
      vertex 1.59378 -12.8899 6.42705
      vertex 2.07674 -12.8263 34.4435
    endloop
  endfacet
  facet normal 0.1305 -0.991448 1.05829e-06
    outer loop
      vertex 1.62493 -12.8858 6.28652
      vertex 2.07674 -12.8263 34.4435
      vertex 1.59378 -12.8899 6.42705
    endloop
  endfacet
  facet normal 0.131944 -0.991257 -2.25042e-05
    outer loop
      vertex 2.07674 -12.8263 34.4435
      vertex 1.62493 -12.8858 6.28652
      vertex 2.11734 -12.8209 34.6267
    endloop
  endfacet
  facet normal 0.131745 -0.991284 -1.90007e-05
    outer loop
      vertex 1.64372 -12.8833 6.14381
      vertex 2.11734 -12.8209 34.6267
      vertex 1.62493 -12.8858 6.28652
    endloop
  endfacet
  facet normal 0.129471 -0.991583 1.94796e-05
    outer loop
      vertex 2.11734 -12.8209 34.6267
      vertex 1.64372 -12.8833 6.14381
      vertex 2.14182 -12.8177 34.8126
    endloop
  endfacet
  facet normal 0.130538 -0.991443 6.19023e-07
    outer loop
      vertex 2.25743 -12.8025 0
      vertex 2.14182 -12.8177 34.8126
      vertex 1.64372 -12.8833 6.14381
    endloop
  endfacet
  facet normal 0.133762 -0.991013 0.0003283
    outer loop
      vertex 2.25743 -12.8025 0
      vertex 1.64372 -12.8833 6.14381
      vertex 1.65 -12.8825 6
    endloop
  endfacet
  facet normal 0.130499 -0.991448 0
    outer loop
      vertex 2.25743 -12.8025 0
      vertex 1.13302 -12.9505 4.80239
      vertex 1.13302 -12.9505 0
    endloop
  endfacet
  facet normal 0.129617 -0.991564 -0.000210184
    outer loop
      vertex 1.13302 -12.9505 4.80239
      vertex 2.25743 -12.8025 0
      vertex 1.16673 -12.9461 4.83327
    endloop
  endfacet
  facet normal 0.130512 -0.991447 -4.57687e-06
    outer loop
      vertex 1.16673 -12.9461 4.83327
      vertex 2.25743 -12.8025 0
      vertex 1.26397 -12.9333 4.9394
    endloop
  endfacet
  facet normal 0.130204 -0.991487 -6.75411e-05
    outer loop
      vertex 1.26397 -12.9333 4.9394
      vertex 2.25743 -12.8025 0
      vertex 1.3516 -12.9218 5.0536
    endloop
  endfacet
  facet normal 0.130714 -0.99142 2.53471e-05
    outer loop
      vertex 1.3516 -12.9218 5.0536
      vertex 2.25743 -12.8025 0
      vertex 1.42894 -12.9116 5.175
    endloop
  endfacet
  facet normal 0.131084 -0.991371 8.56003e-05
    outer loop
      vertex 1.42894 -12.9116 5.175
      vertex 2.25743 -12.8025 0
      vertex 1.49541 -12.9028 5.30268
    endloop
  endfacet
  facet normal 0.129843 -0.991534 -9.57226e-05
    outer loop
      vertex 1.49541 -12.9028 5.30268
      vertex 2.25743 -12.8025 0
      vertex 1.55049 -12.8956 5.43567
    endloop
  endfacet
  facet normal 0.13055 -0.991442 -2.21044e-06
    outer loop
      vertex 1.55049 -12.8956 5.43567
      vertex 2.25743 -12.8025 0
      vertex 1.59378 -12.8899 5.57295
    endloop
  endfacet
  facet normal 0.130521 -0.991446 -5.74002e-06
    outer loop
      vertex 1.59378 -12.8899 5.57295
      vertex 2.25743 -12.8025 0
      vertex 1.62493 -12.8858 5.71348
    endloop
  endfacet
  facet normal 0.130132 -0.991497 0
    outer loop
      vertex 2.15 -12.8166 35
      vertex 2.25743 -12.8025 0
      vertex 2.25743 -12.8025 49
    endloop
  endfacet
  facet normal 0.133068 -0.991107 9.16936e-06
    outer loop
      vertex 2.14182 -12.8177 34.8126
      vertex 2.25743 -12.8025 0
      vertex 2.15 -12.8166 35
    endloop
  endfacet
  facet normal 0.129308 -0.991605 -0.000130507
    outer loop
      vertex 1.64372 -12.8833 5.85619
      vertex 2.25743 -12.8025 0
      vertex 1.65 -12.8825 6
    endloop
  endfacet
  facet normal 0.131287 -0.991344 8.04782e-05
    outer loop
      vertex 1.62493 -12.8858 5.71348
      vertex 2.25743 -12.8025 0
      vertex 1.64372 -12.8833 5.85619
    endloop
  endfacet
  facet normal -0.843412 -0.537267 0
    outer loop
      vertex -10.649 -7.45649 0
      vertex -11.2583 -6.5 49
      vertex -11.2583 -6.5 0
    endloop
  endfacet
  facet normal -0.843412 -0.537267 0
    outer loop
      vertex -11.2583 -6.5 49
      vertex -10.649 -7.45649 0
      vertex -10.649 -7.45649 49
    endloop
  endfacet
  facet normal 0.923881 0.38268 0
    outer loop
      vertex 12.216 4.44626 49
      vertex 11.782 5.49404 0
      vertex 11.782 5.49404 49
    endloop
  endfacet
  facet normal 0.923881 0.38268 0
    outer loop
      vertex 11.782 5.49404 0
      vertex 12.216 4.44626 49
      vertex 12.216 4.44626 0
    endloop
  endfacet
  facet normal 0.46177 -0.887 0
    outer loop
      vertex 5.49404 -11.782 0
      vertex 6.5 -11.2583 49
      vertex 5.49404 -11.782 49
    endloop
  endfacet
  facet normal 0.46177 -0.887 0
    outer loop
      vertex 6.5 -11.2583 49
      vertex 5.49404 -11.782 0
      vertex 6.5 -11.2583 0
    endloop
  endfacet
  facet normal 0.737277 -0.67559 0
    outer loop
      vertex 9.19239 -9.19239 49
      vertex 9.95858 -8.35624 0
      vertex 9.95858 -8.35624 49
    endloop
  endfacet
  facet normal 0.737277 -0.67559 0
    outer loop
      vertex 9.95858 -8.35624 0
      vertex 9.19239 -9.19239 49
      vertex 9.19239 -9.19239 0
    endloop
  endfacet
  facet normal -0.38268 0.923881 0
    outer loop
      vertex -4.44626 12.216 0
      vertex -5.49404 11.782 49
      vertex -4.44626 12.216 49
    endloop
  endfacet
  facet normal -0.38268 0.923881 0
    outer loop
      vertex -5.49404 11.782 49
      vertex -4.44626 12.216 0
      vertex -5.49404 11.782 0
    endloop
  endfacet
  facet normal 0.923881 -0.38268 0
    outer loop
      vertex 11.782 -5.49404 49
      vertex 12.216 -4.44626 0
      vertex 12.216 -4.44626 49
    endloop
  endfacet
  facet normal 0.923881 -0.38268 0
    outer loop
      vertex 12.216 -4.44626 0
      vertex 11.782 -5.49404 49
      vertex 11.782 -5.49404 0
    endloop
  endfacet
  facet normal 0.67559 0.737277 -0
    outer loop
      vertex 9.19239 9.19239 0
      vertex 8.35624 9.95858 49
      vertex 9.19239 9.19239 49
    endloop
  endfacet
  facet normal 0.67559 0.737277 0
    outer loop
      vertex 8.35624 9.95858 49
      vertex 9.19239 9.19239 0
      vertex 8.35624 9.95858 0
    endloop
  endfacet
  facet normal -0.976289 0.216469 0
    outer loop
      vertex -12.8025 2.25743 0
      vertex -12.557 3.36465 49
      vertex -12.557 3.36465 0
    endloop
  endfacet
  facet normal -0.976289 0.216469 0
    outer loop
      vertex -12.557 3.36465 49
      vertex -12.8025 2.25743 0
      vertex -12.8025 2.25743 49
    endloop
  endfacet
  facet normal -0.38268 -0.923881 0
    outer loop
      vertex -5.49404 -11.782 0
      vertex -4.44626 -12.216 49
      vertex -5.49404 -11.782 49
    endloop
  endfacet
  facet normal -0.38268 -0.923881 -0
    outer loop
      vertex -4.44626 -12.216 49
      vertex -5.49404 -11.782 0
      vertex -4.44626 -12.216 0
    endloop
  endfacet
  facet normal 0.843412 0.537267 0
    outer loop
      vertex 11.2583 6.5 49
      vertex 10.649 7.45649 0
      vertex 10.649 7.45649 49
    endloop
  endfacet
  facet normal 0.843412 0.537267 0
    outer loop
      vertex 10.649 7.45649 0
      vertex 11.2583 6.5 49
      vertex 11.2583 6.5 0
    endloop
  endfacet
  facet normal 0.38268 0.923881 -0
    outer loop
      vertex 5.49404 11.782 0
      vertex 4.44626 12.216 49
      vertex 5.49404 11.782 49
    endloop
  endfacet
  facet normal 0.38268 0.923881 0
    outer loop
      vertex 4.44626 12.216 49
      vertex 5.49404 11.782 0
      vertex 4.44626 12.216 0
    endloop
  endfacet
  facet normal -0.043767 0.999042 0
    outer loop
      vertex 0 13 0
      vertex -0.143806 12.9937 4.35628
      vertex 0 13 4.35
    endloop
  endfacet
  facet normal -0.0434013 0.999058 1.20964e-05
    outer loop
      vertex 0 13 0
      vertex -0.286519 12.9875 4.37507
      vertex -0.143806 12.9937 4.35628
    endloop
  endfacet
  facet normal -0.0436469 0.999047 -4.01883e-06
    outer loop
      vertex -1.13302 12.9505 0
      vertex -0.286519 12.9875 4.37507
      vertex 0 13 0
    endloop
  endfacet
  facet normal -0.0433781 0.999059 -5.61348e-05
    outer loop
      vertex -0.286519 12.9875 4.37507
      vertex -1.13302 12.9505 0
      vertex -0.427051 12.9814 4.40622
    endloop
  endfacet
  facet normal -0.043667 0.999046 -9.74715e-06
    outer loop
      vertex -0.427051 12.9814 4.40622
      vertex -1.13302 12.9505 0
      vertex -0.564333 12.9754 4.44951
    endloop
  endfacet
  facet normal -0.0435805 0.99905 -2.0832e-05
    outer loop
      vertex -0.564333 12.9754 4.44951
      vertex -1.13302 12.9505 0
      vertex -0.69732 12.9696 4.50459
    endloop
  endfacet
  facet normal -0.0438165 0.99904 2.03742e-06
    outer loop
      vertex -0.69732 12.9696 4.50459
      vertex -1.13302 12.9505 0
      vertex -0.825 12.964 4.57106
    endloop
  endfacet
  facet normal -0.0436225 0.999048 -1.10607e-05
    outer loop
      vertex -0.825 12.964 4.57106
      vertex -1.13302 12.9505 0
      vertex -0.946401 12.9587 4.6484
    endloop
  endfacet
  facet normal -0.043746 0.999043 -6.09216e-06
    outer loop
      vertex -0.946401 12.9587 4.6484
      vertex -1.13302 12.9505 0
      vertex -1.0606 12.9537 4.73603
    endloop
  endfacet
  facet normal -0.0441436 0.999025 0
    outer loop
      vertex -1.0606 12.9537 4.73603
      vertex -1.13302 12.9505 0
      vertex -1.13302 12.9505 4.80239
    endloop
  endfacet
  facet normal -0.0437183 0.999044 0
    outer loop
      vertex -0.187385 12.9918 37.1418
      vertex 0 13 49
      vertex 0 13 37.15
    endloop
  endfacet
  facet normal -0.0436469 0.999047 -1.13073e-06
    outer loop
      vertex 0 13 49
      vertex -0.187385 12.9918 37.1418
      vertex -1.13302 12.9505 49
    endloop
  endfacet
  facet normal -0.0435182 0.999053 9.15613e-06
    outer loop
      vertex -0.373343 12.9837 37.1173
      vertex -1.13302 12.9505 49
      vertex -0.187385 12.9918 37.1418
    endloop
  endfacet
  facet normal -0.0436465 0.999047 9.36405e-07
    outer loop
      vertex -0.55646 12.9757 37.0767
      vertex -1.13302 12.9505 49
      vertex -0.373343 12.9837 37.1173
    endloop
  endfacet
  facet normal -0.0435641 0.999051 4.92911e-06
    outer loop
      vertex -0.735343 12.9679 37.0203
      vertex -1.13302 12.9505 49
      vertex -0.55646 12.9757 37.0767
    endloop
  endfacet
  facet normal -0.0438149 0.99904 -3.41154e-06
    outer loop
      vertex -0.908628 12.9603 36.9486
      vertex -1.13302 12.9505 49
      vertex -0.735343 12.9679 37.0203
    endloop
  endfacet
  facet normal -0.0432398 0.999065 7.31525e-06
    outer loop
      vertex -1.075 12.9531 36.862
      vertex -1.13302 12.9505 49
      vertex -0.908628 12.9603 36.9486
    endloop
  endfacet
  facet normal -0.0447672 0.998997 0
    outer loop
      vertex -1.13302 12.9505 49
      vertex -1.075 12.9531 36.862
      vertex -1.13302 12.9505 36.825
    endloop
  endfacet
  facet normal -0.0437183 0.999044 0
    outer loop
      vertex 0 13 7.65
      vertex -0.187385 12.9918 32.8582
      vertex 0 13 32.85
    endloop
  endfacet
  facet normal -0.043767 0.999042 -3.62643e-07
    outer loop
      vertex -0.143806 12.9937 7.64372
      vertex -0.187385 12.9918 32.8582
      vertex 0 13 7.65
    endloop
  endfacet
  facet normal -0.043517 0.999053 7.03932e-08
    outer loop
      vertex -0.187385 12.9918 32.8582
      vertex -0.143806 12.9937 7.64372
      vertex -0.373343 12.9837 32.8827
    endloop
  endfacet
  facet normal -0.043403 0.999058 1.10831e-06
    outer loop
      vertex -0.286519 12.9875 7.62493
      vertex -0.373343 12.9837 32.8827
      vertex -0.143806 12.9937 7.64372
    endloop
  endfacet
  facet normal -0.0436462 0.999047 2.70773e-07
    outer loop
      vertex -0.373343 12.9837 32.8827
      vertex -0.286519 12.9875 7.62493
      vertex -0.55646 12.9757 32.9233
    endloop
  endfacet
  facet normal -0.0433664 0.999059 3.26255e-06
    outer loop
      vertex -0.427051 12.9814 7.59378
      vertex -0.55646 12.9757 32.9233
      vertex -0.286519 12.9875 7.62493
    endloop
  endfacet
  facet normal -0.0436645 0.999046 1.73638e-06
    outer loop
      vertex -0.564333 12.9754 7.55049
      vertex -0.55646 12.9757 32.9233
      vertex -0.427051 12.9814 7.59378
    endloop
  endfacet
  facet normal -0.043562 0.999051 1.70451e-06
    outer loop
      vertex -0.55646 12.9757 32.9233
      vertex -0.564333 12.9754 7.55049
      vertex -0.735343 12.9679 32.9797
    endloop
  endfacet
  facet normal -0.0435725 0.99905 1.63343e-06
    outer loop
      vertex -0.69732 12.9696 7.49541
      vertex -0.735343 12.9679 32.9797
      vertex -0.564333 12.9754 7.55049
    endloop
  endfacet
  facet normal -0.0438157 0.99904 1.26986e-06
    outer loop
      vertex -0.735343 12.9679 32.9797
      vertex -0.69732 12.9696 7.49541
      vertex -0.908628 12.9603 33.0514
    endloop
  endfacet
  facet normal -0.0438182 0.99904 1.24969e-06
    outer loop
      vertex -0.825 12.964 7.42894
      vertex -0.908628 12.9603 33.0514
      vertex -0.69732 12.9696 7.49541
    endloop
  endfacet
  facet normal -0.0432344 0.999065 3.1587e-06
    outer loop
      vertex -0.908628 12.9603 33.0514
      vertex -0.825 12.964 7.42894
      vertex -1.075 12.9531 33.138
    endloop
  endfacet
  facet normal -0.0436151 0.999048 -5.50068e-07
    outer loop
      vertex -0.946401 12.9587 7.3516
      vertex -1.075 12.9531 33.138
      vertex -0.825 12.964 7.42894
    endloop
  endfacet
  facet normal -0.0447712 0.998997 -6.32703e-06
    outer loop
      vertex -1.075 12.9531 33.138
      vertex -0.946401 12.9587 7.3516
      vertex -1.13302 12.9505 33.175
    endloop
  endfacet
  facet normal -0.0437422 0.999043 1.12418e-06
    outer loop
      vertex -1.0606 12.9537 7.26397
      vertex -1.13302 12.9505 33.175
      vertex -0.946401 12.9587 7.3516
    endloop
  endfacet
  facet normal -0.0441436 0.999025 0
    outer loop
      vertex -1.13302 12.9505 33.175
      vertex -1.0606 12.9537 7.26397
      vertex -1.13302 12.9505 7.19761
    endloop
  endfacet
  facet normal 0.608771 0.793346 -0
    outer loop
      vertex 8.35624 9.95858 0
      vertex 7.45649 10.649 49
      vertex 8.35624 9.95858 49
    endloop
  endfacet
  facet normal 0.608771 0.793346 0
    outer loop
      vertex 7.45649 10.649 49
      vertex 8.35624 9.95858 0
      vertex 7.45649 10.649 0
    endloop
  endfacet
  facet normal 0.46177 0.887 -0
    outer loop
      vertex 6.5 11.2583 0
      vertex 5.49404 11.782 49
      vertex 6.5 11.2583 49
    endloop
  endfacet
  facet normal 0.46177 0.887 0
    outer loop
      vertex 5.49404 11.782 49
      vertex 6.5 11.2583 0
      vertex 5.49404 11.782 0
    endloop
  endfacet
  facet normal -0.976289 -0.216469 0
    outer loop
      vertex -12.557 -3.36465 0
      vertex -12.8025 -2.25743 49
      vertex -12.8025 -2.25743 0
    endloop
  endfacet
  facet normal -0.976289 -0.216469 0
    outer loop
      vertex -12.8025 -2.25743 49
      vertex -12.557 -3.36465 0
      vertex -12.557 -3.36465 49
    endloop
  endfacet
  facet normal -0.300681 -0.953725 0
    outer loop
      vertex -4.44626 -12.216 0
      vertex -3.36465 -12.557 49
      vertex -4.44626 -12.216 49
    endloop
  endfacet
  facet normal -0.300681 -0.953725 -0
    outer loop
      vertex -3.36465 -12.557 49
      vertex -4.44626 -12.216 0
      vertex -3.36465 -12.557 0
    endloop
  endfacet
  facet normal -0.300681 0.953725 0
    outer loop
      vertex -3.36465 12.557 0
      vertex -4.44626 12.216 49
      vertex -3.36465 12.557 49
    endloop
  endfacet
  facet normal -0.300681 0.953725 0
    outer loop
      vertex -4.44626 12.216 49
      vertex -3.36465 12.557 0
      vertex -4.44626 12.216 0
    endloop
  endfacet
  facet normal 0.843412 -0.537267 0
    outer loop
      vertex 10.649 -7.45649 49
      vertex 11.2583 -6.5 0
      vertex 11.2583 -6.5 49
    endloop
  endfacet
  facet normal 0.843412 -0.537267 0
    outer loop
      vertex 11.2583 -6.5 0
      vertex 10.649 -7.45649 49
      vertex 10.649 -7.45649 0
    endloop
  endfacet
  facet normal -0.608771 -0.793346 0
    outer loop
      vertex -8.35624 -9.95858 0
      vertex -7.45649 -10.649 49
      vertex -8.35624 -9.95858 49
    endloop
  endfacet
  facet normal -0.608771 -0.793346 -0
    outer loop
      vertex -7.45649 -10.649 49
      vertex -8.35624 -9.95858 0
      vertex -7.45649 -10.649 0
    endloop
  endfacet
  facet normal -0.0441436 -0.999025 0
    outer loop
      vertex -1.13302 -12.9505 0
      vertex -1.0606 -12.9537 4.73603
      vertex -1.13302 -12.9505 4.80239
    endloop
  endfacet
  facet normal -0.043746 -0.999043 -6.09216e-06
    outer loop
      vertex -1.13302 -12.9505 0
      vertex -0.946401 -12.9587 4.6484
      vertex -1.0606 -12.9537 4.73603
    endloop
  endfacet
  facet normal -0.0436225 -0.999048 -1.10607e-05
    outer loop
      vertex -1.13302 -12.9505 0
      vertex -0.825 -12.964 4.57106
      vertex -0.946401 -12.9587 4.6484
    endloop
  endfacet
  facet normal -0.0438165 -0.99904 2.03742e-06
    outer loop
      vertex -1.13302 -12.9505 0
      vertex -0.69732 -12.9696 4.50459
      vertex -0.825 -12.964 4.57106
    endloop
  endfacet
  facet normal -0.0435805 -0.99905 -2.0832e-05
    outer loop
      vertex -1.13302 -12.9505 0
      vertex -0.564333 -12.9754 4.44951
      vertex -0.69732 -12.9696 4.50459
    endloop
  endfacet
  facet normal -0.043667 -0.999046 -9.74715e-06
    outer loop
      vertex -1.13302 -12.9505 0
      vertex -0.427051 -12.9814 4.40622
      vertex -0.564333 -12.9754 4.44951
    endloop
  endfacet
  facet normal -0.0433781 -0.999059 -5.61348e-05
    outer loop
      vertex -1.13302 -12.9505 0
      vertex -0.286519 -12.9875 4.37507
      vertex -0.427051 -12.9814 4.40622
    endloop
  endfacet
  facet normal -0.0436469 -0.999047 -4.01883e-06
    outer loop
      vertex 0 -13 0
      vertex -0.286519 -12.9875 4.37507
      vertex -1.13302 -12.9505 0
    endloop
  endfacet
  facet normal -0.0434013 -0.999058 1.20964e-05
    outer loop
      vertex -0.286519 -12.9875 4.37507
      vertex 0 -13 0
      vertex -0.143806 -12.9937 4.35628
    endloop
  endfacet
  facet normal -0.043767 -0.999042 0
    outer loop
      vertex -0.143806 -12.9937 4.35628
      vertex 0 -13 0
      vertex 0 -13 4.35
    endloop
  endfacet
  facet normal -0.0436469 -0.999047 -1.13073e-06
    outer loop
      vertex -0.187385 -12.9918 37.1418
      vertex 0 -13 49
      vertex -1.13302 -12.9505 49
    endloop
  endfacet
  facet normal -0.0437183 -0.999044 -0
    outer loop
      vertex 0 -13 49
      vertex -0.187385 -12.9918 37.1418
      vertex 0 -13 37.15
    endloop
  endfacet
  facet normal -0.0435182 -0.999053 9.15613e-06
    outer loop
      vertex -1.13302 -12.9505 49
      vertex -0.373343 -12.9837 37.1173
      vertex -0.187385 -12.9918 37.1418
    endloop
  endfacet
  facet normal -0.0436465 -0.999047 9.36405e-07
    outer loop
      vertex -1.13302 -12.9505 49
      vertex -0.55646 -12.9757 37.0767
      vertex -0.373343 -12.9837 37.1173
    endloop
  endfacet
  facet normal -0.0435641 -0.999051 4.92911e-06
    outer loop
      vertex -1.13302 -12.9505 49
      vertex -0.735343 -12.9679 37.0203
      vertex -0.55646 -12.9757 37.0767
    endloop
  endfacet
  facet normal -0.0438149 -0.99904 -3.41154e-06
    outer loop
      vertex -1.13302 -12.9505 49
      vertex -0.908628 -12.9603 36.9486
      vertex -0.735343 -12.9679 37.0203
    endloop
  endfacet
  facet normal -0.0432398 -0.999065 7.31525e-06
    outer loop
      vertex -1.13302 -12.9505 49
      vertex -1.075 -12.9531 36.862
      vertex -0.908628 -12.9603 36.9486
    endloop
  endfacet
  facet normal -0.0447672 -0.998997 0
    outer loop
      vertex -1.075 -12.9531 36.862
      vertex -1.13302 -12.9505 49
      vertex -1.13302 -12.9505 36.825
    endloop
  endfacet
  facet normal -0.0437183 -0.999044 0
    outer loop
      vertex -0.187385 -12.9918 32.8582
      vertex 0 -13 7.65
      vertex 0 -13 32.85
    endloop
  endfacet
  facet normal -0.043517 -0.999053 7.03932e-08
    outer loop
      vertex -0.143806 -12.9937 7.64372
      vertex -0.187385 -12.9918 32.8582
      vertex -0.373343 -12.9837 32.8827
    endloop
  endfacet
  facet normal -0.0436462 -0.999047 2.70773e-07
    outer loop
      vertex -0.286519 -12.9875 7.62493
      vertex -0.373343 -12.9837 32.8827
      vertex -0.55646 -12.9757 32.9233
    endloop
  endfacet
  facet normal -0.043562 -0.999051 1.70451e-06
    outer loop
      vertex -0.564333 -12.9754 7.55049
      vertex -0.55646 -12.9757 32.9233
      vertex -0.735343 -12.9679 32.9797
    endloop
  endfacet
  facet normal -0.0438157 -0.99904 1.26986e-06
    outer loop
      vertex -0.69732 -12.9696 7.49541
      vertex -0.735343 -12.9679 32.9797
      vertex -0.908628 -12.9603 33.0514
    endloop
  endfacet
  facet normal -0.0432344 -0.999065 3.1587e-06
    outer loop
      vertex -0.825 -12.964 7.42894
      vertex -0.908628 -12.9603 33.0514
      vertex -1.075 -12.9531 33.138
    endloop
  endfacet
  facet normal -0.0447712 -0.998997 -6.32703e-06
    outer loop
      vertex -0.946401 -12.9587 7.3516
      vertex -1.075 -12.9531 33.138
      vertex -1.13302 -12.9505 33.175
    endloop
  endfacet
  facet normal -0.043767 -0.999042 -3.62643e-07
    outer loop
      vertex -0.187385 -12.9918 32.8582
      vertex -0.143806 -12.9937 7.64372
      vertex 0 -13 7.65
    endloop
  endfacet
  facet normal -0.043403 -0.999058 1.10831e-06
    outer loop
      vertex -0.373343 -12.9837 32.8827
      vertex -0.286519 -12.9875 7.62493
      vertex -0.143806 -12.9937 7.64372
    endloop
  endfacet
  facet normal -0.0433664 -0.999059 3.26255e-06
    outer loop
      vertex -0.55646 -12.9757 32.9233
      vertex -0.427051 -12.9814 7.59378
      vertex -0.286519 -12.9875 7.62493
    endloop
  endfacet
  facet normal -0.0436645 -0.999046 1.73638e-06
    outer loop
      vertex -0.55646 -12.9757 32.9233
      vertex -0.564333 -12.9754 7.55049
      vertex -0.427051 -12.9814 7.59378
    endloop
  endfacet
  facet normal -0.0435725 -0.99905 1.63343e-06
    outer loop
      vertex -0.735343 -12.9679 32.9797
      vertex -0.69732 -12.9696 7.49541
      vertex -0.564333 -12.9754 7.55049
    endloop
  endfacet
  facet normal -0.0438182 -0.99904 1.24969e-06
    outer loop
      vertex -0.908628 -12.9603 33.0514
      vertex -0.825 -12.964 7.42894
      vertex -0.69732 -12.9696 7.49541
    endloop
  endfacet
  facet normal -0.0436151 -0.999048 -5.50068e-07
    outer loop
      vertex -1.075 -12.9531 33.138
      vertex -0.946401 -12.9587 7.3516
      vertex -0.825 -12.964 7.42894
    endloop
  endfacet
  facet normal -0.0437422 -0.999043 1.12418e-06
    outer loop
      vertex -1.13302 -12.9505 33.175
      vertex -1.0606 -12.9537 7.26397
      vertex -0.946401 -12.9587 7.3516
    endloop
  endfacet
  facet normal -0.0441436 -0.999025 0
    outer loop
      vertex -1.0606 -12.9537 7.26397
      vertex -1.13302 -12.9505 33.175
      vertex -1.13302 -12.9505 7.19761
    endloop
  endfacet
  facet normal -0.953725 -0.300681 0
    outer loop
      vertex -12.216 -4.44626 0
      vertex -12.557 -3.36465 49
      vertex -12.557 -3.36465 0
    endloop
  endfacet
  facet normal -0.953725 -0.300681 0
    outer loop
      vertex -12.557 -3.36465 49
      vertex -12.216 -4.44626 0
      vertex -12.216 -4.44626 49
    endloop
  endfacet
  facet normal 0.953725 0.300681 0
    outer loop
      vertex 12.557 3.36465 49
      vertex 12.216 4.44626 0
      vertex 12.216 4.44626 49
    endloop
  endfacet
  facet normal 0.953725 0.300681 0
    outer loop
      vertex 12.216 4.44626 0
      vertex 12.557 3.36465 49
      vertex 12.557 3.36465 0
    endloop
  endfacet
  facet normal -0.130499 -0.991448 0
    outer loop
      vertex -2.25743 -12.8025 49
      vertex -1.13302 -12.9505 36.825
      vertex -1.13302 -12.9505 49
    endloop
  endfacet
  facet normal -0.130638 -0.99143 -1.30921e-05
    outer loop
      vertex -2.25743 -12.8025 49
      vertex -1.23319 -12.9373 36.7612
      vertex -1.13302 -12.9505 36.825
    endloop
  endfacet
  facet normal -0.12997 -0.991518 4.37718e-05
    outer loop
      vertex -2.25743 -12.8025 49
      vertex -1.38199 -12.9178 36.647
      vertex -1.23319 -12.9373 36.7612
    endloop
  endfacet
  facet normal -0.13115 -0.991363 -4.12601e-05
    outer loop
      vertex -2.25743 -12.8025 49
      vertex -1.52028 -12.8995 36.5203
      vertex -1.38199 -12.9178 36.647
    endloop
  endfacet
  facet normal -0.129923 -0.991524 3.24839e-05
    outer loop
      vertex -2.25743 -12.8025 49
      vertex -1.647 -12.8829 36.382
      vertex -1.52028 -12.8995 36.5203
    endloop
  endfacet
  facet normal -0.131075 -0.991372 -2.42225e-05
    outer loop
      vertex -2.25743 -12.8025 49
      vertex -1.76118 -12.8678 36.2332
      vertex -1.647 -12.8829 36.382
    endloop
  endfacet
  facet normal -0.129915 -0.991525 2.16324e-05
    outer loop
      vertex -2.25743 -12.8025 49
      vertex -1.86195 -12.8546 36.075
      vertex -1.76118 -12.8678 36.2332
    endloop
  endfacet
  facet normal -0.130505 -0.991448 3.26985e-06
    outer loop
      vertex -2.25743 -12.8025 49
      vertex -1.94856 -12.8432 35.9086
      vertex -1.86195 -12.8546 36.075
    endloop
  endfacet
  facet normal -0.131174 -0.991359 -1.27949e-05
    outer loop
      vertex -2.25743 -12.8025 49
      vertex -2.02034 -12.8337 35.7353
      vertex -1.94856 -12.8432 35.9086
    endloop
  endfacet
  facet normal -0.130111 -0.991499 6.53959e-06
    outer loop
      vertex -2.25743 -12.8025 49
      vertex -2.07674 -12.8263 35.5565
      vertex -2.02034 -12.8337 35.7353
    endloop
  endfacet
  facet normal -0.131772 -0.99128 -1.61746e-05
    outer loop
      vertex -2.25743 -12.8025 49
      vertex -2.11734 -12.8209 35.3733
      vertex -2.07674 -12.8263 35.5565
    endloop
  endfacet
  facet normal -0.12966 -0.991558 5.91145e-06
    outer loop
      vertex -2.25743 -12.8025 49
      vertex -2.14182 -12.8177 35.1874
      vertex -2.11734 -12.8209 35.3733
    endloop
  endfacet
  facet normal -0.132805 -0.991142 -2.08677e-05
    outer loop
      vertex -2.25743 -12.8025 49
      vertex -2.15 -12.8166 35
      vertex -2.14182 -12.8177 35.1874
    endloop
  endfacet
  facet normal -0.130647 -0.991429 0
    outer loop
      vertex -1.23319 -12.9373 33.2388
      vertex -1.13302 -12.9505 7.19761
      vertex -1.13302 -12.9505 33.175
    endloop
  endfacet
  facet normal -0.129935 -0.991522 2.78325e-06
    outer loop
      vertex -1.38199 -12.9178 33.353
      vertex -1.13302 -12.9505 7.19761
      vertex -1.23319 -12.9373 33.2388
    endloop
  endfacet
  facet normal -0.131193 -0.991357 -7.07543e-06
    outer loop
      vertex -1.16673 -12.9461 7.16673
      vertex -1.38199 -12.9178 33.353
      vertex -1.52028 -12.8995 33.4797
    endloop
  endfacet
  facet normal -0.129879 -0.99153 8.49828e-06
    outer loop
      vertex -1.26397 -12.9333 7.0606
      vertex -1.52028 -12.8995 33.4797
      vertex -1.647 -12.8829 33.618
    endloop
  endfacet
  facet normal -0.131114 -0.991367 -6.25524e-06
    outer loop
      vertex -1.3516 -12.9218 6.9464
      vertex -1.647 -12.8829 33.618
      vertex -1.76118 -12.8678 33.7668
    endloop
  endfacet
  facet normal -0.129866 -0.991532 1.04867e-05
    outer loop
      vertex -1.42894 -12.9116 6.825
      vertex -1.76118 -12.8678 33.7668
      vertex -1.86195 -12.8546 33.925
    endloop
  endfacet
  facet normal -0.130502 -0.991448 -1.70651e-06
    outer loop
      vertex -1.49541 -12.9028 6.69732
      vertex -1.86195 -12.8546 33.925
      vertex -1.94856 -12.8432 34.0914
    endloop
  endfacet
  facet normal -0.13123 -0.991352 -1.06018e-05
    outer loop
      vertex -1.55049 -12.8956 6.56433
      vertex -1.94856 -12.8432 34.0914
      vertex -2.02034 -12.8337 34.2647
    endloop
  endfacet
  facet normal -0.130064 -0.991506 8.71913e-06
    outer loop
      vertex -1.59378 -12.8899 6.42705
      vertex -2.02034 -12.8337 34.2647
      vertex -2.07674 -12.8263 34.4435
    endloop
  endfacet
  facet normal -0.131944 -0.991257 -2.25042e-05
    outer loop
      vertex -1.62493 -12.8858 6.28652
      vertex -2.07674 -12.8263 34.4435
      vertex -2.11734 -12.8209 34.6267
    endloop
  endfacet
  facet normal -0.129471 -0.991583 1.94796e-05
    outer loop
      vertex -1.64372 -12.8833 6.14381
      vertex -2.11734 -12.8209 34.6267
      vertex -2.14182 -12.8177 34.8126
    endloop
  endfacet
  facet normal -0.133068 -0.991107 9.16936e-06
    outer loop
      vertex -2.25743 -12.8025 0
      vertex -2.14182 -12.8177 34.8126
      vertex -2.15 -12.8166 35
    endloop
  endfacet
  facet normal -0.129434 -0.991588 7.63604e-06
    outer loop
      vertex -1.38199 -12.9178 33.353
      vertex -1.16673 -12.9461 7.16673
      vertex -1.13302 -12.9505 7.19761
    endloop
  endfacet
  facet normal -0.13051 -0.991447 2.26992e-06
    outer loop
      vertex -1.52028 -12.8995 33.4797
      vertex -1.26397 -12.9333 7.0606
      vertex -1.16673 -12.9461 7.16673
    endloop
  endfacet
  facet normal -0.130124 -0.991498 4.89567e-06
    outer loop
      vertex -1.647 -12.8829 33.618
      vertex -1.3516 -12.9218 6.9464
      vertex -1.26397 -12.9333 7.0606
    endloop
  endfacet
  facet normal -0.130752 -0.991415 -6.32934e-07
    outer loop
      vertex -1.76118 -12.8678 33.7668
      vertex -1.42894 -12.9116 6.825
      vertex -1.3516 -12.9218 6.9464
    endloop
  endfacet
  facet normal -0.131223 -0.991353 -1.15857e-05
    outer loop
      vertex -1.86195 -12.8546 33.925
      vertex -1.49541 -12.9028 6.69732
      vertex -1.42894 -12.9116 6.825
    endloop
  endfacet
  facet normal -0.129646 -0.99156 1.2694e-05
    outer loop
      vertex -1.94856 -12.8432 34.0914
      vertex -1.55049 -12.8956 6.56433
      vertex -1.49541 -12.9028 6.69732
    endloop
  endfacet
  facet normal -0.130547 -0.991442 1.18159e-06
    outer loop
      vertex -2.02034 -12.8337 34.2647
      vertex -1.59378 -12.8899 6.42705
      vertex -1.55049 -12.8956 6.56433
    endloop
  endfacet
  facet normal -0.1305 -0.991448 1.05829e-06
    outer loop
      vertex -2.07674 -12.8263 34.4435
      vertex -1.62493 -12.8858 6.28652
      vertex -1.59378 -12.8899 6.42705
    endloop
  endfacet
  facet normal -0.131745 -0.991284 -1.90007e-05
    outer loop
      vertex -2.11734 -12.8209 34.6267
      vertex -1.64372 -12.8833 6.14381
      vertex -1.62493 -12.8858 6.28652
    endloop
  endfacet
  facet normal -0.130538 -0.991443 6.19023e-07
    outer loop
      vertex -2.14182 -12.8177 34.8126
      vertex -2.25743 -12.8025 0
      vertex -1.64372 -12.8833 6.14381
    endloop
  endfacet
  facet normal -0.130132 -0.991497 0
    outer loop
      vertex -2.25743 -12.8025 0
      vertex -2.15 -12.8166 35
      vertex -2.25743 -12.8025 49
    endloop
  endfacet
  facet normal -0.133762 -0.991013 0.0003283
    outer loop
      vertex -1.64372 -12.8833 6.14381
      vertex -2.25743 -12.8025 0
      vertex -1.65 -12.8825 6
    endloop
  endfacet
  facet normal -0.129308 -0.991605 -0.000130507
    outer loop
      vertex -2.25743 -12.8025 0
      vertex -1.64372 -12.8833 5.85619
      vertex -1.65 -12.8825 6
    endloop
  endfacet
  facet normal -0.131287 -0.991344 8.04782e-05
    outer loop
      vertex -2.25743 -12.8025 0
      vertex -1.62493 -12.8858 5.71348
      vertex -1.64372 -12.8833 5.85619
    endloop
  endfacet
  facet normal -0.130521 -0.991446 -5.74002e-06
    outer loop
      vertex -2.25743 -12.8025 0
      vertex -1.59378 -12.8899 5.57295
      vertex -1.62493 -12.8858 5.71348
    endloop
  endfacet
  facet normal -0.13055 -0.991442 -2.21044e-06
    outer loop
      vertex -2.25743 -12.8025 0
      vertex -1.55049 -12.8956 5.43567
      vertex -1.59378 -12.8899 5.57295
    endloop
  endfacet
  facet normal -0.129843 -0.991534 -9.57226e-05
    outer loop
      vertex -2.25743 -12.8025 0
      vertex -1.49541 -12.9028 5.30268
      vertex -1.55049 -12.8956 5.43567
    endloop
  endfacet
  facet normal -0.131084 -0.991371 8.56003e-05
    outer loop
      vertex -2.25743 -12.8025 0
      vertex -1.42894 -12.9116 5.175
      vertex -1.49541 -12.9028 5.30268
    endloop
  endfacet
  facet normal -0.130714 -0.99142 2.53471e-05
    outer loop
      vertex -2.25743 -12.8025 0
      vertex -1.3516 -12.9218 5.0536
      vertex -1.42894 -12.9116 5.175
    endloop
  endfacet
  facet normal -0.130204 -0.991487 -6.75411e-05
    outer loop
      vertex -2.25743 -12.8025 0
      vertex -1.26397 -12.9333 4.9394
      vertex -1.3516 -12.9218 5.0536
    endloop
  endfacet
  facet normal -0.130512 -0.991447 -4.57687e-06
    outer loop
      vertex -2.25743 -12.8025 0
      vertex -1.16673 -12.9461 4.83327
      vertex -1.26397 -12.9333 4.9394
    endloop
  endfacet
  facet normal -0.129617 -0.991564 -0.000210184
    outer loop
      vertex -2.25743 -12.8025 0
      vertex -1.13302 -12.9505 4.80239
      vertex -1.16673 -12.9461 4.83327
    endloop
  endfacet
  facet normal -0.130499 -0.991448 -0
    outer loop
      vertex -1.13302 -12.9505 4.80239
      vertex -2.25743 -12.8025 0
      vertex -1.13302 -12.9505 0
    endloop
  endfacet
  facet normal -0.953725 0.300681 0
    outer loop
      vertex -12.557 3.36465 0
      vertex -12.216 4.44626 49
      vertex -12.216 4.44626 0
    endloop
  endfacet
  facet normal -0.953725 0.300681 0
    outer loop
      vertex -12.216 4.44626 49
      vertex -12.557 3.36465 0
      vertex -12.557 3.36465 49
    endloop
  endfacet
  facet normal 0.953725 -0.300681 0
    outer loop
      vertex 12.216 -4.44626 49
      vertex 12.557 -3.36465 0
      vertex 12.557 -3.36465 49
    endloop
  endfacet
  facet normal 0.953725 -0.300681 0
    outer loop
      vertex 12.557 -3.36465 0
      vertex 12.216 -4.44626 49
      vertex 12.216 -4.44626 0
    endloop
  endfacet
  facet normal 0.976289 -0.216469 0
    outer loop
      vertex 12.557 -3.36465 49
      vertex 12.8025 -2.25743 0
      vertex 12.8025 -2.25743 49
    endloop
  endfacet
  facet normal 0.976289 -0.216469 0
    outer loop
      vertex 12.8025 -2.25743 0
      vertex 12.557 -3.36465 49
      vertex 12.557 -3.36465 0
    endloop
  endfacet
  facet normal -0.887 -0.46177 0
    outer loop
      vertex -11.2583 -6.5 0
      vertex -11.782 -5.49404 49
      vertex -11.782 -5.49404 0
    endloop
  endfacet
  facet normal -0.887 -0.46177 0
    outer loop
      vertex -11.782 -5.49404 49
      vertex -11.2583 -6.5 0
      vertex -11.2583 -6.5 49
    endloop
  endfacet
  facet normal -0.843412 0.537267 0
    outer loop
      vertex -11.2583 6.5 0
      vertex -10.649 7.45649 49
      vertex -10.649 7.45649 0
    endloop
  endfacet
  facet normal -0.843412 0.537267 0
    outer loop
      vertex -10.649 7.45649 49
      vertex -11.2583 6.5 0
      vertex -11.2583 6.5 49
    endloop
  endfacet
  facet normal 0.991448 -0.130499 0
    outer loop
      vertex 12.8025 -2.25743 49
      vertex 12.9505 -1.13302 0
      vertex 12.9505 -1.13302 49
    endloop
  endfacet
  facet normal 0.991448 -0.130499 0
    outer loop
      vertex 12.9505 -1.13302 0
      vertex 12.8025 -2.25743 49
      vertex 12.8025 -2.25743 0
    endloop
  endfacet
  facet normal -0.216469 0.976289 0
    outer loop
      vertex -2.25743 12.8025 0
      vertex -3.36465 12.557 49
      vertex -2.25743 12.8025 49
    endloop
  endfacet
  facet normal -0.216469 0.976289 0
    outer loop
      vertex -3.36465 12.557 49
      vertex -2.25743 12.8025 0
      vertex -3.36465 12.557 0
    endloop
  endfacet
  facet normal 0.0437183 -0.999044 0
    outer loop
      vertex 0.187385 -12.9918 37.1418
      vertex 0 -13 49
      vertex 0 -13 37.15
    endloop
  endfacet
  facet normal 0.0436469 -0.999047 -1.13073e-06
    outer loop
      vertex 0 -13 49
      vertex 0.187385 -12.9918 37.1418
      vertex 1.13302 -12.9505 49
    endloop
  endfacet
  facet normal 0.0435182 -0.999053 9.15613e-06
    outer loop
      vertex 0.373343 -12.9837 37.1173
      vertex 1.13302 -12.9505 49
      vertex 0.187385 -12.9918 37.1418
    endloop
  endfacet
  facet normal 0.0436465 -0.999047 9.36405e-07
    outer loop
      vertex 0.55646 -12.9757 37.0767
      vertex 1.13302 -12.9505 49
      vertex 0.373343 -12.9837 37.1173
    endloop
  endfacet
  facet normal 0.0435641 -0.999051 4.92911e-06
    outer loop
      vertex 0.735343 -12.9679 37.0203
      vertex 1.13302 -12.9505 49
      vertex 0.55646 -12.9757 37.0767
    endloop
  endfacet
  facet normal 0.0438149 -0.99904 -3.41154e-06
    outer loop
      vertex 0.908628 -12.9603 36.9486
      vertex 1.13302 -12.9505 49
      vertex 0.735343 -12.9679 37.0203
    endloop
  endfacet
  facet normal 0.0432398 -0.999065 7.31525e-06
    outer loop
      vertex 1.075 -12.9531 36.862
      vertex 1.13302 -12.9505 49
      vertex 0.908628 -12.9603 36.9486
    endloop
  endfacet
  facet normal 0.0447672 -0.998997 0
    outer loop
      vertex 1.13302 -12.9505 49
      vertex 1.075 -12.9531 36.862
      vertex 1.13302 -12.9505 36.825
    endloop
  endfacet
  facet normal 0.043767 -0.999042 0
    outer loop
      vertex 0 -13 0
      vertex 0.143806 -12.9937 4.35628
      vertex 0 -13 4.35
    endloop
  endfacet
  facet normal 0.0434013 -0.999058 1.20964e-05
    outer loop
      vertex 0 -13 0
      vertex 0.286519 -12.9875 4.37507
      vertex 0.143806 -12.9937 4.35628
    endloop
  endfacet
  facet normal 0.0436469 -0.999047 -4.01883e-06
    outer loop
      vertex 1.13302 -12.9505 0
      vertex 0.286519 -12.9875 4.37507
      vertex 0 -13 0
    endloop
  endfacet
  facet normal 0.0433781 -0.999059 -5.61348e-05
    outer loop
      vertex 0.286519 -12.9875 4.37507
      vertex 1.13302 -12.9505 0
      vertex 0.427051 -12.9814 4.40622
    endloop
  endfacet
  facet normal 0.043667 -0.999046 -9.74715e-06
    outer loop
      vertex 0.427051 -12.9814 4.40622
      vertex 1.13302 -12.9505 0
      vertex 0.564333 -12.9754 4.44951
    endloop
  endfacet
  facet normal 0.0435805 -0.99905 -2.0832e-05
    outer loop
      vertex 0.564333 -12.9754 4.44951
      vertex 1.13302 -12.9505 0
      vertex 0.69732 -12.9696 4.50459
    endloop
  endfacet
  facet normal 0.0438165 -0.99904 2.03742e-06
    outer loop
      vertex 0.69732 -12.9696 4.50459
      vertex 1.13302 -12.9505 0
      vertex 0.825 -12.964 4.57106
    endloop
  endfacet
  facet normal 0.0436225 -0.999048 -1.10607e-05
    outer loop
      vertex 0.825 -12.964 4.57106
      vertex 1.13302 -12.9505 0
      vertex 0.946401 -12.9587 4.6484
    endloop
  endfacet
  facet normal 0.043746 -0.999043 -6.09216e-06
    outer loop
      vertex 0.946401 -12.9587 4.6484
      vertex 1.13302 -12.9505 0
      vertex 1.0606 -12.9537 4.73603
    endloop
  endfacet
  facet normal 0.0441436 -0.999025 0
    outer loop
      vertex 1.0606 -12.9537 4.73603
      vertex 1.13302 -12.9505 0
      vertex 1.13302 -12.9505 4.80239
    endloop
  endfacet
  facet normal 0.0437183 -0.999044 0
    outer loop
      vertex 0 -13 7.65
      vertex 0.187385 -12.9918 32.8582
      vertex 0 -13 32.85
    endloop
  endfacet
  facet normal 0.043767 -0.999042 -3.62643e-07
    outer loop
      vertex 0.143806 -12.9937 7.64372
      vertex 0.187385 -12.9918 32.8582
      vertex 0 -13 7.65
    endloop
  endfacet
  facet normal 0.043517 -0.999053 7.03932e-08
    outer loop
      vertex 0.187385 -12.9918 32.8582
      vertex 0.143806 -12.9937 7.64372
      vertex 0.373343 -12.9837 32.8827
    endloop
  endfacet
  facet normal 0.043403 -0.999058 1.10831e-06
    outer loop
      vertex 0.286519 -12.9875 7.62493
      vertex 0.373343 -12.9837 32.8827
      vertex 0.143806 -12.9937 7.64372
    endloop
  endfacet
  facet normal 0.0436462 -0.999047 2.70773e-07
    outer loop
      vertex 0.373343 -12.9837 32.8827
      vertex 0.286519 -12.9875 7.62493
      vertex 0.55646 -12.9757 32.9233
    endloop
  endfacet
  facet normal 0.0433664 -0.999059 3.26255e-06
    outer loop
      vertex 0.427051 -12.9814 7.59378
      vertex 0.55646 -12.9757 32.9233
      vertex 0.286519 -12.9875 7.62493
    endloop
  endfacet
  facet normal 0.0436645 -0.999046 1.73638e-06
    outer loop
      vertex 0.564333 -12.9754 7.55049
      vertex 0.55646 -12.9757 32.9233
      vertex 0.427051 -12.9814 7.59378
    endloop
  endfacet
  facet normal 0.043562 -0.999051 1.70451e-06
    outer loop
      vertex 0.55646 -12.9757 32.9233
      vertex 0.564333 -12.9754 7.55049
      vertex 0.735343 -12.9679 32.9797
    endloop
  endfacet
  facet normal 0.0435725 -0.99905 1.63343e-06
    outer loop
      vertex 0.69732 -12.9696 7.49541
      vertex 0.735343 -12.9679 32.9797
      vertex 0.564333 -12.9754 7.55049
    endloop
  endfacet
  facet normal 0.0438157 -0.99904 1.26986e-06
    outer loop
      vertex 0.735343 -12.9679 32.9797
      vertex 0.69732 -12.9696 7.49541
      vertex 0.908628 -12.9603 33.0514
    endloop
  endfacet
  facet normal 0.0438182 -0.99904 1.24969e-06
    outer loop
      vertex 0.825 -12.964 7.42894
      vertex 0.908628 -12.9603 33.0514
      vertex 0.69732 -12.9696 7.49541
    endloop
  endfacet
  facet normal 0.0432344 -0.999065 3.1587e-06
    outer loop
      vertex 0.908628 -12.9603 33.0514
      vertex 0.825 -12.964 7.42894
      vertex 1.075 -12.9531 33.138
    endloop
  endfacet
  facet normal 0.0436151 -0.999048 -5.50068e-07
    outer loop
      vertex 0.946401 -12.9587 7.3516
      vertex 1.075 -12.9531 33.138
      vertex 0.825 -12.964 7.42894
    endloop
  endfacet
  facet normal 0.0447712 -0.998997 -6.32703e-06
    outer loop
      vertex 1.075 -12.9531 33.138
      vertex 0.946401 -12.9587 7.3516
      vertex 1.13302 -12.9505 33.175
    endloop
  endfacet
  facet normal 0.0437422 -0.999043 1.12418e-06
    outer loop
      vertex 1.0606 -12.9537 7.26397
      vertex 1.13302 -12.9505 33.175
      vertex 0.946401 -12.9587 7.3516
    endloop
  endfacet
  facet normal 0.0441436 -0.999025 0
    outer loop
      vertex 1.13302 -12.9505 33.175
      vertex 1.0606 -12.9537 7.26397
      vertex 1.13302 -12.9505 7.19761
    endloop
  endfacet
  facet normal 0.793346 -0.608771 0
    outer loop
      vertex 9.95858 -8.35624 49
      vertex 10.649 -7.45649 0
      vertex 10.649 -7.45649 49
    endloop
  endfacet
  facet normal 0.793346 -0.608771 0
    outer loop
      vertex 10.649 -7.45649 0
      vertex 9.95858 -8.35624 49
      vertex 9.95858 -8.35624 0
    endloop
  endfacet
  facet normal -0.537267 0.843412 0
    outer loop
      vertex -6.5 11.2583 0
      vertex -7.45649 10.649 49
      vertex -6.5 11.2583 49
    endloop
  endfacet
  facet normal -0.537267 0.843412 0
    outer loop
      vertex -7.45649 10.649 49
      vertex -6.5 11.2583 0
      vertex -7.45649 10.649 0
    endloop
  endfacet
  facet normal 0.537267 0.843412 -0
    outer loop
      vertex 7.45649 10.649 0
      vertex 6.5 11.2583 49
      vertex 7.45649 10.649 49
    endloop
  endfacet
  facet normal 0.537267 0.843412 0
    outer loop
      vertex 6.5 11.2583 49
      vertex 7.45649 10.649 0
      vertex 6.5 11.2583 0
    endloop
  endfacet
  facet normal 0.737277 0.67559 0
    outer loop
      vertex 9.95858 8.35624 49
      vertex 9.19239 9.19239 0
      vertex 9.19239 9.19239 49
    endloop
  endfacet
  facet normal 0.737277 0.67559 0
    outer loop
      vertex 9.19239 9.19239 0
      vertex 9.95858 8.35624 49
      vertex 9.95858 8.35624 0
    endloop
  endfacet
  facet normal 0.130499 0.991448 0
    outer loop
      vertex 2.25743 12.8025 49
      vertex 1.13302 12.9505 36.825
      vertex 1.13302 12.9505 49
    endloop
  endfacet
  facet normal 0.130638 0.99143 -1.30921e-05
    outer loop
      vertex 2.25743 12.8025 49
      vertex 1.23319 12.9373 36.7612
      vertex 1.13302 12.9505 36.825
    endloop
  endfacet
  facet normal 0.12997 0.991518 4.37718e-05
    outer loop
      vertex 2.25743 12.8025 49
      vertex 1.38199 12.9178 36.647
      vertex 1.23319 12.9373 36.7612
    endloop
  endfacet
  facet normal 0.13115 0.991363 -4.12601e-05
    outer loop
      vertex 2.25743 12.8025 49
      vertex 1.52028 12.8995 36.5203
      vertex 1.38199 12.9178 36.647
    endloop
  endfacet
  facet normal 0.129923 0.991524 3.24839e-05
    outer loop
      vertex 2.25743 12.8025 49
      vertex 1.647 12.8829 36.382
      vertex 1.52028 12.8995 36.5203
    endloop
  endfacet
  facet normal 0.131075 0.991372 -2.42225e-05
    outer loop
      vertex 2.25743 12.8025 49
      vertex 1.76118 12.8678 36.2332
      vertex 1.647 12.8829 36.382
    endloop
  endfacet
  facet normal 0.129915 0.991525 2.16324e-05
    outer loop
      vertex 2.25743 12.8025 49
      vertex 1.86195 12.8546 36.075
      vertex 1.76118 12.8678 36.2332
    endloop
  endfacet
  facet normal 0.130505 0.991448 3.26985e-06
    outer loop
      vertex 2.25743 12.8025 49
      vertex 1.94856 12.8432 35.9086
      vertex 1.86195 12.8546 36.075
    endloop
  endfacet
  facet normal 0.131174 0.991359 -1.27949e-05
    outer loop
      vertex 2.25743 12.8025 49
      vertex 2.02034 12.8337 35.7353
      vertex 1.94856 12.8432 35.9086
    endloop
  endfacet
  facet normal 0.130111 0.991499 6.53959e-06
    outer loop
      vertex 2.25743 12.8025 49
      vertex 2.07674 12.8263 35.5565
      vertex 2.02034 12.8337 35.7353
    endloop
  endfacet
  facet normal 0.131772 0.99128 -1.61746e-05
    outer loop
      vertex 2.25743 12.8025 49
      vertex 2.11734 12.8209 35.3733
      vertex 2.07674 12.8263 35.5565
    endloop
  endfacet
  facet normal 0.12966 0.991558 5.91145e-06
    outer loop
      vertex 2.25743 12.8025 49
      vertex 2.14182 12.8177 35.1874
      vertex 2.11734 12.8209 35.3733
    endloop
  endfacet
  facet normal 0.132805 0.991142 -2.08677e-05
    outer loop
      vertex 2.25743 12.8025 49
      vertex 2.15 12.8166 35
      vertex 2.14182 12.8177 35.1874
    endloop
  endfacet
  facet normal 0.130647 0.991429 0
    outer loop
      vertex 1.23319 12.9373 33.2388
      vertex 1.13302 12.9505 7.19761
      vertex 1.13302 12.9505 33.175
    endloop
  endfacet
  facet normal 0.129935 0.991522 2.78325e-06
    outer loop
      vertex 1.38199 12.9178 33.353
      vertex 1.13302 12.9505 7.19761
      vertex 1.23319 12.9373 33.2388
    endloop
  endfacet
  facet normal 0.131193 0.991357 -7.07543e-06
    outer loop
      vertex 1.16673 12.9461 7.16673
      vertex 1.38199 12.9178 33.353
      vertex 1.52028 12.8995 33.4797
    endloop
  endfacet
  facet normal 0.129879 0.99153 8.49828e-06
    outer loop
      vertex 1.26397 12.9333 7.0606
      vertex 1.52028 12.8995 33.4797
      vertex 1.647 12.8829 33.618
    endloop
  endfacet
  facet normal 0.131114 0.991367 -6.25524e-06
    outer loop
      vertex 1.3516 12.9218 6.9464
      vertex 1.647 12.8829 33.618
      vertex 1.76118 12.8678 33.7668
    endloop
  endfacet
  facet normal 0.129866 0.991532 1.04867e-05
    outer loop
      vertex 1.42894 12.9116 6.825
      vertex 1.76118 12.8678 33.7668
      vertex 1.86195 12.8546 33.925
    endloop
  endfacet
  facet normal 0.130502 0.991448 -1.70651e-06
    outer loop
      vertex 1.49541 12.9028 6.69732
      vertex 1.86195 12.8546 33.925
      vertex 1.94856 12.8432 34.0914
    endloop
  endfacet
  facet normal 0.13123 0.991352 -1.06018e-05
    outer loop
      vertex 1.55049 12.8956 6.56433
      vertex 1.94856 12.8432 34.0914
      vertex 2.02034 12.8337 34.2647
    endloop
  endfacet
  facet normal 0.130064 0.991506 8.71913e-06
    outer loop
      vertex 1.59378 12.8899 6.42705
      vertex 2.02034 12.8337 34.2647
      vertex 2.07674 12.8263 34.4435
    endloop
  endfacet
  facet normal 0.131944 0.991257 -2.25042e-05
    outer loop
      vertex 1.62493 12.8858 6.28652
      vertex 2.07674 12.8263 34.4435
      vertex 2.11734 12.8209 34.6267
    endloop
  endfacet
  facet normal 0.129471 0.991583 1.94796e-05
    outer loop
      vertex 1.64372 12.8833 6.14381
      vertex 2.11734 12.8209 34.6267
      vertex 2.14182 12.8177 34.8126
    endloop
  endfacet
  facet normal 0.133068 0.991107 9.16936e-06
    outer loop
      vertex 2.25743 12.8025 0
      vertex 2.14182 12.8177 34.8126
      vertex 2.15 12.8166 35
    endloop
  endfacet
  facet normal 0.129434 0.991588 7.63604e-06
    outer loop
      vertex 1.38199 12.9178 33.353
      vertex 1.16673 12.9461 7.16673
      vertex 1.13302 12.9505 7.19761
    endloop
  endfacet
  facet normal 0.13051 0.991447 2.26992e-06
    outer loop
      vertex 1.52028 12.8995 33.4797
      vertex 1.26397 12.9333 7.0606
      vertex 1.16673 12.9461 7.16673
    endloop
  endfacet
  facet normal 0.130124 0.991498 4.89567e-06
    outer loop
      vertex 1.647 12.8829 33.618
      vertex 1.3516 12.9218 6.9464
      vertex 1.26397 12.9333 7.0606
    endloop
  endfacet
  facet normal 0.130752 0.991415 -6.32934e-07
    outer loop
      vertex 1.76118 12.8678 33.7668
      vertex 1.42894 12.9116 6.825
      vertex 1.3516 12.9218 6.9464
    endloop
  endfacet
  facet normal 0.131223 0.991353 -1.15857e-05
    outer loop
      vertex 1.86195 12.8546 33.925
      vertex 1.49541 12.9028 6.69732
      vertex 1.42894 12.9116 6.825
    endloop
  endfacet
  facet normal 0.129646 0.99156 1.2694e-05
    outer loop
      vertex 1.94856 12.8432 34.0914
      vertex 1.55049 12.8956 6.56433
      vertex 1.49541 12.9028 6.69732
    endloop
  endfacet
  facet normal 0.130547 0.991442 1.18159e-06
    outer loop
      vertex 2.02034 12.8337 34.2647
      vertex 1.59378 12.8899 6.42705
      vertex 1.55049 12.8956 6.56433
    endloop
  endfacet
  facet normal 0.1305 0.991448 1.05829e-06
    outer loop
      vertex 2.07674 12.8263 34.4435
      vertex 1.62493 12.8858 6.28652
      vertex 1.59378 12.8899 6.42705
    endloop
  endfacet
  facet normal 0.131745 0.991284 -1.90007e-05
    outer loop
      vertex 2.11734 12.8209 34.6267
      vertex 1.64372 12.8833 6.14381
      vertex 1.62493 12.8858 6.28652
    endloop
  endfacet
  facet normal 0.130538 0.991443 6.19023e-07
    outer loop
      vertex 2.14182 12.8177 34.8126
      vertex 2.25743 12.8025 0
      vertex 1.64372 12.8833 6.14381
    endloop
  endfacet
  facet normal 0.130132 0.991497 -0
    outer loop
      vertex 2.25743 12.8025 0
      vertex 2.15 12.8166 35
      vertex 2.25743 12.8025 49
    endloop
  endfacet
  facet normal 0.133762 0.991013 0.0003283
    outer loop
      vertex 1.64372 12.8833 6.14381
      vertex 2.25743 12.8025 0
      vertex 1.65 12.8825 6
    endloop
  endfacet
  facet normal 0.129308 0.991605 -0.000130507
    outer loop
      vertex 2.25743 12.8025 0
      vertex 1.64372 12.8833 5.85619
      vertex 1.65 12.8825 6
    endloop
  endfacet
  facet normal 0.131287 0.991344 8.04782e-05
    outer loop
      vertex 2.25743 12.8025 0
      vertex 1.62493 12.8858 5.71348
      vertex 1.64372 12.8833 5.85619
    endloop
  endfacet
  facet normal 0.130521 0.991446 -5.74002e-06
    outer loop
      vertex 2.25743 12.8025 0
      vertex 1.59378 12.8899 5.57295
      vertex 1.62493 12.8858 5.71348
    endloop
  endfacet
  facet normal 0.13055 0.991442 -2.21044e-06
    outer loop
      vertex 2.25743 12.8025 0
      vertex 1.55049 12.8956 5.43567
      vertex 1.59378 12.8899 5.57295
    endloop
  endfacet
  facet normal 0.129843 0.991534 -9.57226e-05
    outer loop
      vertex 2.25743 12.8025 0
      vertex 1.49541 12.9028 5.30268
      vertex 1.55049 12.8956 5.43567
    endloop
  endfacet
  facet normal 0.131084 0.991371 8.56003e-05
    outer loop
      vertex 2.25743 12.8025 0
      vertex 1.42894 12.9116 5.175
      vertex 1.49541 12.9028 5.30268
    endloop
  endfacet
  facet normal 0.130714 0.99142 2.53471e-05
    outer loop
      vertex 2.25743 12.8025 0
      vertex 1.3516 12.9218 5.0536
      vertex 1.42894 12.9116 5.175
    endloop
  endfacet
  facet normal 0.130204 0.991487 -6.75411e-05
    outer loop
      vertex 2.25743 12.8025 0
      vertex 1.26397 12.9333 4.9394
      vertex 1.3516 12.9218 5.0536
    endloop
  endfacet
  facet normal 0.130512 0.991447 -4.57687e-06
    outer loop
      vertex 2.25743 12.8025 0
      vertex 1.16673 12.9461 4.83327
      vertex 1.26397 12.9333 4.9394
    endloop
  endfacet
  facet normal 0.129617 0.991564 -0.000210184
    outer loop
      vertex 2.25743 12.8025 0
      vertex 1.13302 12.9505 4.80239
      vertex 1.16673 12.9461 4.83327
    endloop
  endfacet
  facet normal 0.130499 0.991448 0
    outer loop
      vertex 1.13302 12.9505 4.80239
      vertex 2.25743 12.8025 0
      vertex 1.13302 12.9505 0
    endloop
  endfacet
  facet normal 0.887 0.46177 0
    outer loop
      vertex 11.782 5.49404 49
      vertex 11.2583 6.5 0
      vertex 11.2583 6.5 49
    endloop
  endfacet
  facet normal 0.887 0.46177 0
    outer loop
      vertex 11.2583 6.5 0
      vertex 11.782 5.49404 49
      vertex 11.782 5.49404 0
    endloop
  endfacet
  facet normal -0.537267 -0.843412 0
    outer loop
      vertex -7.45649 -10.649 0
      vertex -6.5 -11.2583 49
      vertex -7.45649 -10.649 49
    endloop
  endfacet
  facet normal -0.537267 -0.843412 -0
    outer loop
      vertex -6.5 -11.2583 49
      vertex -7.45649 -10.649 0
      vertex -6.5 -11.2583 0
    endloop
  endfacet
  facet normal 0.887 -0.46177 0
    outer loop
      vertex 11.2583 -6.5 49
      vertex 11.782 -5.49404 0
      vertex 11.782 -5.49404 49
    endloop
  endfacet
  facet normal 0.887 -0.46177 0
    outer loop
      vertex 11.782 -5.49404 0
      vertex 11.2583 -6.5 49
      vertex 11.2583 -6.5 0
    endloop
  endfacet
  facet normal -0.216469 -0.976289 0
    outer loop
      vertex -3.36465 -12.557 0
      vertex -2.25743 -12.8025 49
      vertex -3.36465 -12.557 49
    endloop
  endfacet
  facet normal -0.216469 -0.976289 -0
    outer loop
      vertex -2.25743 -12.8025 49
      vertex -3.36465 -12.557 0
      vertex -2.25743 -12.8025 0
    endloop
  endfacet
  facet normal -0.67559 0.737277 0
    outer loop
      vertex -8.35624 9.95858 0
      vertex -9.19239 9.19239 49
      vertex -8.35624 9.95858 49
    endloop
  endfacet
  facet normal -0.67559 0.737277 0
    outer loop
      vertex -9.19239 9.19239 49
      vertex -8.35624 9.95858 0
      vertex -9.19239 9.19239 0
    endloop
  endfacet
  facet normal 0.793346 0.608771 0
    outer loop
      vertex 10.649 7.45649 49
      vertex 9.95858 8.35624 0
      vertex 9.95858 8.35624 49
    endloop
  endfacet
  facet normal 0.793346 0.608771 0
    outer loop
      vertex 9.95858 8.35624 0
      vertex 10.649 7.45649 49
      vertex 10.649 7.45649 0
    endloop
  endfacet
  facet normal -0.737277 -0.67559 0
    outer loop
      vertex -9.19239 -9.19239 0
      vertex -9.95858 -8.35624 49
      vertex -9.95858 -8.35624 0
    endloop
  endfacet
  facet normal -0.737277 -0.67559 0
    outer loop
      vertex -9.95858 -8.35624 49
      vertex -9.19239 -9.19239 0
      vertex -9.19239 -9.19239 49
    endloop
  endfacet
  facet normal -0.887 0.46177 0
    outer loop
      vertex -11.782 5.49404 0
      vertex -11.2583 6.5 49
      vertex -11.2583 6.5 0
    endloop
  endfacet
  facet normal -0.887 0.46177 0
    outer loop
      vertex -11.2583 6.5 49
      vertex -11.782 5.49404 0
      vertex -11.782 5.49404 49
    endloop
  endfacet
  facet normal -0.991448 -0.130499 0
    outer loop
      vertex -12.8025 -2.25743 0
      vertex -12.9505 -1.13302 49
      vertex -12.9505 -1.13302 0
    endloop
  endfacet
  facet normal -0.991448 -0.130499 0
    outer loop
      vertex -12.9505 -1.13302 49
      vertex -12.8025 -2.25743 0
      vertex -12.8025 -2.25743 49
    endloop
  endfacet
  facet normal 0.300681 0.953725 -0
    outer loop
      vertex 4.44626 12.216 0
      vertex 3.36465 12.557 49
      vertex 4.44626 12.216 49
    endloop
  endfacet
  facet normal 0.300681 0.953725 0
    outer loop
      vertex 3.36465 12.557 49
      vertex 4.44626 12.216 0
      vertex 3.36465 12.557 0
    endloop
  endfacet
  facet normal -0.793346 -0.608771 0
    outer loop
      vertex -9.95858 -8.35624 0
      vertex -10.649 -7.45649 49
      vertex -10.649 -7.45649 0
    endloop
  endfacet
  facet normal -0.793346 -0.608771 0
    outer loop
      vertex -10.649 -7.45649 49
      vertex -9.95858 -8.35624 0
      vertex -9.95858 -8.35624 49
    endloop
  endfacet
  facet normal 0.300681 -0.953725 0
    outer loop
      vertex 3.36465 -12.557 0
      vertex 4.44626 -12.216 49
      vertex 3.36465 -12.557 49
    endloop
  endfacet
  facet normal 0.300681 -0.953725 0
    outer loop
      vertex 4.44626 -12.216 49
      vertex 3.36465 -12.557 0
      vertex 4.44626 -12.216 0
    endloop
  endfacet
  facet normal -0.999047 -0.0436469 0
    outer loop
      vertex -12.9505 -1.13302 0
      vertex -13 0 49
      vertex -13 0 0
    endloop
  endfacet
  facet normal -0.999047 -0.0436469 0
    outer loop
      vertex -13 0 49
      vertex -12.9505 -1.13302 0
      vertex -12.9505 -1.13302 49
    endloop
  endfacet
  facet normal -0.67559 -0.737277 0
    outer loop
      vertex -9.19239 -9.19239 0
      vertex -8.35624 -9.95858 49
      vertex -9.19239 -9.19239 49
    endloop
  endfacet
  facet normal -0.67559 -0.737277 -0
    outer loop
      vertex -8.35624 -9.95858 49
      vertex -9.19239 -9.19239 0
      vertex -8.35624 -9.95858 0
    endloop
  endfacet
  facet normal 0.537267 -0.843412 0
    outer loop
      vertex 6.5 -11.2583 0
      vertex 7.45649 -10.649 49
      vertex 6.5 -11.2583 49
    endloop
  endfacet
  facet normal 0.537267 -0.843412 0
    outer loop
      vertex 7.45649 -10.649 49
      vertex 6.5 -11.2583 0
      vertex 7.45649 -10.649 0
    endloop
  endfacet
  facet normal 0.216469 0.976289 -0
    outer loop
      vertex 3.36465 12.557 0
      vertex 2.25743 12.8025 49
      vertex 3.36465 12.557 49
    endloop
  endfacet
  facet normal 0.216469 0.976289 0
    outer loop
      vertex 2.25743 12.8025 49
      vertex 3.36465 12.557 0
      vertex 2.25743 12.8025 0
    endloop
  endfacet
  facet normal -0.923881 -0.38268 0
    outer loop
      vertex -11.782 -5.49404 0
      vertex -12.216 -4.44626 49
      vertex -12.216 -4.44626 0
    endloop
  endfacet
  facet normal -0.923881 -0.38268 0
    outer loop
      vertex -12.216 -4.44626 49
      vertex -11.782 -5.49404 0
      vertex -11.782 -5.49404 49
    endloop
  endfacet
  facet normal -0.793346 0.608771 0
    outer loop
      vertex -10.649 7.45649 0
      vertex -9.95858 8.35624 49
      vertex -9.95858 8.35624 0
    endloop
  endfacet
  facet normal -0.793346 0.608771 0
    outer loop
      vertex -9.95858 8.35624 49
      vertex -10.649 7.45649 0
      vertex -10.649 7.45649 49
    endloop
  endfacet
  facet normal 0.38268 -0.923881 0
    outer loop
      vertex 4.44626 -12.216 0
      vertex 5.49404 -11.782 49
      vertex 4.44626 -12.216 49
    endloop
  endfacet
  facet normal 0.38268 -0.923881 0
    outer loop
      vertex 5.49404 -11.782 49
      vertex 4.44626 -12.216 0
      vertex 5.49404 -11.782 0
    endloop
  endfacet
  facet normal -0.991448 0.130499 0
    outer loop
      vertex -12.9505 1.13302 0
      vertex -12.8025 2.25743 49
      vertex -12.8025 2.25743 0
    endloop
  endfacet
  facet normal -0.991448 0.130499 0
    outer loop
      vertex -12.8025 2.25743 49
      vertex -12.9505 1.13302 0
      vertex -12.9505 1.13302 49
    endloop
  endfacet
  facet normal -0.999047 0.0436469 0
    outer loop
      vertex -13 0 0
      vertex -12.9505 1.13302 49
      vertex -12.9505 1.13302 0
    endloop
  endfacet
  facet normal -0.999047 0.0436469 0
    outer loop
      vertex -12.9505 1.13302 49
      vertex -13 0 0
      vertex -13 0 49
    endloop
  endfacet
  facet normal 0.67559 -0.737277 0
    outer loop
      vertex 8.35624 -9.95858 0
      vertex 9.19239 -9.19239 49
      vertex 8.35624 -9.95858 49
    endloop
  endfacet
  facet normal 0.67559 -0.737277 0
    outer loop
      vertex 9.19239 -9.19239 49
      vertex 8.35624 -9.95858 0
      vertex 9.19239 -9.19239 0
    endloop
  endfacet
  facet normal 0.608771 -0.793346 0
    outer loop
      vertex 7.45649 -10.649 0
      vertex 8.35624 -9.95858 49
      vertex 7.45649 -10.649 49
    endloop
  endfacet
  facet normal 0.608771 -0.793346 0
    outer loop
      vertex 8.35624 -9.95858 49
      vertex 7.45649 -10.649 0
      vertex 8.35624 -9.95858 0
    endloop
  endfacet
  facet normal 0 0 1
    outer loop
      vertex 9.8 0 49
      vertex 13 0 49
      vertex 12.9505 1.13302 49
    endloop
  endfacet
  facet normal 0 0 1
    outer loop
      vertex 9.76271 0.854126 49
      vertex 12.9505 1.13302 49
      vertex 12.8025 2.25743 49
    endloop
  endfacet
  facet normal 0 0 1
    outer loop
      vertex 13 0 49
      vertex 9.8 0 49
      vertex 12.9505 -1.13302 49
    endloop
  endfacet
  facet normal 0 0 1
    outer loop
      vertex 9.65112 1.70175 49
      vertex 12.8025 2.25743 49
      vertex 12.557 3.36465 49
    endloop
  endfacet
  facet normal -0 0 1
    outer loop
      vertex 9.76271 -0.854126 49
      vertex 12.9505 -1.13302 49
      vertex 9.8 0 49
    endloop
  endfacet
  facet normal 0 0 1
    outer loop
      vertex 9.46607 2.53643 49
      vertex 12.557 3.36465 49
      vertex 12.216 4.44626 49
    endloop
  endfacet
  facet normal 0 0 1
    outer loop
      vertex 12.9505 -1.13302 49
      vertex 9.76271 -0.854126 49
      vertex 12.8025 -2.25743 49
    endloop
  endfacet
  facet normal 0 0 1
    outer loop
      vertex 9.20899 3.3518 49
      vertex 12.216 4.44626 49
      vertex 11.782 5.49404 49
    endloop
  endfacet
  facet normal -0 0 1
    outer loop
      vertex 9.65112 -1.70175 49
      vertex 12.8025 -2.25743 49
      vertex 9.76271 -0.854126 49
    endloop
  endfacet
  facet normal 0 0 1
    outer loop
      vertex 8.88182 4.14166 49
      vertex 11.782 5.49404 49
      vertex 11.2583 6.5 49
    endloop
  endfacet
  facet normal 0 0 1
    outer loop
      vertex 12.8025 -2.25743 49
      vertex 9.65112 -1.70175 49
      vertex 12.557 -3.36465 49
    endloop
  endfacet
  facet normal 0 0 1
    outer loop
      vertex 8.48705 4.9 49
      vertex 11.2583 6.5 49
      vertex 10.649 7.45649 49
    endloop
  endfacet
  facet normal -0 0 1
    outer loop
      vertex 9.46607 -2.53643 49
      vertex 12.557 -3.36465 49
      vertex 9.65112 -1.70175 49
    endloop
  endfacet
  facet normal 0 0 1
    outer loop
      vertex 8.02769 5.62105 49
      vertex 10.649 7.45649 49
      vertex 9.95858 8.35624 49
    endloop
  endfacet
  facet normal 0 0 1
    outer loop
      vertex 12.557 -3.36465 49
      vertex 9.46607 -2.53643 49
      vertex 12.216 -4.44626 49
    endloop
  endfacet
  facet normal -0 0 1
    outer loop
      vertex 9.20899 -3.3518 49
      vertex 12.216 -4.44626 49
      vertex 9.46607 -2.53643 49
    endloop
  endfacet
  facet normal 0 0 1
    outer loop
      vertex 12.9505 1.13302 49
      vertex 9.76271 0.854126 49
      vertex 9.8 0 49
    endloop
  endfacet
  facet normal 0 0 1
    outer loop
      vertex 12.8025 2.25743 49
      vertex 9.65112 1.70175 49
      vertex 9.76271 0.854126 49
    endloop
  endfacet
  facet normal 0 0 1
    outer loop
      vertex 12.557 3.36465 49
      vertex 9.46607 2.53643 49
      vertex 9.65112 1.70175 49
    endloop
  endfacet
  facet normal 0 0 1
    outer loop
      vertex 12.216 4.44626 49
      vertex 9.20899 3.3518 49
      vertex 9.46607 2.53643 49
    endloop
  endfacet
  facet normal 0 0 1
    outer loop
      vertex 7.50724 6.29932 49
      vertex 9.95858 8.35624 49
      vertex 9.19239 9.19239 49
    endloop
  endfacet
  facet normal 0 0 1
    outer loop
      vertex 11.782 5.49404 49
      vertex 8.88182 4.14166 49
      vertex 9.20899 3.3518 49
    endloop
  endfacet
  facet normal 0 0 1
    outer loop
      vertex 11.2583 6.5 49
      vertex 8.48705 4.9 49
      vertex 8.88182 4.14166 49
    endloop
  endfacet
  facet normal 0 0 1
    outer loop
      vertex 6.92965 6.92965 49
      vertex 9.19239 9.19239 49
      vertex 8.35624 9.95858 49
    endloop
  endfacet
  facet normal 0 0 1
    outer loop
      vertex 10.649 7.45649 49
      vertex 8.02769 5.62105 49
      vertex 8.48705 4.9 49
    endloop
  endfacet
  facet normal 0 0 1
    outer loop
      vertex 9.95858 8.35624 49
      vertex 7.50724 6.29932 49
      vertex 8.02769 5.62105 49
    endloop
  endfacet
  facet normal 0 0 1
    outer loop
      vertex 6.29932 7.50724 49
      vertex 8.35624 9.95858 49
      vertex 7.45649 10.649 49
    endloop
  endfacet
  facet normal 0 0 1
    outer loop
      vertex 9.19239 9.19239 49
      vertex 6.92965 6.92965 49
      vertex 7.50724 6.29932 49
    endloop
  endfacet
  facet normal 0 0 1
    outer loop
      vertex 5.62105 8.02769 49
      vertex 7.45649 10.649 49
      vertex 6.5 11.2583 49
    endloop
  endfacet
  facet normal 0 0 1
    outer loop
      vertex 8.35624 9.95858 49
      vertex 6.29932 7.50724 49
      vertex 6.92965 6.92965 49
    endloop
  endfacet
  facet normal 0 0 1
    outer loop
      vertex 7.45649 10.649 49
      vertex 5.62105 8.02769 49
      vertex 6.29932 7.50724 49
    endloop
  endfacet
  facet normal 0 0 1
    outer loop
      vertex 4.9 8.48705 49
      vertex 6.5 11.2583 49
      vertex 5.49404 11.782 49
    endloop
  endfacet
  facet normal 0 0 1
    outer loop
      vertex 6.5 11.2583 49
      vertex 4.9 8.48705 49
      vertex 5.62105 8.02769 49
    endloop
  endfacet
  facet normal 0 0 1
    outer loop
      vertex 4.14166 8.88182 49
      vertex 5.49404 11.782 49
      vertex 4.44626 12.216 49
    endloop
  endfacet
  facet normal 0 0 1
    outer loop
      vertex 5.49404 11.782 49
      vertex 4.14166 8.88182 49
      vertex 4.9 8.48705 49
    endloop
  endfacet
  facet normal 0 0 1
    outer loop
      vertex 3.3518 9.20899 49
      vertex 4.44626 12.216 49
      vertex 3.36465 12.557 49
    endloop
  endfacet
  facet normal 0 0 1
    outer loop
      vertex 4.44626 12.216 49
      vertex 3.3518 9.20899 49
      vertex 4.14166 8.88182 49
    endloop
  endfacet
  facet normal 0 0 1
    outer loop
      vertex 3.36465 12.557 49
      vertex 2.53643 9.46607 49
      vertex 3.3518 9.20899 49
    endloop
  endfacet
  facet normal 0 0 1
    outer loop
      vertex 2.25743 12.8025 49
      vertex 2.53643 9.46607 49
      vertex 3.36465 12.557 49
    endloop
  endfacet
  facet normal 0 0 1
    outer loop
      vertex 2.25743 12.8025 49
      vertex 1.70175 9.65112 49
      vertex 2.53643 9.46607 49
    endloop
  endfacet
  facet normal 0 0 1
    outer loop
      vertex 1.13302 12.9505 49
      vertex 1.70175 9.65112 49
      vertex 2.25743 12.8025 49
    endloop
  endfacet
  facet normal 0 0 1
    outer loop
      vertex 1.13302 12.9505 49
      vertex 0.854126 9.76271 49
      vertex 1.70175 9.65112 49
    endloop
  endfacet
  facet normal 0 0 1
    outer loop
      vertex 0 13 49
      vertex 0.854126 9.76271 49
      vertex 1.13302 12.9505 49
    endloop
  endfacet
  facet normal 0 0 1
    outer loop
      vertex 0 13 49
      vertex 0 9.8 49
      vertex 0.854126 9.76271 49
    endloop
  endfacet
  facet normal 0 0 1
    outer loop
      vertex 0 13 49
      vertex -0.854126 9.76271 49
      vertex 0 9.8 49
    endloop
  endfacet
  facet normal -0 0 1
    outer loop
      vertex -1.13302 12.9505 49
      vertex -0.854126 9.76271 49
      vertex 0 13 49
    endloop
  endfacet
  facet normal 0 0 1
    outer loop
      vertex -1.13302 12.9505 49
      vertex -1.70175 9.65112 49
      vertex -0.854126 9.76271 49
    endloop
  endfacet
  facet normal -0 0 1
    outer loop
      vertex -2.25743 12.8025 49
      vertex -1.70175 9.65112 49
      vertex -1.13302 12.9505 49
    endloop
  endfacet
  facet normal 0 0 1
    outer loop
      vertex -2.25743 12.8025 49
      vertex -2.53643 9.46607 49
      vertex -1.70175 9.65112 49
    endloop
  endfacet
  facet normal -0 0 1
    outer loop
      vertex -3.36465 12.557 49
      vertex -2.53643 9.46607 49
      vertex -2.25743 12.8025 49
    endloop
  endfacet
  facet normal 0 0 1
    outer loop
      vertex -2.53643 9.46607 49
      vertex -3.36465 12.557 49
      vertex -3.3518 9.20899 49
    endloop
  endfacet
  facet normal -0 0 1
    outer loop
      vertex -4.44626 12.216 49
      vertex -3.3518 9.20899 49
      vertex -3.36465 12.557 49
    endloop
  endfacet
  facet normal 0 0 1
    outer loop
      vertex -3.3518 9.20899 49
      vertex -4.44626 12.216 49
      vertex -4.14166 8.88182 49
    endloop
  endfacet
  facet normal -0 0 1
    outer loop
      vertex -5.49404 11.782 49
      vertex -4.14166 8.88182 49
      vertex -4.44626 12.216 49
    endloop
  endfacet
  facet normal 0 0 1
    outer loop
      vertex -4.14166 8.88182 49
      vertex -5.49404 11.782 49
      vertex -4.9 8.48705 49
    endloop
  endfacet
  facet normal -0 0 1
    outer loop
      vertex -6.5 11.2583 49
      vertex -4.9 8.48705 49
      vertex -5.49404 11.782 49
    endloop
  endfacet
  facet normal 0 0 1
    outer loop
      vertex -4.9 8.48705 49
      vertex -6.5 11.2583 49
      vertex -5.62105 8.02769 49
    endloop
  endfacet
  facet normal -0 0 1
    outer loop
      vertex -7.45649 10.649 49
      vertex -5.62105 8.02769 49
      vertex -6.5 11.2583 49
    endloop
  endfacet
  facet normal 0 0 1
    outer loop
      vertex -5.62105 8.02769 49
      vertex -7.45649 10.649 49
      vertex -6.29932 7.50724 49
    endloop
  endfacet
  facet normal -0 0 1
    outer loop
      vertex -8.35624 9.95858 49
      vertex -6.29932 7.50724 49
      vertex -7.45649 10.649 49
    endloop
  endfacet
  facet normal 0 0 1
    outer loop
      vertex -6.29932 7.50724 49
      vertex -8.35624 9.95858 49
      vertex -6.92965 6.92965 49
    endloop
  endfacet
  facet normal -0 0 1
    outer loop
      vertex -9.19239 9.19239 49
      vertex -6.92965 6.92965 49
      vertex -8.35624 9.95858 49
    endloop
  endfacet
  facet normal 0 0 1
    outer loop
      vertex -6.92965 6.92965 49
      vertex -9.19239 9.19239 49
      vertex -7.50724 6.29932 49
    endloop
  endfacet
  facet normal -0 0 1
    outer loop
      vertex -9.95858 8.35624 49
      vertex -7.50724 6.29932 49
      vertex -9.19239 9.19239 49
    endloop
  endfacet
  facet normal 0 0 1
    outer loop
      vertex -7.50724 6.29932 49
      vertex -9.95858 8.35624 49
      vertex -8.02769 5.62105 49
    endloop
  endfacet
  facet normal -0 0 1
    outer loop
      vertex -10.649 7.45649 49
      vertex -8.02769 5.62105 49
      vertex -9.95858 8.35624 49
    endloop
  endfacet
  facet normal 0 0 1
    outer loop
      vertex -8.02769 5.62105 49
      vertex -10.649 7.45649 49
      vertex -8.48705 4.9 49
    endloop
  endfacet
  facet normal -0 0 1
    outer loop
      vertex -11.2583 6.5 49
      vertex -8.48705 4.9 49
      vertex -10.649 7.45649 49
    endloop
  endfacet
  facet normal 0 0 1
    outer loop
      vertex -8.48705 4.9 49
      vertex -11.2583 6.5 49
      vertex -8.88182 4.14166 49
    endloop
  endfacet
  facet normal -0 0 1
    outer loop
      vertex -11.782 5.49404 49
      vertex -8.88182 4.14166 49
      vertex -11.2583 6.5 49
    endloop
  endfacet
  facet normal -0 0 1
    outer loop
      vertex -12.216 4.44626 49
      vertex -9.20899 3.3518 49
      vertex -11.782 5.49404 49
    endloop
  endfacet
  facet normal 0 0 1
    outer loop
      vertex -8.88182 4.14166 49
      vertex -11.782 5.49404 49
      vertex -9.20899 3.3518 49
    endloop
  endfacet
  facet normal 0 0 1
    outer loop
      vertex 12.216 -4.44626 49
      vertex 9.20899 -3.3518 49
      vertex 11.782 -5.49404 49
    endloop
  endfacet
  facet normal -0 0 1
    outer loop
      vertex 8.88182 -4.14166 49
      vertex 11.782 -5.49404 49
      vertex 9.20899 -3.3518 49
    endloop
  endfacet
  facet normal 0 0 1
    outer loop
      vertex 11.782 -5.49404 49
      vertex 8.88182 -4.14166 49
      vertex 11.2583 -6.5 49
    endloop
  endfacet
  facet normal -0 0 1
    outer loop
      vertex 8.48705 -4.9 49
      vertex 11.2583 -6.5 49
      vertex 8.88182 -4.14166 49
    endloop
  endfacet
  facet normal 0 0 1
    outer loop
      vertex 11.2583 -6.5 49
      vertex 8.48705 -4.9 49
      vertex 10.649 -7.45649 49
    endloop
  endfacet
  facet normal -0 0 1
    outer loop
      vertex 8.02769 -5.62105 49
      vertex 10.649 -7.45649 49
      vertex 8.48705 -4.9 49
    endloop
  endfacet
  facet normal 0 0 1
    outer loop
      vertex 10.649 -7.45649 49
      vertex 8.02769 -5.62105 49
      vertex 9.95858 -8.35624 49
    endloop
  endfacet
  facet normal -0 0 1
    outer loop
      vertex 7.50724 -6.29932 49
      vertex 9.95858 -8.35624 49
      vertex 8.02769 -5.62105 49
    endloop
  endfacet
  facet normal 0 0 1
    outer loop
      vertex 9.95858 -8.35624 49
      vertex 7.50724 -6.29932 49
      vertex 9.19239 -9.19239 49
    endloop
  endfacet
  facet normal -0 0 1
    outer loop
      vertex 6.92965 -6.92965 49
      vertex 9.19239 -9.19239 49
      vertex 7.50724 -6.29932 49
    endloop
  endfacet
  facet normal 0 0 1
    outer loop
      vertex 9.19239 -9.19239 49
      vertex 6.92965 -6.92965 49
      vertex 8.35624 -9.95858 49
    endloop
  endfacet
  facet normal -0 0 1
    outer loop
      vertex 6.29932 -7.50724 49
      vertex 8.35624 -9.95858 49
      vertex 6.92965 -6.92965 49
    endloop
  endfacet
  facet normal 0 0 1
    outer loop
      vertex 8.35624 -9.95858 49
      vertex 6.29932 -7.50724 49
      vertex 7.45649 -10.649 49
    endloop
  endfacet
  facet normal -0 0 1
    outer loop
      vertex 5.62105 -8.02769 49
      vertex 7.45649 -10.649 49
      vertex 6.29932 -7.50724 49
    endloop
  endfacet
  facet normal 0 0 1
    outer loop
      vertex 7.45649 -10.649 49
      vertex 5.62105 -8.02769 49
      vertex 6.5 -11.2583 49
    endloop
  endfacet
  facet normal -0 0 1
    outer loop
      vertex 4.9 -8.48705 49
      vertex 6.5 -11.2583 49
      vertex 5.62105 -8.02769 49
    endloop
  endfacet
  facet normal 0 0 1
    outer loop
      vertex 6.5 -11.2583 49
      vertex 4.9 -8.48705 49
      vertex 5.49404 -11.782 49
    endloop
  endfacet
  facet normal -0 0 1
    outer loop
      vertex 4.14166 -8.88182 49
      vertex 5.49404 -11.782 49
      vertex 4.9 -8.48705 49
    endloop
  endfacet
  facet normal 0 0 1
    outer loop
      vertex 5.49404 -11.782 49
      vertex 4.14166 -8.88182 49
      vertex 4.44626 -12.216 49
    endloop
  endfacet
  facet normal -0 0 1
    outer loop
      vertex 3.3518 -9.20899 49
      vertex 4.44626 -12.216 49
      vertex 4.14166 -8.88182 49
    endloop
  endfacet
  facet normal 0 0 1
    outer loop
      vertex 4.44626 -12.216 49
      vertex 3.3518 -9.20899 49
      vertex 3.36465 -12.557 49
    endloop
  endfacet
  facet normal -0 0 1
    outer loop
      vertex 2.53643 -9.46607 49
      vertex 3.36465 -12.557 49
      vertex 3.3518 -9.20899 49
    endloop
  endfacet
  facet normal 0 0 1
    outer loop
      vertex 2.53643 -9.46607 49
      vertex 2.25743 -12.8025 49
      vertex 3.36465 -12.557 49
    endloop
  endfacet
  facet normal -0 0 1
    outer loop
      vertex 1.70175 -9.65112 49
      vertex 2.25743 -12.8025 49
      vertex 2.53643 -9.46607 49
    endloop
  endfacet
  facet normal 0 0 1
    outer loop
      vertex 1.70175 -9.65112 49
      vertex 1.13302 -12.9505 49
      vertex 2.25743 -12.8025 49
    endloop
  endfacet
  facet normal -0 0 1
    outer loop
      vertex 0.854126 -9.76271 49
      vertex 1.13302 -12.9505 49
      vertex 1.70175 -9.65112 49
    endloop
  endfacet
  facet normal -0 0 1
    outer loop
      vertex 0 -9.8 49
      vertex 1.13302 -12.9505 49
      vertex 0.854126 -9.76271 49
    endloop
  endfacet
  facet normal 0 0 1
    outer loop
      vertex 0 -9.8 49
      vertex 0 -13 49
      vertex 1.13302 -12.9505 49
    endloop
  endfacet
  facet normal 0 0 1
    outer loop
      vertex -0.854126 -9.76271 49
      vertex 0 -13 49
      vertex 0 -9.8 49
    endloop
  endfacet
  facet normal 0 0 1
    outer loop
      vertex -0.854126 -9.76271 49
      vertex -1.13302 -12.9505 49
      vertex 0 -13 49
    endloop
  endfacet
  facet normal 0 0 1
    outer loop
      vertex -1.70175 -9.65112 49
      vertex -1.13302 -12.9505 49
      vertex -0.854126 -9.76271 49
    endloop
  endfacet
  facet normal 0 0 1
    outer loop
      vertex -1.70175 -9.65112 49
      vertex -2.25743 -12.8025 49
      vertex -1.13302 -12.9505 49
    endloop
  endfacet
  facet normal 0 0 1
    outer loop
      vertex -2.53643 -9.46607 49
      vertex -2.25743 -12.8025 49
      vertex -1.70175 -9.65112 49
    endloop
  endfacet
  facet normal 0 0 1
    outer loop
      vertex -3.36465 -12.557 49
      vertex -2.53643 -9.46607 49
      vertex -3.3518 -9.20899 49
    endloop
  endfacet
  facet normal 0 0 1
    outer loop
      vertex -2.53643 -9.46607 49
      vertex -3.36465 -12.557 49
      vertex -2.25743 -12.8025 49
    endloop
  endfacet
  facet normal 0 0 1
    outer loop
      vertex -4.44626 -12.216 49
      vertex -3.3518 -9.20899 49
      vertex -4.14166 -8.88182 49
    endloop
  endfacet
  facet normal 0 0 1
    outer loop
      vertex -3.3518 -9.20899 49
      vertex -4.44626 -12.216 49
      vertex -3.36465 -12.557 49
    endloop
  endfacet
  facet normal 0 0 1
    outer loop
      vertex -5.49404 -11.782 49
      vertex -4.14166 -8.88182 49
      vertex -4.9 -8.48705 49
    endloop
  endfacet
  facet normal 0 0 1
    outer loop
      vertex -4.14166 -8.88182 49
      vertex -5.49404 -11.782 49
      vertex -4.44626 -12.216 49
    endloop
  endfacet
  facet normal 0 0 1
    outer loop
      vertex -6.5 -11.2583 49
      vertex -4.9 -8.48705 49
      vertex -5.62105 -8.02769 49
    endloop
  endfacet
  facet normal 0 0 1
    outer loop
      vertex -7.45649 -10.649 49
      vertex -5.62105 -8.02769 49
      vertex -6.29932 -7.50724 49
    endloop
  endfacet
  facet normal 0 0 1
    outer loop
      vertex -4.9 -8.48705 49
      vertex -6.5 -11.2583 49
      vertex -5.49404 -11.782 49
    endloop
  endfacet
  facet normal 0 0 1
    outer loop
      vertex -8.35624 -9.95858 49
      vertex -6.29932 -7.50724 49
      vertex -6.92965 -6.92965 49
    endloop
  endfacet
  facet normal 0 0 1
    outer loop
      vertex -5.62105 -8.02769 49
      vertex -7.45649 -10.649 49
      vertex -6.5 -11.2583 49
    endloop
  endfacet
  facet normal 0 0 1
    outer loop
      vertex -9.19239 -9.19239 49
      vertex -6.92965 -6.92965 49
      vertex -7.50724 -6.29932 49
    endloop
  endfacet
  facet normal 0 0 1
    outer loop
      vertex -9.95858 -8.35624 49
      vertex -7.50724 -6.29932 49
      vertex -8.02769 -5.62105 49
    endloop
  endfacet
  facet normal 0 0 1
    outer loop
      vertex -6.29932 -7.50724 49
      vertex -8.35624 -9.95858 49
      vertex -7.45649 -10.649 49
    endloop
  endfacet
  facet normal 0 0 1
    outer loop
      vertex -10.649 -7.45649 49
      vertex -8.02769 -5.62105 49
      vertex -8.48705 -4.9 49
    endloop
  endfacet
  facet normal 0 0 1
    outer loop
      vertex -11.2583 -6.5 49
      vertex -8.48705 -4.9 49
      vertex -8.88182 -4.14166 49
    endloop
  endfacet
  facet normal 0 0 1
    outer loop
      vertex -6.92965 -6.92965 49
      vertex -9.19239 -9.19239 49
      vertex -8.35624 -9.95858 49
    endloop
  endfacet
  facet normal 0 0 1
    outer loop
      vertex -11.782 -5.49404 49
      vertex -8.88182 -4.14166 49
      vertex -9.20899 -3.3518 49
    endloop
  endfacet
  facet normal 0 0 1
    outer loop
      vertex -12.216 -4.44626 49
      vertex -9.20899 -3.3518 49
      vertex -9.46607 -2.53643 49
    endloop
  endfacet
  facet normal 0 0 1
    outer loop
      vertex -12.557 -3.36465 49
      vertex -9.46607 -2.53643 49
      vertex -9.65112 -1.70175 49
    endloop
  endfacet
  facet normal 0 0 1
    outer loop
      vertex -12.8025 -2.25743 49
      vertex -9.65112 -1.70175 49
      vertex -9.76271 -0.854126 49
    endloop
  endfacet
  facet normal 0 0 1
    outer loop
      vertex -7.50724 -6.29932 49
      vertex -9.95858 -8.35624 49
      vertex -9.19239 -9.19239 49
    endloop
  endfacet
  facet normal 0 0 1
    outer loop
      vertex -12.9505 -1.13302 49
      vertex -9.76271 -0.854126 49
      vertex -9.8 0 49
    endloop
  endfacet
  facet normal 0 0 1
    outer loop
      vertex -9.20899 3.3518 49
      vertex -12.216 4.44626 49
      vertex -9.46607 2.53643 49
    endloop
  endfacet
  facet normal -0 0 1
    outer loop
      vertex -12.557 3.36465 49
      vertex -9.46607 2.53643 49
      vertex -12.216 4.44626 49
    endloop
  endfacet
  facet normal 0 0 1
    outer loop
      vertex -8.02769 -5.62105 49
      vertex -10.649 -7.45649 49
      vertex -9.95858 -8.35624 49
    endloop
  endfacet
  facet normal 0 0 1
    outer loop
      vertex -9.46607 2.53643 49
      vertex -12.557 3.36465 49
      vertex -9.65112 1.70175 49
    endloop
  endfacet
  facet normal 0 0 1
    outer loop
      vertex -8.48705 -4.9 49
      vertex -11.2583 -6.5 49
      vertex -10.649 -7.45649 49
    endloop
  endfacet
  facet normal -0 0 1
    outer loop
      vertex -12.8025 2.25743 49
      vertex -9.65112 1.70175 49
      vertex -12.557 3.36465 49
    endloop
  endfacet
  facet normal 0 0 1
    outer loop
      vertex -8.88182 -4.14166 49
      vertex -11.782 -5.49404 49
      vertex -11.2583 -6.5 49
    endloop
  endfacet
  facet normal 0 0 1
    outer loop
      vertex -9.65112 1.70175 49
      vertex -12.8025 2.25743 49
      vertex -9.76271 0.854126 49
    endloop
  endfacet
  facet normal 0 0 1
    outer loop
      vertex -9.20899 -3.3518 49
      vertex -12.216 -4.44626 49
      vertex -11.782 -5.49404 49
    endloop
  endfacet
  facet normal -0 0 1
    outer loop
      vertex -12.9505 1.13302 49
      vertex -9.76271 0.854126 49
      vertex -12.8025 2.25743 49
    endloop
  endfacet
  facet normal 0 0 1
    outer loop
      vertex -9.46607 -2.53643 49
      vertex -12.557 -3.36465 49
      vertex -12.216 -4.44626 49
    endloop
  endfacet
  facet normal 0 0 1
    outer loop
      vertex -9.76271 0.854126 49
      vertex -12.9505 1.13302 49
      vertex -9.8 0 49
    endloop
  endfacet
  facet normal 0 0 1
    outer loop
      vertex -9.65112 -1.70175 49
      vertex -12.8025 -2.25743 49
      vertex -12.557 -3.36465 49
    endloop
  endfacet
  facet normal 0 0 1
    outer loop
      vertex -13 0 49
      vertex -9.8 0 49
      vertex -12.9505 1.13302 49
    endloop
  endfacet
  facet normal 0 0 1
    outer loop
      vertex -9.76271 -0.854126 49
      vertex -12.9505 -1.13302 49
      vertex -12.8025 -2.25743 49
    endloop
  endfacet
  facet normal 0 0 1
    outer loop
      vertex -9.8 0 49
      vertex -13 0 49
      vertex -12.9505 -1.13302 49
    endloop
  endfacet
  facet normal -0.46177 0.887 0
    outer loop
      vertex -5.49404 11.782 0
      vertex -6.5 11.2583 49
      vertex -5.49404 11.782 49
    endloop
  endfacet
  facet normal -0.46177 0.887 0
    outer loop
      vertex -6.5 11.2583 49
      vertex -5.49404 11.782 0
      vertex -6.5 11.2583 0
    endloop
  endfacet
  facet normal 0 0 -1
    outer loop
      vertex 4.15 0 0
      vertex 13 0 0
      vertex 12.9505 -1.13302 0
    endloop
  endfacet
  facet normal 0 0 -1
    outer loop
      vertex 4.13421 -0.361696 0
      vertex 12.9505 -1.13302 0
      vertex 12.8025 -2.25743 0
    endloop
  endfacet
  facet normal 0 0 -1
    outer loop
      vertex 13 0 0
      vertex 4.15 0 0
      vertex 12.9505 1.13302 0
    endloop
  endfacet
  facet normal 0 0 -1
    outer loop
      vertex 4.08695 -0.720639 0
      vertex 12.8025 -2.25743 0
      vertex 12.557 -3.36465 0
    endloop
  endfacet
  facet normal 0 0 -1
    outer loop
      vertex 4.13421 0.361696 0
      vertex 12.9505 1.13302 0
      vertex 4.15 0 0
    endloop
  endfacet
  facet normal 0 0 -1
    outer loop
      vertex 4.00859 -1.0741 0
      vertex 12.557 -3.36465 0
      vertex 12.216 -4.44626 0
    endloop
  endfacet
  facet normal -0 0 -1
    outer loop
      vertex 12.9505 1.13302 0
      vertex 4.13421 0.361696 0
      vertex 12.8025 2.25743 0
    endloop
  endfacet
  facet normal 0 0 -1
    outer loop
      vertex 3.89972 -1.41938 0
      vertex 12.216 -4.44626 0
      vertex 11.782 -5.49404 0
    endloop
  endfacet
  facet normal 0 0 -1
    outer loop
      vertex 4.08695 0.720639 0
      vertex 12.8025 2.25743 0
      vertex 4.13421 0.361696 0
    endloop
  endfacet
  facet normal 0 0 -1
    outer loop
      vertex 3.76118 -1.75387 0
      vertex 11.782 -5.49404 0
      vertex 11.2583 -6.5 0
    endloop
  endfacet
  facet normal -0 0 -1
    outer loop
      vertex 12.8025 2.25743 0
      vertex 4.08695 0.720639 0
      vertex 12.557 3.36465 0
    endloop
  endfacet
  facet normal 0 0 -1
    outer loop
      vertex 3.594 -2.075 0
      vertex 11.2583 -6.5 0
      vertex 10.649 -7.45649 0
    endloop
  endfacet
  facet normal 0 0 -1
    outer loop
      vertex 4.00859 1.0741 0
      vertex 12.557 3.36465 0
      vertex 4.08695 0.720639 0
    endloop
  endfacet
  facet normal 0 0 -1
    outer loop
      vertex 3.39948 -2.38034 0
      vertex 10.649 -7.45649 0
      vertex 9.95858 -8.35624 0
    endloop
  endfacet
  facet normal -0 0 -1
    outer loop
      vertex 12.557 3.36465 0
      vertex 4.00859 1.0741 0
      vertex 12.216 4.44626 0
    endloop
  endfacet
  facet normal 0 0 -1
    outer loop
      vertex 3.17908 -2.66757 0
      vertex 9.95858 -8.35624 0
      vertex 9.19239 -9.19239 0
    endloop
  endfacet
  facet normal 0 0 -1
    outer loop
      vertex 3.89972 1.41938 0
      vertex 12.216 4.44626 0
      vertex 4.00859 1.0741 0
    endloop
  endfacet
  facet normal 0 0 -1
    outer loop
      vertex 2.93449 -2.93449 0
      vertex 9.19239 -9.19239 0
      vertex 8.35624 -9.95858 0
    endloop
  endfacet
  facet normal -0 0 -1
    outer loop
      vertex 12.216 4.44626 0
      vertex 3.89972 1.41938 0
      vertex 11.782 5.49404 0
    endloop
  endfacet
  facet normal 0 0 -1
    outer loop
      vertex 2.66757 -3.17908 0
      vertex 8.35624 -9.95858 0
      vertex 7.45649 -10.649 0
    endloop
  endfacet
  facet normal 0 0 -1
    outer loop
      vertex 3.76118 1.75387 0
      vertex 11.782 5.49404 0
      vertex 3.89972 1.41938 0
    endloop
  endfacet
  facet normal 0 0 -1
    outer loop
      vertex 2.30104 -3.45 0
      vertex 7.45649 -10.649 0
      vertex 6.5 -11.2583 0
    endloop
  endfacet
  facet normal -0 0 -1
    outer loop
      vertex 11.782 5.49404 0
      vertex 3.76118 1.75387 0
      vertex 11.2583 6.5 0
    endloop
  endfacet
  facet normal 0 0 -1
    outer loop
      vertex 2.30104 -3.45 0
      vertex 6.5 -11.2583 0
      vertex 5.49404 -11.782 0
    endloop
  endfacet
  facet normal 0 0 -1
    outer loop
      vertex 3.594 2.075 0
      vertex 11.2583 6.5 0
      vertex 3.76118 1.75387 0
    endloop
  endfacet
  facet normal 0 0 -1
    outer loop
      vertex 2.30104 -3.45 0
      vertex 5.49404 -11.782 0
      vertex 4.44626 -12.216 0
    endloop
  endfacet
  facet normal -0 0 -1
    outer loop
      vertex 11.2583 6.5 0
      vertex 3.594 2.075 0
      vertex 10.649 7.45649 0
    endloop
  endfacet
  facet normal 0 0 -1
    outer loop
      vertex 3.39948 2.38034 0
      vertex 10.649 7.45649 0
      vertex 3.594 2.075 0
    endloop
  endfacet
  facet normal 0 0 -1
    outer loop
      vertex 12.9505 -1.13302 0
      vertex 4.13421 -0.361696 0
      vertex 4.15 0 0
    endloop
  endfacet
  facet normal 0 0 -1
    outer loop
      vertex 12.8025 -2.25743 0
      vertex 4.08695 -0.720639 0
      vertex 4.13421 -0.361696 0
    endloop
  endfacet
  facet normal 0 0 -1
    outer loop
      vertex 12.557 -3.36465 0
      vertex 4.00859 -1.0741 0
      vertex 4.08695 -0.720639 0
    endloop
  endfacet
  facet normal 0 0 -1
    outer loop
      vertex 12.216 -4.44626 0
      vertex 3.89972 -1.41938 0
      vertex 4.00859 -1.0741 0
    endloop
  endfacet
  facet normal 0 0 -1
    outer loop
      vertex 11.782 -5.49404 0
      vertex 3.76118 -1.75387 0
      vertex 3.89972 -1.41938 0
    endloop
  endfacet
  facet normal 0 0 -1
    outer loop
      vertex 11.2583 -6.5 0
      vertex 3.594 -2.075 0
      vertex 3.76118 -1.75387 0
    endloop
  endfacet
  facet normal 0 0 -1
    outer loop
      vertex 10.649 -7.45649 0
      vertex 3.39948 -2.38034 0
      vertex 3.594 -2.075 0
    endloop
  endfacet
  facet normal 0 0 -1
    outer loop
      vertex 2.30104 -3.45 0
      vertex 4.44626 -12.216 0
      vertex 3.36465 -12.557 0
    endloop
  endfacet
  facet normal 0 0 -1
    outer loop
      vertex 9.95858 -8.35624 0
      vertex 3.17908 -2.66757 0
      vertex 3.39948 -2.38034 0
    endloop
  endfacet
  facet normal 0 0 -1
    outer loop
      vertex 9.19239 -9.19239 0
      vertex 2.93449 -2.93449 0
      vertex 3.17908 -2.66757 0
    endloop
  endfacet
  facet normal 0 0 -1
    outer loop
      vertex 8.35624 -9.95858 0
      vertex 2.66757 -3.17908 0
      vertex 2.93449 -2.93449 0
    endloop
  endfacet
  facet normal 0 0 -1
    outer loop
      vertex 7.45649 -10.649 0
      vertex 2.38034 -3.39948 0
      vertex 2.66757 -3.17908 0
    endloop
  endfacet
  facet normal 0 0 -1
    outer loop
      vertex 7.45649 -10.649 0
      vertex 2.30104 -3.45 0
      vertex 2.38034 -3.39948 0
    endloop
  endfacet
  facet normal 0 0 -1
    outer loop
      vertex 2.25743 -12.8025 0
      vertex 2.30104 -3.45 0
      vertex 3.36465 -12.557 0
    endloop
  endfacet
  facet normal 0 0 -1
    outer loop
      vertex 1.13302 -12.9505 0
      vertex 2.30104 -3.45 0
      vertex 2.25743 -12.8025 0
    endloop
  endfacet
  facet normal 0 0 -1
    outer loop
      vertex 0 -13 0
      vertex 2.30104 -3.45 0
      vertex 1.13302 -12.9505 0
    endloop
  endfacet
  facet normal 0 0 -1
    outer loop
      vertex -2.30104 -3.45 0
      vertex 0 -13 0
      vertex -1.13302 -12.9505 0
    endloop
  endfacet
  facet normal 0 0 -1
    outer loop
      vertex -2.30104 -3.45 0
      vertex -1.13302 -12.9505 0
      vertex -2.25743 -12.8025 0
    endloop
  endfacet
  facet normal 0 0 -1
    outer loop
      vertex 0 -13 0
      vertex -2.30104 -3.45 0
      vertex 2.30104 -3.45 0
    endloop
  endfacet
  facet normal 0 0 -1
    outer loop
      vertex -3.36465 -12.557 0
      vertex -2.30104 -3.45 0
      vertex -2.25743 -12.8025 0
    endloop
  endfacet
  facet normal 0 0 -1
    outer loop
      vertex -4.44626 -12.216 0
      vertex -2.30104 -3.45 0
      vertex -3.36465 -12.557 0
    endloop
  endfacet
  facet normal 0 0 -1
    outer loop
      vertex -5.49404 -11.782 0
      vertex -2.30104 -3.45 0
      vertex -4.44626 -12.216 0
    endloop
  endfacet
  facet normal 0 0 -1
    outer loop
      vertex -6.5 -11.2583 0
      vertex -2.30104 -3.45 0
      vertex -5.49404 -11.782 0
    endloop
  endfacet
  facet normal 0 0 -1
    outer loop
      vertex -7.45649 -10.649 0
      vertex -2.30104 -3.45 0
      vertex -6.5 -11.2583 0
    endloop
  endfacet
  facet normal -0 0 -1
    outer loop
      vertex -2.30104 -3.45 0
      vertex -7.45649 -10.649 0
      vertex -2.38034 -3.39948 0
    endloop
  endfacet
  facet normal -0 0 -1
    outer loop
      vertex -2.38034 -3.39948 0
      vertex -7.45649 -10.649 0
      vertex -2.66757 -3.17908 0
    endloop
  endfacet
  facet normal 0 0 -1
    outer loop
      vertex -8.35624 -9.95858 0
      vertex -2.66757 -3.17908 0
      vertex -7.45649 -10.649 0
    endloop
  endfacet
  facet normal -0 0 -1
    outer loop
      vertex -2.66757 -3.17908 0
      vertex -8.35624 -9.95858 0
      vertex -2.93449 -2.93449 0
    endloop
  endfacet
  facet normal 0 0 -1
    outer loop
      vertex -9.19239 -9.19239 0
      vertex -2.93449 -2.93449 0
      vertex -8.35624 -9.95858 0
    endloop
  endfacet
  facet normal -0 0 -1
    outer loop
      vertex -2.93449 -2.93449 0
      vertex -9.19239 -9.19239 0
      vertex -3.17908 -2.66757 0
    endloop
  endfacet
  facet normal 0 0 -1
    outer loop
      vertex -9.95858 -8.35624 0
      vertex -3.17908 -2.66757 0
      vertex -9.19239 -9.19239 0
    endloop
  endfacet
  facet normal 0 0 -1
    outer loop
      vertex -10.649 -7.45649 0
      vertex -3.39948 -2.38034 0
      vertex -9.95858 -8.35624 0
    endloop
  endfacet
  facet normal -0 0 -1
    outer loop
      vertex -3.17908 -2.66757 0
      vertex -9.95858 -8.35624 0
      vertex -3.39948 -2.38034 0
    endloop
  endfacet
  facet normal -0 0 -1
    outer loop
      vertex 10.649 7.45649 0
      vertex 3.39948 2.38034 0
      vertex 9.95858 8.35624 0
    endloop
  endfacet
  facet normal 0 0 -1
    outer loop
      vertex 3.17908 2.66757 0
      vertex 9.95858 8.35624 0
      vertex 3.39948 2.38034 0
    endloop
  endfacet
  facet normal -0 0 -1
    outer loop
      vertex 9.95858 8.35624 0
      vertex 3.17908 2.66757 0
      vertex 9.19239 9.19239 0
    endloop
  endfacet
  facet normal 0 0 -1
    outer loop
      vertex 2.93449 2.93449 0
      vertex 9.19239 9.19239 0
      vertex 3.17908 2.66757 0
    endloop
  endfacet
  facet normal -0 0 -1
    outer loop
      vertex 9.19239 9.19239 0
      vertex 2.93449 2.93449 0
      vertex 8.35624 9.95858 0
    endloop
  endfacet
  facet normal 0 0 -1
    outer loop
      vertex 2.66757 3.17908 0
      vertex 8.35624 9.95858 0
      vertex 2.93449 2.93449 0
    endloop
  endfacet
  facet normal -0 0 -1
    outer loop
      vertex 8.35624 9.95858 0
      vertex 2.66757 3.17908 0
      vertex 7.45649 10.649 0
    endloop
  endfacet
  facet normal 0 0 -1
    outer loop
      vertex 2.38034 3.39948 0
      vertex 7.45649 10.649 0
      vertex 2.66757 3.17908 0
    endloop
  endfacet
  facet normal -0 0 -1
    outer loop
      vertex 7.45649 10.649 0
      vertex 2.38034 3.39948 0
      vertex 6.5 11.2583 0
    endloop
  endfacet
  facet normal 0 0 -1
    outer loop
      vertex 2.075 3.594 0
      vertex 6.5 11.2583 0
      vertex 2.38034 3.39948 0
    endloop
  endfacet
  facet normal -0 0 -1
    outer loop
      vertex 6.5 11.2583 0
      vertex 2.075 3.594 0
      vertex 5.49404 11.782 0
    endloop
  endfacet
  facet normal 0 0 -1
    outer loop
      vertex 1.75387 3.76118 0
      vertex 5.49404 11.782 0
      vertex 2.075 3.594 0
    endloop
  endfacet
  facet normal -0 0 -1
    outer loop
      vertex 5.49404 11.782 0
      vertex 1.75387 3.76118 0
      vertex 4.44626 12.216 0
    endloop
  endfacet
  facet normal 0 0 -1
    outer loop
      vertex 1.41938 3.89972 0
      vertex 4.44626 12.216 0
      vertex 1.75387 3.76118 0
    endloop
  endfacet
  facet normal -0 0 -1
    outer loop
      vertex 4.44626 12.216 0
      vertex 1.41938 3.89972 0
      vertex 3.36465 12.557 0
    endloop
  endfacet
  facet normal 0 0 -1
    outer loop
      vertex 1.0741 4.00859 0
      vertex 3.36465 12.557 0
      vertex 1.41938 3.89972 0
    endloop
  endfacet
  facet normal -0 0 -1
    outer loop
      vertex 3.36465 12.557 0
      vertex 1.0741 4.00859 0
      vertex 2.25743 12.8025 0
    endloop
  endfacet
  facet normal 0 0 -1
    outer loop
      vertex 0.720639 4.08695 0
      vertex 2.25743 12.8025 0
      vertex 1.0741 4.00859 0
    endloop
  endfacet
  facet normal -0 0 -1
    outer loop
      vertex 2.25743 12.8025 0
      vertex 0.720639 4.08695 0
      vertex 1.13302 12.9505 0
    endloop
  endfacet
  facet normal 0 0 -1
    outer loop
      vertex 0.361696 4.13421 0
      vertex 1.13302 12.9505 0
      vertex 0.720639 4.08695 0
    endloop
  endfacet
  facet normal 0 0 -1
    outer loop
      vertex 0 4.15 0
      vertex 1.13302 12.9505 0
      vertex 0.361696 4.13421 0
    endloop
  endfacet
  facet normal 0 0 -1
    outer loop
      vertex 0 4.15 0
      vertex 0 13 0
      vertex 1.13302 12.9505 0
    endloop
  endfacet
  facet normal 0 0 -1
    outer loop
      vertex -0.361696 4.13421 0
      vertex 0 13 0
      vertex 0 4.15 0
    endloop
  endfacet
  facet normal 0 0 -1
    outer loop
      vertex -1.13302 12.9505 0
      vertex -0.361696 4.13421 0
      vertex -0.720639 4.08695 0
    endloop
  endfacet
  facet normal 0 0 -1
    outer loop
      vertex -2.25743 12.8025 0
      vertex -0.720639 4.08695 0
      vertex -1.0741 4.00859 0
    endloop
  endfacet
  facet normal 0 0 -1
    outer loop
      vertex -0.361696 4.13421 0
      vertex -1.13302 12.9505 0
      vertex 0 13 0
    endloop
  endfacet
  facet normal 0 0 -1
    outer loop
      vertex -3.36465 12.557 0
      vertex -1.0741 4.00859 0
      vertex -1.41938 3.89972 0
    endloop
  endfacet
  facet normal 0 0 -1
    outer loop
      vertex -4.44626 12.216 0
      vertex -1.41938 3.89972 0
      vertex -1.75387 3.76118 0
    endloop
  endfacet
  facet normal 0 0 -1
    outer loop
      vertex -5.49404 11.782 0
      vertex -1.75387 3.76118 0
      vertex -2.075 3.594 0
    endloop
  endfacet
  facet normal 0 0 -1
    outer loop
      vertex -0.720639 4.08695 0
      vertex -2.25743 12.8025 0
      vertex -1.13302 12.9505 0
    endloop
  endfacet
  facet normal 0 0 -1
    outer loop
      vertex -6.5 11.2583 0
      vertex -2.075 3.594 0
      vertex -2.38034 3.39948 0
    endloop
  endfacet
  facet normal 0 0 -1
    outer loop
      vertex -7.45649 10.649 0
      vertex -2.38034 3.39948 0
      vertex -2.66757 3.17908 0
    endloop
  endfacet
  facet normal 0 0 -1
    outer loop
      vertex -8.35624 9.95858 0
      vertex -2.66757 3.17908 0
      vertex -2.93449 2.93449 0
    endloop
  endfacet
  facet normal 0 0 -1
    outer loop
      vertex -9.19239 9.19239 0
      vertex -2.93449 2.93449 0
      vertex -3.17908 2.66757 0
    endloop
  endfacet
  facet normal 0 0 -1
    outer loop
      vertex -1.0741 4.00859 0
      vertex -3.36465 12.557 0
      vertex -2.25743 12.8025 0
    endloop
  endfacet
  facet normal 0 0 -1
    outer loop
      vertex -9.95858 8.35624 0
      vertex -3.17908 2.66757 0
      vertex -3.39948 2.38034 0
    endloop
  endfacet
  facet normal 0 0 -1
    outer loop
      vertex -10.649 7.45649 0
      vertex -3.39948 2.38034 0
      vertex -3.594 2.075 0
    endloop
  endfacet
  facet normal 0 0 -1
    outer loop
      vertex -11.2583 6.5 0
      vertex -3.594 2.075 0
      vertex -3.76118 1.75387 0
    endloop
  endfacet
  facet normal 0 0 -1
    outer loop
      vertex -11.782 5.49404 0
      vertex -3.76118 1.75387 0
      vertex -3.89972 1.41938 0
    endloop
  endfacet
  facet normal 0 0 -1
    outer loop
      vertex -12.216 4.44626 0
      vertex -3.89972 1.41938 0
      vertex -4.00859 1.0741 0
    endloop
  endfacet
  facet normal 0 0 -1
    outer loop
      vertex -12.557 3.36465 0
      vertex -4.00859 1.0741 0
      vertex -4.08695 0.720639 0
    endloop
  endfacet
  facet normal 0 0 -1
    outer loop
      vertex -12.8025 2.25743 0
      vertex -4.08695 0.720639 0
      vertex -4.13421 0.361696 0
    endloop
  endfacet
  facet normal 0 0 -1
    outer loop
      vertex -1.41938 3.89972 0
      vertex -4.44626 12.216 0
      vertex -3.36465 12.557 0
    endloop
  endfacet
  facet normal 0 0 -1
    outer loop
      vertex -12.9505 1.13302 0
      vertex -4.13421 0.361696 0
      vertex -4.15 0 0
    endloop
  endfacet
  facet normal -0 0 -1
    outer loop
      vertex -3.39948 -2.38034 0
      vertex -10.649 -7.45649 0
      vertex -3.594 -2.075 0
    endloop
  endfacet
  facet normal 0 0 -1
    outer loop
      vertex -11.2583 -6.5 0
      vertex -3.594 -2.075 0
      vertex -10.649 -7.45649 0
    endloop
  endfacet
  facet normal 0 0 -1
    outer loop
      vertex -1.75387 3.76118 0
      vertex -5.49404 11.782 0
      vertex -4.44626 12.216 0
    endloop
  endfacet
  facet normal -0 0 -1
    outer loop
      vertex -3.594 -2.075 0
      vertex -11.2583 -6.5 0
      vertex -3.76118 -1.75387 0
    endloop
  endfacet
  facet normal 0 0 -1
    outer loop
      vertex -2.075 3.594 0
      vertex -6.5 11.2583 0
      vertex -5.49404 11.782 0
    endloop
  endfacet
  facet normal 0 0 -1
    outer loop
      vertex -11.782 -5.49404 0
      vertex -3.76118 -1.75387 0
      vertex -11.2583 -6.5 0
    endloop
  endfacet
  facet normal 0 0 -1
    outer loop
      vertex -2.38034 3.39948 0
      vertex -7.45649 10.649 0
      vertex -6.5 11.2583 0
    endloop
  endfacet
  facet normal -0 0 -1
    outer loop
      vertex -3.76118 -1.75387 0
      vertex -11.782 -5.49404 0
      vertex -3.89972 -1.41938 0
    endloop
  endfacet
  facet normal 0 0 -1
    outer loop
      vertex -2.66757 3.17908 0
      vertex -8.35624 9.95858 0
      vertex -7.45649 10.649 0
    endloop
  endfacet
  facet normal 0 0 -1
    outer loop
      vertex -12.216 -4.44626 0
      vertex -3.89972 -1.41938 0
      vertex -11.782 -5.49404 0
    endloop
  endfacet
  facet normal 0 0 -1
    outer loop
      vertex -2.93449 2.93449 0
      vertex -9.19239 9.19239 0
      vertex -8.35624 9.95858 0
    endloop
  endfacet
  facet normal -0 0 -1
    outer loop
      vertex -3.89972 -1.41938 0
      vertex -12.216 -4.44626 0
      vertex -4.00859 -1.0741 0
    endloop
  endfacet
  facet normal 0 0 -1
    outer loop
      vertex -3.17908 2.66757 0
      vertex -9.95858 8.35624 0
      vertex -9.19239 9.19239 0
    endloop
  endfacet
  facet normal 0 0 -1
    outer loop
      vertex -12.557 -3.36465 0
      vertex -4.00859 -1.0741 0
      vertex -12.216 -4.44626 0
    endloop
  endfacet
  facet normal 0 0 -1
    outer loop
      vertex -3.39948 2.38034 0
      vertex -10.649 7.45649 0
      vertex -9.95858 8.35624 0
    endloop
  endfacet
  facet normal -0 0 -1
    outer loop
      vertex -4.00859 -1.0741 0
      vertex -12.557 -3.36465 0
      vertex -4.08695 -0.720639 0
    endloop
  endfacet
  facet normal 0 0 -1
    outer loop
      vertex -3.594 2.075 0
      vertex -11.2583 6.5 0
      vertex -10.649 7.45649 0
    endloop
  endfacet
  facet normal 0 0 -1
    outer loop
      vertex -12.8025 -2.25743 0
      vertex -4.08695 -0.720639 0
      vertex -12.557 -3.36465 0
    endloop
  endfacet
  facet normal 0 0 -1
    outer loop
      vertex -3.76118 1.75387 0
      vertex -11.782 5.49404 0
      vertex -11.2583 6.5 0
    endloop
  endfacet
  facet normal -0 0 -1
    outer loop
      vertex -4.08695 -0.720639 0
      vertex -12.8025 -2.25743 0
      vertex -4.13421 -0.361696 0
    endloop
  endfacet
  facet normal 0 0 -1
    outer loop
      vertex -3.89972 1.41938 0
      vertex -12.216 4.44626 0
      vertex -11.782 5.49404 0
    endloop
  endfacet
  facet normal 0 0 -1
    outer loop
      vertex -12.9505 -1.13302 0
      vertex -4.13421 -0.361696 0
      vertex -12.8025 -2.25743 0
    endloop
  endfacet
  facet normal 0 0 -1
    outer loop
      vertex -4.00859 1.0741 0
      vertex -12.557 3.36465 0
      vertex -12.216 4.44626 0
    endloop
  endfacet
  facet normal -0 0 -1
    outer loop
      vertex -4.13421 -0.361696 0
      vertex -12.9505 -1.13302 0
      vertex -4.15 0 0
    endloop
  endfacet
  facet normal 0 0 -1
    outer loop
      vertex -4.08695 0.720639 0
      vertex -12.8025 2.25743 0
      vertex -12.557 3.36465 0
    endloop
  endfacet
  facet normal 0 0 -1
    outer loop
      vertex -13 0 0
      vertex -4.15 0 0
      vertex -12.9505 -1.13302 0
    endloop
  endfacet
  facet normal 0 0 -1
    outer loop
      vertex -4.13421 0.361696 0
      vertex -12.9505 1.13302 0
      vertex -12.8025 2.25743 0
    endloop
  endfacet
  facet normal 0 0 -1
    outer loop
      vertex -4.15 0 0
      vertex -13 0 0
      vertex -12.9505 1.13302 0
    endloop
  endfacet
  facet normal -0.923881 0.38268 0
    outer loop
      vertex -12.216 4.44626 0
      vertex -11.782 5.49404 49
      vertex -11.782 5.49404 0
    endloop
  endfacet
  facet normal -0.923881 0.38268 0
    outer loop
      vertex -11.782 5.49404 49
      vertex -12.216 4.44626 0
      vertex -12.216 4.44626 49
    endloop
  endfacet
  facet normal -0.46177 -0.887 0
    outer loop
      vertex -6.5 -11.2583 0
      vertex -5.49404 -11.782 49
      vertex -6.5 -11.2583 49
    endloop
  endfacet
  facet normal -0.46177 -0.887 -0
    outer loop
      vertex -5.49404 -11.782 49
      vertex -6.5 -11.2583 0
      vertex -5.49404 -11.782 0
    endloop
  endfacet
  facet normal -0.991445 -0.130524 0
    outer loop
      vertex 9.76271 0.854126 19
      vertex 9.65112 1.70175 49
      vertex 9.65112 1.70175 19
    endloop
  endfacet
  facet normal -0.991445 -0.130524 0
    outer loop
      vertex 9.65112 1.70175 49
      vertex 9.76271 0.854126 19
      vertex 9.76271 0.854126 49
    endloop
  endfacet
  facet normal -0.999048 -0.0436171 0
    outer loop
      vertex 9.8 0 19
      vertex 9.76271 0.854126 49
      vertex 9.76271 0.854126 19
    endloop
  endfacet
  facet normal -0.999048 -0.0436171 0
    outer loop
      vertex 9.76271 0.854126 49
      vertex 9.8 0 19
      vertex 9.8 0 49
    endloop
  endfacet
  facet normal -0.976295 -0.216446 0
    outer loop
      vertex 9.65112 1.70175 19
      vertex 9.46607 2.53643 49
      vertex 9.46607 2.53643 19
    endloop
  endfacet
  facet normal -0.976295 -0.216446 0
    outer loop
      vertex 9.46607 2.53643 49
      vertex 9.65112 1.70175 19
      vertex 9.65112 1.70175 49
    endloop
  endfacet
  facet normal -0.999048 0.0436171 0
    outer loop
      vertex 9.76271 -0.854126 19
      vertex 9.8 0 49
      vertex 9.8 0 19
    endloop
  endfacet
  facet normal -0.999048 0.0436171 0
    outer loop
      vertex 9.8 0 49
      vertex 9.76271 -0.854126 19
      vertex 9.76271 -0.854126 49
    endloop
  endfacet
  facet normal -0.461752 -0.887009 0
    outer loop
      vertex 4.14166 8.88182 19
      vertex 4.9 8.48705 49
      vertex 4.14166 8.88182 49
    endloop
  endfacet
  facet normal -0.461752 -0.887009 -0
    outer loop
      vertex 4.9 8.48705 49
      vertex 4.14166 8.88182 19
      vertex 4.9 8.48705 19
    endloop
  endfacet
  facet normal 0.5373 -0.843391 0
    outer loop
      vertex -5.62105 8.02769 19
      vertex -4.9 8.48705 49
      vertex -5.62105 8.02769 49
    endloop
  endfacet
  facet normal 0.5373 -0.843391 0
    outer loop
      vertex -4.9 8.48705 49
      vertex -5.62105 8.02769 19
      vertex -4.9 8.48705 19
    endloop
  endfacet
  facet normal 0.3007 -0.953719 0
    outer loop
      vertex -3.3518 9.20899 19
      vertex -2.53643 9.46607 49
      vertex -3.3518 9.20899 49
    endloop
  endfacet
  facet normal 0.3007 -0.953719 0
    outer loop
      vertex -2.53643 9.46607 49
      vertex -3.3518 9.20899 19
      vertex -2.53643 9.46607 19
    endloop
  endfacet
  facet normal 0.67559 -0.737278 0
    outer loop
      vertex -6.92965 6.92965 19
      vertex -6.29932 7.50724 49
      vertex -6.92965 6.92965 49
    endloop
  endfacet
  facet normal 0.67559 -0.737278 0
    outer loop
      vertex -6.29932 7.50724 49
      vertex -6.92965 6.92965 19
      vertex -6.29932 7.50724 19
    endloop
  endfacet
  facet normal -0.0435675 0.99905 0
    outer loop
      vertex 0.854126 -9.76271 19
      vertex 0.735343 -9.76789 32.9797
      vertex 0.854126 -9.76271 33.0289
    endloop
  endfacet
  facet normal -0.0436181 0.999048 -4.30824e-07
    outer loop
      vertex 0.854126 -9.76271 19
      vertex 0.55646 -9.7757 32.9233
      vertex 0.735343 -9.76789 32.9797
    endloop
  endfacet
  facet normal -0.0436461 0.999047 -1.02888e-06
    outer loop
      vertex 0.854126 -9.76271 19
      vertex 0.373343 -9.7837 32.8827
      vertex 0.55646 -9.7757 32.9233
    endloop
  endfacet
  facet normal -0.0436242 0.999048 -2.69484e-07
    outer loop
      vertex 0.854126 -9.76271 19
      vertex 0.187385 -9.79182 32.8582
      vertex 0.373343 -9.7837 32.8827
    endloop
  endfacet
  facet normal -0.0436119 0.999049 3.20939e-07
    outer loop
      vertex 0.854126 -9.76271 19
      vertex 0 -9.8 32.85
      vertex 0.187385 -9.79182 32.8582
    endloop
  endfacet
  facet normal -0.0436171 0.999048 0
    outer loop
      vertex 0 -9.8 32.85
      vertex 0.854126 -9.76271 19
      vertex 0 -9.8 19
    endloop
  endfacet
  facet normal -0.0436171 0.999048 -8.24587e-08
    outer loop
      vertex 0.187385 -9.79182 37.1418
      vertex 0 -9.8 49
      vertex 0.854126 -9.76271 49
    endloop
  endfacet
  facet normal -0.0436119 0.999049 0
    outer loop
      vertex 0 -9.8 49
      vertex 0.187385 -9.79182 37.1418
      vertex 0 -9.8 37.15
    endloop
  endfacet
  facet normal -0.0436242 0.999048 3.14601e-07
    outer loop
      vertex 0.854126 -9.76271 49
      vertex 0.373343 -9.7837 37.1173
      vertex 0.187385 -9.79182 37.1418
    endloop
  endfacet
  facet normal -0.043646 0.999047 1.20051e-06
    outer loop
      vertex 0.854126 -9.76271 49
      vertex 0.55646 -9.7757 37.0767
      vertex 0.373343 -9.7837 37.1173
    endloop
  endfacet
  facet normal -0.0436181 0.999048 5.02525e-07
    outer loop
      vertex 0.854126 -9.76271 49
      vertex 0.735343 -9.76789 37.0203
      vertex 0.55646 -9.7757 37.0767
    endloop
  endfacet
  facet normal -0.0435675 0.99905 0
    outer loop
      vertex 0.735343 -9.76789 37.0203
      vertex 0.854126 -9.76271 49
      vertex 0.854126 -9.76271 36.9711
    endloop
  endfacet
  facet normal 0.976295 -0.216446 0
    outer loop
      vertex -9.65112 1.70175 49
      vertex -9.46607 2.53643 19
      vertex -9.46607 2.53643 49
    endloop
  endfacet
  facet normal 0.976295 -0.216446 0
    outer loop
      vertex -9.46607 2.53643 19
      vertex -9.65112 1.70175 49
      vertex -9.65112 1.70175 19
    endloop
  endfacet
  facet normal -0.3007 0.953719 0
    outer loop
      vertex 3.3518 -9.20899 19
      vertex 2.53643 -9.46607 49
      vertex 3.3518 -9.20899 49
    endloop
  endfacet
  facet normal -0.3007 0.953719 0
    outer loop
      vertex 2.53643 -9.46607 49
      vertex 3.3518 -9.20899 19
      vertex 2.53643 -9.46607 19
    endloop
  endfacet
  facet normal -0.843391 0.5373 0
    outer loop
      vertex 8.02769 -5.62105 19
      vertex 8.48705 -4.9 49
      vertex 8.48705 -4.9 19
    endloop
  endfacet
  facet normal -0.843391 0.5373 0
    outer loop
      vertex 8.48705 -4.9 49
      vertex 8.02769 -5.62105 19
      vertex 8.02769 -5.62105 49
    endloop
  endfacet
  facet normal -0.5373 -0.843391 0
    outer loop
      vertex 4.9 8.48705 19
      vertex 5.62105 8.02769 49
      vertex 4.9 8.48705 49
    endloop
  endfacet
  facet normal -0.5373 -0.843391 -0
    outer loop
      vertex 5.62105 8.02769 49
      vertex 4.9 8.48705 19
      vertex 5.62105 8.02769 19
    endloop
  endfacet
  facet normal -0.216446 -0.976295 0
    outer loop
      vertex 1.70175 9.65112 36.3106
      vertex 2.53643 9.46607 49
      vertex 1.70175 9.65112 49
    endloop
  endfacet
  facet normal -0.216508 -0.976281 4.24611e-06
    outer loop
      vertex 1.76118 9.63794 36.2332
      vertex 2.53643 9.46607 49
      vertex 1.70175 9.65112 36.3106
    endloop
  endfacet
  facet normal -0.216438 -0.976296 -1.76601e-07
    outer loop
      vertex 1.86195 9.6156 36.075
      vertex 2.53643 9.46607 49
      vertex 1.76118 9.63794 36.2332
    endloop
  endfacet
  facet normal -0.21643 -0.976298 -6.16137e-07
    outer loop
      vertex 1.94856 9.5964 35.9086
      vertex 2.53643 9.46607 49
      vertex 1.86195 9.6156 36.075
    endloop
  endfacet
  facet normal -0.216402 -0.976304 -1.94562e-06
    outer loop
      vertex 2.02034 9.58049 35.7353
      vertex 2.53643 9.46607 49
      vertex 1.94856 9.5964 35.9086
    endloop
  endfacet
  facet normal -0.216535 -0.976275 3.48257e-06
    outer loop
      vertex 2.07674 9.56798 35.5565
      vertex 2.53643 9.46607 49
      vertex 2.02034 9.58049 35.7353
    endloop
  endfacet
  facet normal -0.216423 -0.9763 -5.20676e-07
    outer loop
      vertex 2.11734 9.55898 35.3733
      vertex 2.53643 9.46607 49
      vertex 2.07674 9.56798 35.5565
    endloop
  endfacet
  facet normal -0.216221 -0.976344 -7.04455e-06
    outer loop
      vertex 2.14182 9.55356 35.1874
      vertex 2.53643 9.46607 49
      vertex 2.11734 9.55898 35.3733
    endloop
  endfacet
  facet normal -0.216896 -0.976195 1.317e-05
    outer loop
      vertex 2.15 9.55174 35
      vertex 2.53643 9.46607 49
      vertex 2.14182 9.55356 35.1874
    endloop
  endfacet
  facet normal -0.216446 -0.976295 0
    outer loop
      vertex 2.53643 9.46607 19
      vertex 1.70175 9.65112 33.6894
      vertex 1.70175 9.65112 19
    endloop
  endfacet
  facet normal -0.216508 -0.976281 -3.70782e-06
    outer loop
      vertex 1.70175 9.65112 33.6894
      vertex 2.53643 9.46607 19
      vertex 1.76118 9.63794 33.7668
    endloop
  endfacet
  facet normal -0.216438 -0.976296 1.54503e-07
    outer loop
      vertex 1.76118 9.63794 33.7668
      vertex 2.53643 9.46607 19
      vertex 1.86195 9.6156 33.925
    endloop
  endfacet
  facet normal -0.21643 -0.976298 5.40169e-07
    outer loop
      vertex 1.86195 9.6156 33.925
      vertex 2.53643 9.46607 19
      vertex 1.94856 9.5964 34.0914
    endloop
  endfacet
  facet normal -0.216402 -0.976304 1.70994e-06
    outer loop
      vertex 1.94856 9.5964 34.0914
      vertex 2.53643 9.46607 19
      vertex 2.02034 9.58049 34.2647
    endloop
  endfacet
  facet normal -0.216536 -0.976275 -3.07045e-06
    outer loop
      vertex 2.02034 9.58049 34.2647
      vertex 2.53643 9.46607 19
      vertex 2.07674 9.56798 34.4435
    endloop
  endfacet
  facet normal -0.216423 -0.9763 4.6123e-07
    outer loop
      vertex 2.07674 9.56798 34.4435
      vertex 2.53643 9.46607 19
      vertex 2.11734 9.55898 34.6267
    endloop
  endfacet
  facet normal -0.216216 -0.976346 6.29551e-06
    outer loop
      vertex 2.11734 9.55898 34.6267
      vertex 2.53643 9.46607 19
      vertex 2.14182 9.55356 34.8126
    endloop
  endfacet
  facet normal -0.216441 -0.976296 0
    outer loop
      vertex 2.15 9.55174 35
      vertex 2.53643 9.46607 19
      vertex 2.53643 9.46607 49
    endloop
  endfacet
  facet normal -0.216919 -0.97619 -1.21101e-05
    outer loop
      vertex 2.14182 9.55356 34.8126
      vertex 2.53643 9.46607 19
      vertex 2.15 9.55174 35
    endloop
  endfacet
  facet normal -0.92388 0.382683 0
    outer loop
      vertex 8.88182 -4.14166 19
      vertex 9.20899 -3.3518 49
      vertex 9.20899 -3.3518 19
    endloop
  endfacet
  facet normal -0.92388 0.382683 0
    outer loop
      vertex 9.20899 -3.3518 49
      vertex 8.88182 -4.14166 19
      vertex 8.88182 -4.14166 49
    endloop
  endfacet
  facet normal 0.608758 -0.793356 0
    outer loop
      vertex -6.29932 7.50724 19
      vertex -5.62105 8.02769 49
      vertex -6.29932 7.50724 49
    endloop
  endfacet
  facet normal 0.608758 -0.793356 0
    outer loop
      vertex -5.62105 8.02769 49
      vertex -6.29932 7.50724 19
      vertex -5.62105 8.02769 19
    endloop
  endfacet
  facet normal 0.216446 -0.976295 0
    outer loop
      vertex -2.53643 9.46607 49
      vertex -1.70175 9.65112 36.3106
      vertex -1.70175 9.65112 49
    endloop
  endfacet
  facet normal 0.216508 -0.976281 4.24611e-06
    outer loop
      vertex -2.53643 9.46607 49
      vertex -1.76118 9.63794 36.2332
      vertex -1.70175 9.65112 36.3106
    endloop
  endfacet
  facet normal 0.216438 -0.976296 -1.76601e-07
    outer loop
      vertex -2.53643 9.46607 49
      vertex -1.86195 9.6156 36.075
      vertex -1.76118 9.63794 36.2332
    endloop
  endfacet
  facet normal 0.21643 -0.976298 -6.16137e-07
    outer loop
      vertex -2.53643 9.46607 49
      vertex -1.94856 9.5964 35.9086
      vertex -1.86195 9.6156 36.075
    endloop
  endfacet
  facet normal 0.216402 -0.976304 -1.94562e-06
    outer loop
      vertex -2.53643 9.46607 49
      vertex -2.02034 9.58049 35.7353
      vertex -1.94856 9.5964 35.9086
    endloop
  endfacet
  facet normal 0.216535 -0.976275 3.48257e-06
    outer loop
      vertex -2.53643 9.46607 49
      vertex -2.07674 9.56798 35.5565
      vertex -2.02034 9.58049 35.7353
    endloop
  endfacet
  facet normal 0.216423 -0.9763 -5.20676e-07
    outer loop
      vertex -2.53643 9.46607 49
      vertex -2.11734 9.55898 35.3733
      vertex -2.07674 9.56798 35.5565
    endloop
  endfacet
  facet normal 0.216221 -0.976344 -7.04455e-06
    outer loop
      vertex -2.53643 9.46607 49
      vertex -2.14182 9.55356 35.1874
      vertex -2.11734 9.55898 35.3733
    endloop
  endfacet
  facet normal 0.216896 -0.976195 1.317e-05
    outer loop
      vertex -2.53643 9.46607 49
      vertex -2.15 9.55174 35
      vertex -2.14182 9.55356 35.1874
    endloop
  endfacet
  facet normal 0.216441 -0.976296 0
    outer loop
      vertex -2.53643 9.46607 19
      vertex -2.15 9.55174 35
      vertex -2.53643 9.46607 49
    endloop
  endfacet
  facet normal 0.216919 -0.97619 -1.21101e-05
    outer loop
      vertex -2.53643 9.46607 19
      vertex -2.14182 9.55356 34.8126
      vertex -2.15 9.55174 35
    endloop
  endfacet
  facet normal 0.216216 -0.976346 6.29551e-06
    outer loop
      vertex -2.53643 9.46607 19
      vertex -2.11734 9.55898 34.6267
      vertex -2.14182 9.55356 34.8126
    endloop
  endfacet
  facet normal 0.216423 -0.9763 4.6123e-07
    outer loop
      vertex -2.53643 9.46607 19
      vertex -2.07674 9.56798 34.4435
      vertex -2.11734 9.55898 34.6267
    endloop
  endfacet
  facet normal 0.216536 -0.976275 -3.07045e-06
    outer loop
      vertex -2.53643 9.46607 19
      vertex -2.02034 9.58049 34.2647
      vertex -2.07674 9.56798 34.4435
    endloop
  endfacet
  facet normal 0.216402 -0.976304 1.70994e-06
    outer loop
      vertex -2.53643 9.46607 19
      vertex -1.94856 9.5964 34.0914
      vertex -2.02034 9.58049 34.2647
    endloop
  endfacet
  facet normal 0.21643 -0.976298 5.40169e-07
    outer loop
      vertex -2.53643 9.46607 19
      vertex -1.86195 9.6156 33.925
      vertex -1.94856 9.5964 34.0914
    endloop
  endfacet
  facet normal 0.216438 -0.976296 1.54503e-07
    outer loop
      vertex -2.53643 9.46607 19
      vertex -1.76118 9.63794 33.7668
      vertex -1.86195 9.6156 33.925
    endloop
  endfacet
  facet normal 0.216508 -0.976281 -3.70782e-06
    outer loop
      vertex -2.53643 9.46607 19
      vertex -1.70175 9.65112 33.6894
      vertex -1.76118 9.63794 33.7668
    endloop
  endfacet
  facet normal 0.216446 -0.976295 0
    outer loop
      vertex -1.70175 9.65112 33.6894
      vertex -2.53643 9.46607 19
      vertex -1.70175 9.65112 19
    endloop
  endfacet
  facet normal -0.608758 -0.793356 0
    outer loop
      vertex 5.62105 8.02769 19
      vertex 6.29932 7.50724 49
      vertex 5.62105 8.02769 49
    endloop
  endfacet
  facet normal -0.608758 -0.793356 -0
    outer loop
      vertex 6.29932 7.50724 49
      vertex 5.62105 8.02769 19
      vertex 6.29932 7.50724 19
    endloop
  endfacet
  facet normal -0.991445 0.130524 0
    outer loop
      vertex 9.65112 -1.70175 19
      vertex 9.76271 -0.854126 49
      vertex 9.76271 -0.854126 19
    endloop
  endfacet
  facet normal -0.991445 0.130524 0
    outer loop
      vertex 9.76271 -0.854126 49
      vertex 9.65112 -1.70175 19
      vertex 9.65112 -1.70175 49
    endloop
  endfacet
  facet normal 0.216446 0.976295 -0
    outer loop
      vertex -1.70175 -9.65112 36.3106
      vertex -2.53643 -9.46607 49
      vertex -1.70175 -9.65112 49
    endloop
  endfacet
  facet normal 0.216508 0.976281 4.24611e-06
    outer loop
      vertex -1.76118 -9.63794 36.2332
      vertex -2.53643 -9.46607 49
      vertex -1.70175 -9.65112 36.3106
    endloop
  endfacet
  facet normal 0.216438 0.976296 -1.76601e-07
    outer loop
      vertex -1.86195 -9.6156 36.075
      vertex -2.53643 -9.46607 49
      vertex -1.76118 -9.63794 36.2332
    endloop
  endfacet
  facet normal 0.21643 0.976298 -6.16137e-07
    outer loop
      vertex -1.94856 -9.5964 35.9086
      vertex -2.53643 -9.46607 49
      vertex -1.86195 -9.6156 36.075
    endloop
  endfacet
  facet normal 0.216402 0.976304 -1.94562e-06
    outer loop
      vertex -2.02034 -9.58049 35.7353
      vertex -2.53643 -9.46607 49
      vertex -1.94856 -9.5964 35.9086
    endloop
  endfacet
  facet normal 0.216535 0.976275 3.48257e-06
    outer loop
      vertex -2.07674 -9.56798 35.5565
      vertex -2.53643 -9.46607 49
      vertex -2.02034 -9.58049 35.7353
    endloop
  endfacet
  facet normal 0.216423 0.9763 -5.20676e-07
    outer loop
      vertex -2.11734 -9.55898 35.3733
      vertex -2.53643 -9.46607 49
      vertex -2.07674 -9.56798 35.5565
    endloop
  endfacet
  facet normal 0.216221 0.976344 -7.04455e-06
    outer loop
      vertex -2.14182 -9.55356 35.1874
      vertex -2.53643 -9.46607 49
      vertex -2.11734 -9.55898 35.3733
    endloop
  endfacet
  facet normal 0.216896 0.976195 1.317e-05
    outer loop
      vertex -2.15 -9.55174 35
      vertex -2.53643 -9.46607 49
      vertex -2.14182 -9.55356 35.1874
    endloop
  endfacet
  facet normal 0.216446 0.976295 0
    outer loop
      vertex -2.53643 -9.46607 19
      vertex -1.70175 -9.65112 33.6894
      vertex -1.70175 -9.65112 19
    endloop
  endfacet
  facet normal 0.216508 0.976281 -3.70782e-06
    outer loop
      vertex -1.70175 -9.65112 33.6894
      vertex -2.53643 -9.46607 19
      vertex -1.76118 -9.63794 33.7668
    endloop
  endfacet
  facet normal 0.216438 0.976296 1.54503e-07
    outer loop
      vertex -1.76118 -9.63794 33.7668
      vertex -2.53643 -9.46607 19
      vertex -1.86195 -9.6156 33.925
    endloop
  endfacet
  facet normal 0.21643 0.976298 5.40169e-07
    outer loop
      vertex -1.86195 -9.6156 33.925
      vertex -2.53643 -9.46607 19
      vertex -1.94856 -9.5964 34.0914
    endloop
  endfacet
  facet normal 0.216402 0.976304 1.70994e-06
    outer loop
      vertex -1.94856 -9.5964 34.0914
      vertex -2.53643 -9.46607 19
      vertex -2.02034 -9.58049 34.2647
    endloop
  endfacet
  facet normal 0.216536 0.976275 -3.07045e-06
    outer loop
      vertex -2.02034 -9.58049 34.2647
      vertex -2.53643 -9.46607 19
      vertex -2.07674 -9.56798 34.4435
    endloop
  endfacet
  facet normal 0.216423 0.9763 4.6123e-07
    outer loop
      vertex -2.07674 -9.56798 34.4435
      vertex -2.53643 -9.46607 19
      vertex -2.11734 -9.55898 34.6267
    endloop
  endfacet
  facet normal 0.216216 0.976346 6.29551e-06
    outer loop
      vertex -2.11734 -9.55898 34.6267
      vertex -2.53643 -9.46607 19
      vertex -2.14182 -9.55356 34.8126
    endloop
  endfacet
  facet normal 0.216441 0.976296 0
    outer loop
      vertex -2.15 -9.55174 35
      vertex -2.53643 -9.46607 19
      vertex -2.53643 -9.46607 49
    endloop
  endfacet
  facet normal 0.216919 0.97619 -1.21101e-05
    outer loop
      vertex -2.14182 -9.55356 34.8126
      vertex -2.53643 -9.46607 19
      vertex -2.15 -9.55174 35
    endloop
  endfacet
  facet normal 0.976295 0.216446 0
    outer loop
      vertex -9.46607 -2.53643 49
      vertex -9.65112 -1.70175 19
      vertex -9.65112 -1.70175 49
    endloop
  endfacet
  facet normal 0.976295 0.216446 0
    outer loop
      vertex -9.65112 -1.70175 19
      vertex -9.46607 -2.53643 49
      vertex -9.46607 -2.53643 19
    endloop
  endfacet
  facet normal 0.953719 -0.3007 0
    outer loop
      vertex -9.46607 2.53643 49
      vertex -9.20899 3.3518 19
      vertex -9.20899 3.3518 49
    endloop
  endfacet
  facet normal 0.953719 -0.3007 0
    outer loop
      vertex -9.20899 3.3518 19
      vertex -9.46607 2.53643 49
      vertex -9.46607 2.53643 19
    endloop
  endfacet
  facet normal -0.130384 0.991464 0
    outer loop
      vertex 1.70175 -9.65112 19
      vertex 1.647 -9.65832 33.618
      vertex 1.70175 -9.65112 33.6894
    endloop
  endfacet
  facet normal -0.130579 0.991438 -7.42793e-07
    outer loop
      vertex 1.70175 -9.65112 19
      vertex 1.52028 -9.67501 33.4797
      vertex 1.647 -9.65832 33.618
    endloop
  endfacet
  facet normal -0.130483 0.991451 4.86623e-07
    outer loop
      vertex 1.70175 -9.65112 19
      vertex 1.38199 -9.69321 33.353
      vertex 1.52028 -9.67501 33.4797
    endloop
  endfacet
  facet normal -0.130527 0.991445 -5.04978e-07
    outer loop
      vertex 1.70175 -9.65112 19
      vertex 1.23319 -9.7128 33.2388
      vertex 1.38199 -9.69321 33.353
    endloop
  endfacet
  facet normal -0.130549 0.991442 -1.26992e-06
    outer loop
      vertex 1.70175 -9.65112 19
      vertex 1.075 -9.73363 33.138
      vertex 1.23319 -9.7128 33.2388
    endloop
  endfacet
  facet normal -0.130507 0.991447 6.29828e-07
    outer loop
      vertex 1.70175 -9.65112 19
      vertex 0.908628 -9.75553 33.0514
      vertex 1.075 -9.73363 33.138
    endloop
  endfacet
  facet normal -0.130608 0.991434 -5.13905e-06
    outer loop
      vertex 1.70175 -9.65112 19
      vertex 0.854126 -9.76271 33.0289
      vertex 0.908628 -9.75553 33.0514
    endloop
  endfacet
  facet normal -0.130524 0.991445 0
    outer loop
      vertex 0.854126 -9.76271 33.0289
      vertex 1.70175 -9.65112 19
      vertex 0.854126 -9.76271 19
    endloop
  endfacet
  facet normal -0.130524 0.991445 0
    outer loop
      vertex 1.70175 -9.65112 49
      vertex 0.854126 -9.76271 36.9711
      vertex 0.854126 -9.76271 49
    endloop
  endfacet
  facet normal -0.130607 0.991434 5.96935e-06
    outer loop
      vertex 1.70175 -9.65112 49
      vertex 0.908628 -9.75553 36.9486
      vertex 0.854126 -9.76271 36.9711
    endloop
  endfacet
  facet normal -0.130507 0.991447 -7.30889e-07
    outer loop
      vertex 1.70175 -9.65112 49
      vertex 1.075 -9.73363 36.862
      vertex 0.908628 -9.75553 36.9486
    endloop
  endfacet
  facet normal -0.130549 0.991442 1.4725e-06
    outer loop
      vertex 1.70175 -9.65112 49
      vertex 1.23319 -9.7128 36.7612
      vertex 1.075 -9.73363 36.862
    endloop
  endfacet
  facet normal -0.130526 0.991445 5.85143e-07
    outer loop
      vertex 1.70175 -9.65112 49
      vertex 1.38199 -9.69321 36.647
      vertex 1.23319 -9.7128 36.7612
    endloop
  endfacet
  facet normal -0.130483 0.991451 -5.63584e-07
    outer loop
      vertex 1.70175 -9.65112 49
      vertex 1.52028 -9.67501 36.5203
      vertex 1.38199 -9.69321 36.647
    endloop
  endfacet
  facet normal -0.130579 0.991438 8.59973e-07
    outer loop
      vertex 1.70175 -9.65112 49
      vertex 1.647 -9.65832 36.382
      vertex 1.52028 -9.67501 36.5203
    endloop
  endfacet
  facet normal -0.130384 0.991464 0
    outer loop
      vertex 1.647 -9.65832 36.382
      vertex 1.70175 -9.65112 49
      vertex 1.70175 -9.65112 36.3106
    endloop
  endfacet
  facet normal 0.130524 0.991445 0
    outer loop
      vertex -1.70175 -9.65112 19
      vertex -0.854126 -9.76271 33.0289
      vertex -0.854126 -9.76271 19
    endloop
  endfacet
  facet normal 0.130608 0.991434 -5.13905e-06
    outer loop
      vertex -0.854126 -9.76271 33.0289
      vertex -1.70175 -9.65112 19
      vertex -0.908628 -9.75553 33.0514
    endloop
  endfacet
  facet normal 0.130507 0.991447 6.29828e-07
    outer loop
      vertex -0.908628 -9.75553 33.0514
      vertex -1.70175 -9.65112 19
      vertex -1.075 -9.73363 33.138
    endloop
  endfacet
  facet normal 0.130549 0.991442 -1.26992e-06
    outer loop
      vertex -1.075 -9.73363 33.138
      vertex -1.70175 -9.65112 19
      vertex -1.23319 -9.7128 33.2388
    endloop
  endfacet
  facet normal 0.130527 0.991445 -5.04978e-07
    outer loop
      vertex -1.23319 -9.7128 33.2388
      vertex -1.70175 -9.65112 19
      vertex -1.38199 -9.69321 33.353
    endloop
  endfacet
  facet normal 0.130483 0.991451 4.86623e-07
    outer loop
      vertex -1.38199 -9.69321 33.353
      vertex -1.70175 -9.65112 19
      vertex -1.52028 -9.67501 33.4797
    endloop
  endfacet
  facet normal 0.130579 0.991438 -7.42793e-07
    outer loop
      vertex -1.52028 -9.67501 33.4797
      vertex -1.70175 -9.65112 19
      vertex -1.647 -9.65832 33.618
    endloop
  endfacet
  facet normal 0.130384 0.991464 0
    outer loop
      vertex -1.647 -9.65832 33.618
      vertex -1.70175 -9.65112 19
      vertex -1.70175 -9.65112 33.6894
    endloop
  endfacet
  facet normal 0.130524 0.991445 -0
    outer loop
      vertex -0.854126 -9.76271 36.9711
      vertex -1.70175 -9.65112 49
      vertex -0.854126 -9.76271 49
    endloop
  endfacet
  facet normal 0.130607 0.991434 5.96935e-06
    outer loop
      vertex -0.908628 -9.75553 36.9486
      vertex -1.70175 -9.65112 49
      vertex -0.854126 -9.76271 36.9711
    endloop
  endfacet
  facet normal 0.130507 0.991447 -7.30889e-07
    outer loop
      vertex -1.075 -9.73363 36.862
      vertex -1.70175 -9.65112 49
      vertex -0.908628 -9.75553 36.9486
    endloop
  endfacet
  facet normal 0.130549 0.991442 1.4725e-06
    outer loop
      vertex -1.23319 -9.7128 36.7612
      vertex -1.70175 -9.65112 49
      vertex -1.075 -9.73363 36.862
    endloop
  endfacet
  facet normal 0.130526 0.991445 5.85143e-07
    outer loop
      vertex -1.38199 -9.69321 36.647
      vertex -1.70175 -9.65112 49
      vertex -1.23319 -9.7128 36.7612
    endloop
  endfacet
  facet normal 0.130483 0.991451 -5.63584e-07
    outer loop
      vertex -1.52028 -9.67501 36.5203
      vertex -1.70175 -9.65112 49
      vertex -1.38199 -9.69321 36.647
    endloop
  endfacet
  facet normal 0.130579 0.991438 8.59973e-07
    outer loop
      vertex -1.647 -9.65832 36.382
      vertex -1.70175 -9.65112 49
      vertex -1.52028 -9.67501 36.5203
    endloop
  endfacet
  facet normal 0.130384 0.991464 0
    outer loop
      vertex -1.70175 -9.65112 49
      vertex -1.647 -9.65832 36.382
      vertex -1.70175 -9.65112 36.3106
    endloop
  endfacet
  facet normal -0.976295 0.216446 0
    outer loop
      vertex 9.46607 -2.53643 19
      vertex 9.65112 -1.70175 49
      vertex 9.65112 -1.70175 19
    endloop
  endfacet
  facet normal -0.976295 0.216446 0
    outer loop
      vertex 9.65112 -1.70175 49
      vertex 9.46607 -2.53643 19
      vertex 9.46607 -2.53643 49
    endloop
  endfacet
  facet normal 0.793356 0.608758 0
    outer loop
      vertex -7.50724 -6.29932 49
      vertex -8.02769 -5.62105 19
      vertex -8.02769 -5.62105 49
    endloop
  endfacet
  facet normal 0.793356 0.608758 0
    outer loop
      vertex -8.02769 -5.62105 19
      vertex -7.50724 -6.29932 49
      vertex -7.50724 -6.29932 19
    endloop
  endfacet
  facet normal 0.737278 -0.67559 0
    outer loop
      vertex -7.50724 6.29932 49
      vertex -6.92965 6.92965 19
      vertex -6.92965 6.92965 49
    endloop
  endfacet
  facet normal 0.737278 -0.67559 0
    outer loop
      vertex -6.92965 6.92965 19
      vertex -7.50724 6.29932 49
      vertex -7.50724 6.29932 19
    endloop
  endfacet
  facet normal -0.92388 -0.382683 0
    outer loop
      vertex 9.20899 3.3518 19
      vertex 8.88182 4.14166 49
      vertex 8.88182 4.14166 19
    endloop
  endfacet
  facet normal -0.92388 -0.382683 0
    outer loop
      vertex 8.88182 4.14166 49
      vertex 9.20899 3.3518 19
      vertex 9.20899 3.3518 49
    endloop
  endfacet
  facet normal 0.887009 0.461752 0
    outer loop
      vertex -8.48705 -4.9 49
      vertex -8.88182 -4.14166 19
      vertex -8.88182 -4.14166 49
    endloop
  endfacet
  facet normal 0.887009 0.461752 0
    outer loop
      vertex -8.88182 -4.14166 19
      vertex -8.48705 -4.9 49
      vertex -8.48705 -4.9 19
    endloop
  endfacet
  facet normal -0.843391 -0.5373 0
    outer loop
      vertex 8.48705 4.9 19
      vertex 8.02769 5.62105 49
      vertex 8.02769 5.62105 19
    endloop
  endfacet
  facet normal -0.843391 -0.5373 0
    outer loop
      vertex 8.02769 5.62105 49
      vertex 8.48705 4.9 19
      vertex 8.48705 4.9 49
    endloop
  endfacet
  facet normal 0.3007 0.953719 -0
    outer loop
      vertex -2.53643 -9.46607 19
      vertex -3.3518 -9.20899 49
      vertex -2.53643 -9.46607 49
    endloop
  endfacet
  facet normal 0.3007 0.953719 0
    outer loop
      vertex -3.3518 -9.20899 49
      vertex -2.53643 -9.46607 19
      vertex -3.3518 -9.20899 19
    endloop
  endfacet
  facet normal 0.461752 -0.887009 0
    outer loop
      vertex -4.9 8.48705 19
      vertex -4.14166 8.88182 49
      vertex -4.9 8.48705 49
    endloop
  endfacet
  facet normal 0.461752 -0.887009 0
    outer loop
      vertex -4.14166 8.88182 49
      vertex -4.9 8.48705 19
      vertex -4.14166 8.88182 19
    endloop
  endfacet
  facet normal -0.887009 0.461752 0
    outer loop
      vertex 8.48705 -4.9 19
      vertex 8.88182 -4.14166 49
      vertex 8.88182 -4.14166 19
    endloop
  endfacet
  facet normal -0.887009 0.461752 0
    outer loop
      vertex 8.88182 -4.14166 49
      vertex 8.48705 -4.9 19
      vertex 8.48705 -4.9 49
    endloop
  endfacet
  facet normal -0.382683 0.92388 0
    outer loop
      vertex 4.14166 -8.88182 19
      vertex 3.3518 -9.20899 49
      vertex 4.14166 -8.88182 49
    endloop
  endfacet
  facet normal -0.382683 0.92388 0
    outer loop
      vertex 3.3518 -9.20899 49
      vertex 4.14166 -8.88182 19
      vertex 3.3518 -9.20899 19
    endloop
  endfacet
  facet normal -0.382683 -0.92388 0
    outer loop
      vertex 3.3518 9.20899 19
      vertex 4.14166 8.88182 49
      vertex 3.3518 9.20899 49
    endloop
  endfacet
  facet normal -0.382683 -0.92388 -0
    outer loop
      vertex 4.14166 8.88182 49
      vertex 3.3518 9.20899 19
      vertex 4.14166 8.88182 19
    endloop
  endfacet
  facet normal -0.953719 -0.3007 0
    outer loop
      vertex 9.46607 2.53643 19
      vertex 9.20899 3.3518 49
      vertex 9.20899 3.3518 19
    endloop
  endfacet
  facet normal -0.953719 -0.3007 0
    outer loop
      vertex 9.20899 3.3518 49
      vertex 9.46607 2.53643 19
      vertex 9.46607 2.53643 49
    endloop
  endfacet
  facet normal -0.793356 0.608758 0
    outer loop
      vertex 7.50724 -6.29932 19
      vertex 8.02769 -5.62105 49
      vertex 8.02769 -5.62105 19
    endloop
  endfacet
  facet normal -0.793356 0.608758 0
    outer loop
      vertex 8.02769 -5.62105 49
      vertex 7.50724 -6.29932 19
      vertex 7.50724 -6.29932 49
    endloop
  endfacet
  facet normal -0.130524 -0.991445 0
    outer loop
      vertex 1.70175 9.65112 19
      vertex 0.854126 9.76271 33.0289
      vertex 0.854126 9.76271 19
    endloop
  endfacet
  facet normal -0.130608 -0.991434 -5.13905e-06
    outer loop
      vertex 0.854126 9.76271 33.0289
      vertex 1.70175 9.65112 19
      vertex 0.908628 9.75553 33.0514
    endloop
  endfacet
  facet normal -0.130507 -0.991447 6.29828e-07
    outer loop
      vertex 0.908628 9.75553 33.0514
      vertex 1.70175 9.65112 19
      vertex 1.075 9.73363 33.138
    endloop
  endfacet
  facet normal -0.130549 -0.991442 -1.26992e-06
    outer loop
      vertex 1.075 9.73363 33.138
      vertex 1.70175 9.65112 19
      vertex 1.23319 9.7128 33.2388
    endloop
  endfacet
  facet normal -0.130527 -0.991445 -5.04978e-07
    outer loop
      vertex 1.23319 9.7128 33.2388
      vertex 1.70175 9.65112 19
      vertex 1.38199 9.69321 33.353
    endloop
  endfacet
  facet normal -0.130483 -0.991451 4.86623e-07
    outer loop
      vertex 1.38199 9.69321 33.353
      vertex 1.70175 9.65112 19
      vertex 1.52028 9.67501 33.4797
    endloop
  endfacet
  facet normal -0.130579 -0.991438 -7.42793e-07
    outer loop
      vertex 1.52028 9.67501 33.4797
      vertex 1.70175 9.65112 19
      vertex 1.647 9.65832 33.618
    endloop
  endfacet
  facet normal -0.130384 -0.991464 0
    outer loop
      vertex 1.647 9.65832 33.618
      vertex 1.70175 9.65112 19
      vertex 1.70175 9.65112 33.6894
    endloop
  endfacet
  facet normal -0.130524 -0.991445 0
    outer loop
      vertex 0.854126 9.76271 36.9711
      vertex 1.70175 9.65112 49
      vertex 0.854126 9.76271 49
    endloop
  endfacet
  facet normal -0.130607 -0.991434 5.96935e-06
    outer loop
      vertex 0.908628 9.75553 36.9486
      vertex 1.70175 9.65112 49
      vertex 0.854126 9.76271 36.9711
    endloop
  endfacet
  facet normal -0.130507 -0.991447 -7.30889e-07
    outer loop
      vertex 1.075 9.73363 36.862
      vertex 1.70175 9.65112 49
      vertex 0.908628 9.75553 36.9486
    endloop
  endfacet
  facet normal -0.130549 -0.991442 1.4725e-06
    outer loop
      vertex 1.23319 9.7128 36.7612
      vertex 1.70175 9.65112 49
      vertex 1.075 9.73363 36.862
    endloop
  endfacet
  facet normal -0.130526 -0.991445 5.85143e-07
    outer loop
      vertex 1.38199 9.69321 36.647
      vertex 1.70175 9.65112 49
      vertex 1.23319 9.7128 36.7612
    endloop
  endfacet
  facet normal -0.130483 -0.991451 -5.63584e-07
    outer loop
      vertex 1.52028 9.67501 36.5203
      vertex 1.70175 9.65112 49
      vertex 1.38199 9.69321 36.647
    endloop
  endfacet
  facet normal -0.130579 -0.991438 8.59973e-07
    outer loop
      vertex 1.647 9.65832 36.382
      vertex 1.70175 9.65112 49
      vertex 1.52028 9.67501 36.5203
    endloop
  endfacet
  facet normal -0.130384 -0.991464 -0
    outer loop
      vertex 1.70175 9.65112 49
      vertex 1.647 9.65832 36.382
      vertex 1.70175 9.65112 36.3106
    endloop
  endfacet
  facet normal -0.3007 -0.953719 0
    outer loop
      vertex 2.53643 9.46607 19
      vertex 3.3518 9.20899 49
      vertex 2.53643 9.46607 49
    endloop
  endfacet
  facet normal -0.3007 -0.953719 -0
    outer loop
      vertex 3.3518 9.20899 49
      vertex 2.53643 9.46607 19
      vertex 3.3518 9.20899 19
    endloop
  endfacet
  facet normal -0.953719 0.3007 0
    outer loop
      vertex 9.20899 -3.3518 19
      vertex 9.46607 -2.53643 49
      vertex 9.46607 -2.53643 19
    endloop
  endfacet
  facet normal -0.953719 0.3007 0
    outer loop
      vertex 9.46607 -2.53643 49
      vertex 9.20899 -3.3518 19
      vertex 9.20899 -3.3518 49
    endloop
  endfacet
  facet normal -0.67559 -0.737278 0
    outer loop
      vertex 6.29932 7.50724 19
      vertex 6.92965 6.92965 49
      vertex 6.29932 7.50724 49
    endloop
  endfacet
  facet normal -0.67559 -0.737278 -0
    outer loop
      vertex 6.92965 6.92965 49
      vertex 6.29932 7.50724 19
      vertex 6.92965 6.92965 19
    endloop
  endfacet
  facet normal -0.737278 0.67559 0
    outer loop
      vertex 6.92965 -6.92965 19
      vertex 7.50724 -6.29932 49
      vertex 7.50724 -6.29932 19
    endloop
  endfacet
  facet normal -0.737278 0.67559 0
    outer loop
      vertex 7.50724 -6.29932 49
      vertex 6.92965 -6.92965 19
      vertex 6.92965 -6.92965 49
    endloop
  endfacet
  facet normal 0.130384 -0.991464 0
    outer loop
      vertex -1.70175 9.65112 19
      vertex -1.647 9.65832 33.618
      vertex -1.70175 9.65112 33.6894
    endloop
  endfacet
  facet normal 0.130579 -0.991438 -7.42793e-07
    outer loop
      vertex -1.70175 9.65112 19
      vertex -1.52028 9.67501 33.4797
      vertex -1.647 9.65832 33.618
    endloop
  endfacet
  facet normal 0.130483 -0.991451 4.86623e-07
    outer loop
      vertex -1.70175 9.65112 19
      vertex -1.38199 9.69321 33.353
      vertex -1.52028 9.67501 33.4797
    endloop
  endfacet
  facet normal 0.130527 -0.991445 -5.04978e-07
    outer loop
      vertex -1.70175 9.65112 19
      vertex -1.23319 9.7128 33.2388
      vertex -1.38199 9.69321 33.353
    endloop
  endfacet
  facet normal 0.130549 -0.991442 -1.26992e-06
    outer loop
      vertex -1.70175 9.65112 19
      vertex -1.075 9.73363 33.138
      vertex -1.23319 9.7128 33.2388
    endloop
  endfacet
  facet normal 0.130507 -0.991447 6.29828e-07
    outer loop
      vertex -1.70175 9.65112 19
      vertex -0.908628 9.75553 33.0514
      vertex -1.075 9.73363 33.138
    endloop
  endfacet
  facet normal 0.130608 -0.991434 -5.13905e-06
    outer loop
      vertex -1.70175 9.65112 19
      vertex -0.854126 9.76271 33.0289
      vertex -0.908628 9.75553 33.0514
    endloop
  endfacet
  facet normal 0.130524 -0.991445 0
    outer loop
      vertex -0.854126 9.76271 33.0289
      vertex -1.70175 9.65112 19
      vertex -0.854126 9.76271 19
    endloop
  endfacet
  facet normal 0.130524 -0.991445 0
    outer loop
      vertex -1.70175 9.65112 49
      vertex -0.854126 9.76271 36.9711
      vertex -0.854126 9.76271 49
    endloop
  endfacet
  facet normal 0.130607 -0.991434 5.96935e-06
    outer loop
      vertex -1.70175 9.65112 49
      vertex -0.908628 9.75553 36.9486
      vertex -0.854126 9.76271 36.9711
    endloop
  endfacet
  facet normal 0.130507 -0.991447 -7.30889e-07
    outer loop
      vertex -1.70175 9.65112 49
      vertex -1.075 9.73363 36.862
      vertex -0.908628 9.75553 36.9486
    endloop
  endfacet
  facet normal 0.130549 -0.991442 1.4725e-06
    outer loop
      vertex -1.70175 9.65112 49
      vertex -1.23319 9.7128 36.7612
      vertex -1.075 9.73363 36.862
    endloop
  endfacet
  facet normal 0.130526 -0.991445 5.85143e-07
    outer loop
      vertex -1.70175 9.65112 49
      vertex -1.38199 9.69321 36.647
      vertex -1.23319 9.7128 36.7612
    endloop
  endfacet
  facet normal 0.130483 -0.991451 -5.63584e-07
    outer loop
      vertex -1.70175 9.65112 49
      vertex -1.52028 9.67501 36.5203
      vertex -1.38199 9.69321 36.647
    endloop
  endfacet
  facet normal 0.130579 -0.991438 8.59973e-07
    outer loop
      vertex -1.70175 9.65112 49
      vertex -1.647 9.65832 36.382
      vertex -1.52028 9.67501 36.5203
    endloop
  endfacet
  facet normal 0.130384 -0.991464 0
    outer loop
      vertex -1.647 9.65832 36.382
      vertex -1.70175 9.65112 49
      vertex -1.70175 9.65112 36.3106
    endloop
  endfacet
  facet normal 0.737278 0.67559 0
    outer loop
      vertex -6.92965 -6.92965 49
      vertex -7.50724 -6.29932 19
      vertex -7.50724 -6.29932 49
    endloop
  endfacet
  facet normal 0.737278 0.67559 0
    outer loop
      vertex -7.50724 -6.29932 19
      vertex -6.92965 -6.92965 49
      vertex -6.92965 -6.92965 19
    endloop
  endfacet
  facet normal 0.382683 -0.92388 0
    outer loop
      vertex -4.14166 8.88182 19
      vertex -3.3518 9.20899 49
      vertex -4.14166 8.88182 49
    endloop
  endfacet
  facet normal 0.382683 -0.92388 0
    outer loop
      vertex -3.3518 9.20899 49
      vertex -4.14166 8.88182 19
      vertex -3.3518 9.20899 19
    endloop
  endfacet
  facet normal -0.793356 -0.608758 0
    outer loop
      vertex 8.02769 5.62105 19
      vertex 7.50724 6.29932 49
      vertex 7.50724 6.29932 19
    endloop
  endfacet
  facet normal -0.793356 -0.608758 0
    outer loop
      vertex 7.50724 6.29932 49
      vertex 8.02769 5.62105 19
      vertex 8.02769 5.62105 49
    endloop
  endfacet
  facet normal -0.887009 -0.461752 0
    outer loop
      vertex 8.88182 4.14166 19
      vertex 8.48705 4.9 49
      vertex 8.48705 4.9 19
    endloop
  endfacet
  facet normal -0.887009 -0.461752 0
    outer loop
      vertex 8.48705 4.9 49
      vertex 8.88182 4.14166 19
      vertex 8.88182 4.14166 49
    endloop
  endfacet
  facet normal 0.461752 0.887009 -0
    outer loop
      vertex -4.14166 -8.88182 19
      vertex -4.9 -8.48705 49
      vertex -4.14166 -8.88182 49
    endloop
  endfacet
  facet normal 0.461752 0.887009 0
    outer loop
      vertex -4.9 -8.48705 49
      vertex -4.14166 -8.88182 19
      vertex -4.9 -8.48705 19
    endloop
  endfacet
  facet normal 0.999048 0.0436171 0
    outer loop
      vertex -9.76271 -0.854126 49
      vertex -9.8 0 19
      vertex -9.8 0 49
    endloop
  endfacet
  facet normal 0.999048 0.0436171 0
    outer loop
      vertex -9.8 0 19
      vertex -9.76271 -0.854126 49
      vertex -9.76271 -0.854126 19
    endloop
  endfacet
  facet normal -0.461752 0.887009 0
    outer loop
      vertex 4.9 -8.48705 19
      vertex 4.14166 -8.88182 49
      vertex 4.9 -8.48705 49
    endloop
  endfacet
  facet normal -0.461752 0.887009 0
    outer loop
      vertex 4.14166 -8.88182 49
      vertex 4.9 -8.48705 19
      vertex 4.14166 -8.88182 19
    endloop
  endfacet
  facet normal -0.0436119 -0.999049 0
    outer loop
      vertex 0 9.8 19
      vertex 0.187385 9.79182 32.8582
      vertex 0 9.8 32.85
    endloop
  endfacet
  facet normal -0.0436171 -0.999048 7.05584e-08
    outer loop
      vertex 0.854126 9.76271 19
      vertex 0.187385 9.79182 32.8582
      vertex 0 9.8 19
    endloop
  endfacet
  facet normal -0.0436242 -0.999048 -2.69484e-07
    outer loop
      vertex 0.187385 9.79182 32.8582
      vertex 0.854126 9.76271 19
      vertex 0.373343 9.7837 32.8827
    endloop
  endfacet
  facet normal -0.0436461 -0.999047 -1.02888e-06
    outer loop
      vertex 0.373343 9.7837 32.8827
      vertex 0.854126 9.76271 19
      vertex 0.55646 9.7757 32.9233
    endloop
  endfacet
  facet normal -0.0436181 -0.999048 -4.30824e-07
    outer loop
      vertex 0.55646 9.7757 32.9233
      vertex 0.854126 9.76271 19
      vertex 0.735343 9.76789 32.9797
    endloop
  endfacet
  facet normal -0.0435675 -0.99905 0
    outer loop
      vertex 0.735343 9.76789 32.9797
      vertex 0.854126 9.76271 19
      vertex 0.854126 9.76271 33.0289
    endloop
  endfacet
  facet normal -0.0436119 -0.999049 0
    outer loop
      vertex 0.187385 9.79182 37.1418
      vertex 0 9.8 49
      vertex 0 9.8 37.15
    endloop
  endfacet
  facet normal -0.0436171 -0.999048 -8.24587e-08
    outer loop
      vertex 0 9.8 49
      vertex 0.187385 9.79182 37.1418
      vertex 0.854126 9.76271 49
    endloop
  endfacet
  facet normal -0.0436242 -0.999048 3.14601e-07
    outer loop
      vertex 0.373343 9.7837 37.1173
      vertex 0.854126 9.76271 49
      vertex 0.187385 9.79182 37.1418
    endloop
  endfacet
  facet normal -0.043646 -0.999047 1.20051e-06
    outer loop
      vertex 0.55646 9.7757 37.0767
      vertex 0.854126 9.76271 49
      vertex 0.373343 9.7837 37.1173
    endloop
  endfacet
  facet normal -0.0436181 -0.999048 5.02525e-07
    outer loop
      vertex 0.735343 9.76789 37.0203
      vertex 0.854126 9.76271 49
      vertex 0.55646 9.7757 37.0767
    endloop
  endfacet
  facet normal -0.0435675 -0.99905 -0
    outer loop
      vertex 0.854126 9.76271 49
      vertex 0.735343 9.76789 37.0203
      vertex 0.854126 9.76271 36.9711
    endloop
  endfacet
  facet normal -0.737278 -0.67559 0
    outer loop
      vertex 7.50724 6.29932 19
      vertex 6.92965 6.92965 49
      vertex 6.92965 6.92965 19
    endloop
  endfacet
  facet normal -0.737278 -0.67559 0
    outer loop
      vertex 6.92965 6.92965 49
      vertex 7.50724 6.29932 19
      vertex 7.50724 6.29932 49
    endloop
  endfacet
  facet normal 0.843391 0.5373 0
    outer loop
      vertex -8.02769 -5.62105 49
      vertex -8.48705 -4.9 19
      vertex -8.48705 -4.9 49
    endloop
  endfacet
  facet normal 0.843391 0.5373 0
    outer loop
      vertex -8.48705 -4.9 19
      vertex -8.02769 -5.62105 49
      vertex -8.02769 -5.62105 19
    endloop
  endfacet
  facet normal 0.0435675 -0.99905 0
    outer loop
      vertex -0.854126 9.76271 19
      vertex -0.735343 9.76789 32.9797
      vertex -0.854126 9.76271 33.0289
    endloop
  endfacet
  facet normal 0.0436181 -0.999048 -4.30824e-07
    outer loop
      vertex -0.854126 9.76271 19
      vertex -0.55646 9.7757 32.9233
      vertex -0.735343 9.76789 32.9797
    endloop
  endfacet
  facet normal 0.0436461 -0.999047 -1.02888e-06
    outer loop
      vertex -0.854126 9.76271 19
      vertex -0.373343 9.7837 32.8827
      vertex -0.55646 9.7757 32.9233
    endloop
  endfacet
  facet normal 0.0436242 -0.999048 -2.69484e-07
    outer loop
      vertex -0.854126 9.76271 19
      vertex -0.187385 9.79182 32.8582
      vertex -0.373343 9.7837 32.8827
    endloop
  endfacet
  facet normal 0.0436119 -0.999049 3.20939e-07
    outer loop
      vertex -0.854126 9.76271 19
      vertex 0 9.8 32.85
      vertex -0.187385 9.79182 32.8582
    endloop
  endfacet
  facet normal 0.0436171 -0.999048 0
    outer loop
      vertex 0 9.8 32.85
      vertex -0.854126 9.76271 19
      vertex 0 9.8 19
    endloop
  endfacet
  facet normal 0.0436171 -0.999048 -8.24587e-08
    outer loop
      vertex -0.187385 9.79182 37.1418
      vertex 0 9.8 49
      vertex -0.854126 9.76271 49
    endloop
  endfacet
  facet normal 0.0436119 -0.999049 0
    outer loop
      vertex 0 9.8 49
      vertex -0.187385 9.79182 37.1418
      vertex 0 9.8 37.15
    endloop
  endfacet
  facet normal 0.0436242 -0.999048 3.14601e-07
    outer loop
      vertex -0.854126 9.76271 49
      vertex -0.373343 9.7837 37.1173
      vertex -0.187385 9.79182 37.1418
    endloop
  endfacet
  facet normal 0.043646 -0.999047 1.20051e-06
    outer loop
      vertex -0.854126 9.76271 49
      vertex -0.55646 9.7757 37.0767
      vertex -0.373343 9.7837 37.1173
    endloop
  endfacet
  facet normal 0.0436181 -0.999048 5.02525e-07
    outer loop
      vertex -0.854126 9.76271 49
      vertex -0.735343 9.76789 37.0203
      vertex -0.55646 9.7757 37.0767
    endloop
  endfacet
  facet normal 0.0435675 -0.99905 0
    outer loop
      vertex -0.735343 9.76789 37.0203
      vertex -0.854126 9.76271 49
      vertex -0.854126 9.76271 36.9711
    endloop
  endfacet
  facet normal -0.5373 0.843391 0
    outer loop
      vertex 5.62105 -8.02769 19
      vertex 4.9 -8.48705 49
      vertex 5.62105 -8.02769 49
    endloop
  endfacet
  facet normal -0.5373 0.843391 0
    outer loop
      vertex 4.9 -8.48705 49
      vertex 5.62105 -8.02769 19
      vertex 4.9 -8.48705 19
    endloop
  endfacet
  facet normal 0.92388 0.382683 0
    outer loop
      vertex -8.88182 -4.14166 49
      vertex -9.20899 -3.3518 19
      vertex -9.20899 -3.3518 49
    endloop
  endfacet
  facet normal 0.92388 0.382683 0
    outer loop
      vertex -9.20899 -3.3518 19
      vertex -8.88182 -4.14166 49
      vertex -8.88182 -4.14166 19
    endloop
  endfacet
  facet normal -0.216446 0.976295 0
    outer loop
      vertex 2.53643 -9.46607 49
      vertex 1.70175 -9.65112 36.3106
      vertex 1.70175 -9.65112 49
    endloop
  endfacet
  facet normal -0.216508 0.976281 4.24611e-06
    outer loop
      vertex 2.53643 -9.46607 49
      vertex 1.76118 -9.63794 36.2332
      vertex 1.70175 -9.65112 36.3106
    endloop
  endfacet
  facet normal -0.216438 0.976296 -1.76601e-07
    outer loop
      vertex 2.53643 -9.46607 49
      vertex 1.86195 -9.6156 36.075
      vertex 1.76118 -9.63794 36.2332
    endloop
  endfacet
  facet normal -0.21643 0.976298 -6.16137e-07
    outer loop
      vertex 2.53643 -9.46607 49
      vertex 1.94856 -9.5964 35.9086
      vertex 1.86195 -9.6156 36.075
    endloop
  endfacet
  facet normal -0.216402 0.976304 -1.94562e-06
    outer loop
      vertex 2.53643 -9.46607 49
      vertex 2.02034 -9.58049 35.7353
      vertex 1.94856 -9.5964 35.9086
    endloop
  endfacet
  facet normal -0.216535 0.976275 3.48257e-06
    outer loop
      vertex 2.53643 -9.46607 49
      vertex 2.07674 -9.56798 35.5565
      vertex 2.02034 -9.58049 35.7353
    endloop
  endfacet
  facet normal -0.216423 0.9763 -5.20676e-07
    outer loop
      vertex 2.53643 -9.46607 49
      vertex 2.11734 -9.55898 35.3733
      vertex 2.07674 -9.56798 35.5565
    endloop
  endfacet
  facet normal -0.216221 0.976344 -7.04455e-06
    outer loop
      vertex 2.53643 -9.46607 49
      vertex 2.14182 -9.55356 35.1874
      vertex 2.11734 -9.55898 35.3733
    endloop
  endfacet
  facet normal -0.216896 0.976195 1.317e-05
    outer loop
      vertex 2.53643 -9.46607 49
      vertex 2.15 -9.55174 35
      vertex 2.14182 -9.55356 35.1874
    endloop
  endfacet
  facet normal -0.216441 0.976296 0
    outer loop
      vertex 2.53643 -9.46607 19
      vertex 2.15 -9.55174 35
      vertex 2.53643 -9.46607 49
    endloop
  endfacet
  facet normal -0.216919 0.97619 -1.21101e-05
    outer loop
      vertex 2.53643 -9.46607 19
      vertex 2.14182 -9.55356 34.8126
      vertex 2.15 -9.55174 35
    endloop
  endfacet
  facet normal -0.216216 0.976346 6.29551e-06
    outer loop
      vertex 2.53643 -9.46607 19
      vertex 2.11734 -9.55898 34.6267
      vertex 2.14182 -9.55356 34.8126
    endloop
  endfacet
  facet normal -0.216423 0.9763 4.6123e-07
    outer loop
      vertex 2.53643 -9.46607 19
      vertex 2.07674 -9.56798 34.4435
      vertex 2.11734 -9.55898 34.6267
    endloop
  endfacet
  facet normal -0.216536 0.976275 -3.07045e-06
    outer loop
      vertex 2.53643 -9.46607 19
      vertex 2.02034 -9.58049 34.2647
      vertex 2.07674 -9.56798 34.4435
    endloop
  endfacet
  facet normal -0.216402 0.976304 1.70994e-06
    outer loop
      vertex 2.53643 -9.46607 19
      vertex 1.94856 -9.5964 34.0914
      vertex 2.02034 -9.58049 34.2647
    endloop
  endfacet
  facet normal -0.21643 0.976298 5.40169e-07
    outer loop
      vertex 2.53643 -9.46607 19
      vertex 1.86195 -9.6156 33.925
      vertex 1.94856 -9.5964 34.0914
    endloop
  endfacet
  facet normal -0.216438 0.976296 1.54503e-07
    outer loop
      vertex 2.53643 -9.46607 19
      vertex 1.76118 -9.63794 33.7668
      vertex 1.86195 -9.6156 33.925
    endloop
  endfacet
  facet normal -0.216508 0.976281 -3.70782e-06
    outer loop
      vertex 2.53643 -9.46607 19
      vertex 1.70175 -9.65112 33.6894
      vertex 1.76118 -9.63794 33.7668
    endloop
  endfacet
  facet normal -0.216446 0.976295 0
    outer loop
      vertex 1.70175 -9.65112 33.6894
      vertex 2.53643 -9.46607 19
      vertex 1.70175 -9.65112 19
    endloop
  endfacet
  facet normal 0.991445 0.130524 0
    outer loop
      vertex -9.65112 -1.70175 49
      vertex -9.76271 -0.854126 19
      vertex -9.76271 -0.854126 49
    endloop
  endfacet
  facet normal 0.991445 0.130524 0
    outer loop
      vertex -9.76271 -0.854126 19
      vertex -9.65112 -1.70175 49
      vertex -9.65112 -1.70175 19
    endloop
  endfacet
  facet normal 0.5373 0.843391 -0
    outer loop
      vertex -4.9 -8.48705 19
      vertex -5.62105 -8.02769 49
      vertex -4.9 -8.48705 49
    endloop
  endfacet
  facet normal 0.5373 0.843391 0
    outer loop
      vertex -5.62105 -8.02769 49
      vertex -4.9 -8.48705 19
      vertex -5.62105 -8.02769 19
    endloop
  endfacet
  facet normal 0.67559 0.737278 -0
    outer loop
      vertex -6.29932 -7.50724 19
      vertex -6.92965 -6.92965 49
      vertex -6.29932 -7.50724 49
    endloop
  endfacet
  facet normal 0.67559 0.737278 0
    outer loop
      vertex -6.92965 -6.92965 49
      vertex -6.29932 -7.50724 19
      vertex -6.92965 -6.92965 19
    endloop
  endfacet
  facet normal 0.953719 0.3007 0
    outer loop
      vertex -9.20899 -3.3518 49
      vertex -9.46607 -2.53643 19
      vertex -9.46607 -2.53643 49
    endloop
  endfacet
  facet normal 0.953719 0.3007 0
    outer loop
      vertex -9.46607 -2.53643 19
      vertex -9.20899 -3.3518 49
      vertex -9.20899 -3.3518 19
    endloop
  endfacet
  facet normal 0.991445 -0.130524 0
    outer loop
      vertex -9.76271 0.854126 49
      vertex -9.65112 1.70175 19
      vertex -9.65112 1.70175 49
    endloop
  endfacet
  facet normal 0.991445 -0.130524 0
    outer loop
      vertex -9.65112 1.70175 19
      vertex -9.76271 0.854126 49
      vertex -9.76271 0.854126 19
    endloop
  endfacet
  facet normal 0.999048 -0.0436171 0
    outer loop
      vertex -9.8 0 49
      vertex -9.76271 0.854126 19
      vertex -9.76271 0.854126 49
    endloop
  endfacet
  facet normal 0.999048 -0.0436171 0
    outer loop
      vertex -9.76271 0.854126 19
      vertex -9.8 0 49
      vertex -9.8 0 19
    endloop
  endfacet
  facet normal 0.843391 -0.5373 0
    outer loop
      vertex -8.48705 4.9 49
      vertex -8.02769 5.62105 19
      vertex -8.02769 5.62105 49
    endloop
  endfacet
  facet normal 0.843391 -0.5373 0
    outer loop
      vertex -8.02769 5.62105 19
      vertex -8.48705 4.9 49
      vertex -8.48705 4.9 19
    endloop
  endfacet
  facet normal 0.793356 -0.608758 0
    outer loop
      vertex -8.02769 5.62105 49
      vertex -7.50724 6.29932 19
      vertex -7.50724 6.29932 49
    endloop
  endfacet
  facet normal 0.793356 -0.608758 0
    outer loop
      vertex -7.50724 6.29932 19
      vertex -8.02769 5.62105 49
      vertex -8.02769 5.62105 19
    endloop
  endfacet
  facet normal 0.0436119 0.999049 -0
    outer loop
      vertex 0 -9.8 19
      vertex -0.187385 -9.79182 32.8582
      vertex 0 -9.8 32.85
    endloop
  endfacet
  facet normal 0.0436171 0.999048 7.05584e-08
    outer loop
      vertex -0.854126 -9.76271 19
      vertex -0.187385 -9.79182 32.8582
      vertex 0 -9.8 19
    endloop
  endfacet
  facet normal 0.0436242 0.999048 -2.69484e-07
    outer loop
      vertex -0.187385 -9.79182 32.8582
      vertex -0.854126 -9.76271 19
      vertex -0.373343 -9.7837 32.8827
    endloop
  endfacet
  facet normal 0.0436461 0.999047 -1.02888e-06
    outer loop
      vertex -0.373343 -9.7837 32.8827
      vertex -0.854126 -9.76271 19
      vertex -0.55646 -9.7757 32.9233
    endloop
  endfacet
  facet normal 0.0436181 0.999048 -4.30824e-07
    outer loop
      vertex -0.55646 -9.7757 32.9233
      vertex -0.854126 -9.76271 19
      vertex -0.735343 -9.76789 32.9797
    endloop
  endfacet
  facet normal 0.0435675 0.99905 0
    outer loop
      vertex -0.735343 -9.76789 32.9797
      vertex -0.854126 -9.76271 19
      vertex -0.854126 -9.76271 33.0289
    endloop
  endfacet
  facet normal 0.0436119 0.999049 0
    outer loop
      vertex -0.187385 -9.79182 37.1418
      vertex 0 -9.8 49
      vertex 0 -9.8 37.15
    endloop
  endfacet
  facet normal 0.0436171 0.999048 -8.24587e-08
    outer loop
      vertex 0 -9.8 49
      vertex -0.187385 -9.79182 37.1418
      vertex -0.854126 -9.76271 49
    endloop
  endfacet
  facet normal 0.0436242 0.999048 3.14601e-07
    outer loop
      vertex -0.373343 -9.7837 37.1173
      vertex -0.854126 -9.76271 49
      vertex -0.187385 -9.79182 37.1418
    endloop
  endfacet
  facet normal 0.043646 0.999047 1.20051e-06
    outer loop
      vertex -0.55646 -9.7757 37.0767
      vertex -0.854126 -9.76271 49
      vertex -0.373343 -9.7837 37.1173
    endloop
  endfacet
  facet normal 0.0436181 0.999048 5.02525e-07
    outer loop
      vertex -0.735343 -9.76789 37.0203
      vertex -0.854126 -9.76271 49
      vertex -0.55646 -9.7757 37.0767
    endloop
  endfacet
  facet normal 0.0435675 0.99905 0
    outer loop
      vertex -0.854126 -9.76271 49
      vertex -0.735343 -9.76789 37.0203
      vertex -0.854126 -9.76271 36.9711
    endloop
  endfacet
  facet normal 0.887009 -0.461752 0
    outer loop
      vertex -8.88182 4.14166 49
      vertex -8.48705 4.9 19
      vertex -8.48705 4.9 49
    endloop
  endfacet
  facet normal 0.887009 -0.461752 0
    outer loop
      vertex -8.48705 4.9 19
      vertex -8.88182 4.14166 49
      vertex -8.88182 4.14166 19
    endloop
  endfacet
  facet normal 0.382683 0.92388 -0
    outer loop
      vertex -3.3518 -9.20899 19
      vertex -4.14166 -8.88182 49
      vertex -3.3518 -9.20899 49
    endloop
  endfacet
  facet normal 0.382683 0.92388 0
    outer loop
      vertex -4.14166 -8.88182 49
      vertex -3.3518 -9.20899 19
      vertex -4.14166 -8.88182 19
    endloop
  endfacet
  facet normal -0.608758 0.793356 0
    outer loop
      vertex 6.29932 -7.50724 19
      vertex 5.62105 -8.02769 49
      vertex 6.29932 -7.50724 49
    endloop
  endfacet
  facet normal -0.608758 0.793356 0
    outer loop
      vertex 5.62105 -8.02769 49
      vertex 6.29932 -7.50724 19
      vertex 5.62105 -8.02769 19
    endloop
  endfacet
  facet normal -0.67559 0.737278 0
    outer loop
      vertex 6.92965 -6.92965 19
      vertex 6.29932 -7.50724 49
      vertex 6.92965 -6.92965 49
    endloop
  endfacet
  facet normal -0.67559 0.737278 0
    outer loop
      vertex 6.29932 -7.50724 49
      vertex 6.92965 -6.92965 19
      vertex 6.29932 -7.50724 19
    endloop
  endfacet
  facet normal 0.92388 -0.382683 0
    outer loop
      vertex -9.20899 3.3518 49
      vertex -8.88182 4.14166 19
      vertex -8.88182 4.14166 49
    endloop
  endfacet
  facet normal 0.92388 -0.382683 0
    outer loop
      vertex -8.88182 4.14166 19
      vertex -9.20899 3.3518 49
      vertex -9.20899 3.3518 19
    endloop
  endfacet
  facet normal 0.608758 0.793356 -0
    outer loop
      vertex -5.62105 -8.02769 19
      vertex -6.29932 -7.50724 49
      vertex -5.62105 -8.02769 49
    endloop
  endfacet
  facet normal 0.608758 0.793356 0
    outer loop
      vertex -6.29932 -7.50724 49
      vertex -5.62105 -8.02769 19
      vertex -6.29932 -7.50724 19
    endloop
  endfacet
  facet normal 0 0 1
    outer loop
      vertex 9.76271 0.854126 19
      vertex 9.76271 -0.854126 19
      vertex 9.8 0 19
    endloop
  endfacet
  facet normal 0 0 1
    outer loop
      vertex 9.65112 1.70175 19
      vertex 9.76271 -0.854126 19
      vertex 9.76271 0.854126 19
    endloop
  endfacet
  facet normal 0 0 1
    outer loop
      vertex 9.65112 1.70175 19
      vertex 9.65112 -1.70175 19
      vertex 9.76271 -0.854126 19
    endloop
  endfacet
  facet normal 0 0 1
    outer loop
      vertex 9.46607 2.53643 19
      vertex 9.65112 -1.70175 19
      vertex 9.65112 1.70175 19
    endloop
  endfacet
  facet normal 0 0 1
    outer loop
      vertex 9.46607 2.53643 19
      vertex 9.46607 -2.53643 19
      vertex 9.65112 -1.70175 19
    endloop
  endfacet
  facet normal 0 0 1
    outer loop
      vertex 9.20899 3.3518 19
      vertex 9.46607 -2.53643 19
      vertex 9.46607 2.53643 19
    endloop
  endfacet
  facet normal 0 0 1
    outer loop
      vertex 9.20899 3.3518 19
      vertex 9.20899 -3.3518 19
      vertex 9.46607 -2.53643 19
    endloop
  endfacet
  facet normal 0 0 1
    outer loop
      vertex 8.88182 4.14166 19
      vertex 9.20899 -3.3518 19
      vertex 9.20899 3.3518 19
    endloop
  endfacet
  facet normal 0 0 1
    outer loop
      vertex 8.88182 4.14166 19
      vertex 8.88182 -4.14166 19
      vertex 9.20899 -3.3518 19
    endloop
  endfacet
  facet normal 0 0 1
    outer loop
      vertex 8.48705 4.9 19
      vertex 8.88182 -4.14166 19
      vertex 8.88182 4.14166 19
    endloop
  endfacet
  facet normal 0 0 1
    outer loop
      vertex 8.48705 4.9 19
      vertex 8.48705 -4.9 19
      vertex 8.88182 -4.14166 19
    endloop
  endfacet
  facet normal 0 0 1
    outer loop
      vertex 8.02769 5.62105 19
      vertex 8.48705 -4.9 19
      vertex 8.48705 4.9 19
    endloop
  endfacet
  facet normal 0 0 1
    outer loop
      vertex 8.02769 5.62105 19
      vertex 8.02769 -5.62105 19
      vertex 8.48705 -4.9 19
    endloop
  endfacet
  facet normal 0 0 1
    outer loop
      vertex 7.50724 6.29932 19
      vertex 8.02769 -5.62105 19
      vertex 8.02769 5.62105 19
    endloop
  endfacet
  facet normal 0 0 1
    outer loop
      vertex 7.50724 6.29932 19
      vertex 7.50724 -6.29932 19
      vertex 8.02769 -5.62105 19
    endloop
  endfacet
  facet normal 0 0 1
    outer loop
      vertex 6.92965 6.92965 19
      vertex 7.50724 -6.29932 19
      vertex 7.50724 6.29932 19
    endloop
  endfacet
  facet normal 0 0 1
    outer loop
      vertex 6.92965 6.92965 19
      vertex 6.92965 -6.92965 19
      vertex 7.50724 -6.29932 19
    endloop
  endfacet
  facet normal 0 0 1
    outer loop
      vertex 6.29932 7.50724 19
      vertex 6.92965 -6.92965 19
      vertex 6.92965 6.92965 19
    endloop
  endfacet
  facet normal 0 0 1
    outer loop
      vertex 6.29932 7.50724 19
      vertex 6.29932 -7.50724 19
      vertex 6.92965 -6.92965 19
    endloop
  endfacet
  facet normal 0 0 1
    outer loop
      vertex 5.62105 8.02769 19
      vertex 6.29932 -7.50724 19
      vertex 6.29932 7.50724 19
    endloop
  endfacet
  facet normal 0 0 1
    outer loop
      vertex 5.62105 8.02769 19
      vertex 5.62105 -8.02769 19
      vertex 6.29932 -7.50724 19
    endloop
  endfacet
  facet normal 0 0 1
    outer loop
      vertex 4.9 8.48705 19
      vertex 5.62105 -8.02769 19
      vertex 5.62105 8.02769 19
    endloop
  endfacet
  facet normal 0 0 1
    outer loop
      vertex 4.9 8.48705 19
      vertex 4.9 -8.48705 19
      vertex 5.62105 -8.02769 19
    endloop
  endfacet
  facet normal 0 0 1
    outer loop
      vertex 4.14166 8.88182 19
      vertex 4.9 -8.48705 19
      vertex 4.9 8.48705 19
    endloop
  endfacet
  facet normal 0 0 1
    outer loop
      vertex 4.14166 8.88182 19
      vertex 4.14166 -8.88182 19
      vertex 4.9 -8.48705 19
    endloop
  endfacet
  facet normal 0 0 1
    outer loop
      vertex 3.3518 9.20899 19
      vertex 4.14166 -8.88182 19
      vertex 4.14166 8.88182 19
    endloop
  endfacet
  facet normal 0 0 1
    outer loop
      vertex 3.3518 9.20899 19
      vertex 3.3518 -9.20899 19
      vertex 4.14166 -8.88182 19
    endloop
  endfacet
  facet normal 0 0 1
    outer loop
      vertex 2.53643 9.46607 19
      vertex 3.3518 -9.20899 19
      vertex 3.3518 9.20899 19
    endloop
  endfacet
  facet normal 0 0 1
    outer loop
      vertex 2.53643 9.46607 19
      vertex 2.53643 -9.46607 19
      vertex 3.3518 -9.20899 19
    endloop
  endfacet
  facet normal 0 0 1
    outer loop
      vertex 1.70175 9.65112 19
      vertex 2.53643 -9.46607 19
      vertex 2.53643 9.46607 19
    endloop
  endfacet
  facet normal 0 0 1
    outer loop
      vertex 1.70175 9.65112 19
      vertex 1.70175 -9.65112 19
      vertex 2.53643 -9.46607 19
    endloop
  endfacet
  facet normal 0 0 1
    outer loop
      vertex 0.854126 9.76271 19
      vertex 1.70175 -9.65112 19
      vertex 1.70175 9.65112 19
    endloop
  endfacet
  facet normal 0 0 1
    outer loop
      vertex 0.854126 9.76271 19
      vertex 0.854126 -9.76271 19
      vertex 1.70175 -9.65112 19
    endloop
  endfacet
  facet normal 0 0 1
    outer loop
      vertex 0 9.8 19
      vertex 0.854126 -9.76271 19
      vertex 0.854126 9.76271 19
    endloop
  endfacet
  facet normal 0 0 1
    outer loop
      vertex 0 9.8 19
      vertex 0 -9.8 19
      vertex 0.854126 -9.76271 19
    endloop
  endfacet
  facet normal -0 0 1
    outer loop
      vertex -0.854126 9.76271 19
      vertex 0 -9.8 19
      vertex 0 9.8 19
    endloop
  endfacet
  facet normal 0 0 1
    outer loop
      vertex -0.854126 9.76271 19
      vertex -0.854126 -9.76271 19
      vertex 0 -9.8 19
    endloop
  endfacet
  facet normal -0 0 1
    outer loop
      vertex -1.70175 9.65112 19
      vertex -0.854126 -9.76271 19
      vertex -0.854126 9.76271 19
    endloop
  endfacet
  facet normal 0 0 1
    outer loop
      vertex -1.70175 9.65112 19
      vertex -1.70175 -9.65112 19
      vertex -0.854126 -9.76271 19
    endloop
  endfacet
  facet normal -0 0 1
    outer loop
      vertex -2.53643 9.46607 19
      vertex -1.70175 -9.65112 19
      vertex -1.70175 9.65112 19
    endloop
  endfacet
  facet normal 0 0 1
    outer loop
      vertex -2.53643 9.46607 19
      vertex -2.53643 -9.46607 19
      vertex -1.70175 -9.65112 19
    endloop
  endfacet
  facet normal -0 0 1
    outer loop
      vertex -3.3518 9.20899 19
      vertex -2.53643 -9.46607 19
      vertex -2.53643 9.46607 19
    endloop
  endfacet
  facet normal 0 0 1
    outer loop
      vertex -3.3518 9.20899 19
      vertex -3.3518 -9.20899 19
      vertex -2.53643 -9.46607 19
    endloop
  endfacet
  facet normal -0 0 1
    outer loop
      vertex -4.14166 8.88182 19
      vertex -3.3518 -9.20899 19
      vertex -3.3518 9.20899 19
    endloop
  endfacet
  facet normal 0 0 1
    outer loop
      vertex -4.14166 8.88182 19
      vertex -4.14166 -8.88182 19
      vertex -3.3518 -9.20899 19
    endloop
  endfacet
  facet normal -0 0 1
    outer loop
      vertex -4.9 8.48705 19
      vertex -4.14166 -8.88182 19
      vertex -4.14166 8.88182 19
    endloop
  endfacet
  facet normal 0 0 1
    outer loop
      vertex -4.9 8.48705 19
      vertex -4.9 -8.48705 19
      vertex -4.14166 -8.88182 19
    endloop
  endfacet
  facet normal -0 0 1
    outer loop
      vertex -5.62105 8.02769 19
      vertex -4.9 -8.48705 19
      vertex -4.9 8.48705 19
    endloop
  endfacet
  facet normal 0 0 1
    outer loop
      vertex -5.62105 8.02769 19
      vertex -5.62105 -8.02769 19
      vertex -4.9 -8.48705 19
    endloop
  endfacet
  facet normal -0 0 1
    outer loop
      vertex -6.29932 7.50724 19
      vertex -5.62105 -8.02769 19
      vertex -5.62105 8.02769 19
    endloop
  endfacet
  facet normal 0 0 1
    outer loop
      vertex -6.29932 7.50724 19
      vertex -6.29932 -7.50724 19
      vertex -5.62105 -8.02769 19
    endloop
  endfacet
  facet normal -0 0 1
    outer loop
      vertex -6.92965 6.92965 19
      vertex -6.29932 -7.50724 19
      vertex -6.29932 7.50724 19
    endloop
  endfacet
  facet normal 0 0 1
    outer loop
      vertex -6.92965 6.92965 19
      vertex -6.92965 -6.92965 19
      vertex -6.29932 -7.50724 19
    endloop
  endfacet
  facet normal -0 0 1
    outer loop
      vertex -7.50724 6.29932 19
      vertex -6.92965 -6.92965 19
      vertex -6.92965 6.92965 19
    endloop
  endfacet
  facet normal 0 0 1
    outer loop
      vertex -7.50724 6.29932 19
      vertex -7.50724 -6.29932 19
      vertex -6.92965 -6.92965 19
    endloop
  endfacet
  facet normal -0 0 1
    outer loop
      vertex -8.02769 5.62105 19
      vertex -7.50724 -6.29932 19
      vertex -7.50724 6.29932 19
    endloop
  endfacet
  facet normal 0 0 1
    outer loop
      vertex -8.02769 5.62105 19
      vertex -8.02769 -5.62105 19
      vertex -7.50724 -6.29932 19
    endloop
  endfacet
  facet normal -0 0 1
    outer loop
      vertex -8.48705 4.9 19
      vertex -8.02769 -5.62105 19
      vertex -8.02769 5.62105 19
    endloop
  endfacet
  facet normal 0 0 1
    outer loop
      vertex -8.48705 4.9 19
      vertex -8.48705 -4.9 19
      vertex -8.02769 -5.62105 19
    endloop
  endfacet
  facet normal -0 0 1
    outer loop
      vertex -8.88182 4.14166 19
      vertex -8.48705 -4.9 19
      vertex -8.48705 4.9 19
    endloop
  endfacet
  facet normal 0 0 1
    outer loop
      vertex -8.88182 4.14166 19
      vertex -8.88182 -4.14166 19
      vertex -8.48705 -4.9 19
    endloop
  endfacet
  facet normal -0 0 1
    outer loop
      vertex -9.20899 3.3518 19
      vertex -8.88182 -4.14166 19
      vertex -8.88182 4.14166 19
    endloop
  endfacet
  facet normal 0 0 1
    outer loop
      vertex -9.20899 3.3518 19
      vertex -9.20899 -3.3518 19
      vertex -8.88182 -4.14166 19
    endloop
  endfacet
  facet normal -0 0 1
    outer loop
      vertex -9.46607 2.53643 19
      vertex -9.20899 -3.3518 19
      vertex -9.20899 3.3518 19
    endloop
  endfacet
  facet normal 0 0 1
    outer loop
      vertex -9.46607 2.53643 19
      vertex -9.46607 -2.53643 19
      vertex -9.20899 -3.3518 19
    endloop
  endfacet
  facet normal -0 0 1
    outer loop
      vertex -9.65112 1.70175 19
      vertex -9.46607 -2.53643 19
      vertex -9.46607 2.53643 19
    endloop
  endfacet
  facet normal 0 0 1
    outer loop
      vertex -9.65112 1.70175 19
      vertex -9.65112 -1.70175 19
      vertex -9.46607 -2.53643 19
    endloop
  endfacet
  facet normal -0 0 1
    outer loop
      vertex -9.76271 0.854126 19
      vertex -9.65112 -1.70175 19
      vertex -9.65112 1.70175 19
    endloop
  endfacet
  facet normal 0 0 1
    outer loop
      vertex -9.76271 0.854126 19
      vertex -9.76271 -0.854126 19
      vertex -9.65112 -1.70175 19
    endloop
  endfacet
  facet normal 0 -0 1
    outer loop
      vertex -9.76271 -0.854126 19
      vertex -9.76271 0.854126 19
      vertex -9.8 0 19
    endloop
  endfacet
  facet normal -0.381591 0 -0.924331
    outer loop
      vertex 0.854126 9.76271 36.9711
      vertex 0.908628 12.9603 36.9486
      vertex 0.908628 9.75553 36.9486
    endloop
  endfacet
  facet normal -0.382672 2.15861e-05 -0.923884
    outer loop
      vertex 0.735343 9.76789 37.0203
      vertex 0.908628 12.9603 36.9486
      vertex 0.854126 9.76271 36.9711
    endloop
  endfacet
  facet normal -0.382333 0 -0.924025
    outer loop
      vertex 0.908628 12.9603 36.9486
      vertex 0.735343 9.76789 37.0203
      vertex 0.735343 12.9679 37.0203
    endloop
  endfacet
  facet normal -0.381591 0 -0.924331
    outer loop
      vertex 0.908628 -12.9603 36.9486
      vertex 0.854126 -9.76271 36.9711
      vertex 0.908628 -9.75553 36.9486
    endloop
  endfacet
  facet normal -0.382333 -0 -0.924025
    outer loop
      vertex 0.735343 -9.76789 37.0203
      vertex 0.908628 -12.9603 36.9486
      vertex 0.735343 -12.9679 37.0203
    endloop
  endfacet
  facet normal -0.382672 -2.15861e-05 -0.923884
    outer loop
      vertex 0.908628 -12.9603 36.9486
      vertex 0.735343 -9.76789 37.0203
      vertex 0.854126 -9.76271 36.9711
    endloop
  endfacet
  facet normal -0.991441 0 -0.130557
    outer loop
      vertex 2.14182 -12.8177 35.1874
      vertex 2.11734 -9.55898 35.3733
      vertex 2.14182 -9.55356 35.1874
    endloop
  endfacet
  facet normal -0.991441 -0 -0.130557
    outer loop
      vertex 2.11734 -9.55898 35.3733
      vertex 2.14182 -12.8177 35.1874
      vertex 2.11734 -12.8209 35.3733
    endloop
  endfacet
  facet normal -0.991441 0 -0.130557
    outer loop
      vertex 2.14182 12.8177 35.1874
      vertex 2.11734 9.55898 35.3733
      vertex 2.11734 12.8209 35.3733
    endloop
  endfacet
  facet normal -0.991441 0 -0.130557
    outer loop
      vertex 2.11734 9.55898 35.3733
      vertex 2.14182 12.8177 35.1874
      vertex 2.14182 9.55356 35.1874
    endloop
  endfacet
  facet normal -0.999049 0 -0.0436084
    outer loop
      vertex 2.15 -12.8166 35
      vertex 2.14182 -9.55356 35.1874
      vertex 2.15 -9.55174 35
    endloop
  endfacet
  facet normal -0.999049 -0 -0.0436084
    outer loop
      vertex 2.14182 -9.55356 35.1874
      vertex 2.15 -12.8166 35
      vertex 2.14182 -12.8177 35.1874
    endloop
  endfacet
  facet normal -0.999049 0 -0.0436084
    outer loop
      vertex 2.15 12.8166 35
      vertex 2.14182 9.55356 35.1874
      vertex 2.14182 12.8177 35.1874
    endloop
  endfacet
  facet normal -0.999049 0 -0.0436084
    outer loop
      vertex 2.14182 9.55356 35.1874
      vertex 2.15 12.8166 35
      vertex 2.15 9.55174 35
    endloop
  endfacet
  facet normal -0.976312 0 -0.216366
    outer loop
      vertex 2.11734 -12.8209 35.3733
      vertex 2.07674 -9.56798 35.5565
      vertex 2.11734 -9.55898 35.3733
    endloop
  endfacet
  facet normal -0.976312 -0 -0.216366
    outer loop
      vertex 2.07674 -9.56798 35.5565
      vertex 2.11734 -12.8209 35.3733
      vertex 2.07674 -12.8263 35.5565
    endloop
  endfacet
  facet normal -0.976312 0 -0.216366
    outer loop
      vertex 2.11734 12.8209 35.3733
      vertex 2.07674 9.56798 35.5565
      vertex 2.07674 12.8263 35.5565
    endloop
  endfacet
  facet normal -0.976312 0 -0.216366
    outer loop
      vertex 2.07674 9.56798 35.5565
      vertex 2.11734 12.8209 35.3733
      vertex 2.11734 9.55898 35.3733
    endloop
  endfacet
  facet normal -0.843427 0 0.537245
    outer loop
      vertex 1.76118 -9.63794 33.7668
      vertex 1.86195 -12.8546 33.925
      vertex 1.86195 -9.6156 33.925
    endloop
  endfacet
  facet normal -0.843427 0 0.537245
    outer loop
      vertex 1.86195 -12.8546 33.925
      vertex 1.76118 -9.63794 33.7668
      vertex 1.76118 -12.8678 33.7668
    endloop
  endfacet
  facet normal -0.843427 0 0.537245
    outer loop
      vertex 1.76118 9.63794 33.7668
      vertex 1.86195 12.8546 33.925
      vertex 1.76118 12.8678 33.7668
    endloop
  endfacet
  facet normal -0.843427 0 0.537245
    outer loop
      vertex 1.86195 12.8546 33.925
      vertex 1.76118 9.63794 33.7668
      vertex 1.86195 9.6156 33.925
    endloop
  endfacet
  facet normal 0.130621 0 -0.991432
    outer loop
      vertex -0.373343 12.9837 37.1173
      vertex -0.187385 9.79182 37.1418
      vertex -0.373343 9.7837 37.1173
    endloop
  endfacet
  facet normal 0.130621 0 -0.991432
    outer loop
      vertex -0.187385 9.79182 37.1418
      vertex -0.373343 12.9837 37.1173
      vertex -0.187385 12.9918 37.1418
    endloop
  endfacet
  facet normal 0.130621 0 -0.991432
    outer loop
      vertex -0.373343 -12.9837 37.1173
      vertex -0.187385 -9.79182 37.1418
      vertex -0.187385 -12.9918 37.1418
    endloop
  endfacet
  facet normal 0.130621 0 -0.991432
    outer loop
      vertex -0.187385 -9.79182 37.1418
      vertex -0.373343 -12.9837 37.1173
      vertex -0.373343 -9.7837 37.1173
    endloop
  endfacet
  facet normal -0.887038 0 -0.461697
    outer loop
      vertex 1.94856 -12.8432 35.9086
      vertex 1.86195 -9.6156 36.075
      vertex 1.94856 -9.5964 35.9086
    endloop
  endfacet
  facet normal -0.887038 -0 -0.461697
    outer loop
      vertex 1.86195 -9.6156 36.075
      vertex 1.94856 -12.8432 35.9086
      vertex 1.86195 -12.8546 36.075
    endloop
  endfacet
  facet normal -0.887038 0 -0.461697
    outer loop
      vertex 1.94856 12.8432 35.9086
      vertex 1.86195 9.6156 36.075
      vertex 1.86195 12.8546 36.075
    endloop
  endfacet
  facet normal -0.887038 0 -0.461697
    outer loop
      vertex 1.86195 9.6156 36.075
      vertex 1.94856 12.8432 35.9086
      vertex 1.94856 9.5964 35.9086
    endloop
  endfacet
  facet normal 0.382672 -2.15861e-05 0.923884
    outer loop
      vertex -0.908628 -12.9603 33.0514
      vertex -0.735343 -9.76789 32.9797
      vertex -0.854126 -9.76271 33.0289
    endloop
  endfacet
  facet normal 0.381591 -0 0.924331
    outer loop
      vertex -0.908628 -12.9603 33.0514
      vertex -0.854126 -9.76271 33.0289
      vertex -0.908628 -9.75553 33.0514
    endloop
  endfacet
  facet normal 0.382333 0 0.924025
    outer loop
      vertex -0.735343 -9.76789 32.9797
      vertex -0.908628 -12.9603 33.0514
      vertex -0.735343 -12.9679 32.9797
    endloop
  endfacet
  facet normal 0.382333 0 0.924025
    outer loop
      vertex -0.908628 12.9603 33.0514
      vertex -0.735343 9.76789 32.9797
      vertex -0.735343 12.9679 32.9797
    endloop
  endfacet
  facet normal 0.382672 2.15861e-05 0.923884
    outer loop
      vertex -0.735343 9.76789 32.9797
      vertex -0.908628 12.9603 33.0514
      vertex -0.854126 9.76271 33.0289
    endloop
  endfacet
  facet normal 0.381591 0 0.924331
    outer loop
      vertex -0.854126 9.76271 33.0289
      vertex -0.908628 12.9603 33.0514
      vertex -0.908628 9.75553 33.0514
    endloop
  endfacet
  facet normal -0.300698 0 0.953719
    outer loop
      vertex 0.55646 -9.7757 32.9233
      vertex 0.735343 -12.9679 32.9797
      vertex 0.735343 -9.76789 32.9797
    endloop
  endfacet
  facet normal -0.300698 0 0.953719
    outer loop
      vertex 0.735343 -12.9679 32.9797
      vertex 0.55646 -9.7757 32.9233
      vertex 0.55646 -12.9757 32.9233
    endloop
  endfacet
  facet normal -0.300698 0 0.953719
    outer loop
      vertex 0.55646 9.7757 32.9233
      vertex 0.735343 12.9679 32.9797
      vertex 0.55646 12.9757 32.9233
    endloop
  endfacet
  facet normal -0.300698 0 0.953719
    outer loop
      vertex 0.735343 12.9679 32.9797
      vertex 0.55646 9.7757 32.9233
      vertex 0.735343 9.76789 32.9797
    endloop
  endfacet
  facet normal 0.7373 -0 0.675565
    outer loop
      vertex -1.647 -12.8829 33.618
      vertex -1.52028 -9.67501 33.4797
      vertex -1.647 -9.65832 33.618
    endloop
  endfacet
  facet normal 0.7373 0 0.675565
    outer loop
      vertex -1.52028 -9.67501 33.4797
      vertex -1.647 -12.8829 33.618
      vertex -1.52028 -12.8995 33.4797
    endloop
  endfacet
  facet normal 0.7373 0 0.675565
    outer loop
      vertex -1.647 12.8829 33.618
      vertex -1.52028 9.67501 33.4797
      vertex -1.52028 12.8995 33.4797
    endloop
  endfacet
  facet normal 0.7373 0 0.675565
    outer loop
      vertex -1.52028 9.67501 33.4797
      vertex -1.647 12.8829 33.618
      vertex -1.647 9.65832 33.618
    endloop
  endfacet
  facet normal 0.608834 -0 0.793297
    outer loop
      vertex -1.38199 -12.9178 33.353
      vertex -1.23319 -9.7128 33.2388
      vertex -1.38199 -9.69321 33.353
    endloop
  endfacet
  facet normal 0.608834 0 0.793297
    outer loop
      vertex -1.23319 -9.7128 33.2388
      vertex -1.38199 -12.9178 33.353
      vertex -1.23319 -12.9373 33.2388
    endloop
  endfacet
  facet normal 0.608834 0 0.793297
    outer loop
      vertex -1.38199 12.9178 33.353
      vertex -1.23319 9.7128 33.2388
      vertex -1.23319 12.9373 33.2388
    endloop
  endfacet
  facet normal 0.608834 0 0.793297
    outer loop
      vertex -1.23319 9.7128 33.2388
      vertex -1.38199 12.9178 33.353
      vertex -1.38199 9.69321 33.353
    endloop
  endfacet
  facet normal -0.887038 0 0.461697
    outer loop
      vertex 1.86195 -9.6156 33.925
      vertex 1.94856 -12.8432 34.0914
      vertex 1.94856 -9.5964 34.0914
    endloop
  endfacet
  facet normal -0.887038 0 0.461697
    outer loop
      vertex 1.94856 -12.8432 34.0914
      vertex 1.86195 -9.6156 33.925
      vertex 1.86195 -12.8546 33.925
    endloop
  endfacet
  facet normal -0.887038 0 0.461697
    outer loop
      vertex 1.86195 9.6156 33.925
      vertex 1.94856 12.8432 34.0914
      vertex 1.86195 12.8546 33.925
    endloop
  endfacet
  facet normal -0.887038 0 0.461697
    outer loop
      vertex 1.94856 12.8432 34.0914
      vertex 1.86195 9.6156 33.925
      vertex 1.94856 9.5964 34.0914
    endloop
  endfacet
  facet normal -0.461716 -0 -0.887028
    outer loop
      vertex 0.908628 -9.75553 36.9486
      vertex 1.075 -12.9531 36.862
      vertex 0.908628 -12.9603 36.9486
    endloop
  endfacet
  facet normal -0.461716 0 -0.887028
    outer loop
      vertex 1.075 -12.9531 36.862
      vertex 0.908628 -9.75553 36.9486
      vertex 1.075 -9.73363 36.862
    endloop
  endfacet
  facet normal -0.461716 0 -0.887028
    outer loop
      vertex 0.908628 9.75553 36.9486
      vertex 1.075 12.9531 36.862
      vertex 1.075 9.73363 36.862
    endloop
  endfacet
  facet normal -0.461716 0 -0.887028
    outer loop
      vertex 1.075 12.9531 36.862
      vertex 0.908628 9.75553 36.9486
      vertex 0.908628 12.9603 36.9486
    endloop
  endfacet
  facet normal 0.21646 0 -0.976292
    outer loop
      vertex -0.55646 12.9757 37.0767
      vertex -0.373343 9.7837 37.1173
      vertex -0.55646 9.7757 37.0767
    endloop
  endfacet
  facet normal 0.21646 0 -0.976292
    outer loop
      vertex -0.373343 9.7837 37.1173
      vertex -0.55646 12.9757 37.0767
      vertex -0.373343 12.9837 37.1173
    endloop
  endfacet
  facet normal 0.21646 0 -0.976292
    outer loop
      vertex -0.55646 -12.9757 37.0767
      vertex -0.373343 -9.7837 37.1173
      vertex -0.373343 -12.9837 37.1173
    endloop
  endfacet
  facet normal 0.21646 0 -0.976292
    outer loop
      vertex -0.373343 -9.7837 37.1173
      vertex -0.55646 -12.9757 37.0767
      vertex -0.55646 -9.7757 37.0767
    endloop
  endfacet
  facet normal 0.953679 -0 0.300825
    outer loop
      vertex -2.07674 -12.8263 34.4435
      vertex -2.02034 -9.58049 34.2647
      vertex -2.07674 -9.56798 34.4435
    endloop
  endfacet
  facet normal 0.953679 0 0.300825
    outer loop
      vertex -2.02034 -9.58049 34.2647
      vertex -2.07674 -12.8263 34.4435
      vertex -2.02034 -12.8337 34.2647
    endloop
  endfacet
  facet normal 0.953679 0 0.300825
    outer loop
      vertex -2.07674 12.8263 34.4435
      vertex -2.02034 9.58049 34.2647
      vertex -2.02034 12.8337 34.2647
    endloop
  endfacet
  facet normal 0.953679 0 0.300825
    outer loop
      vertex -2.02034 9.58049 34.2647
      vertex -2.07674 12.8263 34.4435
      vertex -2.07674 9.56798 34.4435
    endloop
  endfacet
  facet normal -0.953679 0 -0.300825
    outer loop
      vertex 2.07674 -12.8263 35.5565
      vertex 2.02034 -9.58049 35.7353
      vertex 2.07674 -9.56798 35.5565
    endloop
  endfacet
  facet normal -0.953679 -0 -0.300825
    outer loop
      vertex 2.02034 -9.58049 35.7353
      vertex 2.07674 -12.8263 35.5565
      vertex 2.02034 -12.8337 35.7353
    endloop
  endfacet
  facet normal -0.953679 0 -0.300825
    outer loop
      vertex 2.07674 12.8263 35.5565
      vertex 2.02034 9.58049 35.7353
      vertex 2.02034 12.8337 35.7353
    endloop
  endfacet
  facet normal -0.953679 0 -0.300825
    outer loop
      vertex 2.02034 9.58049 35.7353
      vertex 2.07674 12.8263 35.5565
      vertex 2.07674 9.56798 35.5565
    endloop
  endfacet
  facet normal 0.21646 -0 0.976292
    outer loop
      vertex -0.55646 -12.9757 32.9233
      vertex -0.373343 -9.7837 32.8827
      vertex -0.55646 -9.7757 32.9233
    endloop
  endfacet
  facet normal 0.21646 0 0.976292
    outer loop
      vertex -0.373343 -9.7837 32.8827
      vertex -0.55646 -12.9757 32.9233
      vertex -0.373343 -12.9837 32.8827
    endloop
  endfacet
  facet normal 0.21646 0 0.976292
    outer loop
      vertex -0.55646 12.9757 32.9233
      vertex -0.373343 9.7837 32.8827
      vertex -0.373343 12.9837 32.8827
    endloop
  endfacet
  facet normal 0.21646 0 0.976292
    outer loop
      vertex -0.373343 9.7837 32.8827
      vertex -0.55646 12.9757 32.9233
      vertex -0.55646 9.7757 32.9233
    endloop
  endfacet
  facet normal -0.537913 0.00769543 -0.842965
    outer loop
      vertex 1.075 -12.9531 36.862
      vertex 1.23319 -12.9373 36.7612
      vertex 1.13302 -12.9505 36.825
    endloop
  endfacet
  facet normal -0.537382 0 -0.843339
    outer loop
      vertex 1.23319 -12.9373 36.7612
      vertex 1.075 -12.9531 36.862
      vertex 1.075 -9.73363 36.862
    endloop
  endfacet
  facet normal -0.537382 0 -0.843339
    outer loop
      vertex 1.23319 -12.9373 36.7612
      vertex 1.075 -9.73363 36.862
      vertex 1.23319 -9.7128 36.7612
    endloop
  endfacet
  facet normal -0.537382 0 -0.843339
    outer loop
      vertex 1.075 9.73363 36.862
      vertex 1.23319 12.9373 36.7612
      vertex 1.23319 9.7128 36.7612
    endloop
  endfacet
  facet normal -0.537382 -0 -0.843339
    outer loop
      vertex 1.075 12.9531 36.862
      vertex 1.23319 12.9373 36.7612
      vertex 1.075 9.73363 36.862
    endloop
  endfacet
  facet normal -0.537913 -0.00769543 -0.842965
    outer loop
      vertex 1.23319 12.9373 36.7612
      vertex 1.075 12.9531 36.862
      vertex 1.13302 12.9505 36.825
    endloop
  endfacet
  facet normal 0.923886 -0 0.382669
    outer loop
      vertex -2.02034 -12.8337 34.2647
      vertex -1.94856 -9.5964 34.0914
      vertex -2.02034 -9.58049 34.2647
    endloop
  endfacet
  facet normal 0.923886 0 0.382669
    outer loop
      vertex -1.94856 -9.5964 34.0914
      vertex -2.02034 -12.8337 34.2647
      vertex -1.94856 -12.8432 34.0914
    endloop
  endfacet
  facet normal 0.923886 0 0.382669
    outer loop
      vertex -2.02034 12.8337 34.2647
      vertex -1.94856 9.5964 34.0914
      vertex -1.94856 12.8432 34.0914
    endloop
  endfacet
  facet normal 0.923886 0 0.382669
    outer loop
      vertex -1.94856 9.5964 34.0914
      vertex -2.02034 12.8337 34.2647
      vertex -2.02034 9.58049 34.2647
    endloop
  endfacet
  facet normal 0.887038 0 -0.461697
    outer loop
      vertex -1.86195 -9.6156 36.075
      vertex -1.94856 -12.8432 35.9086
      vertex -1.94856 -9.5964 35.9086
    endloop
  endfacet
  facet normal 0.887038 0 -0.461697
    outer loop
      vertex -1.94856 -12.8432 35.9086
      vertex -1.86195 -9.6156 36.075
      vertex -1.86195 -12.8546 36.075
    endloop
  endfacet
  facet normal 0.887038 0 -0.461697
    outer loop
      vertex -1.86195 9.6156 36.075
      vertex -1.94856 12.8432 35.9086
      vertex -1.86195 12.8546 36.075
    endloop
  endfacet
  facet normal 0.887038 0 -0.461697
    outer loop
      vertex -1.94856 12.8432 35.9086
      vertex -1.86195 9.6156 36.075
      vertex -1.94856 9.5964 35.9086
    endloop
  endfacet
  facet normal 0.608834 0 -0.793297
    outer loop
      vertex -1.38199 -12.9178 36.647
      vertex -1.23319 -9.7128 36.7612
      vertex -1.23319 -12.9373 36.7612
    endloop
  endfacet
  facet normal 0.608834 0 -0.793297
    outer loop
      vertex -1.23319 -9.7128 36.7612
      vertex -1.38199 -12.9178 36.647
      vertex -1.38199 -9.69321 36.647
    endloop
  endfacet
  facet normal 0.608834 0 -0.793297
    outer loop
      vertex -1.38199 12.9178 36.647
      vertex -1.23319 9.7128 36.7612
      vertex -1.38199 9.69321 36.647
    endloop
  endfacet
  facet normal 0.608834 0 -0.793297
    outer loop
      vertex -1.23319 9.7128 36.7612
      vertex -1.38199 12.9178 36.647
      vertex -1.23319 12.9373 36.7612
    endloop
  endfacet
  facet normal -0.461716 0 0.887028
    outer loop
      vertex 0.908628 -9.75553 33.0514
      vertex 1.075 -12.9531 33.138
      vertex 1.075 -9.73363 33.138
    endloop
  endfacet
  facet normal -0.461716 0 0.887028
    outer loop
      vertex 1.075 -12.9531 33.138
      vertex 0.908628 -9.75553 33.0514
      vertex 0.908628 -12.9603 33.0514
    endloop
  endfacet
  facet normal -0.461716 0 0.887028
    outer loop
      vertex 0.908628 9.75553 33.0514
      vertex 1.075 12.9531 33.138
      vertex 0.908628 12.9603 33.0514
    endloop
  endfacet
  facet normal -0.461716 0 0.887028
    outer loop
      vertex 1.075 12.9531 33.138
      vertex 0.908628 9.75553 33.0514
      vertex 1.075 9.73363 33.138
    endloop
  endfacet
  facet normal -0.991441 0 0.130557
    outer loop
      vertex 2.11734 -9.55898 34.6267
      vertex 2.14182 -12.8177 34.8126
      vertex 2.14182 -9.55356 34.8126
    endloop
  endfacet
  facet normal -0.991441 0 0.130557
    outer loop
      vertex 2.14182 -12.8177 34.8126
      vertex 2.11734 -9.55898 34.6267
      vertex 2.11734 -12.8209 34.6267
    endloop
  endfacet
  facet normal -0.991441 0 0.130557
    outer loop
      vertex 2.11734 9.55898 34.6267
      vertex 2.14182 12.8177 34.8126
      vertex 2.11734 12.8209 34.6267
    endloop
  endfacet
  facet normal -0.991441 0 0.130557
    outer loop
      vertex 2.14182 12.8177 34.8126
      vertex 2.11734 9.55898 34.6267
      vertex 2.14182 9.55356 34.8126
    endloop
  endfacet
  facet normal -0.976312 0 0.216366
    outer loop
      vertex 2.07674 -9.56798 34.4435
      vertex 2.11734 -12.8209 34.6267
      vertex 2.11734 -9.55898 34.6267
    endloop
  endfacet
  facet normal -0.976312 0 0.216366
    outer loop
      vertex 2.11734 -12.8209 34.6267
      vertex 2.07674 -9.56798 34.4435
      vertex 2.07674 -12.8263 34.4435
    endloop
  endfacet
  facet normal -0.976312 0 0.216366
    outer loop
      vertex 2.07674 9.56798 34.4435
      vertex 2.11734 12.8209 34.6267
      vertex 2.07674 12.8263 34.4435
    endloop
  endfacet
  facet normal -0.976312 0 0.216366
    outer loop
      vertex 2.11734 12.8209 34.6267
      vertex 2.07674 9.56798 34.4435
      vertex 2.11734 9.55898 34.6267
    endloop
  endfacet
  facet normal 0.999049 0 -0.0436084
    outer loop
      vertex -2.14182 -9.55356 35.1874
      vertex -2.15 -12.8166 35
      vertex -2.15 -9.55174 35
    endloop
  endfacet
  facet normal 0.999049 0 -0.0436084
    outer loop
      vertex -2.15 -12.8166 35
      vertex -2.14182 -9.55356 35.1874
      vertex -2.14182 -12.8177 35.1874
    endloop
  endfacet
  facet normal 0.999049 0 -0.0436084
    outer loop
      vertex -2.14182 9.55356 35.1874
      vertex -2.15 12.8166 35
      vertex -2.14182 12.8177 35.1874
    endloop
  endfacet
  facet normal 0.999049 0 -0.0436084
    outer loop
      vertex -2.15 12.8166 35
      vertex -2.14182 9.55356 35.1874
      vertex -2.15 9.55174 35
    endloop
  endfacet
  facet normal 0.675534 -0 0.737329
    outer loop
      vertex -1.52028 -12.8995 33.4797
      vertex -1.38199 -9.69321 33.353
      vertex -1.52028 -9.67501 33.4797
    endloop
  endfacet
  facet normal 0.675534 0 0.737329
    outer loop
      vertex -1.38199 -9.69321 33.353
      vertex -1.52028 -12.8995 33.4797
      vertex -1.38199 -12.9178 33.353
    endloop
  endfacet
  facet normal 0.675534 0 0.737329
    outer loop
      vertex -1.52028 12.8995 33.4797
      vertex -1.38199 9.69321 33.353
      vertex -1.38199 12.9178 33.353
    endloop
  endfacet
  facet normal 0.675534 0 0.737329
    outer loop
      vertex -1.38199 9.69321 33.353
      vertex -1.52028 12.8995 33.4797
      vertex -1.52028 9.67501 33.4797
    endloop
  endfacet
  facet normal 0.793161 0 -0.609012
    outer loop
      vertex -1.70175 -9.65112 36.3106
      vertex -1.76118 -12.8678 36.2332
      vertex -1.76118 -9.63794 36.2332
    endloop
  endfacet
  facet normal 0.793552 -1.94813e-05 -0.608503
    outer loop
      vertex -1.647 -9.65832 36.382
      vertex -1.76118 -12.8678 36.2332
      vertex -1.70175 -9.65112 36.3106
    endloop
  endfacet
  facet normal 0.793349 0 -0.608767
    outer loop
      vertex -1.76118 -12.8678 36.2332
      vertex -1.647 -9.65832 36.382
      vertex -1.647 -12.8829 36.382
    endloop
  endfacet
  facet normal 0.793349 0 -0.608767
    outer loop
      vertex -1.647 9.65832 36.382
      vertex -1.76118 12.8678 36.2332
      vertex -1.647 12.8829 36.382
    endloop
  endfacet
  facet normal 0.793552 1.94813e-05 -0.608503
    outer loop
      vertex -1.70175 9.65112 36.3106
      vertex -1.76118 12.8678 36.2332
      vertex -1.647 9.65832 36.382
    endloop
  endfacet
  facet normal 0.793161 0 -0.609012
    outer loop
      vertex -1.76118 12.8678 36.2332
      vertex -1.70175 9.65112 36.3106
      vertex -1.76118 9.63794 36.2332
    endloop
  endfacet
  facet normal 0.675534 0 -0.737329
    outer loop
      vertex -1.52028 -12.8995 36.5203
      vertex -1.38199 -9.69321 36.647
      vertex -1.38199 -12.9178 36.647
    endloop
  endfacet
  facet normal 0.675534 0 -0.737329
    outer loop
      vertex -1.38199 -9.69321 36.647
      vertex -1.52028 -12.8995 36.5203
      vertex -1.52028 -9.67501 36.5203
    endloop
  endfacet
  facet normal 0.675534 0 -0.737329
    outer loop
      vertex -1.52028 12.8995 36.5203
      vertex -1.38199 9.69321 36.647
      vertex -1.52028 9.67501 36.5203
    endloop
  endfacet
  facet normal 0.675534 0 -0.737329
    outer loop
      vertex -1.38199 9.69321 36.647
      vertex -1.52028 12.8995 36.5203
      vertex -1.38199 12.9178 36.647
    endloop
  endfacet
  facet normal -0.793161 0 0.609012
    outer loop
      vertex 1.70175 -9.65112 33.6894
      vertex 1.76118 -12.8678 33.7668
      vertex 1.76118 -9.63794 33.7668
    endloop
  endfacet
  facet normal -0.793552 -1.94813e-05 0.608503
    outer loop
      vertex 1.647 -9.65832 33.618
      vertex 1.76118 -12.8678 33.7668
      vertex 1.70175 -9.65112 33.6894
    endloop
  endfacet
  facet normal -0.793349 0 0.608767
    outer loop
      vertex 1.76118 -12.8678 33.7668
      vertex 1.647 -9.65832 33.618
      vertex 1.647 -12.8829 33.618
    endloop
  endfacet
  facet normal -0.793349 0 0.608767
    outer loop
      vertex 1.647 9.65832 33.618
      vertex 1.76118 12.8678 33.7668
      vertex 1.647 12.8829 33.618
    endloop
  endfacet
  facet normal -0.793552 1.94813e-05 0.608503
    outer loop
      vertex 1.70175 9.65112 33.6894
      vertex 1.76118 12.8678 33.7668
      vertex 1.647 9.65832 33.618
    endloop
  endfacet
  facet normal -0.793161 0 0.609012
    outer loop
      vertex 1.76118 12.8678 33.7668
      vertex 1.70175 9.65112 33.6894
      vertex 1.76118 9.63794 33.7668
    endloop
  endfacet
  facet normal -0.953679 0 0.300825
    outer loop
      vertex 2.02034 -9.58049 34.2647
      vertex 2.07674 -12.8263 34.4435
      vertex 2.07674 -9.56798 34.4435
    endloop
  endfacet
  facet normal -0.953679 0 0.300825
    outer loop
      vertex 2.07674 -12.8263 34.4435
      vertex 2.02034 -9.58049 34.2647
      vertex 2.02034 -12.8337 34.2647
    endloop
  endfacet
  facet normal -0.953679 0 0.300825
    outer loop
      vertex 2.02034 9.58049 34.2647
      vertex 2.07674 12.8263 34.4435
      vertex 2.02034 12.8337 34.2647
    endloop
  endfacet
  facet normal -0.953679 0 0.300825
    outer loop
      vertex 2.07674 12.8263 34.4435
      vertex 2.02034 9.58049 34.2647
      vertex 2.07674 9.56798 34.4435
    endloop
  endfacet
  facet normal 0.537913 0.00769543 -0.842965
    outer loop
      vertex -1.23319 -12.9373 36.7612
      vertex -1.075 -12.9531 36.862
      vertex -1.13302 -12.9505 36.825
    endloop
  endfacet
  facet normal 0.537382 0 -0.843339
    outer loop
      vertex -1.075 -12.9531 36.862
      vertex -1.23319 -12.9373 36.7612
      vertex -1.075 -9.73363 36.862
    endloop
  endfacet
  facet normal 0.537382 0 -0.843339
    outer loop
      vertex -1.075 -9.73363 36.862
      vertex -1.23319 -12.9373 36.7612
      vertex -1.23319 -9.7128 36.7612
    endloop
  endfacet
  facet normal 0.537382 0 -0.843339
    outer loop
      vertex -1.23319 12.9373 36.7612
      vertex -1.075 12.9531 36.862
      vertex -1.075 9.73363 36.862
    endloop
  endfacet
  facet normal 0.537382 0 -0.843339
    outer loop
      vertex -1.23319 12.9373 36.7612
      vertex -1.075 9.73363 36.862
      vertex -1.23319 9.7128 36.7612
    endloop
  endfacet
  facet normal 0.537913 -0.00769543 -0.842965
    outer loop
      vertex -1.075 12.9531 36.862
      vertex -1.23319 12.9373 36.7612
      vertex -1.13302 12.9505 36.825
    endloop
  endfacet
  facet normal -0.675534 0 0.737329
    outer loop
      vertex 1.38199 -9.69321 33.353
      vertex 1.52028 -12.8995 33.4797
      vertex 1.52028 -9.67501 33.4797
    endloop
  endfacet
  facet normal -0.675534 0 0.737329
    outer loop
      vertex 1.52028 -12.8995 33.4797
      vertex 1.38199 -9.69321 33.353
      vertex 1.38199 -12.9178 33.353
    endloop
  endfacet
  facet normal -0.675534 0 0.737329
    outer loop
      vertex 1.38199 9.69321 33.353
      vertex 1.52028 12.8995 33.4797
      vertex 1.38199 12.9178 33.353
    endloop
  endfacet
  facet normal -0.675534 0 0.737329
    outer loop
      vertex 1.52028 12.8995 33.4797
      vertex 1.38199 9.69321 33.353
      vertex 1.52028 9.67501 33.4797
    endloop
  endfacet
  facet normal 0.300698 0 -0.953719
    outer loop
      vertex -0.735343 -12.9679 37.0203
      vertex -0.55646 -9.7757 37.0767
      vertex -0.55646 -12.9757 37.0767
    endloop
  endfacet
  facet normal 0.300698 0 -0.953719
    outer loop
      vertex -0.55646 -9.7757 37.0767
      vertex -0.735343 -12.9679 37.0203
      vertex -0.735343 -9.76789 37.0203
    endloop
  endfacet
  facet normal 0.300698 0 -0.953719
    outer loop
      vertex -0.735343 12.9679 37.0203
      vertex -0.55646 9.7757 37.0767
      vertex -0.735343 9.76789 37.0203
    endloop
  endfacet
  facet normal 0.300698 0 -0.953719
    outer loop
      vertex -0.55646 9.7757 37.0767
      vertex -0.735343 12.9679 37.0203
      vertex -0.55646 12.9757 37.0767
    endloop
  endfacet
  facet normal 0.461716 0 -0.887028
    outer loop
      vertex -1.075 -12.9531 36.862
      vertex -0.908628 -9.75553 36.9486
      vertex -0.908628 -12.9603 36.9486
    endloop
  endfacet
  facet normal 0.461716 0 -0.887028
    outer loop
      vertex -0.908628 -9.75553 36.9486
      vertex -1.075 -12.9531 36.862
      vertex -1.075 -9.73363 36.862
    endloop
  endfacet
  facet normal 0.461716 0 -0.887028
    outer loop
      vertex -1.075 12.9531 36.862
      vertex -0.908628 9.75553 36.9486
      vertex -1.075 9.73363 36.862
    endloop
  endfacet
  facet normal 0.461716 0 -0.887028
    outer loop
      vertex -0.908628 9.75553 36.9486
      vertex -1.075 12.9531 36.862
      vertex -0.908628 12.9603 36.9486
    endloop
  endfacet
  facet normal -0.7373 0 0.675565
    outer loop
      vertex 1.52028 -9.67501 33.4797
      vertex 1.647 -12.8829 33.618
      vertex 1.647 -9.65832 33.618
    endloop
  endfacet
  facet normal -0.7373 0 0.675565
    outer loop
      vertex 1.647 -12.8829 33.618
      vertex 1.52028 -9.67501 33.4797
      vertex 1.52028 -12.8995 33.4797
    endloop
  endfacet
  facet normal -0.7373 0 0.675565
    outer loop
      vertex 1.52028 9.67501 33.4797
      vertex 1.647 12.8829 33.618
      vertex 1.52028 12.8995 33.4797
    endloop
  endfacet
  facet normal -0.7373 0 0.675565
    outer loop
      vertex 1.647 12.8829 33.618
      vertex 1.52028 9.67501 33.4797
      vertex 1.647 9.65832 33.618
    endloop
  endfacet
  facet normal -0.843427 0 -0.537245
    outer loop
      vertex 1.86195 -12.8546 36.075
      vertex 1.76118 -9.63794 36.2332
      vertex 1.86195 -9.6156 36.075
    endloop
  endfacet
  facet normal -0.843427 -0 -0.537245
    outer loop
      vertex 1.76118 -9.63794 36.2332
      vertex 1.86195 -12.8546 36.075
      vertex 1.76118 -12.8678 36.2332
    endloop
  endfacet
  facet normal -0.843427 0 -0.537245
    outer loop
      vertex 1.86195 12.8546 36.075
      vertex 1.76118 9.63794 36.2332
      vertex 1.76118 12.8678 36.2332
    endloop
  endfacet
  facet normal -0.843427 0 -0.537245
    outer loop
      vertex 1.76118 9.63794 36.2332
      vertex 1.86195 12.8546 36.075
      vertex 1.86195 9.6156 36.075
    endloop
  endfacet
  facet normal -0.608834 -0 -0.793297
    outer loop
      vertex 1.23319 -9.7128 36.7612
      vertex 1.38199 -12.9178 36.647
      vertex 1.23319 -12.9373 36.7612
    endloop
  endfacet
  facet normal -0.608834 0 -0.793297
    outer loop
      vertex 1.38199 -12.9178 36.647
      vertex 1.23319 -9.7128 36.7612
      vertex 1.38199 -9.69321 36.647
    endloop
  endfacet
  facet normal -0.608834 0 -0.793297
    outer loop
      vertex 1.23319 9.7128 36.7612
      vertex 1.38199 12.9178 36.647
      vertex 1.38199 9.69321 36.647
    endloop
  endfacet
  facet normal -0.608834 0 -0.793297
    outer loop
      vertex 1.38199 12.9178 36.647
      vertex 1.23319 9.7128 36.7612
      vertex 1.23319 12.9373 36.7612
    endloop
  endfacet
  facet normal 0.0437183 0 -0.999044
    outer loop
      vertex -0.187385 12.9918 37.1418
      vertex 0 9.8 37.15
      vertex -0.187385 9.79182 37.1418
    endloop
  endfacet
  facet normal 0.0437183 0 -0.999044
    outer loop
      vertex 0 9.8 37.15
      vertex -0.187385 12.9918 37.1418
      vertex 0 13 37.15
    endloop
  endfacet
  facet normal 0.0437183 0 -0.999044
    outer loop
      vertex -0.187385 -12.9918 37.1418
      vertex 0 -9.8 37.15
      vertex 0 -13 37.15
    endloop
  endfacet
  facet normal 0.0437183 0 -0.999044
    outer loop
      vertex 0 -9.8 37.15
      vertex -0.187385 -12.9918 37.1418
      vertex -0.187385 -9.79182 37.1418
    endloop
  endfacet
  facet normal -0.999049 0 0.0436084
    outer loop
      vertex 2.14182 -9.55356 34.8126
      vertex 2.15 -12.8166 35
      vertex 2.15 -9.55174 35
    endloop
  endfacet
  facet normal -0.999049 0 0.0436084
    outer loop
      vertex 2.15 -12.8166 35
      vertex 2.14182 -9.55356 34.8126
      vertex 2.14182 -12.8177 34.8126
    endloop
  endfacet
  facet normal -0.999049 0 0.0436084
    outer loop
      vertex 2.14182 9.55356 34.8126
      vertex 2.15 12.8166 35
      vertex 2.14182 12.8177 34.8126
    endloop
  endfacet
  facet normal -0.999049 0 0.0436084
    outer loop
      vertex 2.15 12.8166 35
      vertex 2.14182 9.55356 34.8126
      vertex 2.15 9.55174 35
    endloop
  endfacet
  facet normal -0.7373 0 -0.675565
    outer loop
      vertex 1.647 -12.8829 36.382
      vertex 1.52028 -9.67501 36.5203
      vertex 1.647 -9.65832 36.382
    endloop
  endfacet
  facet normal -0.7373 -0 -0.675565
    outer loop
      vertex 1.52028 -9.67501 36.5203
      vertex 1.647 -12.8829 36.382
      vertex 1.52028 -12.8995 36.5203
    endloop
  endfacet
  facet normal -0.7373 0 -0.675565
    outer loop
      vertex 1.647 12.8829 36.382
      vertex 1.52028 9.67501 36.5203
      vertex 1.52028 12.8995 36.5203
    endloop
  endfacet
  facet normal -0.7373 0 -0.675565
    outer loop
      vertex 1.52028 9.67501 36.5203
      vertex 1.647 12.8829 36.382
      vertex 1.647 9.65832 36.382
    endloop
  endfacet
  facet normal -0.675534 -0 -0.737329
    outer loop
      vertex 1.38199 -9.69321 36.647
      vertex 1.52028 -12.8995 36.5203
      vertex 1.38199 -12.9178 36.647
    endloop
  endfacet
  facet normal -0.675534 0 -0.737329
    outer loop
      vertex 1.52028 -12.8995 36.5203
      vertex 1.38199 -9.69321 36.647
      vertex 1.52028 -9.67501 36.5203
    endloop
  endfacet
  facet normal -0.675534 0 -0.737329
    outer loop
      vertex 1.38199 9.69321 36.647
      vertex 1.52028 12.8995 36.5203
      vertex 1.52028 9.67501 36.5203
    endloop
  endfacet
  facet normal -0.675534 0 -0.737329
    outer loop
      vertex 1.52028 12.8995 36.5203
      vertex 1.38199 9.69321 36.647
      vertex 1.38199 12.9178 36.647
    endloop
  endfacet
  facet normal 0.300698 -0 0.953719
    outer loop
      vertex -0.735343 -12.9679 32.9797
      vertex -0.55646 -9.7757 32.9233
      vertex -0.735343 -9.76789 32.9797
    endloop
  endfacet
  facet normal 0.300698 0 0.953719
    outer loop
      vertex -0.55646 -9.7757 32.9233
      vertex -0.735343 -12.9679 32.9797
      vertex -0.55646 -12.9757 32.9233
    endloop
  endfacet
  facet normal 0.300698 0 0.953719
    outer loop
      vertex -0.735343 12.9679 32.9797
      vertex -0.55646 9.7757 32.9233
      vertex -0.55646 12.9757 32.9233
    endloop
  endfacet
  facet normal 0.300698 0 0.953719
    outer loop
      vertex -0.55646 9.7757 32.9233
      vertex -0.735343 12.9679 32.9797
      vertex -0.735343 9.76789 32.9797
    endloop
  endfacet
  facet normal -0.130621 0 -0.991432
    outer loop
      vertex 0.187385 9.79182 37.1418
      vertex 0.373343 12.9837 37.1173
      vertex 0.373343 9.7837 37.1173
    endloop
  endfacet
  facet normal -0.130621 0 -0.991432
    outer loop
      vertex 0.373343 12.9837 37.1173
      vertex 0.187385 9.79182 37.1418
      vertex 0.187385 12.9918 37.1418
    endloop
  endfacet
  facet normal -0.130621 -0 -0.991432
    outer loop
      vertex 0.187385 -9.79182 37.1418
      vertex 0.373343 -12.9837 37.1173
      vertex 0.187385 -12.9918 37.1418
    endloop
  endfacet
  facet normal -0.130621 0 -0.991432
    outer loop
      vertex 0.373343 -12.9837 37.1173
      vertex 0.187385 -9.79182 37.1418
      vertex 0.373343 -9.7837 37.1173
    endloop
  endfacet
  facet normal -0.923886 0 -0.382669
    outer loop
      vertex 2.02034 -12.8337 35.7353
      vertex 1.94856 -9.5964 35.9086
      vertex 2.02034 -9.58049 35.7353
    endloop
  endfacet
  facet normal -0.923886 -0 -0.382669
    outer loop
      vertex 1.94856 -9.5964 35.9086
      vertex 2.02034 -12.8337 35.7353
      vertex 1.94856 -12.8432 35.9086
    endloop
  endfacet
  facet normal -0.923886 0 -0.382669
    outer loop
      vertex 2.02034 12.8337 35.7353
      vertex 1.94856 9.5964 35.9086
      vertex 1.94856 12.8432 35.9086
    endloop
  endfacet
  facet normal -0.923886 0 -0.382669
    outer loop
      vertex 1.94856 9.5964 35.9086
      vertex 2.02034 12.8337 35.7353
      vertex 2.02034 9.58049 35.7353
    endloop
  endfacet
  facet normal -0.381591 0 0.924331
    outer loop
      vertex 0.908628 12.9603 33.0514
      vertex 0.854126 9.76271 33.0289
      vertex 0.908628 9.75553 33.0514
    endloop
  endfacet
  facet normal -0.382333 0 0.924025
    outer loop
      vertex 0.735343 9.76789 32.9797
      vertex 0.908628 12.9603 33.0514
      vertex 0.735343 12.9679 32.9797
    endloop
  endfacet
  facet normal -0.382672 2.15861e-05 0.923884
    outer loop
      vertex 0.908628 12.9603 33.0514
      vertex 0.735343 9.76789 32.9797
      vertex 0.854126 9.76271 33.0289
    endloop
  endfacet
  facet normal -0.381591 0 0.924331
    outer loop
      vertex 0.854126 -9.76271 33.0289
      vertex 0.908628 -12.9603 33.0514
      vertex 0.908628 -9.75553 33.0514
    endloop
  endfacet
  facet normal -0.382672 -2.15861e-05 0.923884
    outer loop
      vertex 0.735343 -9.76789 32.9797
      vertex 0.908628 -12.9603 33.0514
      vertex 0.854126 -9.76271 33.0289
    endloop
  endfacet
  facet normal -0.382333 0 0.924025
    outer loop
      vertex 0.908628 -12.9603 33.0514
      vertex 0.735343 -9.76789 32.9797
      vertex 0.735343 -12.9679 32.9797
    endloop
  endfacet
  facet normal 0.887038 -0 0.461697
    outer loop
      vertex -1.94856 -12.8432 34.0914
      vertex -1.86195 -9.6156 33.925
      vertex -1.94856 -9.5964 34.0914
    endloop
  endfacet
  facet normal 0.887038 0 0.461697
    outer loop
      vertex -1.86195 -9.6156 33.925
      vertex -1.94856 -12.8432 34.0914
      vertex -1.86195 -12.8546 33.925
    endloop
  endfacet
  facet normal 0.887038 0 0.461697
    outer loop
      vertex -1.94856 12.8432 34.0914
      vertex -1.86195 9.6156 33.925
      vertex -1.86195 12.8546 33.925
    endloop
  endfacet
  facet normal 0.887038 0 0.461697
    outer loop
      vertex -1.86195 9.6156 33.925
      vertex -1.94856 12.8432 34.0914
      vertex -1.94856 9.5964 34.0914
    endloop
  endfacet
  facet normal 0.382333 0 -0.924025
    outer loop
      vertex -0.908628 -12.9603 36.9486
      vertex -0.735343 -9.76789 37.0203
      vertex -0.735343 -12.9679 37.0203
    endloop
  endfacet
  facet normal 0.382672 -2.15861e-05 -0.923884
    outer loop
      vertex -0.735343 -9.76789 37.0203
      vertex -0.908628 -12.9603 36.9486
      vertex -0.854126 -9.76271 36.9711
    endloop
  endfacet
  facet normal 0.381591 0 -0.924331
    outer loop
      vertex -0.854126 -9.76271 36.9711
      vertex -0.908628 -12.9603 36.9486
      vertex -0.908628 -9.75553 36.9486
    endloop
  endfacet
  facet normal 0.382672 2.15861e-05 -0.923884
    outer loop
      vertex -0.908628 12.9603 36.9486
      vertex -0.735343 9.76789 37.0203
      vertex -0.854126 9.76271 36.9711
    endloop
  endfacet
  facet normal 0.381591 0 -0.924331
    outer loop
      vertex -0.908628 12.9603 36.9486
      vertex -0.854126 9.76271 36.9711
      vertex -0.908628 9.75553 36.9486
    endloop
  endfacet
  facet normal 0.382333 0 -0.924025
    outer loop
      vertex -0.735343 9.76789 37.0203
      vertex -0.908628 12.9603 36.9486
      vertex -0.735343 12.9679 37.0203
    endloop
  endfacet
  facet normal 0.953679 0 -0.300825
    outer loop
      vertex -2.02034 -9.58049 35.7353
      vertex -2.07674 -12.8263 35.5565
      vertex -2.07674 -9.56798 35.5565
    endloop
  endfacet
  facet normal 0.953679 0 -0.300825
    outer loop
      vertex -2.07674 -12.8263 35.5565
      vertex -2.02034 -9.58049 35.7353
      vertex -2.02034 -12.8337 35.7353
    endloop
  endfacet
  facet normal 0.953679 0 -0.300825
    outer loop
      vertex -2.02034 9.58049 35.7353
      vertex -2.07674 12.8263 35.5565
      vertex -2.02034 12.8337 35.7353
    endloop
  endfacet
  facet normal 0.953679 0 -0.300825
    outer loop
      vertex -2.07674 12.8263 35.5565
      vertex -2.02034 9.58049 35.7353
      vertex -2.07674 9.56798 35.5565
    endloop
  endfacet
  facet normal 0.843427 0 -0.537245
    outer loop
      vertex -1.76118 -9.63794 36.2332
      vertex -1.86195 -12.8546 36.075
      vertex -1.86195 -9.6156 36.075
    endloop
  endfacet
  facet normal 0.843427 0 -0.537245
    outer loop
      vertex -1.86195 -12.8546 36.075
      vertex -1.76118 -9.63794 36.2332
      vertex -1.76118 -12.8678 36.2332
    endloop
  endfacet
  facet normal 0.843427 0 -0.537245
    outer loop
      vertex -1.76118 9.63794 36.2332
      vertex -1.86195 12.8546 36.075
      vertex -1.76118 12.8678 36.2332
    endloop
  endfacet
  facet normal 0.843427 0 -0.537245
    outer loop
      vertex -1.86195 12.8546 36.075
      vertex -1.76118 9.63794 36.2332
      vertex -1.86195 9.6156 36.075
    endloop
  endfacet
  facet normal -0.0437183 0 -0.999044
    outer loop
      vertex 0 9.8 37.15
      vertex 0.187385 12.9918 37.1418
      vertex 0.187385 9.79182 37.1418
    endloop
  endfacet
  facet normal -0.0437183 0 -0.999044
    outer loop
      vertex 0.187385 12.9918 37.1418
      vertex 0 9.8 37.15
      vertex 0 13 37.15
    endloop
  endfacet
  facet normal -0.0437183 -0 -0.999044
    outer loop
      vertex 0 -9.8 37.15
      vertex 0.187385 -12.9918 37.1418
      vertex 0 -13 37.15
    endloop
  endfacet
  facet normal -0.0437183 0 -0.999044
    outer loop
      vertex 0.187385 -12.9918 37.1418
      vertex 0 -9.8 37.15
      vertex 0.187385 -9.79182 37.1418
    endloop
  endfacet
  facet normal 0.843427 -0 0.537245
    outer loop
      vertex -1.86195 -12.8546 33.925
      vertex -1.76118 -9.63794 33.7668
      vertex -1.86195 -9.6156 33.925
    endloop
  endfacet
  facet normal 0.843427 0 0.537245
    outer loop
      vertex -1.76118 -9.63794 33.7668
      vertex -1.86195 -12.8546 33.925
      vertex -1.76118 -12.8678 33.7668
    endloop
  endfacet
  facet normal 0.843427 0 0.537245
    outer loop
      vertex -1.86195 12.8546 33.925
      vertex -1.76118 9.63794 33.7668
      vertex -1.76118 12.8678 33.7668
    endloop
  endfacet
  facet normal 0.843427 0 0.537245
    outer loop
      vertex -1.76118 9.63794 33.7668
      vertex -1.86195 12.8546 33.925
      vertex -1.86195 9.6156 33.925
    endloop
  endfacet
  facet normal -0.21646 0 0.976292
    outer loop
      vertex 0.373343 -9.7837 32.8827
      vertex 0.55646 -12.9757 32.9233
      vertex 0.55646 -9.7757 32.9233
    endloop
  endfacet
  facet normal -0.21646 0 0.976292
    outer loop
      vertex 0.55646 -12.9757 32.9233
      vertex 0.373343 -9.7837 32.8827
      vertex 0.373343 -12.9837 32.8827
    endloop
  endfacet
  facet normal -0.21646 0 0.976292
    outer loop
      vertex 0.373343 9.7837 32.8827
      vertex 0.55646 12.9757 32.9233
      vertex 0.373343 12.9837 32.8827
    endloop
  endfacet
  facet normal -0.21646 0 0.976292
    outer loop
      vertex 0.55646 12.9757 32.9233
      vertex 0.373343 9.7837 32.8827
      vertex 0.55646 9.7757 32.9233
    endloop
  endfacet
  facet normal -0.130621 0 0.991432
    outer loop
      vertex 0.187385 -9.79182 32.8582
      vertex 0.373343 -12.9837 32.8827
      vertex 0.373343 -9.7837 32.8827
    endloop
  endfacet
  facet normal -0.130621 0 0.991432
    outer loop
      vertex 0.373343 -12.9837 32.8827
      vertex 0.187385 -9.79182 32.8582
      vertex 0.187385 -12.9918 32.8582
    endloop
  endfacet
  facet normal -0.130621 0 0.991432
    outer loop
      vertex 0.187385 9.79182 32.8582
      vertex 0.373343 12.9837 32.8827
      vertex 0.187385 12.9918 32.8582
    endloop
  endfacet
  facet normal -0.130621 0 0.991432
    outer loop
      vertex 0.373343 12.9837 32.8827
      vertex 0.187385 9.79182 32.8582
      vertex 0.373343 9.7837 32.8827
    endloop
  endfacet
  facet normal 0.793161 -0 0.609012
    outer loop
      vertex -1.76118 -12.8678 33.7668
      vertex -1.70175 -9.65112 33.6894
      vertex -1.76118 -9.63794 33.7668
    endloop
  endfacet
  facet normal 0.793552 -1.94813e-05 0.608503
    outer loop
      vertex -1.76118 -12.8678 33.7668
      vertex -1.647 -9.65832 33.618
      vertex -1.70175 -9.65112 33.6894
    endloop
  endfacet
  facet normal 0.793349 0 0.608767
    outer loop
      vertex -1.647 -9.65832 33.618
      vertex -1.76118 -12.8678 33.7668
      vertex -1.647 -12.8829 33.618
    endloop
  endfacet
  facet normal 0.793349 0 0.608767
    outer loop
      vertex -1.76118 12.8678 33.7668
      vertex -1.647 9.65832 33.618
      vertex -1.647 12.8829 33.618
    endloop
  endfacet
  facet normal 0.793552 1.94813e-05 0.608503
    outer loop
      vertex -1.76118 12.8678 33.7668
      vertex -1.70175 9.65112 33.6894
      vertex -1.647 9.65832 33.618
    endloop
  endfacet
  facet normal 0.793161 0 0.609012
    outer loop
      vertex -1.70175 9.65112 33.6894
      vertex -1.76118 12.8678 33.7668
      vertex -1.76118 9.63794 33.7668
    endloop
  endfacet
  facet normal 0.7373 0 -0.675565
    outer loop
      vertex -1.52028 -9.67501 36.5203
      vertex -1.647 -12.8829 36.382
      vertex -1.647 -9.65832 36.382
    endloop
  endfacet
  facet normal 0.7373 0 -0.675565
    outer loop
      vertex -1.647 -12.8829 36.382
      vertex -1.52028 -9.67501 36.5203
      vertex -1.52028 -12.8995 36.5203
    endloop
  endfacet
  facet normal 0.7373 0 -0.675565
    outer loop
      vertex -1.52028 9.67501 36.5203
      vertex -1.647 12.8829 36.382
      vertex -1.52028 12.8995 36.5203
    endloop
  endfacet
  facet normal 0.7373 0 -0.675565
    outer loop
      vertex -1.647 12.8829 36.382
      vertex -1.52028 9.67501 36.5203
      vertex -1.647 9.65832 36.382
    endloop
  endfacet
  facet normal 0.130621 -0 0.991432
    outer loop
      vertex -0.373343 -12.9837 32.8827
      vertex -0.187385 -9.79182 32.8582
      vertex -0.373343 -9.7837 32.8827
    endloop
  endfacet
  facet normal 0.130621 0 0.991432
    outer loop
      vertex -0.187385 -9.79182 32.8582
      vertex -0.373343 -12.9837 32.8827
      vertex -0.187385 -12.9918 32.8582
    endloop
  endfacet
  facet normal 0.130621 0 0.991432
    outer loop
      vertex -0.373343 12.9837 32.8827
      vertex -0.187385 9.79182 32.8582
      vertex -0.187385 12.9918 32.8582
    endloop
  endfacet
  facet normal 0.130621 0 0.991432
    outer loop
      vertex -0.187385 9.79182 32.8582
      vertex -0.373343 12.9837 32.8827
      vertex -0.373343 9.7837 32.8827
    endloop
  endfacet
  facet normal -0.0437183 0 0.999044
    outer loop
      vertex 0 9.8 32.85
      vertex 0.187385 12.9918 32.8582
      vertex 0 13 32.85
    endloop
  endfacet
  facet normal -0.0437183 0 0.999044
    outer loop
      vertex 0.187385 12.9918 32.8582
      vertex 0 9.8 32.85
      vertex 0.187385 9.79182 32.8582
    endloop
  endfacet
  facet normal -0.0437183 0 0.999044
    outer loop
      vertex 0 -9.8 32.85
      vertex 0.187385 -12.9918 32.8582
      vertex 0.187385 -9.79182 32.8582
    endloop
  endfacet
  facet normal -0.0437183 0 0.999044
    outer loop
      vertex 0.187385 -12.9918 32.8582
      vertex 0 -9.8 32.85
      vertex 0 -13 32.85
    endloop
  endfacet
  facet normal 0.976312 -0 0.216366
    outer loop
      vertex -2.11734 -12.8209 34.6267
      vertex -2.07674 -9.56798 34.4435
      vertex -2.11734 -9.55898 34.6267
    endloop
  endfacet
  facet normal 0.976312 0 0.216366
    outer loop
      vertex -2.07674 -9.56798 34.4435
      vertex -2.11734 -12.8209 34.6267
      vertex -2.07674 -12.8263 34.4435
    endloop
  endfacet
  facet normal 0.976312 0 0.216366
    outer loop
      vertex -2.11734 12.8209 34.6267
      vertex -2.07674 9.56798 34.4435
      vertex -2.07674 12.8263 34.4435
    endloop
  endfacet
  facet normal 0.976312 0 0.216366
    outer loop
      vertex -2.07674 9.56798 34.4435
      vertex -2.11734 12.8209 34.6267
      vertex -2.11734 9.55898 34.6267
    endloop
  endfacet
  facet normal 0.991441 -0 0.130557
    outer loop
      vertex -2.14182 -12.8177 34.8126
      vertex -2.11734 -9.55898 34.6267
      vertex -2.14182 -9.55356 34.8126
    endloop
  endfacet
  facet normal 0.991441 0 0.130557
    outer loop
      vertex -2.11734 -9.55898 34.6267
      vertex -2.14182 -12.8177 34.8126
      vertex -2.11734 -12.8209 34.6267
    endloop
  endfacet
  facet normal 0.991441 0 0.130557
    outer loop
      vertex -2.14182 12.8177 34.8126
      vertex -2.11734 9.55898 34.6267
      vertex -2.11734 12.8209 34.6267
    endloop
  endfacet
  facet normal 0.991441 0 0.130557
    outer loop
      vertex -2.11734 9.55898 34.6267
      vertex -2.14182 12.8177 34.8126
      vertex -2.14182 9.55356 34.8126
    endloop
  endfacet
  facet normal 0.976312 0 -0.216366
    outer loop
      vertex -2.07674 -9.56798 35.5565
      vertex -2.11734 -12.8209 35.3733
      vertex -2.11734 -9.55898 35.3733
    endloop
  endfacet
  facet normal 0.976312 0 -0.216366
    outer loop
      vertex -2.11734 -12.8209 35.3733
      vertex -2.07674 -9.56798 35.5565
      vertex -2.07674 -12.8263 35.5565
    endloop
  endfacet
  facet normal 0.976312 0 -0.216366
    outer loop
      vertex -2.07674 9.56798 35.5565
      vertex -2.11734 12.8209 35.3733
      vertex -2.07674 12.8263 35.5565
    endloop
  endfacet
  facet normal 0.976312 0 -0.216366
    outer loop
      vertex -2.11734 12.8209 35.3733
      vertex -2.07674 9.56798 35.5565
      vertex -2.11734 9.55898 35.3733
    endloop
  endfacet
  facet normal 0.991441 0 -0.130557
    outer loop
      vertex -2.11734 -9.55898 35.3733
      vertex -2.14182 -12.8177 35.1874
      vertex -2.14182 -9.55356 35.1874
    endloop
  endfacet
  facet normal 0.991441 0 -0.130557
    outer loop
      vertex -2.14182 -12.8177 35.1874
      vertex -2.11734 -9.55898 35.3733
      vertex -2.11734 -12.8209 35.3733
    endloop
  endfacet
  facet normal 0.991441 0 -0.130557
    outer loop
      vertex -2.11734 9.55898 35.3733
      vertex -2.14182 12.8177 35.1874
      vertex -2.11734 12.8209 35.3733
    endloop
  endfacet
  facet normal 0.991441 0 -0.130557
    outer loop
      vertex -2.14182 12.8177 35.1874
      vertex -2.11734 9.55898 35.3733
      vertex -2.14182 9.55356 35.1874
    endloop
  endfacet
  facet normal -0.793161 0 -0.609012
    outer loop
      vertex 1.76118 -12.8678 36.2332
      vertex 1.70175 -9.65112 36.3106
      vertex 1.76118 -9.63794 36.2332
    endloop
  endfacet
  facet normal -0.793552 -1.94813e-05 -0.608503
    outer loop
      vertex 1.76118 -12.8678 36.2332
      vertex 1.647 -9.65832 36.382
      vertex 1.70175 -9.65112 36.3106
    endloop
  endfacet
  facet normal -0.793349 -0 -0.608767
    outer loop
      vertex 1.647 -9.65832 36.382
      vertex 1.76118 -12.8678 36.2332
      vertex 1.647 -12.8829 36.382
    endloop
  endfacet
  facet normal -0.793349 0 -0.608767
    outer loop
      vertex 1.76118 12.8678 36.2332
      vertex 1.647 9.65832 36.382
      vertex 1.647 12.8829 36.382
    endloop
  endfacet
  facet normal -0.793552 1.94813e-05 -0.608503
    outer loop
      vertex 1.76118 12.8678 36.2332
      vertex 1.70175 9.65112 36.3106
      vertex 1.647 9.65832 36.382
    endloop
  endfacet
  facet normal -0.793161 0 -0.609012
    outer loop
      vertex 1.70175 9.65112 36.3106
      vertex 1.76118 12.8678 36.2332
      vertex 1.76118 9.63794 36.2332
    endloop
  endfacet
  facet normal 0.923886 0 -0.382669
    outer loop
      vertex -1.94856 -9.5964 35.9086
      vertex -2.02034 -12.8337 35.7353
      vertex -2.02034 -9.58049 35.7353
    endloop
  endfacet
  facet normal 0.923886 0 -0.382669
    outer loop
      vertex -2.02034 -12.8337 35.7353
      vertex -1.94856 -9.5964 35.9086
      vertex -1.94856 -12.8432 35.9086
    endloop
  endfacet
  facet normal 0.923886 0 -0.382669
    outer loop
      vertex -1.94856 9.5964 35.9086
      vertex -2.02034 12.8337 35.7353
      vertex -1.94856 12.8432 35.9086
    endloop
  endfacet
  facet normal 0.923886 0 -0.382669
    outer loop
      vertex -2.02034 12.8337 35.7353
      vertex -1.94856 9.5964 35.9086
      vertex -2.02034 9.58049 35.7353
    endloop
  endfacet
  facet normal 0.0437183 0 0.999044
    outer loop
      vertex -0.187385 12.9918 32.8582
      vertex 0 9.8 32.85
      vertex 0 13 32.85
    endloop
  endfacet
  facet normal 0.0437183 0 0.999044
    outer loop
      vertex 0 9.8 32.85
      vertex -0.187385 12.9918 32.8582
      vertex -0.187385 9.79182 32.8582
    endloop
  endfacet
  facet normal 0.0437183 -0 0.999044
    outer loop
      vertex -0.187385 -12.9918 32.8582
      vertex 0 -9.8 32.85
      vertex -0.187385 -9.79182 32.8582
    endloop
  endfacet
  facet normal 0.0437183 0 0.999044
    outer loop
      vertex 0 -9.8 32.85
      vertex -0.187385 -12.9918 32.8582
      vertex 0 -13 32.85
    endloop
  endfacet
  facet normal -0.21646 0 -0.976292
    outer loop
      vertex 0.373343 9.7837 37.1173
      vertex 0.55646 12.9757 37.0767
      vertex 0.55646 9.7757 37.0767
    endloop
  endfacet
  facet normal -0.21646 0 -0.976292
    outer loop
      vertex 0.55646 12.9757 37.0767
      vertex 0.373343 9.7837 37.1173
      vertex 0.373343 12.9837 37.1173
    endloop
  endfacet
  facet normal -0.21646 -0 -0.976292
    outer loop
      vertex 0.373343 -9.7837 37.1173
      vertex 0.55646 -12.9757 37.0767
      vertex 0.373343 -12.9837 37.1173
    endloop
  endfacet
  facet normal -0.21646 0 -0.976292
    outer loop
      vertex 0.55646 -12.9757 37.0767
      vertex 0.373343 -9.7837 37.1173
      vertex 0.55646 -9.7757 37.0767
    endloop
  endfacet
  facet normal -0.923886 0 0.382669
    outer loop
      vertex 1.94856 -9.5964 34.0914
      vertex 2.02034 -12.8337 34.2647
      vertex 2.02034 -9.58049 34.2647
    endloop
  endfacet
  facet normal -0.923886 0 0.382669
    outer loop
      vertex 2.02034 -12.8337 34.2647
      vertex 1.94856 -9.5964 34.0914
      vertex 1.94856 -12.8432 34.0914
    endloop
  endfacet
  facet normal -0.923886 0 0.382669
    outer loop
      vertex 1.94856 9.5964 34.0914
      vertex 2.02034 12.8337 34.2647
      vertex 1.94856 12.8432 34.0914
    endloop
  endfacet
  facet normal -0.923886 0 0.382669
    outer loop
      vertex 2.02034 12.8337 34.2647
      vertex 1.94856 9.5964 34.0914
      vertex 2.02034 9.58049 34.2647
    endloop
  endfacet
  facet normal -0.300698 -0 -0.953719
    outer loop
      vertex 0.55646 -9.7757 37.0767
      vertex 0.735343 -12.9679 37.0203
      vertex 0.55646 -12.9757 37.0767
    endloop
  endfacet
  facet normal -0.300698 0 -0.953719
    outer loop
      vertex 0.735343 -12.9679 37.0203
      vertex 0.55646 -9.7757 37.0767
      vertex 0.735343 -9.76789 37.0203
    endloop
  endfacet
  facet normal -0.300698 0 -0.953719
    outer loop
      vertex 0.55646 9.7757 37.0767
      vertex 0.735343 12.9679 37.0203
      vertex 0.735343 9.76789 37.0203
    endloop
  endfacet
  facet normal -0.300698 0 -0.953719
    outer loop
      vertex 0.735343 12.9679 37.0203
      vertex 0.55646 9.7757 37.0767
      vertex 0.55646 12.9757 37.0767
    endloop
  endfacet
  facet normal 0.999049 -0 0.0436084
    outer loop
      vertex -2.15 -12.8166 35
      vertex -2.14182 -9.55356 34.8126
      vertex -2.15 -9.55174 35
    endloop
  endfacet
  facet normal 0.999049 0 0.0436084
    outer loop
      vertex -2.14182 -9.55356 34.8126
      vertex -2.15 -12.8166 35
      vertex -2.14182 -12.8177 34.8126
    endloop
  endfacet
  facet normal 0.999049 0 0.0436084
    outer loop
      vertex -2.15 12.8166 35
      vertex -2.14182 9.55356 34.8126
      vertex -2.14182 12.8177 34.8126
    endloop
  endfacet
  facet normal 0.999049 0 0.0436084
    outer loop
      vertex -2.14182 9.55356 34.8126
      vertex -2.15 12.8166 35
      vertex -2.15 9.55174 35
    endloop
  endfacet
  facet normal -0.608834 0 0.793297
    outer loop
      vertex 1.23319 -9.7128 33.2388
      vertex 1.38199 -12.9178 33.353
      vertex 1.38199 -9.69321 33.353
    endloop
  endfacet
  facet normal -0.608834 0 0.793297
    outer loop
      vertex 1.38199 -12.9178 33.353
      vertex 1.23319 -9.7128 33.2388
      vertex 1.23319 -12.9373 33.2388
    endloop
  endfacet
  facet normal -0.608834 0 0.793297
    outer loop
      vertex 1.23319 9.7128 33.2388
      vertex 1.38199 12.9178 33.353
      vertex 1.23319 12.9373 33.2388
    endloop
  endfacet
  facet normal -0.608834 0 0.793297
    outer loop
      vertex 1.38199 12.9178 33.353
      vertex 1.23319 9.7128 33.2388
      vertex 1.38199 9.69321 33.353
    endloop
  endfacet
  facet normal -0.537382 0 0.843339
    outer loop
      vertex 1.075 -9.73363 33.138
      vertex 1.23319 -12.9373 33.2388
      vertex 1.23319 -9.7128 33.2388
    endloop
  endfacet
  facet normal -0.537382 0 0.843339
    outer loop
      vertex 1.075 -12.9531 33.138
      vertex 1.23319 -12.9373 33.2388
      vertex 1.075 -9.73363 33.138
    endloop
  endfacet
  facet normal -0.537913 0.00769543 0.842965
    outer loop
      vertex 1.23319 -12.9373 33.2388
      vertex 1.075 -12.9531 33.138
      vertex 1.13302 -12.9505 33.175
    endloop
  endfacet
  facet normal -0.537913 -0.00769543 0.842965
    outer loop
      vertex 1.075 12.9531 33.138
      vertex 1.23319 12.9373 33.2388
      vertex 1.13302 12.9505 33.175
    endloop
  endfacet
  facet normal -0.537382 0 0.843339
    outer loop
      vertex 1.23319 12.9373 33.2388
      vertex 1.075 12.9531 33.138
      vertex 1.075 9.73363 33.138
    endloop
  endfacet
  facet normal -0.537382 0 0.843339
    outer loop
      vertex 1.23319 12.9373 33.2388
      vertex 1.075 9.73363 33.138
      vertex 1.23319 9.7128 33.2388
    endloop
  endfacet
  facet normal 0.537382 0 0.843339
    outer loop
      vertex -1.23319 -12.9373 33.2388
      vertex -1.075 -12.9531 33.138
      vertex -1.075 -9.73363 33.138
    endloop
  endfacet
  facet normal 0.537382 -0 0.843339
    outer loop
      vertex -1.23319 -12.9373 33.2388
      vertex -1.075 -9.73363 33.138
      vertex -1.23319 -9.7128 33.2388
    endloop
  endfacet
  facet normal 0.537913 0.00769543 0.842965
    outer loop
      vertex -1.075 -12.9531 33.138
      vertex -1.23319 -12.9373 33.2388
      vertex -1.13302 -12.9505 33.175
    endloop
  endfacet
  facet normal 0.537913 -0.00769543 0.842965
    outer loop
      vertex -1.23319 12.9373 33.2388
      vertex -1.075 12.9531 33.138
      vertex -1.13302 12.9505 33.175
    endloop
  endfacet
  facet normal 0.537382 0 0.843339
    outer loop
      vertex -1.075 12.9531 33.138
      vertex -1.23319 12.9373 33.2388
      vertex -1.075 9.73363 33.138
    endloop
  endfacet
  facet normal 0.537382 0 0.843339
    outer loop
      vertex -1.075 9.73363 33.138
      vertex -1.23319 12.9373 33.2388
      vertex -1.23319 9.7128 33.2388
    endloop
  endfacet
  facet normal 0.461716 -0 0.887028
    outer loop
      vertex -1.075 -12.9531 33.138
      vertex -0.908628 -9.75553 33.0514
      vertex -1.075 -9.73363 33.138
    endloop
  endfacet
  facet normal 0.461716 0 0.887028
    outer loop
      vertex -0.908628 -9.75553 33.0514
      vertex -1.075 -12.9531 33.138
      vertex -0.908628 -12.9603 33.0514
    endloop
  endfacet
  facet normal 0.461716 0 0.887028
    outer loop
      vertex -1.075 12.9531 33.138
      vertex -0.908628 9.75553 33.0514
      vertex -0.908628 12.9603 33.0514
    endloop
  endfacet
  facet normal 0.461716 0 0.887028
    outer loop
      vertex -0.908628 9.75553 33.0514
      vertex -1.075 12.9531 33.138
      vertex -1.075 9.73363 33.138
    endloop
  endfacet
  facet normal -0.991443 0 -0.130539
    outer loop
      vertex 1.64372 -12.8833 6.14381
      vertex 1.62493 -3.45 6.28652
      vertex 1.64372 -3.45 6.14381
    endloop
  endfacet
  facet normal -0.991443 -0 -0.130539
    outer loop
      vertex 1.62493 -3.45 6.28652
      vertex 1.64372 -12.8833 6.14381
      vertex 1.62493 -12.8858 6.28652
    endloop
  endfacet
  facet normal -0.991443 0 -0.130539
    outer loop
      vertex 1.64372 12.8833 6.14381
      vertex 1.62493 3.81458 6.28652
      vertex 1.62493 12.8858 6.28652
    endloop
  endfacet
  facet normal -0.991443 0 -0.130539
    outer loop
      vertex 1.62493 3.81458 6.28652
      vertex 1.64372 12.8833 6.14381
      vertex 1.64372 3.8068 6.14381
    endloop
  endfacet
  facet normal -0.999048 0 -0.0436272
    outer loop
      vertex 1.65 -12.8825 6
      vertex 1.64372 -3.45 6.14381
      vertex 1.65 -3.45 6
    endloop
  endfacet
  facet normal -0.999048 -0 -0.0436272
    outer loop
      vertex 1.64372 -3.45 6.14381
      vertex 1.65 -12.8825 6
      vertex 1.64372 -12.8833 6.14381
    endloop
  endfacet
  facet normal -0.999048 0 -0.0436272
    outer loop
      vertex 1.65 12.8825 6
      vertex 1.64372 3.8068 6.14381
      vertex 1.64372 12.8833 6.14381
    endloop
  endfacet
  facet normal -0.999048 0 -0.0436272
    outer loop
      vertex 1.64372 3.8068 6.14381
      vertex 1.65 12.8825 6
      vertex 1.65 3.8042 6
    endloop
  endfacet
  facet normal -0.999048 0 0.0436272
    outer loop
      vertex 1.64372 -3.45 5.85619
      vertex 1.65 -12.8825 6
      vertex 1.65 -3.45 6
    endloop
  endfacet
  facet normal -0.999048 0 0.0436272
    outer loop
      vertex 1.65 -12.8825 6
      vertex 1.64372 -3.45 5.85619
      vertex 1.64372 -12.8833 5.85619
    endloop
  endfacet
  facet normal -0.999048 0 0.0436272
    outer loop
      vertex 1.64372 3.8068 5.85619
      vertex 1.65 12.8825 6
      vertex 1.64372 12.8833 5.85619
    endloop
  endfacet
  facet normal -0.999048 0 0.0436272
    outer loop
      vertex 1.65 12.8825 6
      vertex 1.64372 3.8068 5.85619
      vertex 1.65 3.8042 6
    endloop
  endfacet
  facet normal 0.793349 0 -0.608767
    outer loop
      vertex -1.26397 -3.45 7.0606
      vertex -1.3516 -12.9218 6.9464
      vertex -1.3516 -3.45 6.9464
    endloop
  endfacet
  facet normal 0.793349 0 -0.608767
    outer loop
      vertex -1.3516 -12.9218 6.9464
      vertex -1.26397 -3.45 7.0606
      vertex -1.26397 -12.9333 7.0606
    endloop
  endfacet
  facet normal 0.793349 0 -0.608767
    outer loop
      vertex -1.26397 3.94872 7.0606
      vertex -1.3516 12.9218 6.9464
      vertex -1.26397 12.9333 7.0606
    endloop
  endfacet
  facet normal 0.793349 0 -0.608767
    outer loop
      vertex -1.3516 12.9218 6.9464
      vertex -1.26397 3.94872 7.0606
      vertex -1.3516 3.9211 6.9464
    endloop
  endfacet
  facet normal 0.953705 -0 0.300742
    outer loop
      vertex -1.59378 -12.8899 5.57295
      vertex -1.55049 -3.45 5.43567
      vertex -1.59378 -3.45 5.57295
    endloop
  endfacet
  facet normal 0.953705 0 0.300742
    outer loop
      vertex -1.55049 -3.45 5.43567
      vertex -1.59378 -12.8899 5.57295
      vertex -1.55049 -12.8956 5.43567
    endloop
  endfacet
  facet normal 0.953705 0 0.300742
    outer loop
      vertex -1.59378 12.8899 5.57295
      vertex -1.55049 3.84542 5.43567
      vertex -1.55049 12.8956 5.43567
    endloop
  endfacet
  facet normal 0.953705 0 0.300742
    outer loop
      vertex -1.55049 3.84542 5.43567
      vertex -1.59378 12.8899 5.57295
      vertex -1.59378 3.82749 5.57295
    endloop
  endfacet
  facet normal -0.300738 0 0.953707
    outer loop
      vertex 0.427051 -3.45 4.40622
      vertex 0.564333 -12.9754 4.44951
      vertex 0.564333 -3.45 4.44951
    endloop
  endfacet
  facet normal -0.300738 0 0.953707
    outer loop
      vertex 0.564333 -12.9754 4.44951
      vertex 0.427051 -3.45 4.40622
      vertex 0.427051 -12.9814 4.40622
    endloop
  endfacet
  facet normal -0.300738 0 0.953707
    outer loop
      vertex 0.427051 4.1256 4.40622
      vertex 0.564333 12.9754 4.44951
      vertex 0.427051 12.9814 4.40622
    endloop
  endfacet
  facet normal -0.300738 0 0.953707
    outer loop
      vertex 0.564333 12.9754 4.44951
      vertex 0.427051 4.1256 4.40622
      vertex 0.564333 4.10753 4.44951
    endloop
  endfacet
  facet normal -0.793349 0 -0.608767
    outer loop
      vertex 1.3516 -12.9218 6.9464
      vertex 1.26397 -3.45 7.0606
      vertex 1.3516 -3.45 6.9464
    endloop
  endfacet
  facet normal -0.793349 -0 -0.608767
    outer loop
      vertex 1.26397 -3.45 7.0606
      vertex 1.3516 -12.9218 6.9464
      vertex 1.26397 -12.9333 7.0606
    endloop
  endfacet
  facet normal -0.793349 0 -0.608767
    outer loop
      vertex 1.3516 12.9218 6.9464
      vertex 1.26397 3.94872 7.0606
      vertex 1.26397 12.9333 7.0606
    endloop
  endfacet
  facet normal -0.793349 0 -0.608767
    outer loop
      vertex 1.26397 3.94872 7.0606
      vertex 1.3516 12.9218 6.9464
      vertex 1.3516 3.9211 6.9464
    endloop
  endfacet
  facet normal -0.843392 0 -0.537298
    outer loop
      vertex 1.42894 12.9116 6.825
      vertex 1.3516 3.9211 6.9464
      vertex 1.3516 12.9218 6.9464
    endloop
  endfacet
  facet normal -0.843407 4.25579e-07 -0.537276
    outer loop
      vertex 1.42894 12.9116 6.825
      vertex 1.41938 3.89972 6.84
      vertex 1.3516 3.9211 6.9464
    endloop
  endfacet
  facet normal -0.843291 0 -0.537457
    outer loop
      vertex 1.41938 3.89972 6.84
      vertex 1.42894 12.9116 6.825
      vertex 1.42894 3.89576 6.825
    endloop
  endfacet
  facet normal -0.843392 0 -0.537298
    outer loop
      vertex 1.42894 -12.9116 6.825
      vertex 1.3516 -3.45 6.9464
      vertex 1.42894 -3.45 6.825
    endloop
  endfacet
  facet normal -0.843392 -0 -0.537298
    outer loop
      vertex 1.3516 -3.45 6.9464
      vertex 1.42894 -12.9116 6.825
      vertex 1.3516 -12.9218 6.9464
    endloop
  endfacet
  facet normal -0.737313 0 0.675552
    outer loop
      vertex 1.16673 -3.45 4.83327
      vertex 1.26397 -12.9333 4.9394
      vertex 1.26397 -3.45 4.9394
    endloop
  endfacet
  facet normal -0.737313 0 0.675552
    outer loop
      vertex 1.26397 -12.9333 4.9394
      vertex 1.16673 -3.45 4.83327
      vertex 1.16673 -12.9461 4.83327
    endloop
  endfacet
  facet normal -0.737313 0 0.675552
    outer loop
      vertex 1.16673 3.97939 4.83327
      vertex 1.26397 12.9333 4.9394
      vertex 1.16673 12.9461 4.83327
    endloop
  endfacet
  facet normal -0.737313 0 0.675552
    outer loop
      vertex 1.26397 12.9333 4.9394
      vertex 1.16673 3.97939 4.83327
      vertex 1.26397 3.94872 4.9394
    endloop
  endfacet
  facet normal -0.675548 0 -0.737316
    outer loop
      vertex 1.0741 4.00859 7.2516
      vertex 1.16673 12.9461 7.16673
      vertex 1.16673 3.97939 7.16673
    endloop
  endfacet
  facet normal -0.675576 5.37116e-07 -0.73729
    outer loop
      vertex 1.0606 4.01158 7.26397
      vertex 1.16673 12.9461 7.16673
      vertex 1.0741 4.00859 7.2516
    endloop
  endfacet
  facet normal -0.675552 -0 -0.737313
    outer loop
      vertex 1.0606 12.9537 7.26397
      vertex 1.16673 12.9461 7.16673
      vertex 1.0606 4.01158 7.26397
    endloop
  endfacet
  facet normal -0.67564 -0.00232946 -0.737228
    outer loop
      vertex 1.16673 12.9461 7.16673
      vertex 1.0606 12.9537 7.26397
      vertex 1.13302 12.9505 7.19761
    endloop
  endfacet
  facet normal -0.67564 0.00232946 -0.737228
    outer loop
      vertex 1.0606 -12.9537 7.26397
      vertex 1.16673 -12.9461 7.16673
      vertex 1.13302 -12.9505 7.19761
    endloop
  endfacet
  facet normal -0.675552 0 -0.737313
    outer loop
      vertex 1.16673 -12.9461 7.16673
      vertex 1.0606 -12.9537 7.26397
      vertex 1.0606 -3.45 7.26397
    endloop
  endfacet
  facet normal -0.675552 0 -0.737313
    outer loop
      vertex 1.16673 -12.9461 7.16673
      vertex 1.0606 -3.45 7.26397
      vertex 1.16673 -3.45 7.16673
    endloop
  endfacet
  facet normal -0.886999 0 -0.46177
    outer loop
      vertex 1.49541 -12.9028 6.69732
      vertex 1.42894 -3.45 6.825
      vertex 1.49541 -3.45 6.69732
    endloop
  endfacet
  facet normal -0.886999 -0 -0.46177
    outer loop
      vertex 1.42894 -3.45 6.825
      vertex 1.49541 -12.9028 6.69732
      vertex 1.42894 -12.9116 6.825
    endloop
  endfacet
  facet normal -0.886999 0 -0.46177
    outer loop
      vertex 1.49541 12.9028 6.69732
      vertex 1.42894 3.89576 6.825
      vertex 1.42894 12.9116 6.825
    endloop
  endfacet
  facet normal -0.886999 0 -0.46177
    outer loop
      vertex 1.42894 3.89576 6.825
      vertex 1.49541 12.9028 6.69732
      vertex 1.49541 3.86823 6.69732
    endloop
  endfacet
  facet normal 0.0436284 0 -0.999048
    outer loop
      vertex -0.143806 12.9937 7.64372
      vertex 0 4.15 7.65
      vertex -0.143806 4.14372 7.64372
    endloop
  endfacet
  facet normal 0.0436284 0 -0.999048
    outer loop
      vertex 0 4.15 7.65
      vertex -0.143806 12.9937 7.64372
      vertex 0 13 7.65
    endloop
  endfacet
  facet normal 0.0436284 0 -0.999048
    outer loop
      vertex -0.143806 -12.9937 7.64372
      vertex 0 -3.45 7.65
      vertex 0 -13 7.65
    endloop
  endfacet
  facet normal 0.0436284 0 -0.999048
    outer loop
      vertex 0 -3.45 7.65
      vertex -0.143806 -12.9937 7.64372
      vertex -0.143806 -3.45 7.64372
    endloop
  endfacet
  facet normal -0.130536 -0 -0.991444
    outer loop
      vertex 0.143806 -3.45 7.64372
      vertex 0.286519 -12.9875 7.62493
      vertex 0.143806 -12.9937 7.64372
    endloop
  endfacet
  facet normal -0.130536 0 -0.991444
    outer loop
      vertex 0.286519 -12.9875 7.62493
      vertex 0.143806 -3.45 7.64372
      vertex 0.286519 -3.45 7.62493
    endloop
  endfacet
  facet normal -0.130536 0 -0.991444
    outer loop
      vertex 0.143806 4.14372 7.64372
      vertex 0.286519 12.9875 7.62493
      vertex 0.286519 4.13749 7.62493
    endloop
  endfacet
  facet normal -0.130536 0 -0.991444
    outer loop
      vertex 0.286519 12.9875 7.62493
      vertex 0.143806 4.14372 7.64372
      vertex 0.143806 12.9937 7.64372
    endloop
  endfacet
  facet normal 0.923895 -0 0.382646
    outer loop
      vertex -1.55049 -12.8956 5.43567
      vertex -1.49541 -3.45 5.30268
      vertex -1.55049 -3.45 5.43567
    endloop
  endfacet
  facet normal 0.923895 0 0.382646
    outer loop
      vertex -1.49541 -3.45 5.30268
      vertex -1.55049 -12.8956 5.43567
      vertex -1.49541 -12.9028 5.30268
    endloop
  endfacet
  facet normal 0.923895 0 0.382646
    outer loop
      vertex -1.55049 12.8956 5.43567
      vertex -1.49541 3.86823 5.30268
      vertex -1.49541 12.9028 5.30268
    endloop
  endfacet
  facet normal 0.923895 0 0.382646
    outer loop
      vertex -1.49541 3.86823 5.30268
      vertex -1.55049 12.8956 5.43567
      vertex -1.55049 3.84542 5.43567
    endloop
  endfacet
  facet normal -0.0436284 0 0.999048
    outer loop
      vertex 0 4.15 4.35
      vertex 0.143806 12.9937 4.35628
      vertex 0 13 4.35
    endloop
  endfacet
  facet normal -0.0436284 0 0.999048
    outer loop
      vertex 0.143806 12.9937 4.35628
      vertex 0 4.15 4.35
      vertex 0.143806 4.14372 4.35628
    endloop
  endfacet
  facet normal -0.0436284 0 0.999048
    outer loop
      vertex 0 -3.45 4.35
      vertex 0.143806 -12.9937 4.35628
      vertex 0.143806 -3.45 4.35628
    endloop
  endfacet
  facet normal -0.0436284 0 0.999048
    outer loop
      vertex 0.143806 -12.9937 4.35628
      vertex 0 -3.45 4.35
      vertex 0 -13 4.35
    endloop
  endfacet
  facet normal 0.300738 0 -0.953707
    outer loop
      vertex -0.564333 -12.9754 7.55049
      vertex -0.427051 -3.45 7.59378
      vertex -0.427051 -12.9814 7.59378
    endloop
  endfacet
  facet normal 0.300738 0 -0.953707
    outer loop
      vertex -0.427051 -3.45 7.59378
      vertex -0.564333 -12.9754 7.55049
      vertex -0.564333 -3.45 7.55049
    endloop
  endfacet
  facet normal 0.300738 0 -0.953707
    outer loop
      vertex -0.564333 12.9754 7.55049
      vertex -0.427051 4.1256 7.59378
      vertex -0.564333 4.10753 7.55049
    endloop
  endfacet
  facet normal 0.300738 0 -0.953707
    outer loop
      vertex -0.427051 4.1256 7.59378
      vertex -0.564333 12.9754 7.55049
      vertex -0.427051 12.9814 7.59378
    endloop
  endfacet
  facet normal 0.60877 0 -0.793347
    outer loop
      vertex -1.0606 -12.9537 7.26397
      vertex -0.946401 -3.45 7.3516
      vertex -0.946401 -12.9587 7.3516
    endloop
  endfacet
  facet normal 0.60877 0 -0.793347
    outer loop
      vertex -0.946401 -3.45 7.3516
      vertex -1.0606 -12.9537 7.26397
      vertex -1.0606 -3.45 7.26397
    endloop
  endfacet
  facet normal 0.60877 0 -0.793347
    outer loop
      vertex -1.0606 12.9537 7.26397
      vertex -0.946401 4.0369 7.3516
      vertex -1.0606 4.01158 7.26397
    endloop
  endfacet
  facet normal 0.60877 0 -0.793347
    outer loop
      vertex -0.946401 4.0369 7.3516
      vertex -1.0606 12.9537 7.26397
      vertex -0.946401 12.9587 7.3516
    endloop
  endfacet
  facet normal -0.976303 0 0.216408
    outer loop
      vertex 1.59378 -3.45 5.57295
      vertex 1.62493 -12.8858 5.71348
      vertex 1.62493 -3.45 5.71348
    endloop
  endfacet
  facet normal -0.976303 0 0.216408
    outer loop
      vertex 1.62493 -12.8858 5.71348
      vertex 1.59378 -3.45 5.57295
      vertex 1.59378 -12.8899 5.57295
    endloop
  endfacet
  facet normal -0.976303 0 0.216408
    outer loop
      vertex 1.59378 3.82749 5.57295
      vertex 1.62493 12.8858 5.71348
      vertex 1.59378 12.8899 5.57295
    endloop
  endfacet
  facet normal -0.976303 0 0.216408
    outer loop
      vertex 1.62493 12.8858 5.71348
      vertex 1.59378 3.82749 5.57295
      vertex 1.62493 3.81458 5.71348
    endloop
  endfacet
  facet normal -0.300738 -0 -0.953707
    outer loop
      vertex 0.427051 -3.45 7.59378
      vertex 0.564333 -12.9754 7.55049
      vertex 0.427051 -12.9814 7.59378
    endloop
  endfacet
  facet normal -0.300738 0 -0.953707
    outer loop
      vertex 0.564333 -12.9754 7.55049
      vertex 0.427051 -3.45 7.59378
      vertex 0.564333 -3.45 7.55049
    endloop
  endfacet
  facet normal -0.300738 0 -0.953707
    outer loop
      vertex 0.427051 4.1256 7.59378
      vertex 0.564333 12.9754 7.55049
      vertex 0.564333 4.10753 7.55049
    endloop
  endfacet
  facet normal -0.300738 0 -0.953707
    outer loop
      vertex 0.564333 12.9754 7.55049
      vertex 0.427051 4.1256 7.59378
      vertex 0.427051 12.9814 7.59378
    endloop
  endfacet
  facet normal -0.953705 0 0.300742
    outer loop
      vertex 1.55049 -3.45 5.43567
      vertex 1.59378 -12.8899 5.57295
      vertex 1.59378 -3.45 5.57295
    endloop
  endfacet
  facet normal -0.953705 0 0.300742
    outer loop
      vertex 1.59378 -12.8899 5.57295
      vertex 1.55049 -3.45 5.43567
      vertex 1.55049 -12.8956 5.43567
    endloop
  endfacet
  facet normal -0.953705 0 0.300742
    outer loop
      vertex 1.55049 3.84542 5.43567
      vertex 1.59378 12.8899 5.57295
      vertex 1.55049 12.8956 5.43567
    endloop
  endfacet
  facet normal -0.953705 0 0.300742
    outer loop
      vertex 1.59378 12.8899 5.57295
      vertex 1.55049 3.84542 5.43567
      vertex 1.59378 3.82749 5.57295
    endloop
  endfacet
  facet normal 0.843392 0 -0.537298
    outer loop
      vertex -1.3516 3.9211 6.9464
      vertex -1.42894 12.9116 6.825
      vertex -1.3516 12.9218 6.9464
    endloop
  endfacet
  facet normal 0.843407 4.25579e-07 -0.537276
    outer loop
      vertex -1.41938 3.89972 6.84
      vertex -1.42894 12.9116 6.825
      vertex -1.3516 3.9211 6.9464
    endloop
  endfacet
  facet normal 0.843291 0 -0.537457
    outer loop
      vertex -1.42894 12.9116 6.825
      vertex -1.41938 3.89972 6.84
      vertex -1.42894 3.89576 6.825
    endloop
  endfacet
  facet normal 0.843392 0 -0.537298
    outer loop
      vertex -1.3516 -3.45 6.9464
      vertex -1.42894 -12.9116 6.825
      vertex -1.42894 -3.45 6.825
    endloop
  endfacet
  facet normal 0.843392 0 -0.537298
    outer loop
      vertex -1.42894 -12.9116 6.825
      vertex -1.3516 -3.45 6.9464
      vertex -1.3516 -12.9218 6.9464
    endloop
  endfacet
  facet normal 0.976303 -0 0.216408
    outer loop
      vertex -1.62493 -12.8858 5.71348
      vertex -1.59378 -3.45 5.57295
      vertex -1.62493 -3.45 5.71348
    endloop
  endfacet
  facet normal 0.976303 0 0.216408
    outer loop
      vertex -1.59378 -3.45 5.57295
      vertex -1.62493 -12.8858 5.71348
      vertex -1.59378 -12.8899 5.57295
    endloop
  endfacet
  facet normal 0.976303 0 0.216408
    outer loop
      vertex -1.62493 12.8858 5.71348
      vertex -1.59378 3.82749 5.57295
      vertex -1.59378 12.8899 5.57295
    endloop
  endfacet
  facet normal 0.976303 0 0.216408
    outer loop
      vertex -1.59378 3.82749 5.57295
      vertex -1.62493 12.8858 5.71348
      vertex -1.62493 3.81458 5.71348
    endloop
  endfacet
  facet normal -0.461769 0 0.887
    outer loop
      vertex 0.825 12.964 4.57106
      vertex 0.720639 4.08695 4.51673
      vertex 0.825 4.06382 4.57106
    endloop
  endfacet
  facet normal -0.46177 0 0.886999
    outer loop
      vertex 0.69732 4.09002 4.50459
      vertex 0.825 12.964 4.57106
      vertex 0.69732 12.9696 4.50459
    endloop
  endfacet
  facet normal -0.461775 9.09996e-08 0.886997
    outer loop
      vertex 0.825 12.964 4.57106
      vertex 0.69732 4.09002 4.50459
      vertex 0.720639 4.08695 4.51673
    endloop
  endfacet
  facet normal -0.46177 0 0.886999
    outer loop
      vertex 0.69732 -3.45 4.50459
      vertex 0.825 -12.964 4.57106
      vertex 0.825 -3.45 4.57106
    endloop
  endfacet
  facet normal -0.46177 0 0.886999
    outer loop
      vertex 0.825 -12.964 4.57106
      vertex 0.69732 -3.45 4.50459
      vertex 0.69732 -12.9696 4.50459
    endloop
  endfacet
  facet normal -0.793349 0 0.608767
    outer loop
      vertex 1.26397 -3.45 4.9394
      vertex 1.3516 -12.9218 5.0536
      vertex 1.3516 -3.45 5.0536
    endloop
  endfacet
  facet normal -0.793349 0 0.608767
    outer loop
      vertex 1.3516 -12.9218 5.0536
      vertex 1.26397 -3.45 4.9394
      vertex 1.26397 -12.9333 4.9394
    endloop
  endfacet
  facet normal -0.793349 0 0.608767
    outer loop
      vertex 1.26397 3.94872 4.9394
      vertex 1.3516 12.9218 5.0536
      vertex 1.26397 12.9333 4.9394
    endloop
  endfacet
  facet normal -0.793349 0 0.608767
    outer loop
      vertex 1.3516 12.9218 5.0536
      vertex 1.26397 3.94872 4.9394
      vertex 1.3516 3.9211 5.0536
    endloop
  endfacet
  facet normal 0.537295 -0 0.843394
    outer loop
      vertex -0.946401 -12.9587 4.6484
      vertex -0.825 -3.45 4.57106
      vertex -0.946401 -3.45 4.6484
    endloop
  endfacet
  facet normal 0.537295 0 0.843394
    outer loop
      vertex -0.825 -3.45 4.57106
      vertex -0.946401 -12.9587 4.6484
      vertex -0.825 -12.964 4.57106
    endloop
  endfacet
  facet normal 0.537295 0 0.843394
    outer loop
      vertex -0.946401 12.9587 4.6484
      vertex -0.825 4.06382 4.57106
      vertex -0.825 12.964 4.57106
    endloop
  endfacet
  facet normal 0.537295 0 0.843394
    outer loop
      vertex -0.825 4.06382 4.57106
      vertex -0.946401 12.9587 4.6484
      vertex -0.946401 4.0369 4.6484
    endloop
  endfacet
  facet normal 0.675576 5.37116e-07 -0.73729
    outer loop
      vertex -1.16673 12.9461 7.16673
      vertex -1.0606 4.01158 7.26397
      vertex -1.0741 4.00859 7.2516
    endloop
  endfacet
  facet normal 0.675552 0 -0.737313
    outer loop
      vertex -1.0606 4.01158 7.26397
      vertex -1.16673 12.9461 7.16673
      vertex -1.0606 12.9537 7.26397
    endloop
  endfacet
  facet normal 0.675548 0 -0.737316
    outer loop
      vertex -1.16673 12.9461 7.16673
      vertex -1.0741 4.00859 7.2516
      vertex -1.16673 3.97939 7.16673
    endloop
  endfacet
  facet normal 0.67564 -0.00232946 -0.737228
    outer loop
      vertex -1.0606 12.9537 7.26397
      vertex -1.16673 12.9461 7.16673
      vertex -1.13302 12.9505 7.19761
    endloop
  endfacet
  facet normal 0.67564 0.00232946 -0.737228
    outer loop
      vertex -1.16673 -12.9461 7.16673
      vertex -1.0606 -12.9537 7.26397
      vertex -1.13302 -12.9505 7.19761
    endloop
  endfacet
  facet normal 0.675552 0 -0.737313
    outer loop
      vertex -1.0606 -12.9537 7.26397
      vertex -1.16673 -12.9461 7.16673
      vertex -1.0606 -3.45 7.26397
    endloop
  endfacet
  facet normal 0.675552 0 -0.737313
    outer loop
      vertex -1.0606 -3.45 7.26397
      vertex -1.16673 -12.9461 7.16673
      vertex -1.16673 -3.45 7.16673
    endloop
  endfacet
  facet normal -0.382654 -0 -0.923892
    outer loop
      vertex 0.564333 -3.45 7.55049
      vertex 0.69732 -12.9696 7.49541
      vertex 0.564333 -12.9754 7.55049
    endloop
  endfacet
  facet normal -0.382654 0 -0.923892
    outer loop
      vertex 0.69732 -12.9696 7.49541
      vertex 0.564333 -3.45 7.55049
      vertex 0.69732 -3.45 7.49541
    endloop
  endfacet
  facet normal -0.382654 0 -0.923892
    outer loop
      vertex 0.564333 4.10753 7.55049
      vertex 0.69732 12.9696 7.49541
      vertex 0.69732 4.09002 7.49541
    endloop
  endfacet
  facet normal -0.382654 0 -0.923892
    outer loop
      vertex 0.69732 12.9696 7.49541
      vertex 0.564333 4.10753 7.55049
      vertex 0.564333 12.9754 7.55049
    endloop
  endfacet
  facet normal -0.923895 0 -0.382646
    outer loop
      vertex 1.55049 -12.8956 6.56433
      vertex 1.49541 -3.45 6.69732
      vertex 1.55049 -3.45 6.56433
    endloop
  endfacet
  facet normal -0.923895 -0 -0.382646
    outer loop
      vertex 1.49541 -3.45 6.69732
      vertex 1.55049 -12.8956 6.56433
      vertex 1.49541 -12.9028 6.69732
    endloop
  endfacet
  facet normal -0.923895 0 -0.382646
    outer loop
      vertex 1.55049 12.8956 6.56433
      vertex 1.49541 3.86823 6.69732
      vertex 1.49541 12.9028 6.69732
    endloop
  endfacet
  facet normal -0.923895 0 -0.382646
    outer loop
      vertex 1.49541 3.86823 6.69732
      vertex 1.55049 12.8956 6.56433
      vertex 1.55049 3.84542 6.56433
    endloop
  endfacet
  facet normal -0.886999 0 0.46177
    outer loop
      vertex 1.42894 -3.45 5.175
      vertex 1.49541 -12.9028 5.30268
      vertex 1.49541 -3.45 5.30268
    endloop
  endfacet
  facet normal -0.886999 0 0.46177
    outer loop
      vertex 1.49541 -12.9028 5.30268
      vertex 1.42894 -3.45 5.175
      vertex 1.42894 -12.9116 5.175
    endloop
  endfacet
  facet normal -0.886999 0 0.46177
    outer loop
      vertex 1.42894 3.89576 5.175
      vertex 1.49541 12.9028 5.30268
      vertex 1.42894 12.9116 5.175
    endloop
  endfacet
  facet normal -0.886999 0 0.46177
    outer loop
      vertex 1.49541 12.9028 5.30268
      vertex 1.42894 3.89576 5.175
      vertex 1.49541 3.86823 5.30268
    endloop
  endfacet
  facet normal -0.60877 -0 -0.793347
    outer loop
      vertex 0.946401 -3.45 7.3516
      vertex 1.0606 -12.9537 7.26397
      vertex 0.946401 -12.9587 7.3516
    endloop
  endfacet
  facet normal -0.60877 0 -0.793347
    outer loop
      vertex 1.0606 -12.9537 7.26397
      vertex 0.946401 -3.45 7.3516
      vertex 1.0606 -3.45 7.26397
    endloop
  endfacet
  facet normal -0.60877 0 -0.793347
    outer loop
      vertex 0.946401 4.0369 7.3516
      vertex 1.0606 12.9537 7.26397
      vertex 1.0606 4.01158 7.26397
    endloop
  endfacet
  facet normal -0.60877 0 -0.793347
    outer loop
      vertex 1.0606 12.9537 7.26397
      vertex 0.946401 4.0369 7.3516
      vertex 0.946401 12.9587 7.3516
    endloop
  endfacet
  facet normal -0.537295 -0 -0.843394
    outer loop
      vertex 0.825 -3.45 7.42894
      vertex 0.946401 -12.9587 7.3516
      vertex 0.825 -12.964 7.42894
    endloop
  endfacet
  facet normal -0.537295 0 -0.843394
    outer loop
      vertex 0.946401 -12.9587 7.3516
      vertex 0.825 -3.45 7.42894
      vertex 0.946401 -3.45 7.3516
    endloop
  endfacet
  facet normal -0.537295 0 -0.843394
    outer loop
      vertex 0.825 4.06382 7.42894
      vertex 0.946401 12.9587 7.3516
      vertex 0.946401 4.0369 7.3516
    endloop
  endfacet
  facet normal -0.537295 0 -0.843394
    outer loop
      vertex 0.946401 12.9587 7.3516
      vertex 0.825 4.06382 7.42894
      vertex 0.825 12.964 7.42894
    endloop
  endfacet
  facet normal -0.130536 0 0.991444
    outer loop
      vertex 0.143806 -3.45 4.35628
      vertex 0.286519 -12.9875 4.37507
      vertex 0.286519 -3.45 4.37507
    endloop
  endfacet
  facet normal -0.130536 0 0.991444
    outer loop
      vertex 0.286519 -12.9875 4.37507
      vertex 0.143806 -3.45 4.35628
      vertex 0.143806 -12.9937 4.35628
    endloop
  endfacet
  facet normal -0.130536 0 0.991444
    outer loop
      vertex 0.143806 4.14372 4.35628
      vertex 0.286519 12.9875 4.37507
      vertex 0.143806 12.9937 4.35628
    endloop
  endfacet
  facet normal -0.130536 0 0.991444
    outer loop
      vertex 0.286519 12.9875 4.37507
      vertex 0.143806 4.14372 4.35628
      vertex 0.286519 4.13749 4.37507
    endloop
  endfacet
  facet normal 0.382654 -0 0.923892
    outer loop
      vertex -0.69732 -12.9696 4.50459
      vertex -0.564333 -3.45 4.44951
      vertex -0.69732 -3.45 4.50459
    endloop
  endfacet
  facet normal 0.382654 0 0.923892
    outer loop
      vertex -0.564333 -3.45 4.44951
      vertex -0.69732 -12.9696 4.50459
      vertex -0.564333 -12.9754 4.44951
    endloop
  endfacet
  facet normal 0.382654 0 0.923892
    outer loop
      vertex -0.69732 12.9696 4.50459
      vertex -0.564333 4.10753 4.44951
      vertex -0.564333 12.9754 4.44951
    endloop
  endfacet
  facet normal 0.382654 0 0.923892
    outer loop
      vertex -0.564333 4.10753 4.44951
      vertex -0.69732 12.9696 4.50459
      vertex -0.69732 4.09002 4.50459
    endloop
  endfacet
  facet normal 0.216405 0 0.976304
    outer loop
      vertex -0.427051 12.9814 4.40622
      vertex -0.286519 4.13749 4.37507
      vertex -0.286519 12.9875 4.37507
    endloop
  endfacet
  facet normal 0.216361 -7.34349e-07 0.976313
    outer loop
      vertex -0.286519 4.13749 4.37507
      vertex -0.427051 12.9814 4.40622
      vertex -0.361696 4.13421 4.39173
    endloop
  endfacet
  facet normal 0.216456 0 0.976292
    outer loop
      vertex -0.361696 4.13421 4.39173
      vertex -0.427051 12.9814 4.40622
      vertex -0.427051 4.1256 4.40622
    endloop
  endfacet
  facet normal 0.216405 -0 0.976304
    outer loop
      vertex -0.427051 -12.9814 4.40622
      vertex -0.286519 -3.45 4.37507
      vertex -0.427051 -3.45 4.40622
    endloop
  endfacet
  facet normal 0.216405 0 0.976304
    outer loop
      vertex -0.286519 -3.45 4.37507
      vertex -0.427051 -12.9814 4.40622
      vertex -0.286519 -12.9875 4.37507
    endloop
  endfacet
  facet normal -0.991443 0 0.130539
    outer loop
      vertex 1.62493 -3.45 5.71348
      vertex 1.64372 -12.8833 5.85619
      vertex 1.64372 -3.45 5.85619
    endloop
  endfacet
  facet normal -0.991443 0 0.130539
    outer loop
      vertex 1.64372 -12.8833 5.85619
      vertex 1.62493 -3.45 5.71348
      vertex 1.62493 -12.8858 5.71348
    endloop
  endfacet
  facet normal -0.991443 0 0.130539
    outer loop
      vertex 1.62493 3.81458 5.71348
      vertex 1.64372 12.8833 5.85619
      vertex 1.62493 12.8858 5.71348
    endloop
  endfacet
  facet normal -0.991443 0 0.130539
    outer loop
      vertex 1.64372 12.8833 5.85619
      vertex 1.62493 3.81458 5.71348
      vertex 1.64372 3.8068 5.85619
    endloop
  endfacet
  facet normal 0.0436284 0 0.999048
    outer loop
      vertex -0.143806 12.9937 4.35628
      vertex 0 4.15 4.35
      vertex 0 13 4.35
    endloop
  endfacet
  facet normal 0.0436284 0 0.999048
    outer loop
      vertex 0 4.15 4.35
      vertex -0.143806 12.9937 4.35628
      vertex -0.143806 4.14372 4.35628
    endloop
  endfacet
  facet normal 0.0436284 -0 0.999048
    outer loop
      vertex -0.143806 -12.9937 4.35628
      vertex 0 -3.45 4.35
      vertex -0.143806 -3.45 4.35628
    endloop
  endfacet
  facet normal 0.0436284 0 0.999048
    outer loop
      vertex 0 -3.45 4.35
      vertex -0.143806 -12.9937 4.35628
      vertex 0 -13 4.35
    endloop
  endfacet
  facet normal -0.537295 0 0.843394
    outer loop
      vertex 0.825 -3.45 4.57106
      vertex 0.946401 -12.9587 4.6484
      vertex 0.946401 -3.45 4.6484
    endloop
  endfacet
  facet normal -0.537295 0 0.843394
    outer loop
      vertex 0.946401 -12.9587 4.6484
      vertex 0.825 -3.45 4.57106
      vertex 0.825 -12.964 4.57106
    endloop
  endfacet
  facet normal -0.537295 0 0.843394
    outer loop
      vertex 0.825 4.06382 4.57106
      vertex 0.946401 12.9587 4.6484
      vertex 0.825 12.964 4.57106
    endloop
  endfacet
  facet normal -0.537295 0 0.843394
    outer loop
      vertex 0.946401 12.9587 4.6484
      vertex 0.825 4.06382 4.57106
      vertex 0.946401 4.0369 4.6484
    endloop
  endfacet
  facet normal -0.461769 0 -0.887
    outer loop
      vertex 0.720639 4.08695 7.48327
      vertex 0.825 12.964 7.42894
      vertex 0.825 4.06382 7.42894
    endloop
  endfacet
  facet normal -0.461775 9.09996e-08 -0.886997
    outer loop
      vertex 0.69732 4.09002 7.49541
      vertex 0.825 12.964 7.42894
      vertex 0.720639 4.08695 7.48327
    endloop
  endfacet
  facet normal -0.46177 0 -0.886999
    outer loop
      vertex 0.825 12.964 7.42894
      vertex 0.69732 4.09002 7.49541
      vertex 0.69732 12.9696 7.49541
    endloop
  endfacet
  facet normal -0.46177 -0 -0.886999
    outer loop
      vertex 0.69732 -3.45 7.49541
      vertex 0.825 -12.964 7.42894
      vertex 0.69732 -12.9696 7.49541
    endloop
  endfacet
  facet normal -0.46177 0 -0.886999
    outer loop
      vertex 0.825 -12.964 7.42894
      vertex 0.69732 -3.45 7.49541
      vertex 0.825 -3.45 7.42894
    endloop
  endfacet
  facet normal -0.216456 0 0.976292
    outer loop
      vertex 0.427051 12.9814 4.40622
      vertex 0.361696 4.13421 4.39173
      vertex 0.427051 4.1256 4.40622
    endloop
  endfacet
  facet normal -0.216405 0 0.976304
    outer loop
      vertex 0.286519 4.13749 4.37507
      vertex 0.427051 12.9814 4.40622
      vertex 0.286519 12.9875 4.37507
    endloop
  endfacet
  facet normal -0.216361 -7.34349e-07 0.976313
    outer loop
      vertex 0.427051 12.9814 4.40622
      vertex 0.286519 4.13749 4.37507
      vertex 0.361696 4.13421 4.39173
    endloop
  endfacet
  facet normal -0.216405 0 0.976304
    outer loop
      vertex 0.286519 -3.45 4.37507
      vertex 0.427051 -12.9814 4.40622
      vertex 0.427051 -3.45 4.40622
    endloop
  endfacet
  facet normal -0.216405 0 0.976304
    outer loop
      vertex 0.427051 -12.9814 4.40622
      vertex 0.286519 -3.45 4.37507
      vertex 0.286519 -12.9875 4.37507
    endloop
  endfacet
  facet normal 0.991443 0 -0.130539
    outer loop
      vertex -1.62493 -3.45 6.28652
      vertex -1.64372 -12.8833 6.14381
      vertex -1.64372 -3.45 6.14381
    endloop
  endfacet
  facet normal 0.991443 0 -0.130539
    outer loop
      vertex -1.64372 -12.8833 6.14381
      vertex -1.62493 -3.45 6.28652
      vertex -1.62493 -12.8858 6.28652
    endloop
  endfacet
  facet normal 0.991443 0 -0.130539
    outer loop
      vertex -1.62493 3.81458 6.28652
      vertex -1.64372 12.8833 6.14381
      vertex -1.62493 12.8858 6.28652
    endloop
  endfacet
  facet normal 0.991443 0 -0.130539
    outer loop
      vertex -1.64372 12.8833 6.14381
      vertex -1.62493 3.81458 6.28652
      vertex -1.64372 3.8068 6.14381
    endloop
  endfacet
  facet normal 0.923895 0 -0.382646
    outer loop
      vertex -1.49541 -3.45 6.69732
      vertex -1.55049 -12.8956 6.56433
      vertex -1.55049 -3.45 6.56433
    endloop
  endfacet
  facet normal 0.923895 0 -0.382646
    outer loop
      vertex -1.55049 -12.8956 6.56433
      vertex -1.49541 -3.45 6.69732
      vertex -1.49541 -12.9028 6.69732
    endloop
  endfacet
  facet normal 0.923895 0 -0.382646
    outer loop
      vertex -1.49541 3.86823 6.69732
      vertex -1.55049 12.8956 6.56433
      vertex -1.49541 12.9028 6.69732
    endloop
  endfacet
  facet normal 0.923895 0 -0.382646
    outer loop
      vertex -1.55049 12.8956 6.56433
      vertex -1.49541 3.86823 6.69732
      vertex -1.55049 3.84542 6.56433
    endloop
  endfacet
  facet normal 0.537295 0 -0.843394
    outer loop
      vertex -0.946401 -12.9587 7.3516
      vertex -0.825 -3.45 7.42894
      vertex -0.825 -12.964 7.42894
    endloop
  endfacet
  facet normal 0.537295 0 -0.843394
    outer loop
      vertex -0.825 -3.45 7.42894
      vertex -0.946401 -12.9587 7.3516
      vertex -0.946401 -3.45 7.3516
    endloop
  endfacet
  facet normal 0.537295 0 -0.843394
    outer loop
      vertex -0.946401 12.9587 7.3516
      vertex -0.825 4.06382 7.42894
      vertex -0.946401 4.0369 7.3516
    endloop
  endfacet
  facet normal 0.537295 0 -0.843394
    outer loop
      vertex -0.825 4.06382 7.42894
      vertex -0.946401 12.9587 7.3516
      vertex -0.825 12.964 7.42894
    endloop
  endfacet
  facet normal 0.991443 -0 0.130539
    outer loop
      vertex -1.64372 -12.8833 5.85619
      vertex -1.62493 -3.45 5.71348
      vertex -1.64372 -3.45 5.85619
    endloop
  endfacet
  facet normal 0.991443 0 0.130539
    outer loop
      vertex -1.62493 -3.45 5.71348
      vertex -1.64372 -12.8833 5.85619
      vertex -1.62493 -12.8858 5.71348
    endloop
  endfacet
  facet normal 0.991443 0 0.130539
    outer loop
      vertex -1.64372 12.8833 5.85619
      vertex -1.62493 3.81458 5.71348
      vertex -1.62493 12.8858 5.71348
    endloop
  endfacet
  facet normal 0.991443 0 0.130539
    outer loop
      vertex -1.62493 3.81458 5.71348
      vertex -1.64372 12.8833 5.85619
      vertex -1.64372 3.8068 5.85619
    endloop
  endfacet
  facet normal 0.461775 9.09996e-08 -0.886997
    outer loop
      vertex -0.825 12.964 7.42894
      vertex -0.69732 4.09002 7.49541
      vertex -0.720639 4.08695 7.48327
    endloop
  endfacet
  facet normal 0.461769 0 -0.887
    outer loop
      vertex -0.825 12.964 7.42894
      vertex -0.720639 4.08695 7.48327
      vertex -0.825 4.06382 7.42894
    endloop
  endfacet
  facet normal 0.46177 0 -0.886999
    outer loop
      vertex -0.69732 4.09002 7.49541
      vertex -0.825 12.964 7.42894
      vertex -0.69732 12.9696 7.49541
    endloop
  endfacet
  facet normal 0.46177 0 -0.886999
    outer loop
      vertex -0.825 -12.964 7.42894
      vertex -0.69732 -3.45 7.49541
      vertex -0.69732 -12.9696 7.49541
    endloop
  endfacet
  facet normal 0.46177 0 -0.886999
    outer loop
      vertex -0.69732 -3.45 7.49541
      vertex -0.825 -12.964 7.42894
      vertex -0.825 -3.45 7.42894
    endloop
  endfacet
  facet normal 0.300738 -0 0.953707
    outer loop
      vertex -0.564333 -12.9754 4.44951
      vertex -0.427051 -3.45 4.40622
      vertex -0.564333 -3.45 4.44951
    endloop
  endfacet
  facet normal 0.300738 0 0.953707
    outer loop
      vertex -0.427051 -3.45 4.40622
      vertex -0.564333 -12.9754 4.44951
      vertex -0.427051 -12.9814 4.40622
    endloop
  endfacet
  facet normal 0.300738 0 0.953707
    outer loop
      vertex -0.564333 12.9754 4.44951
      vertex -0.427051 4.1256 4.40622
      vertex -0.427051 12.9814 4.40622
    endloop
  endfacet
  facet normal 0.300738 0 0.953707
    outer loop
      vertex -0.427051 4.1256 4.40622
      vertex -0.564333 12.9754 4.44951
      vertex -0.564333 4.10753 4.44951
    endloop
  endfacet
  facet normal 0.382654 0 -0.923892
    outer loop
      vertex -0.69732 -12.9696 7.49541
      vertex -0.564333 -3.45 7.55049
      vertex -0.564333 -12.9754 7.55049
    endloop
  endfacet
  facet normal 0.382654 0 -0.923892
    outer loop
      vertex -0.564333 -3.45 7.55049
      vertex -0.69732 -12.9696 7.49541
      vertex -0.69732 -3.45 7.49541
    endloop
  endfacet
  facet normal 0.382654 0 -0.923892
    outer loop
      vertex -0.69732 12.9696 7.49541
      vertex -0.564333 4.10753 7.55049
      vertex -0.69732 4.09002 7.49541
    endloop
  endfacet
  facet normal 0.382654 0 -0.923892
    outer loop
      vertex -0.564333 4.10753 7.55049
      vertex -0.69732 12.9696 7.49541
      vertex -0.564333 12.9754 7.55049
    endloop
  endfacet
  facet normal -0.843392 0 0.537298
    outer loop
      vertex 1.3516 3.9211 5.0536
      vertex 1.42894 12.9116 5.175
      vertex 1.3516 12.9218 5.0536
    endloop
  endfacet
  facet normal -0.843407 4.25579e-07 0.537276
    outer loop
      vertex 1.41938 3.89972 5.16
      vertex 1.42894 12.9116 5.175
      vertex 1.3516 3.9211 5.0536
    endloop
  endfacet
  facet normal -0.843291 0 0.537457
    outer loop
      vertex 1.42894 12.9116 5.175
      vertex 1.41938 3.89972 5.16
      vertex 1.42894 3.89576 5.175
    endloop
  endfacet
  facet normal -0.843392 0 0.537298
    outer loop
      vertex 1.3516 -3.45 5.0536
      vertex 1.42894 -12.9116 5.175
      vertex 1.42894 -3.45 5.175
    endloop
  endfacet
  facet normal -0.843392 0 0.537298
    outer loop
      vertex 1.42894 -12.9116 5.175
      vertex 1.3516 -3.45 5.0536
      vertex 1.3516 -12.9218 5.0536
    endloop
  endfacet
  facet normal 0.130536 -0 0.991444
    outer loop
      vertex -0.286519 -12.9875 4.37507
      vertex -0.143806 -3.45 4.35628
      vertex -0.286519 -3.45 4.37507
    endloop
  endfacet
  facet normal 0.130536 0 0.991444
    outer loop
      vertex -0.143806 -3.45 4.35628
      vertex -0.286519 -12.9875 4.37507
      vertex -0.143806 -12.9937 4.35628
    endloop
  endfacet
  facet normal 0.130536 0 0.991444
    outer loop
      vertex -0.286519 12.9875 4.37507
      vertex -0.143806 4.14372 4.35628
      vertex -0.143806 12.9937 4.35628
    endloop
  endfacet
  facet normal 0.130536 0 0.991444
    outer loop
      vertex -0.143806 4.14372 4.35628
      vertex -0.286519 12.9875 4.37507
      vertex -0.286519 4.13749 4.37507
    endloop
  endfacet
  facet normal 0.737313 0 -0.675552
    outer loop
      vertex -1.16673 -3.45 7.16673
      vertex -1.26397 -12.9333 7.0606
      vertex -1.26397 -3.45 7.0606
    endloop
  endfacet
  facet normal 0.737313 0 -0.675552
    outer loop
      vertex -1.26397 -12.9333 7.0606
      vertex -1.16673 -3.45 7.16673
      vertex -1.16673 -12.9461 7.16673
    endloop
  endfacet
  facet normal 0.737313 0 -0.675552
    outer loop
      vertex -1.16673 3.97939 7.16673
      vertex -1.26397 12.9333 7.0606
      vertex -1.16673 12.9461 7.16673
    endloop
  endfacet
  facet normal 0.737313 0 -0.675552
    outer loop
      vertex -1.26397 12.9333 7.0606
      vertex -1.16673 3.97939 7.16673
      vertex -1.26397 3.94872 7.0606
    endloop
  endfacet
  facet normal 0.999048 0 -0.0436272
    outer loop
      vertex -1.64372 -3.45 6.14381
      vertex -1.65 -12.8825 6
      vertex -1.65 -3.45 6
    endloop
  endfacet
  facet normal 0.999048 0 -0.0436272
    outer loop
      vertex -1.65 -12.8825 6
      vertex -1.64372 -3.45 6.14381
      vertex -1.64372 -12.8833 6.14381
    endloop
  endfacet
  facet normal 0.999048 0 -0.0436272
    outer loop
      vertex -1.64372 3.8068 6.14381
      vertex -1.65 12.8825 6
      vertex -1.64372 12.8833 6.14381
    endloop
  endfacet
  facet normal 0.999048 0 -0.0436272
    outer loop
      vertex -1.65 12.8825 6
      vertex -1.64372 3.8068 6.14381
      vertex -1.65 3.8042 6
    endloop
  endfacet
  facet normal 0.60877 -0 0.793347
    outer loop
      vertex -1.0606 -12.9537 4.73603
      vertex -0.946401 -3.45 4.6484
      vertex -1.0606 -3.45 4.73603
    endloop
  endfacet
  facet normal 0.60877 0 0.793347
    outer loop
      vertex -0.946401 -3.45 4.6484
      vertex -1.0606 -12.9537 4.73603
      vertex -0.946401 -12.9587 4.6484
    endloop
  endfacet
  facet normal 0.60877 0 0.793347
    outer loop
      vertex -1.0606 12.9537 4.73603
      vertex -0.946401 4.0369 4.6484
      vertex -0.946401 12.9587 4.6484
    endloop
  endfacet
  facet normal 0.60877 0 0.793347
    outer loop
      vertex -0.946401 4.0369 4.6484
      vertex -1.0606 12.9537 4.73603
      vertex -1.0606 4.01158 4.73603
    endloop
  endfacet
  facet normal 0.737313 -0 0.675552
    outer loop
      vertex -1.26397 -12.9333 4.9394
      vertex -1.16673 -3.45 4.83327
      vertex -1.26397 -3.45 4.9394
    endloop
  endfacet
  facet normal 0.737313 0 0.675552
    outer loop
      vertex -1.16673 -3.45 4.83327
      vertex -1.26397 -12.9333 4.9394
      vertex -1.16673 -12.9461 4.83327
    endloop
  endfacet
  facet normal 0.737313 0 0.675552
    outer loop
      vertex -1.26397 12.9333 4.9394
      vertex -1.16673 3.97939 4.83327
      vertex -1.16673 12.9461 4.83327
    endloop
  endfacet
  facet normal 0.737313 0 0.675552
    outer loop
      vertex -1.16673 3.97939 4.83327
      vertex -1.26397 12.9333 4.9394
      vertex -1.26397 3.94872 4.9394
    endloop
  endfacet
  facet normal 0.216361 -7.34349e-07 -0.976313
    outer loop
      vertex -0.427051 12.9814 7.59378
      vertex -0.286519 4.13749 7.62493
      vertex -0.361696 4.13421 7.60827
    endloop
  endfacet
  facet normal 0.216456 0 -0.976292
    outer loop
      vertex -0.427051 12.9814 7.59378
      vertex -0.361696 4.13421 7.60827
      vertex -0.427051 4.1256 7.59378
    endloop
  endfacet
  facet normal 0.216405 0 -0.976304
    outer loop
      vertex -0.286519 4.13749 7.62493
      vertex -0.427051 12.9814 7.59378
      vertex -0.286519 12.9875 7.62493
    endloop
  endfacet
  facet normal 0.216405 0 -0.976304
    outer loop
      vertex -0.427051 -12.9814 7.59378
      vertex -0.286519 -3.45 7.62493
      vertex -0.286519 -12.9875 7.62493
    endloop
  endfacet
  facet normal 0.216405 0 -0.976304
    outer loop
      vertex -0.286519 -3.45 7.62493
      vertex -0.427051 -12.9814 7.59378
      vertex -0.427051 -3.45 7.59378
    endloop
  endfacet
  facet normal 0.130536 0 -0.991444
    outer loop
      vertex -0.286519 -12.9875 7.62493
      vertex -0.143806 -3.45 7.64372
      vertex -0.143806 -12.9937 7.64372
    endloop
  endfacet
  facet normal 0.130536 0 -0.991444
    outer loop
      vertex -0.143806 -3.45 7.64372
      vertex -0.286519 -12.9875 7.62493
      vertex -0.286519 -3.45 7.62493
    endloop
  endfacet
  facet normal 0.130536 0 -0.991444
    outer loop
      vertex -0.286519 12.9875 7.62493
      vertex -0.143806 4.14372 7.64372
      vertex -0.286519 4.13749 7.62493
    endloop
  endfacet
  facet normal 0.130536 0 -0.991444
    outer loop
      vertex -0.143806 4.14372 7.64372
      vertex -0.286519 12.9875 7.62493
      vertex -0.143806 12.9937 7.64372
    endloop
  endfacet
  facet normal -0.923895 0 0.382646
    outer loop
      vertex 1.49541 -3.45 5.30268
      vertex 1.55049 -12.8956 5.43567
      vertex 1.55049 -3.45 5.43567
    endloop
  endfacet
  facet normal -0.923895 0 0.382646
    outer loop
      vertex 1.55049 -12.8956 5.43567
      vertex 1.49541 -3.45 5.30268
      vertex 1.49541 -12.9028 5.30268
    endloop
  endfacet
  facet normal -0.923895 0 0.382646
    outer loop
      vertex 1.49541 3.86823 5.30268
      vertex 1.55049 12.8956 5.43567
      vertex 1.49541 12.9028 5.30268
    endloop
  endfacet
  facet normal -0.923895 0 0.382646
    outer loop
      vertex 1.55049 12.8956 5.43567
      vertex 1.49541 3.86823 5.30268
      vertex 1.55049 3.84542 5.43567
    endloop
  endfacet
  facet normal 0.886999 -0 0.46177
    outer loop
      vertex -1.49541 -12.9028 5.30268
      vertex -1.42894 -3.45 5.175
      vertex -1.49541 -3.45 5.30268
    endloop
  endfacet
  facet normal 0.886999 0 0.46177
    outer loop
      vertex -1.42894 -3.45 5.175
      vertex -1.49541 -12.9028 5.30268
      vertex -1.42894 -12.9116 5.175
    endloop
  endfacet
  facet normal 0.886999 0 0.46177
    outer loop
      vertex -1.49541 12.9028 5.30268
      vertex -1.42894 3.89576 5.175
      vertex -1.42894 12.9116 5.175
    endloop
  endfacet
  facet normal 0.886999 0 0.46177
    outer loop
      vertex -1.42894 3.89576 5.175
      vertex -1.49541 12.9028 5.30268
      vertex -1.49541 3.86823 5.30268
    endloop
  endfacet
  facet normal 0.953705 0 -0.300742
    outer loop
      vertex -1.55049 -3.45 6.56433
      vertex -1.59378 -12.8899 6.42705
      vertex -1.59378 -3.45 6.42705
    endloop
  endfacet
  facet normal 0.953705 0 -0.300742
    outer loop
      vertex -1.59378 -12.8899 6.42705
      vertex -1.55049 -3.45 6.56433
      vertex -1.55049 -12.8956 6.56433
    endloop
  endfacet
  facet normal 0.953705 0 -0.300742
    outer loop
      vertex -1.55049 3.84542 6.56433
      vertex -1.59378 12.8899 6.42705
      vertex -1.55049 12.8956 6.56433
    endloop
  endfacet
  facet normal 0.953705 0 -0.300742
    outer loop
      vertex -1.59378 12.8899 6.42705
      vertex -1.55049 3.84542 6.56433
      vertex -1.59378 3.82749 6.42705
    endloop
  endfacet
  facet normal -0.737313 0 -0.675552
    outer loop
      vertex 1.26397 -12.9333 7.0606
      vertex 1.16673 -3.45 7.16673
      vertex 1.26397 -3.45 7.0606
    endloop
  endfacet
  facet normal -0.737313 -0 -0.675552
    outer loop
      vertex 1.16673 -3.45 7.16673
      vertex 1.26397 -12.9333 7.0606
      vertex 1.16673 -12.9461 7.16673
    endloop
  endfacet
  facet normal -0.737313 0 -0.675552
    outer loop
      vertex 1.26397 12.9333 7.0606
      vertex 1.16673 3.97939 7.16673
      vertex 1.16673 12.9461 7.16673
    endloop
  endfacet
  facet normal -0.737313 0 -0.675552
    outer loop
      vertex 1.16673 3.97939 7.16673
      vertex 1.26397 12.9333 7.0606
      vertex 1.26397 3.94872 7.0606
    endloop
  endfacet
  facet normal -0.953705 0 -0.300742
    outer loop
      vertex 1.59378 -12.8899 6.42705
      vertex 1.55049 -3.45 6.56433
      vertex 1.59378 -3.45 6.42705
    endloop
  endfacet
  facet normal -0.953705 -0 -0.300742
    outer loop
      vertex 1.55049 -3.45 6.56433
      vertex 1.59378 -12.8899 6.42705
      vertex 1.55049 -12.8956 6.56433
    endloop
  endfacet
  facet normal -0.953705 0 -0.300742
    outer loop
      vertex 1.59378 12.8899 6.42705
      vertex 1.55049 3.84542 6.56433
      vertex 1.55049 12.8956 6.56433
    endloop
  endfacet
  facet normal -0.953705 0 -0.300742
    outer loop
      vertex 1.55049 3.84542 6.56433
      vertex 1.59378 12.8899 6.42705
      vertex 1.59378 3.82749 6.42705
    endloop
  endfacet
  facet normal -0.976303 0 -0.216408
    outer loop
      vertex 1.62493 -12.8858 6.28652
      vertex 1.59378 -3.45 6.42705
      vertex 1.62493 -3.45 6.28652
    endloop
  endfacet
  facet normal -0.976303 -0 -0.216408
    outer loop
      vertex 1.59378 -3.45 6.42705
      vertex 1.62493 -12.8858 6.28652
      vertex 1.59378 -12.8899 6.42705
    endloop
  endfacet
  facet normal -0.976303 0 -0.216408
    outer loop
      vertex 1.62493 12.8858 6.28652
      vertex 1.59378 3.82749 6.42705
      vertex 1.59378 12.8899 6.42705
    endloop
  endfacet
  facet normal -0.976303 0 -0.216408
    outer loop
      vertex 1.59378 3.82749 6.42705
      vertex 1.62493 12.8858 6.28652
      vertex 1.62493 3.81458 6.28652
    endloop
  endfacet
  facet normal -0.382654 0 0.923892
    outer loop
      vertex 0.564333 -3.45 4.44951
      vertex 0.69732 -12.9696 4.50459
      vertex 0.69732 -3.45 4.50459
    endloop
  endfacet
  facet normal -0.382654 0 0.923892
    outer loop
      vertex 0.69732 -12.9696 4.50459
      vertex 0.564333 -3.45 4.44951
      vertex 0.564333 -12.9754 4.44951
    endloop
  endfacet
  facet normal -0.382654 0 0.923892
    outer loop
      vertex 0.564333 4.10753 4.44951
      vertex 0.69732 12.9696 4.50459
      vertex 0.564333 12.9754 4.44951
    endloop
  endfacet
  facet normal -0.382654 0 0.923892
    outer loop
      vertex 0.69732 12.9696 4.50459
      vertex 0.564333 4.10753 4.44951
      vertex 0.69732 4.09002 4.50459
    endloop
  endfacet
  facet normal 0.46177 0 0.886999
    outer loop
      vertex -0.825 12.964 4.57106
      vertex -0.69732 4.09002 4.50459
      vertex -0.69732 12.9696 4.50459
    endloop
  endfacet
  facet normal 0.461775 9.09996e-08 0.886997
    outer loop
      vertex -0.69732 4.09002 4.50459
      vertex -0.825 12.964 4.57106
      vertex -0.720639 4.08695 4.51673
    endloop
  endfacet
  facet normal 0.461769 0 0.887
    outer loop
      vertex -0.720639 4.08695 4.51673
      vertex -0.825 12.964 4.57106
      vertex -0.825 4.06382 4.57106
    endloop
  endfacet
  facet normal 0.46177 -0 0.886999
    outer loop
      vertex -0.825 -12.964 4.57106
      vertex -0.69732 -3.45 4.50459
      vertex -0.825 -3.45 4.57106
    endloop
  endfacet
  facet normal 0.46177 0 0.886999
    outer loop
      vertex -0.69732 -3.45 4.50459
      vertex -0.825 -12.964 4.57106
      vertex -0.69732 -12.9696 4.50459
    endloop
  endfacet
  facet normal 0.976303 0 -0.216408
    outer loop
      vertex -1.59378 -3.45 6.42705
      vertex -1.62493 -12.8858 6.28652
      vertex -1.62493 -3.45 6.28652
    endloop
  endfacet
  facet normal 0.976303 0 -0.216408
    outer loop
      vertex -1.62493 -12.8858 6.28652
      vertex -1.59378 -3.45 6.42705
      vertex -1.59378 -12.8899 6.42705
    endloop
  endfacet
  facet normal 0.976303 0 -0.216408
    outer loop
      vertex -1.59378 3.82749 6.42705
      vertex -1.62493 12.8858 6.28652
      vertex -1.59378 12.8899 6.42705
    endloop
  endfacet
  facet normal 0.976303 0 -0.216408
    outer loop
      vertex -1.62493 12.8858 6.28652
      vertex -1.59378 3.82749 6.42705
      vertex -1.62493 3.81458 6.28652
    endloop
  endfacet
  facet normal 0.793349 -0 0.608767
    outer loop
      vertex -1.3516 -12.9218 5.0536
      vertex -1.26397 -3.45 4.9394
      vertex -1.3516 -3.45 5.0536
    endloop
  endfacet
  facet normal 0.793349 0 0.608767
    outer loop
      vertex -1.26397 -3.45 4.9394
      vertex -1.3516 -12.9218 5.0536
      vertex -1.26397 -12.9333 4.9394
    endloop
  endfacet
  facet normal 0.793349 0 0.608767
    outer loop
      vertex -1.3516 12.9218 5.0536
      vertex -1.26397 3.94872 4.9394
      vertex -1.26397 12.9333 4.9394
    endloop
  endfacet
  facet normal 0.793349 0 0.608767
    outer loop
      vertex -1.26397 3.94872 4.9394
      vertex -1.3516 12.9218 5.0536
      vertex -1.3516 3.9211 5.0536
    endloop
  endfacet
  facet normal -0.675552 0 0.737313
    outer loop
      vertex 1.0606 -3.45 4.73603
      vertex 1.16673 -12.9461 4.83327
      vertex 1.16673 -3.45 4.83327
    endloop
  endfacet
  facet normal -0.675552 0 0.737313
    outer loop
      vertex 1.0606 -12.9537 4.73603
      vertex 1.16673 -12.9461 4.83327
      vertex 1.0606 -3.45 4.73603
    endloop
  endfacet
  facet normal -0.67564 0.00232946 0.737228
    outer loop
      vertex 1.16673 -12.9461 4.83327
      vertex 1.0606 -12.9537 4.73603
      vertex 1.13302 -12.9505 4.80239
    endloop
  endfacet
  facet normal -0.67564 -0.00232946 0.737228
    outer loop
      vertex 1.0606 12.9537 4.73603
      vertex 1.16673 12.9461 4.83327
      vertex 1.13302 12.9505 4.80239
    endloop
  endfacet
  facet normal -0.675548 0 0.737316
    outer loop
      vertex 1.16673 12.9461 4.83327
      vertex 1.0741 4.00859 4.7484
      vertex 1.16673 3.97939 4.83327
    endloop
  endfacet
  facet normal -0.675552 0 0.737313
    outer loop
      vertex 1.16673 12.9461 4.83327
      vertex 1.0606 12.9537 4.73603
      vertex 1.0606 4.01158 4.73603
    endloop
  endfacet
  facet normal -0.675576 5.37116e-07 0.73729
    outer loop
      vertex 1.16673 12.9461 4.83327
      vertex 1.0606 4.01158 4.73603
      vertex 1.0741 4.00859 4.7484
    endloop
  endfacet
  facet normal 0.886999 0 -0.46177
    outer loop
      vertex -1.42894 -3.45 6.825
      vertex -1.49541 -12.9028 6.69732
      vertex -1.49541 -3.45 6.69732
    endloop
  endfacet
  facet normal 0.886999 0 -0.46177
    outer loop
      vertex -1.49541 -12.9028 6.69732
      vertex -1.42894 -3.45 6.825
      vertex -1.42894 -12.9116 6.825
    endloop
  endfacet
  facet normal 0.886999 0 -0.46177
    outer loop
      vertex -1.42894 3.89576 6.825
      vertex -1.49541 12.9028 6.69732
      vertex -1.42894 12.9116 6.825
    endloop
  endfacet
  facet normal 0.886999 0 -0.46177
    outer loop
      vertex -1.49541 12.9028 6.69732
      vertex -1.42894 3.89576 6.825
      vertex -1.49541 3.86823 6.69732
    endloop
  endfacet
  facet normal -0.60877 0 0.793347
    outer loop
      vertex 0.946401 -3.45 4.6484
      vertex 1.0606 -12.9537 4.73603
      vertex 1.0606 -3.45 4.73603
    endloop
  endfacet
  facet normal -0.60877 0 0.793347
    outer loop
      vertex 1.0606 -12.9537 4.73603
      vertex 0.946401 -3.45 4.6484
      vertex 0.946401 -12.9587 4.6484
    endloop
  endfacet
  facet normal -0.60877 0 0.793347
    outer loop
      vertex 0.946401 4.0369 4.6484
      vertex 1.0606 12.9537 4.73603
      vertex 0.946401 12.9587 4.6484
    endloop
  endfacet
  facet normal -0.60877 0 0.793347
    outer loop
      vertex 1.0606 12.9537 4.73603
      vertex 0.946401 4.0369 4.6484
      vertex 1.0606 4.01158 4.73603
    endloop
  endfacet
  facet normal 0.999048 -0 0.0436272
    outer loop
      vertex -1.65 -12.8825 6
      vertex -1.64372 -3.45 5.85619
      vertex -1.65 -3.45 6
    endloop
  endfacet
  facet normal 0.999048 0 0.0436272
    outer loop
      vertex -1.64372 -3.45 5.85619
      vertex -1.65 -12.8825 6
      vertex -1.64372 -12.8833 5.85619
    endloop
  endfacet
  facet normal 0.999048 0 0.0436272
    outer loop
      vertex -1.65 12.8825 6
      vertex -1.64372 3.8068 5.85619
      vertex -1.64372 12.8833 5.85619
    endloop
  endfacet
  facet normal 0.999048 0 0.0436272
    outer loop
      vertex -1.64372 3.8068 5.85619
      vertex -1.65 12.8825 6
      vertex -1.65 3.8042 6
    endloop
  endfacet
  facet normal 0.675552 0 0.737313
    outer loop
      vertex -1.16673 -12.9461 4.83327
      vertex -1.0606 -12.9537 4.73603
      vertex -1.0606 -3.45 4.73603
    endloop
  endfacet
  facet normal 0.675552 -0 0.737313
    outer loop
      vertex -1.16673 -12.9461 4.83327
      vertex -1.0606 -3.45 4.73603
      vertex -1.16673 -3.45 4.83327
    endloop
  endfacet
  facet normal 0.67564 0.00232946 0.737228
    outer loop
      vertex -1.0606 -12.9537 4.73603
      vertex -1.16673 -12.9461 4.83327
      vertex -1.13302 -12.9505 4.80239
    endloop
  endfacet
  facet normal 0.675552 0 0.737313
    outer loop
      vertex -1.16673 12.9461 4.83327
      vertex -1.0606 4.01158 4.73603
      vertex -1.0606 12.9537 4.73603
    endloop
  endfacet
  facet normal 0.67564 -0.00232946 0.737228
    outer loop
      vertex -1.16673 12.9461 4.83327
      vertex -1.0606 12.9537 4.73603
      vertex -1.13302 12.9505 4.80239
    endloop
  endfacet
  facet normal 0.675576 5.37116e-07 0.73729
    outer loop
      vertex -1.0606 4.01158 4.73603
      vertex -1.16673 12.9461 4.83327
      vertex -1.0741 4.00859 4.7484
    endloop
  endfacet
  facet normal 0.675548 0 0.737316
    outer loop
      vertex -1.0741 4.00859 4.7484
      vertex -1.16673 12.9461 4.83327
      vertex -1.16673 3.97939 4.83327
    endloop
  endfacet
  facet normal 0.843392 0 0.537298
    outer loop
      vertex -1.42894 12.9116 5.175
      vertex -1.3516 3.9211 5.0536
      vertex -1.3516 12.9218 5.0536
    endloop
  endfacet
  facet normal 0.843407 4.25579e-07 0.537276
    outer loop
      vertex -1.42894 12.9116 5.175
      vertex -1.41938 3.89972 5.16
      vertex -1.3516 3.9211 5.0536
    endloop
  endfacet
  facet normal 0.843291 0 0.537457
    outer loop
      vertex -1.41938 3.89972 5.16
      vertex -1.42894 12.9116 5.175
      vertex -1.42894 3.89576 5.175
    endloop
  endfacet
  facet normal 0.843392 -0 0.537298
    outer loop
      vertex -1.42894 -12.9116 5.175
      vertex -1.3516 -3.45 5.0536
      vertex -1.42894 -3.45 5.175
    endloop
  endfacet
  facet normal 0.843392 0 0.537298
    outer loop
      vertex -1.3516 -3.45 5.0536
      vertex -1.42894 -12.9116 5.175
      vertex -1.3516 -12.9218 5.0536
    endloop
  endfacet
  facet normal -0.216456 0 -0.976292
    outer loop
      vertex 0.361696 4.13421 7.60827
      vertex 0.427051 12.9814 7.59378
      vertex 0.427051 4.1256 7.59378
    endloop
  endfacet
  facet normal -0.216361 -7.34349e-07 -0.976313
    outer loop
      vertex 0.286519 4.13749 7.62493
      vertex 0.427051 12.9814 7.59378
      vertex 0.361696 4.13421 7.60827
    endloop
  endfacet
  facet normal -0.216405 0 -0.976304
    outer loop
      vertex 0.427051 12.9814 7.59378
      vertex 0.286519 4.13749 7.62493
      vertex 0.286519 12.9875 7.62493
    endloop
  endfacet
  facet normal -0.216405 -0 -0.976304
    outer loop
      vertex 0.286519 -3.45 7.62493
      vertex 0.427051 -12.9814 7.59378
      vertex 0.286519 -12.9875 7.62493
    endloop
  endfacet
  facet normal -0.216405 0 -0.976304
    outer loop
      vertex 0.427051 -12.9814 7.59378
      vertex 0.286519 -3.45 7.62493
      vertex 0.427051 -3.45 7.59378
    endloop
  endfacet
  facet normal -0.0436284 0 -0.999048
    outer loop
      vertex 0 4.15 7.65
      vertex 0.143806 12.9937 7.64372
      vertex 0.143806 4.14372 7.64372
    endloop
  endfacet
  facet normal -0.0436284 0 -0.999048
    outer loop
      vertex 0.143806 12.9937 7.64372
      vertex 0 4.15 7.65
      vertex 0 13 7.65
    endloop
  endfacet
  facet normal -0.0436284 -0 -0.999048
    outer loop
      vertex 0 -3.45 7.65
      vertex 0.143806 -12.9937 7.64372
      vertex 0 -13 7.65
    endloop
  endfacet
  facet normal -0.0436284 0 -0.999048
    outer loop
      vertex 0.143806 -12.9937 7.64372
      vertex 0 -3.45 7.65
      vertex 0.143806 -3.45 7.64372
    endloop
  endfacet
endsolid OpenSCAD_Model
