solid OpenSCAD_Model
  facet normal 0.991446 0.130516 0
    outer loop
      vertex 49.8097 4.35779 8
      vertex 49.2404 8.68241 0
      vertex 49.2404 8.68241 8
    endloop
  endfacet
  facet normal 0.991446 0.130516 0
    outer loop
      vertex 49.2404 8.68241 0
      vertex 49.8097 4.35779 8
      vertex 49.8097 4.35779 0
    endloop
  endfacet
  facet normal 0.999048 0.0436273 0
    outer loop
      vertex 50 0 8
      vertex 49.8097 4.35779 0
      vertex 49.8097 4.35779 8
    endloop
  endfacet
  facet normal 0.999048 0.0436273 0
    outer loop
      vertex 49.8097 4.35779 0
      vertex 50 0 8
      vertex 50 0 0
    endloop
  endfacet
  facet normal 0.976296 0.216438 0
    outer loop
      vertex 49.2404 8.68241 8
      vertex 48.2963 12.941 0
      vertex 48.2963 12.941 8
    endloop
  endfacet
  facet normal 0.976296 0.216438 0
    outer loop
      vertex 48.2963 12.941 0
      vertex 49.2404 8.68241 8
      vertex 49.2404 8.68241 0
    endloop
  endfacet
  facet normal -0.382676 -0.923883 0
    outer loop
      vertex -21.1309 -45.3154 0
      vertex -17.101 -46.9846 8
      vertex -21.1309 -45.3154 8
    endloop
  endfacet
  facet normal -0.382676 -0.923883 -0
    outer loop
      vertex -17.101 -46.9846 8
      vertex -21.1309 -45.3154 0
      vertex -17.101 -46.9846 0
    endloop
  endfacet
  facet normal 0.737269 0.675599 0
    outer loop
      vertex 38.3022 32.1394 8
      vertex 35.3553 35.3553 0
      vertex 35.3553 35.3553 8
    endloop
  endfacet
  facet normal 0.737269 0.675599 0
    outer loop
      vertex 35.3553 35.3553 0
      vertex 38.3022 32.1394 8
      vertex 38.3022 32.1394 0
    endloop
  endfacet
  facet normal 0.461744 -0.887013 0
    outer loop
      vertex 21.1309 -45.3154 0
      vertex 25 -43.3013 8
      vertex 21.1309 -45.3154 8
    endloop
  endfacet
  facet normal 0.461744 -0.887013 0
    outer loop
      vertex 25 -43.3013 8
      vertex 21.1309 -45.3154 0
      vertex 25 -43.3013 0
    endloop
  endfacet
  facet normal -0.461744 0.887013 0
    outer loop
      vertex -21.1309 45.3154 0
      vertex -25 43.3013 8
      vertex -21.1309 45.3154 8
    endloop
  endfacet
  facet normal -0.461744 0.887013 0
    outer loop
      vertex -25 43.3013 8
      vertex -21.1309 45.3154 0
      vertex -25 43.3013 0
    endloop
  endfacet
  facet normal -0.737269 -0.675599 0
    outer loop
      vertex -35.3553 -35.3553 0
      vertex -38.3022 -32.1394 8
      vertex -38.3022 -32.1394 0
    endloop
  endfacet
  facet normal -0.737269 -0.675599 0
    outer loop
      vertex -38.3022 -32.1394 8
      vertex -35.3553 -35.3553 0
      vertex -35.3553 -35.3553 8
    endloop
  endfacet
  facet normal -0.843387 -0.537307 0
    outer loop
      vertex -40.9576 -28.6788 0
      vertex -43.3013 -25 8
      vertex -43.3013 -25 0
    endloop
  endfacet
  facet normal -0.843387 -0.537307 0
    outer loop
      vertex -43.3013 -25 8
      vertex -40.9576 -28.6788 0
      vertex -40.9576 -28.6788 8
    endloop
  endfacet
  facet normal -0.60876 -0.793355 0
    outer loop
      vertex -32.1394 -38.3022 0
      vertex -28.6788 -40.9576 8
      vertex -32.1394 -38.3022 8
    endloop
  endfacet
  facet normal -0.60876 -0.793355 -0
    outer loop
      vertex -28.6788 -40.9576 8
      vertex -32.1394 -38.3022 0
      vertex -28.6788 -40.9576 0
    endloop
  endfacet
  facet normal 0.130516 0.991446 -0
    outer loop
      vertex 8.68241 49.2404 0
      vertex 4.35779 49.8097 8
      vertex 8.68241 49.2404 8
    endloop
  endfacet
  facet normal 0.130516 0.991446 0
    outer loop
      vertex 4.35779 49.8097 8
      vertex 8.68241 49.2404 0
      vertex 4.35779 49.8097 0
    endloop
  endfacet
  facet normal -0.887013 0.461744 0
    outer loop
      vertex -45.3154 21.1309 0
      vertex -43.3013 25 8
      vertex -43.3013 25 0
    endloop
  endfacet
  facet normal -0.887013 0.461744 0
    outer loop
      vertex -43.3013 25 8
      vertex -45.3154 21.1309 0
      vertex -45.3154 21.1309 8
    endloop
  endfacet
  facet normal 0.0436273 -0.999048 0
    outer loop
      vertex 0 -50 0
      vertex 4.35779 -49.8097 8
      vertex 0 -50 8
    endloop
  endfacet
  facet normal 0.0436273 -0.999048 0
    outer loop
      vertex 4.35779 -49.8097 8
      vertex 0 -50 0
      vertex 4.35779 -49.8097 0
    endloop
  endfacet
  facet normal -0.976296 0.216438 0
    outer loop
      vertex -49.2404 8.68241 0
      vertex -48.2963 12.941 8
      vertex -48.2963 12.941 0
    endloop
  endfacet
  facet normal -0.976296 0.216438 0
    outer loop
      vertex -48.2963 12.941 8
      vertex -49.2404 8.68241 0
      vertex -49.2404 8.68241 8
    endloop
  endfacet
  facet normal 0.999048 -0.0436273 0
    outer loop
      vertex 49.8097 -4.35779 8
      vertex 50 0 0
      vertex 50 0 8
    endloop
  endfacet
  facet normal 0.999048 -0.0436273 0
    outer loop
      vertex 50 0 0
      vertex 49.8097 -4.35779 8
      vertex 49.8097 -4.35779 0
    endloop
  endfacet
  facet normal 0.793355 -0.60876 0
    outer loop
      vertex 38.3022 -32.1394 8
      vertex 40.9576 -28.6788 0
      vertex 40.9576 -28.6788 8
    endloop
  endfacet
  facet normal 0.793355 -0.60876 0
    outer loop
      vertex 40.9576 -28.6788 0
      vertex 38.3022 -32.1394 8
      vertex 38.3022 -32.1394 0
    endloop
  endfacet
  facet normal 0.843387 0.537307 0
    outer loop
      vertex 43.3013 25 8
      vertex 40.9576 28.6788 0
      vertex 40.9576 28.6788 8
    endloop
  endfacet
  facet normal 0.843387 0.537307 0
    outer loop
      vertex 40.9576 28.6788 0
      vertex 43.3013 25 8
      vertex 43.3013 25 0
    endloop
  endfacet
  facet normal 0.976296 -0.216438 0
    outer loop
      vertex 48.2963 -12.941 8
      vertex 49.2404 -8.68241 0
      vertex 49.2404 -8.68241 8
    endloop
  endfacet
  facet normal 0.976296 -0.216438 0
    outer loop
      vertex 49.2404 -8.68241 0
      vertex 48.2963 -12.941 8
      vertex 48.2963 -12.941 0
    endloop
  endfacet
  facet normal 0.953713 -0.300718 0
    outer loop
      vertex 46.9846 -17.101 8
      vertex 48.2963 -12.941 0
      vertex 48.2963 -12.941 8
    endloop
  endfacet
  facet normal 0.953713 -0.300718 0
    outer loop
      vertex 48.2963 -12.941 0
      vertex 46.9846 -17.101 8
      vertex 46.9846 -17.101 0
    endloop
  endfacet
  facet normal -0.793355 0.60876 0
    outer loop
      vertex -40.9576 28.6788 0
      vertex -38.3022 32.1394 8
      vertex -38.3022 32.1394 0
    endloop
  endfacet
  facet normal -0.793355 0.60876 0
    outer loop
      vertex -38.3022 32.1394 8
      vertex -40.9576 28.6788 0
      vertex -40.9576 28.6788 8
    endloop
  endfacet
  facet normal -0.843387 0.537307 0
    outer loop
      vertex -43.3013 25 0
      vertex -40.9576 28.6788 8
      vertex -40.9576 28.6788 0
    endloop
  endfacet
  facet normal -0.843387 0.537307 0
    outer loop
      vertex -40.9576 28.6788 8
      vertex -43.3013 25 0
      vertex -43.3013 25 8
    endloop
  endfacet
  facet normal -0.953713 0.300718 0
    outer loop
      vertex -48.2963 12.941 0
      vertex -46.9846 17.101 8
      vertex -46.9846 17.101 0
    endloop
  endfacet
  facet normal -0.953713 0.300718 0
    outer loop
      vertex -46.9846 17.101 8
      vertex -48.2963 12.941 0
      vertex -48.2963 12.941 8
    endloop
  endfacet
  facet normal 0.461744 0.887013 -0
    outer loop
      vertex 25 43.3013 0
      vertex 21.1309 45.3154 8
      vertex 25 43.3013 8
    endloop
  endfacet
  facet normal 0.461744 0.887013 0
    outer loop
      vertex 21.1309 45.3154 8
      vertex 25 43.3013 0
      vertex 21.1309 45.3154 0
    endloop
  endfacet
  facet normal -0.953713 -0.300718 0
    outer loop
      vertex -46.9846 -17.101 0
      vertex -48.2963 -12.941 8
      vertex -48.2963 -12.941 0
    endloop
  endfacet
  facet normal -0.953713 -0.300718 0
    outer loop
      vertex -48.2963 -12.941 8
      vertex -46.9846 -17.101 0
      vertex -46.9846 -17.101 8
    endloop
  endfacet
  facet normal -0.537307 0.843387 0
    outer loop
      vertex -25 43.3013 0
      vertex -28.6788 40.9576 8
      vertex -25 43.3013 8
    endloop
  endfacet
  facet normal -0.537307 0.843387 0
    outer loop
      vertex -28.6788 40.9576 8
      vertex -25 43.3013 0
      vertex -28.6788 40.9576 0
    endloop
  endfacet
  facet normal -0.130516 -0.991446 0
    outer loop
      vertex -8.68241 -49.2404 0
      vertex -4.35779 -49.8097 8
      vertex -8.68241 -49.2404 8
    endloop
  endfacet
  facet normal -0.130516 -0.991446 -0
    outer loop
      vertex -4.35779 -49.8097 8
      vertex -8.68241 -49.2404 0
      vertex -4.35779 -49.8097 0
    endloop
  endfacet
  facet normal -0.923883 0.382676 0
    outer loop
      vertex -46.9846 17.101 0
      vertex -45.3154 21.1309 8
      vertex -45.3154 21.1309 0
    endloop
  endfacet
  facet normal -0.923883 0.382676 0
    outer loop
      vertex -45.3154 21.1309 8
      vertex -46.9846 17.101 0
      vertex -46.9846 17.101 8
    endloop
  endfacet
  facet normal -0.130516 0.991446 0
    outer loop
      vertex -4.35779 49.8097 0
      vertex -8.68241 49.2404 8
      vertex -4.35779 49.8097 8
    endloop
  endfacet
  facet normal -0.130516 0.991446 0
    outer loop
      vertex -8.68241 49.2404 8
      vertex -4.35779 49.8097 0
      vertex -8.68241 49.2404 0
    endloop
  endfacet
  facet normal 0.382676 -0.923883 0
    outer loop
      vertex 17.101 -46.9846 0
      vertex 21.1309 -45.3154 8
      vertex 17.101 -46.9846 8
    endloop
  endfacet
  facet normal 0.382676 -0.923883 0
    outer loop
      vertex 21.1309 -45.3154 8
      vertex 17.101 -46.9846 0
      vertex 21.1309 -45.3154 0
    endloop
  endfacet
  facet normal 0.923883 0.382676 0
    outer loop
      vertex 46.9846 17.101 8
      vertex 45.3154 21.1309 0
      vertex 45.3154 21.1309 8
    endloop
  endfacet
  facet normal 0.923883 0.382676 0
    outer loop
      vertex 45.3154 21.1309 0
      vertex 46.9846 17.101 8
      vertex 46.9846 17.101 0
    endloop
  endfacet
  facet normal 0.382676 0.923883 -0
    outer loop
      vertex 21.1309 45.3154 0
      vertex 17.101 46.9846 8
      vertex 21.1309 45.3154 8
    endloop
  endfacet
  facet normal 0.382676 0.923883 0
    outer loop
      vertex 17.101 46.9846 8
      vertex 21.1309 45.3154 0
      vertex 17.101 46.9846 0
    endloop
  endfacet
  facet normal 0.887013 -0.461744 0
    outer loop
      vertex 43.3013 -25 8
      vertex 45.3154 -21.1309 0
      vertex 45.3154 -21.1309 8
    endloop
  endfacet
  facet normal 0.887013 -0.461744 0
    outer loop
      vertex 45.3154 -21.1309 0
      vertex 43.3013 -25 8
      vertex 43.3013 -25 0
    endloop
  endfacet
  facet normal 0.300718 -0.953713 0
    outer loop
      vertex 12.941 -48.2963 0
      vertex 17.101 -46.9846 8
      vertex 12.941 -48.2963 8
    endloop
  endfacet
  facet normal 0.300718 -0.953713 0
    outer loop
      vertex 17.101 -46.9846 8
      vertex 12.941 -48.2963 0
      vertex 17.101 -46.9846 0
    endloop
  endfacet
  facet normal 0.923883 -0.382676 0
    outer loop
      vertex 45.3154 -21.1309 8
      vertex 46.9846 -17.101 0
      vertex 46.9846 -17.101 8
    endloop
  endfacet
  facet normal 0.923883 -0.382676 0
    outer loop
      vertex 46.9846 -17.101 0
      vertex 45.3154 -21.1309 8
      vertex 45.3154 -21.1309 0
    endloop
  endfacet
  facet normal 0.130516 -0.991446 0
    outer loop
      vertex 4.35779 -49.8097 0
      vertex 8.68241 -49.2404 8
      vertex 4.35779 -49.8097 8
    endloop
  endfacet
  facet normal 0.130516 -0.991446 0
    outer loop
      vertex 8.68241 -49.2404 8
      vertex 4.35779 -49.8097 0
      vertex 8.68241 -49.2404 0
    endloop
  endfacet
  facet normal -0.976296 -0.216438 0
    outer loop
      vertex -48.2963 -12.941 0
      vertex -49.2404 -8.68241 8
      vertex -49.2404 -8.68241 0
    endloop
  endfacet
  facet normal -0.976296 -0.216438 0
    outer loop
      vertex -49.2404 -8.68241 8
      vertex -48.2963 -12.941 0
      vertex -48.2963 -12.941 8
    endloop
  endfacet
  facet normal -0.461744 -0.887013 0
    outer loop
      vertex -25 -43.3013 0
      vertex -21.1309 -45.3154 8
      vertex -25 -43.3013 8
    endloop
  endfacet
  facet normal -0.461744 -0.887013 -0
    outer loop
      vertex -21.1309 -45.3154 8
      vertex -25 -43.3013 0
      vertex -21.1309 -45.3154 0
    endloop
  endfacet
  facet normal 0.0436273 0.999048 -0
    outer loop
      vertex 4.35779 49.8097 0
      vertex 0 50 8
      vertex 4.35779 49.8097 8
    endloop
  endfacet
  facet normal 0.0436273 0.999048 0
    outer loop
      vertex 0 50 8
      vertex 4.35779 49.8097 0
      vertex 0 50 0
    endloop
  endfacet
  facet normal -0.216438 0.976296 0
    outer loop
      vertex -8.68241 49.2404 0
      vertex -12.941 48.2963 8
      vertex -8.68241 49.2404 8
    endloop
  endfacet
  facet normal -0.216438 0.976296 0
    outer loop
      vertex -12.941 48.2963 8
      vertex -8.68241 49.2404 0
      vertex -12.941 48.2963 0
    endloop
  endfacet
  facet normal 0.60876 -0.793355 0
    outer loop
      vertex 28.6788 -40.9576 0
      vertex 32.1394 -38.3022 8
      vertex 28.6788 -40.9576 8
    endloop
  endfacet
  facet normal 0.60876 -0.793355 0
    outer loop
      vertex 32.1394 -38.3022 8
      vertex 28.6788 -40.9576 0
      vertex 32.1394 -38.3022 0
    endloop
  endfacet
  facet normal 0.537307 0.843387 -0
    outer loop
      vertex 28.6788 40.9576 0
      vertex 25 43.3013 8
      vertex 28.6788 40.9576 8
    endloop
  endfacet
  facet normal 0.537307 0.843387 0
    outer loop
      vertex 25 43.3013 8
      vertex 28.6788 40.9576 0
      vertex 25 43.3013 0
    endloop
  endfacet
  facet normal 0.843387 -0.537307 0
    outer loop
      vertex 40.9576 -28.6788 8
      vertex 43.3013 -25 0
      vertex 43.3013 -25 8
    endloop
  endfacet
  facet normal 0.843387 -0.537307 0
    outer loop
      vertex 43.3013 -25 0
      vertex 40.9576 -28.6788 8
      vertex 40.9576 -28.6788 0
    endloop
  endfacet
  facet normal -0.382676 0.923883 0
    outer loop
      vertex -17.101 46.9846 0
      vertex -21.1309 45.3154 8
      vertex -17.101 46.9846 8
    endloop
  endfacet
  facet normal -0.382676 0.923883 0
    outer loop
      vertex -21.1309 45.3154 8
      vertex -17.101 46.9846 0
      vertex -21.1309 45.3154 0
    endloop
  endfacet
  facet normal 0.953713 0.300718 0
    outer loop
      vertex 48.2963 12.941 8
      vertex 46.9846 17.101 0
      vertex 46.9846 17.101 8
    endloop
  endfacet
  facet normal 0.953713 0.300718 0
    outer loop
      vertex 46.9846 17.101 0
      vertex 48.2963 12.941 8
      vertex 48.2963 12.941 0
    endloop
  endfacet
  facet normal -0.793355 -0.60876 0
    outer loop
      vertex -38.3022 -32.1394 0
      vertex -40.9576 -28.6788 8
      vertex -40.9576 -28.6788 0
    endloop
  endfacet
  facet normal -0.793355 -0.60876 0
    outer loop
      vertex -40.9576 -28.6788 8
      vertex -38.3022 -32.1394 0
      vertex -38.3022 -32.1394 8
    endloop
  endfacet
  facet normal 0.887013 0.461744 0
    outer loop
      vertex 45.3154 21.1309 8
      vertex 43.3013 25 0
      vertex 43.3013 25 8
    endloop
  endfacet
  facet normal 0.887013 0.461744 0
    outer loop
      vertex 43.3013 25 0
      vertex 45.3154 21.1309 8
      vertex 45.3154 21.1309 0
    endloop
  endfacet
  facet normal -0.675599 -0.737269 0
    outer loop
      vertex -35.3553 -35.3553 0
      vertex -32.1394 -38.3022 8
      vertex -35.3553 -35.3553 8
    endloop
  endfacet
  facet normal -0.675599 -0.737269 -0
    outer loop
      vertex -32.1394 -38.3022 8
      vertex -35.3553 -35.3553 0
      vertex -32.1394 -38.3022 0
    endloop
  endfacet
  facet normal 0.737269 -0.675599 0
    outer loop
      vertex 35.3553 -35.3553 8
      vertex 38.3022 -32.1394 0
      vertex 38.3022 -32.1394 8
    endloop
  endfacet
  facet normal 0.737269 -0.675599 0
    outer loop
      vertex 38.3022 -32.1394 0
      vertex 35.3553 -35.3553 8
      vertex 35.3553 -35.3553 0
    endloop
  endfacet
  facet normal 0.675599 -0.737269 0
    outer loop
      vertex 32.1394 -38.3022 0
      vertex 35.3553 -35.3553 8
      vertex 32.1394 -38.3022 8
    endloop
  endfacet
  facet normal 0.675599 -0.737269 0
    outer loop
      vertex 35.3553 -35.3553 8
      vertex 32.1394 -38.3022 0
      vertex 35.3553 -35.3553 0
    endloop
  endfacet
  facet normal -0.537307 -0.843387 0
    outer loop
      vertex -28.6788 -40.9576 0
      vertex -25 -43.3013 8
      vertex -28.6788 -40.9576 8
    endloop
  endfacet
  facet normal -0.537307 -0.843387 -0
    outer loop
      vertex -25 -43.3013 8
      vertex -28.6788 -40.9576 0
      vertex -25 -43.3013 0
    endloop
  endfacet
  facet normal 0.60876 0.793355 -0
    outer loop
      vertex 32.1394 38.3022 0
      vertex 28.6788 40.9576 8
      vertex 32.1394 38.3022 8
    endloop
  endfacet
  facet normal 0.60876 0.793355 0
    outer loop
      vertex 28.6788 40.9576 8
      vertex 32.1394 38.3022 0
      vertex 28.6788 40.9576 0
    endloop
  endfacet
  facet normal -0.300718 0.953713 0
    outer loop
      vertex -12.941 48.2963 0
      vertex -17.101 46.9846 8
      vertex -12.941 48.2963 8
    endloop
  endfacet
  facet normal -0.300718 0.953713 0
    outer loop
      vertex -17.101 46.9846 8
      vertex -12.941 48.2963 0
      vertex -17.101 46.9846 0
    endloop
  endfacet
  facet normal -0.999048 -0.0436273 0
    outer loop
      vertex -49.8097 -4.35779 0
      vertex -50 0 8
      vertex -50 0 0
    endloop
  endfacet
  facet normal -0.999048 -0.0436273 0
    outer loop
      vertex -50 0 8
      vertex -49.8097 -4.35779 0
      vertex -49.8097 -4.35779 8
    endloop
  endfacet
  facet normal -0.216438 -0.976296 0
    outer loop
      vertex -12.941 -48.2963 0
      vertex -8.68241 -49.2404 8
      vertex -12.941 -48.2963 8
    endloop
  endfacet
  facet normal -0.216438 -0.976296 -0
    outer loop
      vertex -8.68241 -49.2404 8
      vertex -12.941 -48.2963 0
      vertex -8.68241 -49.2404 0
    endloop
  endfacet
  facet normal -0.0436273 0.999048 0
    outer loop
      vertex 0 50 0
      vertex -4.35779 49.8097 8
      vertex 0 50 8
    endloop
  endfacet
  facet normal -0.0436273 0.999048 0
    outer loop
      vertex -4.35779 49.8097 8
      vertex 0 50 0
      vertex -4.35779 49.8097 0
    endloop
  endfacet
  facet normal -0.737269 0.675599 0
    outer loop
      vertex -38.3022 32.1394 0
      vertex -35.3553 35.3553 8
      vertex -35.3553 35.3553 0
    endloop
  endfacet
  facet normal -0.737269 0.675599 0
    outer loop
      vertex -35.3553 35.3553 8
      vertex -38.3022 32.1394 0
      vertex -38.3022 32.1394 8
    endloop
  endfacet
  facet normal 0.216438 -0.976296 0
    outer loop
      vertex 8.68241 -49.2404 0
      vertex 12.941 -48.2963 8
      vertex 8.68241 -49.2404 8
    endloop
  endfacet
  facet normal 0.216438 -0.976296 0
    outer loop
      vertex 12.941 -48.2963 8
      vertex 8.68241 -49.2404 0
      vertex 12.941 -48.2963 0
    endloop
  endfacet
  facet normal -0.675599 0.737269 0
    outer loop
      vertex -32.1394 38.3022 0
      vertex -35.3553 35.3553 8
      vertex -32.1394 38.3022 8
    endloop
  endfacet
  facet normal -0.675599 0.737269 0
    outer loop
      vertex -35.3553 35.3553 8
      vertex -32.1394 38.3022 0
      vertex -35.3553 35.3553 0
    endloop
  endfacet
  facet normal 0.991446 -0.130516 0
    outer loop
      vertex 49.2404 -8.68241 8
      vertex 49.8097 -4.35779 0
      vertex 49.8097 -4.35779 8
    endloop
  endfacet
  facet normal 0.991446 -0.130516 0
    outer loop
      vertex 49.8097 -4.35779 0
      vertex 49.2404 -8.68241 8
      vertex 49.2404 -8.68241 0
    endloop
  endfacet
  facet normal -0.991446 -0.130516 0
    outer loop
      vertex -49.2404 -8.68241 0
      vertex -49.8097 -4.35779 8
      vertex -49.8097 -4.35779 0
    endloop
  endfacet
  facet normal -0.991446 -0.130516 0
    outer loop
      vertex -49.8097 -4.35779 8
      vertex -49.2404 -8.68241 0
      vertex -49.2404 -8.68241 8
    endloop
  endfacet
  facet normal -0.60876 0.793355 0
    outer loop
      vertex -28.6788 40.9576 0
      vertex -32.1394 38.3022 8
      vertex -28.6788 40.9576 8
    endloop
  endfacet
  facet normal -0.60876 0.793355 0
    outer loop
      vertex -32.1394 38.3022 8
      vertex -28.6788 40.9576 0
      vertex -32.1394 38.3022 0
    endloop
  endfacet
  facet normal 0.216438 0.976296 -0
    outer loop
      vertex 12.941 48.2963 0
      vertex 8.68241 49.2404 8
      vertex 12.941 48.2963 8
    endloop
  endfacet
  facet normal 0.216438 0.976296 0
    outer loop
      vertex 8.68241 49.2404 8
      vertex 12.941 48.2963 0
      vertex 8.68241 49.2404 0
    endloop
  endfacet
  facet normal 0.300718 0.953713 -0
    outer loop
      vertex 17.101 46.9846 0
      vertex 12.941 48.2963 8
      vertex 17.101 46.9846 8
    endloop
  endfacet
  facet normal 0.300718 0.953713 0
    outer loop
      vertex 12.941 48.2963 8
      vertex 17.101 46.9846 0
      vertex 12.941 48.2963 0
    endloop
  endfacet
  facet normal 0.675599 0.737269 -0
    outer loop
      vertex 35.3553 35.3553 0
      vertex 32.1394 38.3022 8
      vertex 35.3553 35.3553 8
    endloop
  endfacet
  facet normal 0.675599 0.737269 0
    outer loop
      vertex 32.1394 38.3022 8
      vertex 35.3553 35.3553 0
      vertex 32.1394 38.3022 0
    endloop
  endfacet
  facet normal 0.793355 0.60876 0
    outer loop
      vertex 40.9576 28.6788 8
      vertex 38.3022 32.1394 0
      vertex 38.3022 32.1394 8
    endloop
  endfacet
  facet normal 0.793355 0.60876 0
    outer loop
      vertex 38.3022 32.1394 0
      vertex 40.9576 28.6788 8
      vertex 40.9576 28.6788 0
    endloop
  endfacet
  facet normal 0.537307 -0.843387 0
    outer loop
      vertex 25 -43.3013 0
      vertex 28.6788 -40.9576 8
      vertex 25 -43.3013 8
    endloop
  endfacet
  facet normal 0.537307 -0.843387 0
    outer loop
      vertex 28.6788 -40.9576 8
      vertex 25 -43.3013 0
      vertex 28.6788 -40.9576 0
    endloop
  endfacet
  facet normal -0.0436273 -0.999048 0
    outer loop
      vertex -4.35779 -49.8097 0
      vertex 0 -50 8
      vertex -4.35779 -49.8097 8
    endloop
  endfacet
  facet normal -0.0436273 -0.999048 -0
    outer loop
      vertex 0 -50 8
      vertex -4.35779 -49.8097 0
      vertex 0 -50 0
    endloop
  endfacet
  facet normal -0.887013 -0.461744 0
    outer loop
      vertex -43.3013 -25 0
      vertex -45.3154 -21.1309 8
      vertex -45.3154 -21.1309 0
    endloop
  endfacet
  facet normal -0.887013 -0.461744 0
    outer loop
      vertex -45.3154 -21.1309 8
      vertex -43.3013 -25 0
      vertex -43.3013 -25 8
    endloop
  endfacet
  facet normal -0.923883 -0.382676 0
    outer loop
      vertex -45.3154 -21.1309 0
      vertex -46.9846 -17.101 8
      vertex -46.9846 -17.101 0
    endloop
  endfacet
  facet normal -0.923883 -0.382676 0
    outer loop
      vertex -46.9846 -17.101 8
      vertex -45.3154 -21.1309 0
      vertex -45.3154 -21.1309 8
    endloop
  endfacet
  facet normal -0.991446 0.130516 0
    outer loop
      vertex -49.8097 4.35779 0
      vertex -49.2404 8.68241 8
      vertex -49.2404 8.68241 0
    endloop
  endfacet
  facet normal -0.991446 0.130516 0
    outer loop
      vertex -49.2404 8.68241 8
      vertex -49.8097 4.35779 0
      vertex -49.8097 4.35779 8
    endloop
  endfacet
  facet normal -0.999048 0.0436273 0
    outer loop
      vertex -50 0 0
      vertex -49.8097 4.35779 8
      vertex -49.8097 4.35779 0
    endloop
  endfacet
  facet normal -0.999048 0.0436273 0
    outer loop
      vertex -49.8097 4.35779 8
      vertex -50 0 0
      vertex -50 0 8
    endloop
  endfacet
  facet normal -0.300718 -0.953713 0
    outer loop
      vertex -17.101 -46.9846 0
      vertex -12.941 -48.2963 8
      vertex -17.101 -46.9846 8
    endloop
  endfacet
  facet normal -0.300718 -0.953713 -0
    outer loop
      vertex -12.941 -48.2963 8
      vertex -17.101 -46.9846 0
      vertex -12.941 -48.2963 0
    endloop
  endfacet
  facet normal 0 0 -1
    outer loop
      vertex 11.5 0 0
      vertex 50 0 0
      vertex 49.8097 -4.35779 0
    endloop
  endfacet
  facet normal 0 0 -1
    outer loop
      vertex 11.4562 -1.00229 0
      vertex 49.8097 -4.35779 0
      vertex 49.2404 -8.68241 0
    endloop
  endfacet
  facet normal 0 0 -1
    outer loop
      vertex 50 0 0
      vertex 11.5 0 0
      vertex 49.8097 4.35779 0
    endloop
  endfacet
  facet normal 0 0 -1
    outer loop
      vertex 11.3253 -1.99695 0
      vertex 49.2404 -8.68241 0
      vertex 48.2963 -12.941 0
    endloop
  endfacet
  facet normal 0 0 -1
    outer loop
      vertex 11.4562 1.00229 0
      vertex 49.8097 4.35779 0
      vertex 11.5 0 0
    endloop
  endfacet
  facet normal 0 0 -1
    outer loop
      vertex 11.1081 -2.97642 0
      vertex 48.2963 -12.941 0
      vertex 46.9846 -17.101 0
    endloop
  endfacet
  facet normal -0 0 -1
    outer loop
      vertex 49.8097 4.35779 0
      vertex 11.4562 1.00229 0
      vertex 49.2404 8.68241 0
    endloop
  endfacet
  facet normal 0 0 -1
    outer loop
      vertex 10.8065 -3.93323 0
      vertex 46.9846 -17.101 0
      vertex 45.3154 -21.1309 0
    endloop
  endfacet
  facet normal 0 0 -1
    outer loop
      vertex 11.3253 1.99695 0
      vertex 49.2404 8.68241 0
      vertex 11.4562 1.00229 0
    endloop
  endfacet
  facet normal 0 0 -1
    outer loop
      vertex 10.4225 -4.86011 0
      vertex 45.3154 -21.1309 0
      vertex 43.3013 -25 0
    endloop
  endfacet
  facet normal -0 0 -1
    outer loop
      vertex 49.2404 8.68241 0
      vertex 11.3253 1.99695 0
      vertex 48.2963 12.941 0
    endloop
  endfacet
  facet normal 0 0 -1
    outer loop
      vertex 9.95929 -5.75 0
      vertex 43.3013 -25 0
      vertex 40.9576 -28.6788 0
    endloop
  endfacet
  facet normal 0 0 -1
    outer loop
      vertex 11.1081 2.97642 0
      vertex 48.2963 12.941 0
      vertex 11.3253 1.99695 0
    endloop
  endfacet
  facet normal 0 0 -1
    outer loop
      vertex 9.42025 -6.59613 0
      vertex 40.9576 -28.6788 0
      vertex 38.3022 -32.1394 0
    endloop
  endfacet
  facet normal -0 0 -1
    outer loop
      vertex 48.2963 12.941 0
      vertex 11.1081 2.97642 0
      vertex 46.9846 17.101 0
    endloop
  endfacet
  facet normal 0 0 -1
    outer loop
      vertex 8.80951 -7.39206 0
      vertex 38.3022 -32.1394 0
      vertex 35.3553 -35.3553 0
    endloop
  endfacet
  facet normal 0 0 -1
    outer loop
      vertex 10.8065 3.93323 0
      vertex 46.9846 17.101 0
      vertex 11.1081 2.97642 0
    endloop
  endfacet
  facet normal 0 0 -1
    outer loop
      vertex 8.13173 -8.13173 0
      vertex 35.3553 -35.3553 0
      vertex 32.1394 -38.3022 0
    endloop
  endfacet
  facet normal -0 0 -1
    outer loop
      vertex 46.9846 17.101 0
      vertex 10.8065 3.93323 0
      vertex 45.3154 21.1309 0
    endloop
  endfacet
  facet normal 0 0 -1
    outer loop
      vertex 7.39206 -8.80951 0
      vertex 32.1394 -38.3022 0
      vertex 28.6788 -40.9576 0
    endloop
  endfacet
  facet normal 0 0 -1
    outer loop
      vertex 10.4225 4.86011 0
      vertex 45.3154 21.1309 0
      vertex 10.8065 3.93323 0
    endloop
  endfacet
  facet normal 0 0 -1
    outer loop
      vertex 6.59613 -9.42025 0
      vertex 28.6788 -40.9576 0
      vertex 25 -43.3013 0
    endloop
  endfacet
  facet normal -0 0 -1
    outer loop
      vertex 45.3154 21.1309 0
      vertex 10.4225 4.86011 0
      vertex 43.3013 25 0
    endloop
  endfacet
  facet normal 0 0 -1
    outer loop
      vertex 5.75 -9.95929 0
      vertex 25 -43.3013 0
      vertex 21.1309 -45.3154 0
    endloop
  endfacet
  facet normal 0 0 -1
    outer loop
      vertex 9.95929 5.75 0
      vertex 43.3013 25 0
      vertex 10.4225 4.86011 0
    endloop
  endfacet
  facet normal 0 0 -1
    outer loop
      vertex 4.86011 -10.4225 0
      vertex 21.1309 -45.3154 0
      vertex 17.101 -46.9846 0
    endloop
  endfacet
  facet normal -0 0 -1
    outer loop
      vertex 43.3013 25 0
      vertex 9.95929 5.75 0
      vertex 40.9576 28.6788 0
    endloop
  endfacet
  facet normal 0 0 -1
    outer loop
      vertex 3.93323 -10.8065 0
      vertex 17.101 -46.9846 0
      vertex 12.941 -48.2963 0
    endloop
  endfacet
  facet normal 0 0 -1
    outer loop
      vertex 9.42025 6.59613 0
      vertex 40.9576 28.6788 0
      vertex 9.95929 5.75 0
    endloop
  endfacet
  facet normal -0 0 -1
    outer loop
      vertex 40.9576 28.6788 0
      vertex 9.42025 6.59613 0
      vertex 38.3022 32.1394 0
    endloop
  endfacet
  facet normal 0 0 -1
    outer loop
      vertex 49.8097 -4.35779 0
      vertex 11.4562 -1.00229 0
      vertex 11.5 0 0
    endloop
  endfacet
  facet normal 0 0 -1
    outer loop
      vertex 49.2404 -8.68241 0
      vertex 11.3253 -1.99695 0
      vertex 11.4562 -1.00229 0
    endloop
  endfacet
  facet normal 0 0 -1
    outer loop
      vertex 48.2963 -12.941 0
      vertex 11.1081 -2.97642 0
      vertex 11.3253 -1.99695 0
    endloop
  endfacet
  facet normal 0 0 -1
    outer loop
      vertex 46.9846 -17.101 0
      vertex 10.8065 -3.93323 0
      vertex 11.1081 -2.97642 0
    endloop
  endfacet
  facet normal 0 0 -1
    outer loop
      vertex 45.3154 -21.1309 0
      vertex 10.4225 -4.86011 0
      vertex 10.8065 -3.93323 0
    endloop
  endfacet
  facet normal 0 0 -1
    outer loop
      vertex 43.3013 -25 0
      vertex 9.95929 -5.75 0
      vertex 10.4225 -4.86011 0
    endloop
  endfacet
  facet normal 0 0 -1
    outer loop
      vertex 40.9576 -28.6788 0
      vertex 9.42025 -6.59613 0
      vertex 9.95929 -5.75 0
    endloop
  endfacet
  facet normal 0 0 -1
    outer loop
      vertex 38.3022 -32.1394 0
      vertex 8.80951 -7.39206 0
      vertex 9.42025 -6.59613 0
    endloop
  endfacet
  facet normal 0 0 -1
    outer loop
      vertex 2.97642 -11.1081 0
      vertex 12.941 -48.2963 0
      vertex 8.68241 -49.2404 0
    endloop
  endfacet
  facet normal 0 0 -1
    outer loop
      vertex 35.3553 -35.3553 0
      vertex 8.13173 -8.13173 0
      vertex 8.80951 -7.39206 0
    endloop
  endfacet
  facet normal 0 0 -1
    outer loop
      vertex 32.1394 -38.3022 0
      vertex 7.39206 -8.80951 0
      vertex 8.13173 -8.13173 0
    endloop
  endfacet
  facet normal 0 0 -1
    outer loop
      vertex 28.6788 -40.9576 0
      vertex 6.59613 -9.42025 0
      vertex 7.39206 -8.80951 0
    endloop
  endfacet
  facet normal 0 0 -1
    outer loop
      vertex 25 -43.3013 0
      vertex 5.75 -9.95929 0
      vertex 6.59613 -9.42025 0
    endloop
  endfacet
  facet normal 0 0 -1
    outer loop
      vertex 21.1309 -45.3154 0
      vertex 4.86011 -10.4225 0
      vertex 5.75 -9.95929 0
    endloop
  endfacet
  facet normal 0 0 -1
    outer loop
      vertex 1.99695 -11.3253 0
      vertex 8.68241 -49.2404 0
      vertex 4.35779 -49.8097 0
    endloop
  endfacet
  facet normal 0 0 -1
    outer loop
      vertex 17.101 -46.9846 0
      vertex 3.93323 -10.8065 0
      vertex 4.86011 -10.4225 0
    endloop
  endfacet
  facet normal 0 0 -1
    outer loop
      vertex 12.941 -48.2963 0
      vertex 2.97642 -11.1081 0
      vertex 3.93323 -10.8065 0
    endloop
  endfacet
  facet normal 0 0 -1
    outer loop
      vertex 8.68241 -49.2404 0
      vertex 1.99695 -11.3253 0
      vertex 2.97642 -11.1081 0
    endloop
  endfacet
  facet normal 0 0 -1
    outer loop
      vertex 4.35779 -49.8097 0
      vertex 1.00229 -11.4562 0
      vertex 1.99695 -11.3253 0
    endloop
  endfacet
  facet normal 0 0 -1
    outer loop
      vertex 0 -50 0
      vertex 1.00229 -11.4562 0
      vertex 4.35779 -49.8097 0
    endloop
  endfacet
  facet normal 0 0 -1
    outer loop
      vertex 0 -50 0
      vertex 0 -11.5 0
      vertex 1.00229 -11.4562 0
    endloop
  endfacet
  facet normal 0 0 -1
    outer loop
      vertex 0 -50 0
      vertex -1.00229 -11.4562 0
      vertex 0 -11.5 0
    endloop
  endfacet
  facet normal 0 0 -1
    outer loop
      vertex -4.35779 -49.8097 0
      vertex -1.00229 -11.4562 0
      vertex 0 -50 0
    endloop
  endfacet
  facet normal -0 0 -1
    outer loop
      vertex -1.00229 -11.4562 0
      vertex -4.35779 -49.8097 0
      vertex -1.99695 -11.3253 0
    endloop
  endfacet
  facet normal 0 0 -1
    outer loop
      vertex -8.68241 -49.2404 0
      vertex -1.99695 -11.3253 0
      vertex -4.35779 -49.8097 0
    endloop
  endfacet
  facet normal -0 0 -1
    outer loop
      vertex -1.99695 -11.3253 0
      vertex -8.68241 -49.2404 0
      vertex -2.97642 -11.1081 0
    endloop
  endfacet
  facet normal 0 0 -1
    outer loop
      vertex -12.941 -48.2963 0
      vertex -2.97642 -11.1081 0
      vertex -8.68241 -49.2404 0
    endloop
  endfacet
  facet normal -0 0 -1
    outer loop
      vertex -2.97642 -11.1081 0
      vertex -12.941 -48.2963 0
      vertex -3.93323 -10.8065 0
    endloop
  endfacet
  facet normal 0 0 -1
    outer loop
      vertex -17.101 -46.9846 0
      vertex -3.93323 -10.8065 0
      vertex -12.941 -48.2963 0
    endloop
  endfacet
  facet normal -0 0 -1
    outer loop
      vertex -3.93323 -10.8065 0
      vertex -17.101 -46.9846 0
      vertex -4.86011 -10.4225 0
    endloop
  endfacet
  facet normal 0 0 -1
    outer loop
      vertex -21.1309 -45.3154 0
      vertex -4.86011 -10.4225 0
      vertex -17.101 -46.9846 0
    endloop
  endfacet
  facet normal -0 0 -1
    outer loop
      vertex -4.86011 -10.4225 0
      vertex -21.1309 -45.3154 0
      vertex -5.75 -9.95929 0
    endloop
  endfacet
  facet normal 0 0 -1
    outer loop
      vertex -25 -43.3013 0
      vertex -5.75 -9.95929 0
      vertex -21.1309 -45.3154 0
    endloop
  endfacet
  facet normal -0 0 -1
    outer loop
      vertex -5.75 -9.95929 0
      vertex -25 -43.3013 0
      vertex -6.59613 -9.42025 0
    endloop
  endfacet
  facet normal 0 0 -1
    outer loop
      vertex -28.6788 -40.9576 0
      vertex -6.59613 -9.42025 0
      vertex -25 -43.3013 0
    endloop
  endfacet
  facet normal -0 0 -1
    outer loop
      vertex -6.59613 -9.42025 0
      vertex -28.6788 -40.9576 0
      vertex -7.39206 -8.80951 0
    endloop
  endfacet
  facet normal 0 0 -1
    outer loop
      vertex -32.1394 -38.3022 0
      vertex -7.39206 -8.80951 0
      vertex -28.6788 -40.9576 0
    endloop
  endfacet
  facet normal -0 0 -1
    outer loop
      vertex -7.39206 -8.80951 0
      vertex -32.1394 -38.3022 0
      vertex -8.13173 -8.13173 0
    endloop
  endfacet
  facet normal 0 0 -1
    outer loop
      vertex -35.3553 -35.3553 0
      vertex -8.13173 -8.13173 0
      vertex -32.1394 -38.3022 0
    endloop
  endfacet
  facet normal -0 0 -1
    outer loop
      vertex -8.13173 -8.13173 0
      vertex -35.3553 -35.3553 0
      vertex -8.80951 -7.39206 0
    endloop
  endfacet
  facet normal -0 0 -1
    outer loop
      vertex -8.80951 -7.39206 0
      vertex -38.3022 -32.1394 0
      vertex -9.42025 -6.59613 0
    endloop
  endfacet
  facet normal 0 0 -1
    outer loop
      vertex -38.3022 -32.1394 0
      vertex -8.80951 -7.39206 0
      vertex -35.3553 -35.3553 0
    endloop
  endfacet
  facet normal 0 0 -1
    outer loop
      vertex 8.80951 7.39206 0
      vertex 38.3022 32.1394 0
      vertex 9.42025 6.59613 0
    endloop
  endfacet
  facet normal -0 0 -1
    outer loop
      vertex 38.3022 32.1394 0
      vertex 8.80951 7.39206 0
      vertex 35.3553 35.3553 0
    endloop
  endfacet
  facet normal 0 0 -1
    outer loop
      vertex 8.13173 8.13173 0
      vertex 35.3553 35.3553 0
      vertex 8.80951 7.39206 0
    endloop
  endfacet
  facet normal -0 0 -1
    outer loop
      vertex 35.3553 35.3553 0
      vertex 8.13173 8.13173 0
      vertex 32.1394 38.3022 0
    endloop
  endfacet
  facet normal 0 0 -1
    outer loop
      vertex 7.39206 8.80951 0
      vertex 32.1394 38.3022 0
      vertex 8.13173 8.13173 0
    endloop
  endfacet
  facet normal -0 0 -1
    outer loop
      vertex 32.1394 38.3022 0
      vertex 7.39206 8.80951 0
      vertex 28.6788 40.9576 0
    endloop
  endfacet
  facet normal 0 0 -1
    outer loop
      vertex 6.59613 9.42025 0
      vertex 28.6788 40.9576 0
      vertex 7.39206 8.80951 0
    endloop
  endfacet
  facet normal -0 0 -1
    outer loop
      vertex 28.6788 40.9576 0
      vertex 6.59613 9.42025 0
      vertex 25 43.3013 0
    endloop
  endfacet
  facet normal 0 0 -1
    outer loop
      vertex 5.75 9.95929 0
      vertex 25 43.3013 0
      vertex 6.59613 9.42025 0
    endloop
  endfacet
  facet normal -0 0 -1
    outer loop
      vertex 25 43.3013 0
      vertex 5.75 9.95929 0
      vertex 21.1309 45.3154 0
    endloop
  endfacet
  facet normal 0 0 -1
    outer loop
      vertex 4.86011 10.4225 0
      vertex 21.1309 45.3154 0
      vertex 5.75 9.95929 0
    endloop
  endfacet
  facet normal -0 0 -1
    outer loop
      vertex 21.1309 45.3154 0
      vertex 4.86011 10.4225 0
      vertex 17.101 46.9846 0
    endloop
  endfacet
  facet normal 0 0 -1
    outer loop
      vertex 3.93323 10.8065 0
      vertex 17.101 46.9846 0
      vertex 4.86011 10.4225 0
    endloop
  endfacet
  facet normal -0 0 -1
    outer loop
      vertex 17.101 46.9846 0
      vertex 3.93323 10.8065 0
      vertex 12.941 48.2963 0
    endloop
  endfacet
  facet normal 0 0 -1
    outer loop
      vertex 2.97642 11.1081 0
      vertex 12.941 48.2963 0
      vertex 3.93323 10.8065 0
    endloop
  endfacet
  facet normal -0 0 -1
    outer loop
      vertex 12.941 48.2963 0
      vertex 2.97642 11.1081 0
      vertex 8.68241 49.2404 0
    endloop
  endfacet
  facet normal 0 0 -1
    outer loop
      vertex 1.99695 11.3253 0
      vertex 8.68241 49.2404 0
      vertex 2.97642 11.1081 0
    endloop
  endfacet
  facet normal -0 0 -1
    outer loop
      vertex 8.68241 49.2404 0
      vertex 1.99695 11.3253 0
      vertex 4.35779 49.8097 0
    endloop
  endfacet
  facet normal 0 0 -1
    outer loop
      vertex 1.00229 11.4562 0
      vertex 4.35779 49.8097 0
      vertex 1.99695 11.3253 0
    endloop
  endfacet
  facet normal 0 0 -1
    outer loop
      vertex 0 11.5 0
      vertex 4.35779 49.8097 0
      vertex 1.00229 11.4562 0
    endloop
  endfacet
  facet normal 0 0 -1
    outer loop
      vertex 0 11.5 0
      vertex 0 50 0
      vertex 4.35779 49.8097 0
    endloop
  endfacet
  facet normal 0 0 -1
    outer loop
      vertex -1.00229 11.4562 0
      vertex 0 50 0
      vertex 0 11.5 0
    endloop
  endfacet
  facet normal 0 0 -1
    outer loop
      vertex -4.35779 49.8097 0
      vertex -1.00229 11.4562 0
      vertex -1.99695 11.3253 0
    endloop
  endfacet
  facet normal 0 0 -1
    outer loop
      vertex -8.68241 49.2404 0
      vertex -1.99695 11.3253 0
      vertex -2.97642 11.1081 0
    endloop
  endfacet
  facet normal 0 0 -1
    outer loop
      vertex -12.941 48.2963 0
      vertex -2.97642 11.1081 0
      vertex -3.93323 10.8065 0
    endloop
  endfacet
  facet normal 0 0 -1
    outer loop
      vertex -1.00229 11.4562 0
      vertex -4.35779 49.8097 0
      vertex 0 50 0
    endloop
  endfacet
  facet normal 0 0 -1
    outer loop
      vertex -17.101 46.9846 0
      vertex -3.93323 10.8065 0
      vertex -4.86011 10.4225 0
    endloop
  endfacet
  facet normal 0 0 -1
    outer loop
      vertex -21.1309 45.3154 0
      vertex -4.86011 10.4225 0
      vertex -5.75 9.95929 0
    endloop
  endfacet
  facet normal 0 0 -1
    outer loop
      vertex -25 43.3013 0
      vertex -5.75 9.95929 0
      vertex -6.59613 9.42025 0
    endloop
  endfacet
  facet normal 0 0 -1
    outer loop
      vertex -28.6788 40.9576 0
      vertex -6.59613 9.42025 0
      vertex -7.39206 8.80951 0
    endloop
  endfacet
  facet normal 0 0 -1
    outer loop
      vertex -32.1394 38.3022 0
      vertex -7.39206 8.80951 0
      vertex -8.13173 8.13173 0
    endloop
  endfacet
  facet normal 0 0 -1
    outer loop
      vertex -1.99695 11.3253 0
      vertex -8.68241 49.2404 0
      vertex -4.35779 49.8097 0
    endloop
  endfacet
  facet normal 0 0 -1
    outer loop
      vertex -35.3553 35.3553 0
      vertex -8.13173 8.13173 0
      vertex -8.80951 7.39206 0
    endloop
  endfacet
  facet normal 0 0 -1
    outer loop
      vertex -38.3022 32.1394 0
      vertex -8.80951 7.39206 0
      vertex -9.42025 6.59613 0
    endloop
  endfacet
  facet normal 0 0 -1
    outer loop
      vertex -40.9576 28.6788 0
      vertex -9.42025 6.59613 0
      vertex -9.95929 5.75 0
    endloop
  endfacet
  facet normal 0 0 -1
    outer loop
      vertex -43.3013 25 0
      vertex -9.95929 5.75 0
      vertex -10.4225 4.86011 0
    endloop
  endfacet
  facet normal 0 0 -1
    outer loop
      vertex -45.3154 21.1309 0
      vertex -10.4225 4.86011 0
      vertex -10.8065 3.93323 0
    endloop
  endfacet
  facet normal 0 0 -1
    outer loop
      vertex -46.9846 17.101 0
      vertex -10.8065 3.93323 0
      vertex -11.1081 2.97642 0
    endloop
  endfacet
  facet normal 0 0 -1
    outer loop
      vertex -48.2963 12.941 0
      vertex -11.1081 2.97642 0
      vertex -11.3253 1.99695 0
    endloop
  endfacet
  facet normal 0 0 -1
    outer loop
      vertex -49.2404 8.68241 0
      vertex -11.3253 1.99695 0
      vertex -11.4562 1.00229 0
    endloop
  endfacet
  facet normal 0 0 -1
    outer loop
      vertex -2.97642 11.1081 0
      vertex -12.941 48.2963 0
      vertex -8.68241 49.2404 0
    endloop
  endfacet
  facet normal 0 0 -1
    outer loop
      vertex -49.8097 4.35779 0
      vertex -11.4562 1.00229 0
      vertex -11.5 0 0
    endloop
  endfacet
  facet normal 0 0 -1
    outer loop
      vertex -40.9576 -28.6788 0
      vertex -9.42025 -6.59613 0
      vertex -38.3022 -32.1394 0
    endloop
  endfacet
  facet normal -0 0 -1
    outer loop
      vertex -9.42025 -6.59613 0
      vertex -40.9576 -28.6788 0
      vertex -9.95929 -5.75 0
    endloop
  endfacet
  facet normal 0 0 -1
    outer loop
      vertex -3.93323 10.8065 0
      vertex -17.101 46.9846 0
      vertex -12.941 48.2963 0
    endloop
  endfacet
  facet normal 0 0 -1
    outer loop
      vertex -43.3013 -25 0
      vertex -9.95929 -5.75 0
      vertex -40.9576 -28.6788 0
    endloop
  endfacet
  facet normal 0 0 -1
    outer loop
      vertex -4.86011 10.4225 0
      vertex -21.1309 45.3154 0
      vertex -17.101 46.9846 0
    endloop
  endfacet
  facet normal -0 0 -1
    outer loop
      vertex -9.95929 -5.75 0
      vertex -43.3013 -25 0
      vertex -10.4225 -4.86011 0
    endloop
  endfacet
  facet normal 0 0 -1
    outer loop
      vertex -5.75 9.95929 0
      vertex -25 43.3013 0
      vertex -21.1309 45.3154 0
    endloop
  endfacet
  facet normal 0 0 -1
    outer loop
      vertex -45.3154 -21.1309 0
      vertex -10.4225 -4.86011 0
      vertex -43.3013 -25 0
    endloop
  endfacet
  facet normal 0 0 -1
    outer loop
      vertex -6.59613 9.42025 0
      vertex -28.6788 40.9576 0
      vertex -25 43.3013 0
    endloop
  endfacet
  facet normal -0 0 -1
    outer loop
      vertex -10.4225 -4.86011 0
      vertex -45.3154 -21.1309 0
      vertex -10.8065 -3.93323 0
    endloop
  endfacet
  facet normal 0 0 -1
    outer loop
      vertex -7.39206 8.80951 0
      vertex -32.1394 38.3022 0
      vertex -28.6788 40.9576 0
    endloop
  endfacet
  facet normal 0 0 -1
    outer loop
      vertex -46.9846 -17.101 0
      vertex -10.8065 -3.93323 0
      vertex -45.3154 -21.1309 0
    endloop
  endfacet
  facet normal 0 0 -1
    outer loop
      vertex -8.13173 8.13173 0
      vertex -35.3553 35.3553 0
      vertex -32.1394 38.3022 0
    endloop
  endfacet
  facet normal -0 0 -1
    outer loop
      vertex -10.8065 -3.93323 0
      vertex -46.9846 -17.101 0
      vertex -11.1081 -2.97642 0
    endloop
  endfacet
  facet normal 0 0 -1
    outer loop
      vertex -8.80951 7.39206 0
      vertex -38.3022 32.1394 0
      vertex -35.3553 35.3553 0
    endloop
  endfacet
  facet normal 0 0 -1
    outer loop
      vertex -48.2963 -12.941 0
      vertex -11.1081 -2.97642 0
      vertex -46.9846 -17.101 0
    endloop
  endfacet
  facet normal 0 0 -1
    outer loop
      vertex -9.42025 6.59613 0
      vertex -40.9576 28.6788 0
      vertex -38.3022 32.1394 0
    endloop
  endfacet
  facet normal -0 0 -1
    outer loop
      vertex -11.1081 -2.97642 0
      vertex -48.2963 -12.941 0
      vertex -11.3253 -1.99695 0
    endloop
  endfacet
  facet normal 0 0 -1
    outer loop
      vertex -9.95929 5.75 0
      vertex -43.3013 25 0
      vertex -40.9576 28.6788 0
    endloop
  endfacet
  facet normal 0 0 -1
    outer loop
      vertex -49.2404 -8.68241 0
      vertex -11.3253 -1.99695 0
      vertex -48.2963 -12.941 0
    endloop
  endfacet
  facet normal 0 0 -1
    outer loop
      vertex -10.4225 4.86011 0
      vertex -45.3154 21.1309 0
      vertex -43.3013 25 0
    endloop
  endfacet
  facet normal -0 0 -1
    outer loop
      vertex -11.3253 -1.99695 0
      vertex -49.2404 -8.68241 0
      vertex -11.4562 -1.00229 0
    endloop
  endfacet
  facet normal 0 0 -1
    outer loop
      vertex -10.8065 3.93323 0
      vertex -46.9846 17.101 0
      vertex -45.3154 21.1309 0
    endloop
  endfacet
  facet normal 0 0 -1
    outer loop
      vertex -49.8097 -4.35779 0
      vertex -11.4562 -1.00229 0
      vertex -49.2404 -8.68241 0
    endloop
  endfacet
  facet normal 0 0 -1
    outer loop
      vertex -11.1081 2.97642 0
      vertex -48.2963 12.941 0
      vertex -46.9846 17.101 0
    endloop
  endfacet
  facet normal -0 0 -1
    outer loop
      vertex -11.4562 -1.00229 0
      vertex -49.8097 -4.35779 0
      vertex -11.5 0 0
    endloop
  endfacet
  facet normal 0 0 -1
    outer loop
      vertex -11.3253 1.99695 0
      vertex -49.2404 8.68241 0
      vertex -48.2963 12.941 0
    endloop
  endfacet
  facet normal 0 0 -1
    outer loop
      vertex -50 0 0
      vertex -11.5 0 0
      vertex -49.8097 -4.35779 0
    endloop
  endfacet
  facet normal 0 0 -1
    outer loop
      vertex -11.4562 1.00229 0
      vertex -49.8097 4.35779 0
      vertex -49.2404 8.68241 0
    endloop
  endfacet
  facet normal 0 0 -1
    outer loop
      vertex -11.5 0 0
      vertex -50 0 0
      vertex -49.8097 4.35779 0
    endloop
  endfacet
  facet normal 0 0 1
    outer loop
      vertex 23.7 0 8
      vertex 50 0 8
      vertex 49.8097 4.35779 8
    endloop
  endfacet
  facet normal 0 0 1
    outer loop
      vertex 23.6098 2.06559 8
      vertex 49.8097 4.35779 8
      vertex 49.2404 8.68241 8
    endloop
  endfacet
  facet normal 0 0 1
    outer loop
      vertex 50 0 8
      vertex 23.7 0 8
      vertex 49.8097 -4.35779 8
    endloop
  endfacet
  facet normal 0 0 1
    outer loop
      vertex 23.3399 4.11546 8
      vertex 49.2404 8.68241 8
      vertex 48.2963 12.941 8
    endloop
  endfacet
  facet normal -0 0 1
    outer loop
      vertex 23.6098 -2.06559 8
      vertex 49.8097 -4.35779 8
      vertex 23.7 0 8
    endloop
  endfacet
  facet normal 0 0 1
    outer loop
      vertex 22.8924 6.13401 8
      vertex 48.2963 12.941 8
      vertex 46.9846 17.101 8
    endloop
  endfacet
  facet normal 0 0 1
    outer loop
      vertex 49.8097 -4.35779 8
      vertex 23.6098 -2.06559 8
      vertex 49.2404 -8.68241 8
    endloop
  endfacet
  facet normal 0 0 1
    outer loop
      vertex 22.2707 8.10588 8
      vertex 46.9846 17.101 8
      vertex 45.3154 21.1309 8
    endloop
  endfacet
  facet normal -0 0 1
    outer loop
      vertex 23.3399 -4.11546 8
      vertex 49.2404 -8.68241 8
      vertex 23.6098 -2.06559 8
    endloop
  endfacet
  facet normal 0 0 1
    outer loop
      vertex 21.4795 10.0161 8
      vertex 45.3154 21.1309 8
      vertex 43.3013 25 8
    endloop
  endfacet
  facet normal 0 0 1
    outer loop
      vertex 49.2404 -8.68241 8
      vertex 23.3399 -4.11546 8
      vertex 48.2963 -12.941 8
    endloop
  endfacet
  facet normal 0 0 1
    outer loop
      vertex 20.5248 11.85 8
      vertex 43.3013 25 8
      vertex 40.9576 28.6788 8
    endloop
  endfacet
  facet normal -0 0 1
    outer loop
      vertex 22.8924 -6.13401 8
      vertex 48.2963 -12.941 8
      vertex 23.3399 -4.11546 8
    endloop
  endfacet
  facet normal 0 0 1
    outer loop
      vertex 19.4139 13.5938 8
      vertex 40.9576 28.6788 8
      vertex 38.3022 32.1394 8
    endloop
  endfacet
  facet normal 0 0 1
    outer loop
      vertex 48.2963 -12.941 8
      vertex 22.8924 -6.13401 8
      vertex 46.9846 -17.101 8
    endloop
  endfacet
  facet normal 0 0 1
    outer loop
      vertex 18.1553 15.2341 8
      vertex 38.3022 32.1394 8
      vertex 35.3553 35.3553 8
    endloop
  endfacet
  facet normal -0 0 1
    outer loop
      vertex 22.2707 -8.10588 8
      vertex 46.9846 -17.101 8
      vertex 22.8924 -6.13401 8
    endloop
  endfacet
  facet normal 0 0 1
    outer loop
      vertex 16.7584 16.7584 8
      vertex 35.3553 35.3553 8
      vertex 32.1394 38.3022 8
    endloop
  endfacet
  facet normal 0 0 1
    outer loop
      vertex 46.9846 -17.101 8
      vertex 22.2707 -8.10588 8
      vertex 45.3154 -21.1309 8
    endloop
  endfacet
  facet normal 0 0 1
    outer loop
      vertex 15.2341 18.1553 8
      vertex 32.1394 38.3022 8
      vertex 28.6788 40.9576 8
    endloop
  endfacet
  facet normal -0 0 1
    outer loop
      vertex 21.4795 -10.0161 8
      vertex 45.3154 -21.1309 8
      vertex 22.2707 -8.10588 8
    endloop
  endfacet
  facet normal 0 0 1
    outer loop
      vertex 13.5938 19.4139 8
      vertex 28.6788 40.9576 8
      vertex 25 43.3013 8
    endloop
  endfacet
  facet normal 0 0 1
    outer loop
      vertex 45.3154 -21.1309 8
      vertex 21.4795 -10.0161 8
      vertex 43.3013 -25 8
    endloop
  endfacet
  facet normal -0 0 1
    outer loop
      vertex 20.5248 -11.85 8
      vertex 43.3013 -25 8
      vertex 21.4795 -10.0161 8
    endloop
  endfacet
  facet normal 0 0 1
    outer loop
      vertex 49.8097 4.35779 8
      vertex 23.6098 2.06559 8
      vertex 23.7 0 8
    endloop
  endfacet
  facet normal 0 0 1
    outer loop
      vertex 49.2404 8.68241 8
      vertex 23.3399 4.11546 8
      vertex 23.6098 2.06559 8
    endloop
  endfacet
  facet normal 0 0 1
    outer loop
      vertex 48.2963 12.941 8
      vertex 22.8924 6.13401 8
      vertex 23.3399 4.11546 8
    endloop
  endfacet
  facet normal 0 0 1
    outer loop
      vertex 46.9846 17.101 8
      vertex 22.2707 8.10588 8
      vertex 22.8924 6.13401 8
    endloop
  endfacet
  facet normal 0 0 1
    outer loop
      vertex 45.3154 21.1309 8
      vertex 21.4795 10.0161 8
      vertex 22.2707 8.10588 8
    endloop
  endfacet
  facet normal 0 0 1
    outer loop
      vertex 11.85 20.5248 8
      vertex 25 43.3013 8
      vertex 21.1309 45.3154 8
    endloop
  endfacet
  facet normal 0 0 1
    outer loop
      vertex 43.3013 25 8
      vertex 20.5248 11.85 8
      vertex 21.4795 10.0161 8
    endloop
  endfacet
  facet normal 0 0 1
    outer loop
      vertex 40.9576 28.6788 8
      vertex 19.4139 13.5938 8
      vertex 20.5248 11.85 8
    endloop
  endfacet
  facet normal 0 0 1
    outer loop
      vertex 38.3022 32.1394 8
      vertex 18.1553 15.2341 8
      vertex 19.4139 13.5938 8
    endloop
  endfacet
  facet normal 0 0 1
    outer loop
      vertex 10.0161 21.4795 8
      vertex 21.1309 45.3154 8
      vertex 17.101 46.9846 8
    endloop
  endfacet
  facet normal 0 0 1
    outer loop
      vertex 35.3553 35.3553 8
      vertex 16.7584 16.7584 8
      vertex 18.1553 15.2341 8
    endloop
  endfacet
  facet normal 0 0 1
    outer loop
      vertex 32.1394 38.3022 8
      vertex 15.2341 18.1553 8
      vertex 16.7584 16.7584 8
    endloop
  endfacet
  facet normal 0 0 1
    outer loop
      vertex 28.6788 40.9576 8
      vertex 13.5938 19.4139 8
      vertex 15.2341 18.1553 8
    endloop
  endfacet
  facet normal 0 0 1
    outer loop
      vertex 8.10588 22.2707 8
      vertex 17.101 46.9846 8
      vertex 12.941 48.2963 8
    endloop
  endfacet
  facet normal 0 0 1
    outer loop
      vertex 25 43.3013 8
      vertex 11.85 20.5248 8
      vertex 13.5938 19.4139 8
    endloop
  endfacet
  facet normal 0 0 1
    outer loop
      vertex 21.1309 45.3154 8
      vertex 10.0161 21.4795 8
      vertex 11.85 20.5248 8
    endloop
  endfacet
  facet normal 0 0 1
    outer loop
      vertex 6.13401 22.8924 8
      vertex 12.941 48.2963 8
      vertex 8.68241 49.2404 8
    endloop
  endfacet
  facet normal 0 0 1
    outer loop
      vertex 17.101 46.9846 8
      vertex 8.10588 22.2707 8
      vertex 10.0161 21.4795 8
    endloop
  endfacet
  facet normal 0 0 1
    outer loop
      vertex 12.941 48.2963 8
      vertex 6.13401 22.8924 8
      vertex 8.10588 22.2707 8
    endloop
  endfacet
  facet normal 0 0 1
    outer loop
      vertex 4.11546 23.3399 8
      vertex 8.68241 49.2404 8
      vertex 4.35779 49.8097 8
    endloop
  endfacet
  facet normal 0 0 1
    outer loop
      vertex 8.68241 49.2404 8
      vertex 4.11546 23.3399 8
      vertex 6.13401 22.8924 8
    endloop
  endfacet
  facet normal 0 0 1
    outer loop
      vertex 4.35779 49.8097 8
      vertex 2.06559 23.6098 8
      vertex 4.11546 23.3399 8
    endloop
  endfacet
  facet normal 0 0 1
    outer loop
      vertex 0 50 8
      vertex 2.06559 23.6098 8
      vertex 4.35779 49.8097 8
    endloop
  endfacet
  facet normal 0 0 1
    outer loop
      vertex 0 50 8
      vertex 0 23.7 8
      vertex 2.06559 23.6098 8
    endloop
  endfacet
  facet normal 0 0 1
    outer loop
      vertex 0 50 8
      vertex -2.06559 23.6098 8
      vertex 0 23.7 8
    endloop
  endfacet
  facet normal -0 0 1
    outer loop
      vertex -4.35779 49.8097 8
      vertex -2.06559 23.6098 8
      vertex 0 50 8
    endloop
  endfacet
  facet normal 0 0 1
    outer loop
      vertex -2.06559 23.6098 8
      vertex -4.35779 49.8097 8
      vertex -4.11546 23.3399 8
    endloop
  endfacet
  facet normal -0 0 1
    outer loop
      vertex -8.68241 49.2404 8
      vertex -4.11546 23.3399 8
      vertex -4.35779 49.8097 8
    endloop
  endfacet
  facet normal 0 0 1
    outer loop
      vertex -4.11546 23.3399 8
      vertex -8.68241 49.2404 8
      vertex -6.13401 22.8924 8
    endloop
  endfacet
  facet normal -0 0 1
    outer loop
      vertex -12.941 48.2963 8
      vertex -6.13401 22.8924 8
      vertex -8.68241 49.2404 8
    endloop
  endfacet
  facet normal 0 0 1
    outer loop
      vertex -6.13401 22.8924 8
      vertex -12.941 48.2963 8
      vertex -8.10588 22.2707 8
    endloop
  endfacet
  facet normal -0 0 1
    outer loop
      vertex -17.101 46.9846 8
      vertex -8.10588 22.2707 8
      vertex -12.941 48.2963 8
    endloop
  endfacet
  facet normal 0 0 1
    outer loop
      vertex -8.10588 22.2707 8
      vertex -17.101 46.9846 8
      vertex -10.0161 21.4795 8
    endloop
  endfacet
  facet normal -0 0 1
    outer loop
      vertex -21.1309 45.3154 8
      vertex -10.0161 21.4795 8
      vertex -17.101 46.9846 8
    endloop
  endfacet
  facet normal 0 0 1
    outer loop
      vertex -10.0161 21.4795 8
      vertex -21.1309 45.3154 8
      vertex -11.85 20.5248 8
    endloop
  endfacet
  facet normal -0 0 1
    outer loop
      vertex -25 43.3013 8
      vertex -11.85 20.5248 8
      vertex -21.1309 45.3154 8
    endloop
  endfacet
  facet normal 0 0 1
    outer loop
      vertex -11.85 20.5248 8
      vertex -25 43.3013 8
      vertex -13.5938 19.4139 8
    endloop
  endfacet
  facet normal -0 0 1
    outer loop
      vertex -28.6788 40.9576 8
      vertex -13.5938 19.4139 8
      vertex -25 43.3013 8
    endloop
  endfacet
  facet normal 0 0 1
    outer loop
      vertex -13.5938 19.4139 8
      vertex -28.6788 40.9576 8
      vertex -15.2341 18.1553 8
    endloop
  endfacet
  facet normal -0 0 1
    outer loop
      vertex -32.1394 38.3022 8
      vertex -15.2341 18.1553 8
      vertex -28.6788 40.9576 8
    endloop
  endfacet
  facet normal 0 0 1
    outer loop
      vertex -15.2341 18.1553 8
      vertex -32.1394 38.3022 8
      vertex -16.7584 16.7584 8
    endloop
  endfacet
  facet normal -0 0 1
    outer loop
      vertex -35.3553 35.3553 8
      vertex -16.7584 16.7584 8
      vertex -32.1394 38.3022 8
    endloop
  endfacet
  facet normal 0 0 1
    outer loop
      vertex -16.7584 16.7584 8
      vertex -35.3553 35.3553 8
      vertex -18.1553 15.2341 8
    endloop
  endfacet
  facet normal -0 0 1
    outer loop
      vertex -38.3022 32.1394 8
      vertex -18.1553 15.2341 8
      vertex -35.3553 35.3553 8
    endloop
  endfacet
  facet normal 0 0 1
    outer loop
      vertex -18.1553 15.2341 8
      vertex -38.3022 32.1394 8
      vertex -19.4139 13.5938 8
    endloop
  endfacet
  facet normal -0 0 1
    outer loop
      vertex -40.9576 28.6788 8
      vertex -19.4139 13.5938 8
      vertex -38.3022 32.1394 8
    endloop
  endfacet
  facet normal -0 0 1
    outer loop
      vertex -43.3013 25 8
      vertex -20.5248 11.85 8
      vertex -40.9576 28.6788 8
    endloop
  endfacet
  facet normal 0 0 1
    outer loop
      vertex -19.4139 13.5938 8
      vertex -40.9576 28.6788 8
      vertex -20.5248 11.85 8
    endloop
  endfacet
  facet normal 0 0 1
    outer loop
      vertex 43.3013 -25 8
      vertex 20.5248 -11.85 8
      vertex 40.9576 -28.6788 8
    endloop
  endfacet
  facet normal -0 0 1
    outer loop
      vertex 19.4139 -13.5938 8
      vertex 40.9576 -28.6788 8
      vertex 20.5248 -11.85 8
    endloop
  endfacet
  facet normal 0 0 1
    outer loop
      vertex 40.9576 -28.6788 8
      vertex 19.4139 -13.5938 8
      vertex 38.3022 -32.1394 8
    endloop
  endfacet
  facet normal -0 0 1
    outer loop
      vertex 18.1553 -15.2341 8
      vertex 38.3022 -32.1394 8
      vertex 19.4139 -13.5938 8
    endloop
  endfacet
  facet normal 0 0 1
    outer loop
      vertex 38.3022 -32.1394 8
      vertex 18.1553 -15.2341 8
      vertex 35.3553 -35.3553 8
    endloop
  endfacet
  facet normal -0 0 1
    outer loop
      vertex 16.7584 -16.7584 8
      vertex 35.3553 -35.3553 8
      vertex 18.1553 -15.2341 8
    endloop
  endfacet
  facet normal 0 0 1
    outer loop
      vertex 35.3553 -35.3553 8
      vertex 16.7584 -16.7584 8
      vertex 32.1394 -38.3022 8
    endloop
  endfacet
  facet normal -0 0 1
    outer loop
      vertex 15.2341 -18.1553 8
      vertex 32.1394 -38.3022 8
      vertex 16.7584 -16.7584 8
    endloop
  endfacet
  facet normal 0 0 1
    outer loop
      vertex 32.1394 -38.3022 8
      vertex 15.2341 -18.1553 8
      vertex 28.6788 -40.9576 8
    endloop
  endfacet
  facet normal -0 0 1
    outer loop
      vertex 13.5938 -19.4139 8
      vertex 28.6788 -40.9576 8
      vertex 15.2341 -18.1553 8
    endloop
  endfacet
  facet normal 0 0 1
    outer loop
      vertex 28.6788 -40.9576 8
      vertex 13.5938 -19.4139 8
      vertex 25 -43.3013 8
    endloop
  endfacet
  facet normal -0 0 1
    outer loop
      vertex 11.85 -20.5248 8
      vertex 25 -43.3013 8
      vertex 13.5938 -19.4139 8
    endloop
  endfacet
  facet normal 0 0 1
    outer loop
      vertex 25 -43.3013 8
      vertex 11.85 -20.5248 8
      vertex 21.1309 -45.3154 8
    endloop
  endfacet
  facet normal -0 0 1
    outer loop
      vertex 10.0161 -21.4795 8
      vertex 21.1309 -45.3154 8
      vertex 11.85 -20.5248 8
    endloop
  endfacet
  facet normal 0 0 1
    outer loop
      vertex 21.1309 -45.3154 8
      vertex 10.0161 -21.4795 8
      vertex 17.101 -46.9846 8
    endloop
  endfacet
  facet normal -0 0 1
    outer loop
      vertex 8.10588 -22.2707 8
      vertex 17.101 -46.9846 8
      vertex 10.0161 -21.4795 8
    endloop
  endfacet
  facet normal 0 0 1
    outer loop
      vertex 17.101 -46.9846 8
      vertex 8.10588 -22.2707 8
      vertex 12.941 -48.2963 8
    endloop
  endfacet
  facet normal -0 0 1
    outer loop
      vertex 6.13401 -22.8924 8
      vertex 12.941 -48.2963 8
      vertex 8.10588 -22.2707 8
    endloop
  endfacet
  facet normal 0 0 1
    outer loop
      vertex 12.941 -48.2963 8
      vertex 6.13401 -22.8924 8
      vertex 8.68241 -49.2404 8
    endloop
  endfacet
  facet normal -0 0 1
    outer loop
      vertex 4.11546 -23.3399 8
      vertex 8.68241 -49.2404 8
      vertex 6.13401 -22.8924 8
    endloop
  endfacet
  facet normal 0 0 1
    outer loop
      vertex 8.68241 -49.2404 8
      vertex 4.11546 -23.3399 8
      vertex 4.35779 -49.8097 8
    endloop
  endfacet
  facet normal -0 0 1
    outer loop
      vertex 2.06559 -23.6098 8
      vertex 4.35779 -49.8097 8
      vertex 4.11546 -23.3399 8
    endloop
  endfacet
  facet normal -0 0 1
    outer loop
      vertex 0 -23.7 8
      vertex 4.35779 -49.8097 8
      vertex 2.06559 -23.6098 8
    endloop
  endfacet
  facet normal 0 0 1
    outer loop
      vertex 0 -23.7 8
      vertex 0 -50 8
      vertex 4.35779 -49.8097 8
    endloop
  endfacet
  facet normal 0 0 1
    outer loop
      vertex -2.06559 -23.6098 8
      vertex 0 -50 8
      vertex 0 -23.7 8
    endloop
  endfacet
  facet normal 0 0 1
    outer loop
      vertex -4.35779 -49.8097 8
      vertex -2.06559 -23.6098 8
      vertex -4.11546 -23.3399 8
    endloop
  endfacet
  facet normal 0 0 1
    outer loop
      vertex -2.06559 -23.6098 8
      vertex -4.35779 -49.8097 8
      vertex 0 -50 8
    endloop
  endfacet
  facet normal 0 0 1
    outer loop
      vertex -8.68241 -49.2404 8
      vertex -4.11546 -23.3399 8
      vertex -6.13401 -22.8924 8
    endloop
  endfacet
  facet normal 0 0 1
    outer loop
      vertex -12.941 -48.2963 8
      vertex -6.13401 -22.8924 8
      vertex -8.10588 -22.2707 8
    endloop
  endfacet
  facet normal 0 0 1
    outer loop
      vertex -4.11546 -23.3399 8
      vertex -8.68241 -49.2404 8
      vertex -4.35779 -49.8097 8
    endloop
  endfacet
  facet normal 0 0 1
    outer loop
      vertex -17.101 -46.9846 8
      vertex -8.10588 -22.2707 8
      vertex -10.0161 -21.4795 8
    endloop
  endfacet
  facet normal 0 0 1
    outer loop
      vertex -21.1309 -45.3154 8
      vertex -10.0161 -21.4795 8
      vertex -11.85 -20.5248 8
    endloop
  endfacet
  facet normal 0 0 1
    outer loop
      vertex -6.13401 -22.8924 8
      vertex -12.941 -48.2963 8
      vertex -8.68241 -49.2404 8
    endloop
  endfacet
  facet normal 0 0 1
    outer loop
      vertex -25 -43.3013 8
      vertex -11.85 -20.5248 8
      vertex -13.5938 -19.4139 8
    endloop
  endfacet
  facet normal 0 0 1
    outer loop
      vertex -28.6788 -40.9576 8
      vertex -13.5938 -19.4139 8
      vertex -15.2341 -18.1553 8
    endloop
  endfacet
  facet normal 0 0 1
    outer loop
      vertex -32.1394 -38.3022 8
      vertex -15.2341 -18.1553 8
      vertex -16.7584 -16.7584 8
    endloop
  endfacet
  facet normal 0 0 1
    outer loop
      vertex -8.10588 -22.2707 8
      vertex -17.101 -46.9846 8
      vertex -12.941 -48.2963 8
    endloop
  endfacet
  facet normal 0 0 1
    outer loop
      vertex -35.3553 -35.3553 8
      vertex -16.7584 -16.7584 8
      vertex -18.1553 -15.2341 8
    endloop
  endfacet
  facet normal 0 0 1
    outer loop
      vertex -38.3022 -32.1394 8
      vertex -18.1553 -15.2341 8
      vertex -19.4139 -13.5938 8
    endloop
  endfacet
  facet normal 0 0 1
    outer loop
      vertex -40.9576 -28.6788 8
      vertex -19.4139 -13.5938 8
      vertex -20.5248 -11.85 8
    endloop
  endfacet
  facet normal 0 0 1
    outer loop
      vertex -10.0161 -21.4795 8
      vertex -21.1309 -45.3154 8
      vertex -17.101 -46.9846 8
    endloop
  endfacet
  facet normal 0 0 1
    outer loop
      vertex -43.3013 -25 8
      vertex -20.5248 -11.85 8
      vertex -21.4795 -10.0161 8
    endloop
  endfacet
  facet normal 0 0 1
    outer loop
      vertex -45.3154 -21.1309 8
      vertex -21.4795 -10.0161 8
      vertex -22.2707 -8.10588 8
    endloop
  endfacet
  facet normal 0 0 1
    outer loop
      vertex -46.9846 -17.101 8
      vertex -22.2707 -8.10588 8
      vertex -22.8924 -6.13401 8
    endloop
  endfacet
  facet normal 0 0 1
    outer loop
      vertex -48.2963 -12.941 8
      vertex -22.8924 -6.13401 8
      vertex -23.3399 -4.11546 8
    endloop
  endfacet
  facet normal 0 0 1
    outer loop
      vertex -49.2404 -8.68241 8
      vertex -23.3399 -4.11546 8
      vertex -23.6098 -2.06559 8
    endloop
  endfacet
  facet normal 0 0 1
    outer loop
      vertex -11.85 -20.5248 8
      vertex -25 -43.3013 8
      vertex -21.1309 -45.3154 8
    endloop
  endfacet
  facet normal 0 0 1
    outer loop
      vertex -49.8097 -4.35779 8
      vertex -23.6098 -2.06559 8
      vertex -23.7 0 8
    endloop
  endfacet
  facet normal 0 0 1
    outer loop
      vertex -20.5248 11.85 8
      vertex -43.3013 25 8
      vertex -21.4795 10.0161 8
    endloop
  endfacet
  facet normal -0 0 1
    outer loop
      vertex -45.3154 21.1309 8
      vertex -21.4795 10.0161 8
      vertex -43.3013 25 8
    endloop
  endfacet
  facet normal 0 0 1
    outer loop
      vertex -13.5938 -19.4139 8
      vertex -28.6788 -40.9576 8
      vertex -25 -43.3013 8
    endloop
  endfacet
  facet normal 0 0 1
    outer loop
      vertex -21.4795 10.0161 8
      vertex -45.3154 21.1309 8
      vertex -22.2707 8.10588 8
    endloop
  endfacet
  facet normal 0 0 1
    outer loop
      vertex -15.2341 -18.1553 8
      vertex -32.1394 -38.3022 8
      vertex -28.6788 -40.9576 8
    endloop
  endfacet
  facet normal -0 0 1
    outer loop
      vertex -46.9846 17.101 8
      vertex -22.2707 8.10588 8
      vertex -45.3154 21.1309 8
    endloop
  endfacet
  facet normal 0 0 1
    outer loop
      vertex -16.7584 -16.7584 8
      vertex -35.3553 -35.3553 8
      vertex -32.1394 -38.3022 8
    endloop
  endfacet
  facet normal 0 0 1
    outer loop
      vertex -22.2707 8.10588 8
      vertex -46.9846 17.101 8
      vertex -22.8924 6.13401 8
    endloop
  endfacet
  facet normal 0 0 1
    outer loop
      vertex -18.1553 -15.2341 8
      vertex -38.3022 -32.1394 8
      vertex -35.3553 -35.3553 8
    endloop
  endfacet
  facet normal -0 0 1
    outer loop
      vertex -48.2963 12.941 8
      vertex -22.8924 6.13401 8
      vertex -46.9846 17.101 8
    endloop
  endfacet
  facet normal 0 0 1
    outer loop
      vertex -19.4139 -13.5938 8
      vertex -40.9576 -28.6788 8
      vertex -38.3022 -32.1394 8
    endloop
  endfacet
  facet normal 0 0 1
    outer loop
      vertex -22.8924 6.13401 8
      vertex -48.2963 12.941 8
      vertex -23.3399 4.11546 8
    endloop
  endfacet
  facet normal 0 0 1
    outer loop
      vertex -20.5248 -11.85 8
      vertex -43.3013 -25 8
      vertex -40.9576 -28.6788 8
    endloop
  endfacet
  facet normal -0 0 1
    outer loop
      vertex -49.2404 8.68241 8
      vertex -23.3399 4.11546 8
      vertex -48.2963 12.941 8
    endloop
  endfacet
  facet normal 0 0 1
    outer loop
      vertex -21.4795 -10.0161 8
      vertex -45.3154 -21.1309 8
      vertex -43.3013 -25 8
    endloop
  endfacet
  facet normal 0 0 1
    outer loop
      vertex -23.3399 4.11546 8
      vertex -49.2404 8.68241 8
      vertex -23.6098 2.06559 8
    endloop
  endfacet
  facet normal 0 0 1
    outer loop
      vertex -22.2707 -8.10588 8
      vertex -46.9846 -17.101 8
      vertex -45.3154 -21.1309 8
    endloop
  endfacet
  facet normal -0 0 1
    outer loop
      vertex -49.8097 4.35779 8
      vertex -23.6098 2.06559 8
      vertex -49.2404 8.68241 8
    endloop
  endfacet
  facet normal 0 0 1
    outer loop
      vertex -22.8924 -6.13401 8
      vertex -48.2963 -12.941 8
      vertex -46.9846 -17.101 8
    endloop
  endfacet
  facet normal 0 0 1
    outer loop
      vertex -23.6098 2.06559 8
      vertex -49.8097 4.35779 8
      vertex -23.7 0 8
    endloop
  endfacet
  facet normal 0 0 1
    outer loop
      vertex -23.3399 -4.11546 8
      vertex -49.2404 -8.68241 8
      vertex -48.2963 -12.941 8
    endloop
  endfacet
  facet normal 0 0 1
    outer loop
      vertex -50 0 8
      vertex -23.7 0 8
      vertex -49.8097 4.35779 8
    endloop
  endfacet
  facet normal 0 0 1
    outer loop
      vertex -23.6098 -2.06559 8
      vertex -49.8097 -4.35779 8
      vertex -49.2404 -8.68241 8
    endloop
  endfacet
  facet normal 0 0 1
    outer loop
      vertex -23.7 0 8
      vertex -50 0 8
      vertex -49.8097 -4.35779 8
    endloop
  endfacet
  facet normal 0.530665 0.691652 0.48991
    outer loop
      vertex 13.5938 19.4139 8
      vertex 8.43157 12.0415 24
      vertex 9.44898 11.2609 24
    endloop
  endfacet
  facet normal -0.33364 0.805405 0.489905
    outer loop
      vertex -5.0277 13.8135 24
      vertex -8.10588 22.2707 8
      vertex -6.21249 13.3227 24
    endloop
  endfacet
  facet normal 0.870946 0.0380005 0.489907
    outer loop
      vertex 23.7 0 8
      vertex 14.6441 1.28119 24
      vertex 14.7 0 24
    endloop
  endfacet
  facet normal 0.870946 0.0380324 0.489905
    outer loop
      vertex 23.6098 2.06559 8
      vertex 14.6441 1.28119 24
      vertex 23.7 0 8
    endloop
  endfacet
  facet normal -0.773267 0.402551 0.489908
    outer loop
      vertex -20.5248 11.85 8
      vertex -21.4795 10.0161 8
      vertex -13.3227 6.21249 24
    endloop
  endfacet
  facet normal 0.773267 -0.402551 0.489908
    outer loop
      vertex 21.4795 -10.0161 8
      vertex 13.3227 -6.21249 24
      vertex 20.5248 -11.85 8
    endloop
  endfacet
  facet normal 0.642745 -0.58896 0.489903
    outer loop
      vertex 11.2609 -9.44898 24
      vertex 10.3945 -10.3945 24
      vertex 16.7584 -16.7584 8
    endloop
  endfacet
  facet normal -0.262137 -0.831431 0.489905
    outer loop
      vertex -5.0277 -13.8135 24
      vertex -8.10588 -22.2707 8
      vertex -6.13401 -22.8924 8
    endloop
  endfacet
  facet normal 0.80542 0.333599 0.489908
    outer loop
      vertex 21.4795 10.0161 8
      vertex 13.3227 6.21249 24
      vertex 22.2707 8.10588 8
    endloop
  endfacet
  facet normal 0.851107 -0.18871 0.489903
    outer loop
      vertex 14.4767 -2.55263 24
      vertex 14.1991 -3.80464 24
      vertex 23.3399 -4.11546 8
    endloop
  endfacet
  facet normal -0.851111 0.188686 0.489905
    outer loop
      vertex -22.8924 6.13401 8
      vertex -23.3399 4.11546 8
      vertex -14.1991 3.80464 24
    endloop
  endfacet
  facet normal -0.805405 0.33364 0.489905
    outer loop
      vertex -13.3227 6.21249 24
      vertex -22.2707 8.10588 8
      vertex -13.8135 5.0277 24
    endloop
  endfacet
  facet normal 0.58896 -0.642745 0.489903
    outer loop
      vertex 10.3945 -10.3945 24
      vertex 9.44898 -11.2609 24
      vertex 16.7584 -16.7584 8
    endloop
  endfacet
  facet normal -0.851107 0.18871 0.489903
    outer loop
      vertex -14.1991 3.80464 24
      vertex -23.3399 4.11546 8
      vertex -14.4767 2.55263 24
    endloop
  endfacet
  facet normal -0.831433 0.26213 0.489906
    outer loop
      vertex -13.8135 5.0277 24
      vertex -22.8924 6.13401 8
      vertex -14.1991 3.80464 24
    endloop
  endfacet
  facet normal -0.864316 0.113802 0.489904
    outer loop
      vertex -23.3399 4.11546 8
      vertex -23.6098 2.06559 8
      vertex -14.6441 1.28119 24
    endloop
  endfacet
  facet normal -0.805405 -0.33364 0.489905
    outer loop
      vertex -13.8135 -5.0277 24
      vertex -22.2707 -8.10588 8
      vertex -13.3227 -6.21249 24
    endloop
  endfacet
  facet normal 0.53069 -0.691635 0.489907
    outer loop
      vertex 15.2341 -18.1553 8
      vertex 9.44898 -11.2609 24
      vertex 13.5938 -19.4139 8
    endloop
  endfacet
  facet normal 0.58896 0.642745 0.489903
    outer loop
      vertex 16.7584 16.7584 8
      vertex 9.44898 11.2609 24
      vertex 10.3945 10.3945 24
    endloop
  endfacet
  facet normal 0.0380324 0.870946 0.489905
    outer loop
      vertex 2.06559 23.6098 8
      vertex 0 23.7 8
      vertex 1.28119 14.6441 24
    endloop
  endfacet
  facet normal -0.870946 -0.0380005 0.489907
    outer loop
      vertex -14.7 0 24
      vertex -23.7 0 8
      vertex -14.6441 -1.28119 24
    endloop
  endfacet
  facet normal 0.0380005 -0.870946 0.489907
    outer loop
      vertex 0 -14.7 24
      vertex 0 -23.7 8
      vertex 1.28119 -14.6441 24
    endloop
  endfacet
  facet normal 0.831433 0.26213 0.489906
    outer loop
      vertex 22.8924 6.13401 8
      vertex 13.8135 5.0277 24
      vertex 14.1991 3.80464 24
    endloop
  endfacet
  facet normal -0.188686 -0.851111 0.489905
    outer loop
      vertex -3.80464 -14.1991 24
      vertex -6.13401 -22.8924 8
      vertex -4.11546 -23.3399 8
    endloop
  endfacet
  facet normal 0.468434 -0.735227 0.489909
    outer loop
      vertex 8.43157 -12.0415 24
      vertex 7.35 -12.7306 24
      vertex 13.5938 -19.4139 8
    endloop
  endfacet
  facet normal 0.113798 0.864317 0.489904
    outer loop
      vertex 4.11546 23.3399 8
      vertex 1.28119 14.6441 24
      vertex 2.55263 14.4767 24
    endloop
  endfacet
  facet normal -0.53069 0.691635 0.489907
    outer loop
      vertex -13.5938 19.4139 8
      vertex -15.2341 18.1553 8
      vertex -9.44898 11.2609 24
    endloop
  endfacet
  facet normal 0.530665 -0.691652 0.48991
    outer loop
      vertex 9.44898 -11.2609 24
      vertex 8.43157 -12.0415 24
      vertex 13.5938 -19.4139 8
    endloop
  endfacet
  facet normal 0.851111 -0.188686 0.489905
    outer loop
      vertex 23.3399 -4.11546 8
      vertex 14.1991 -3.80464 24
      vertex 22.8924 -6.13401 8
    endloop
  endfacet
  facet normal -0.864317 0.113798 0.489904
    outer loop
      vertex -14.4767 2.55263 24
      vertex -23.3399 4.11546 8
      vertex -14.6441 1.28119 24
    endloop
  endfacet
  facet normal 0.0380005 0.870946 0.489907
    outer loop
      vertex 0 23.7 8
      vertex 0 14.7 24
      vertex 1.28119 14.6441 24
    endloop
  endfacet
  facet normal 0.188686 0.851111 0.489905
    outer loop
      vertex 4.11546 23.3399 8
      vertex 3.80464 14.1991 24
      vertex 6.13401 22.8924 8
    endloop
  endfacet
  facet normal -0.773289 -0.402514 0.489905
    outer loop
      vertex -13.3227 -6.21249 24
      vertex -20.5248 -11.85 8
      vertex -12.7306 -7.35 24
    endloop
  endfacet
  facet normal 0.53069 0.691635 0.489907
    outer loop
      vertex 13.5938 19.4139 8
      vertex 9.44898 11.2609 24
      vertex 15.2341 18.1553 8
    endloop
  endfacet
  facet normal 0.691652 -0.530665 0.48991
    outer loop
      vertex 12.0415 -8.43157 24
      vertex 11.2609 -9.44898 24
      vertex 19.4139 -13.5938 8
    endloop
  endfacet
  facet normal 0.864317 0.113798 0.489904
    outer loop
      vertex 23.3399 4.11546 8
      vertex 14.4767 2.55263 24
      vertex 14.6441 1.28119 24
    endloop
  endfacet
  facet normal -0.262137 0.831431 0.489905
    outer loop
      vertex -6.13401 22.8924 8
      vertex -8.10588 22.2707 8
      vertex -5.0277 13.8135 24
    endloop
  endfacet
  facet normal 0.113802 -0.864316 0.489904
    outer loop
      vertex 4.11546 -23.3399 8
      vertex 1.28119 -14.6441 24
      vertex 2.06559 -23.6098 8
    endloop
  endfacet
  facet normal -0.0380005 0.870946 0.489907
    outer loop
      vertex 0 23.7 8
      vertex -1.28119 14.6441 24
      vertex 0 14.7 24
    endloop
  endfacet
  facet normal -0.0380005 -0.870946 0.489907
    outer loop
      vertex 0 -14.7 24
      vertex -1.28119 -14.6441 24
      vertex 0 -23.7 8
    endloop
  endfacet
  facet normal 0.642711 -0.588994 0.489907
    outer loop
      vertex 18.1553 -15.2341 8
      vertex 11.2609 -9.44898 24
      vertex 16.7584 -16.7584 8
    endloop
  endfacet
  facet normal 0.588994 0.642711 0.489907
    outer loop
      vertex 15.2341 18.1553 8
      vertex 9.44898 11.2609 24
      vertex 16.7584 16.7584 8
    endloop
  endfacet
  facet normal 0.851111 0.188686 0.489905
    outer loop
      vertex 22.8924 6.13401 8
      vertex 14.1991 3.80464 24
      vertex 23.3399 4.11546 8
    endloop
  endfacet
  facet normal 0.864316 0.113802 0.489904
    outer loop
      vertex 23.3399 4.11546 8
      vertex 14.6441 1.28119 24
      vertex 23.6098 2.06559 8
    endloop
  endfacet
  facet normal -0.113802 -0.864316 0.489904
    outer loop
      vertex -1.28119 -14.6441 24
      vertex -4.11546 -23.3399 8
      vertex -2.06559 -23.6098 8
    endloop
  endfacet
  facet normal -0.333599 -0.80542 0.489908
    outer loop
      vertex -6.21249 -13.3227 24
      vertex -10.0161 -21.4795 8
      vertex -8.10588 -22.2707 8
    endloop
  endfacet
  facet normal 0.80542 -0.333599 0.489908
    outer loop
      vertex 22.2707 -8.10588 8
      vertex 13.3227 -6.21249 24
      vertex 21.4795 -10.0161 8
    endloop
  endfacet
  facet normal -0.18871 0.851107 0.489903
    outer loop
      vertex -2.55263 14.4767 24
      vertex -4.11546 23.3399 8
      vertex -3.80464 14.1991 24
    endloop
  endfacet
  facet normal 0.805405 0.33364 0.489905
    outer loop
      vertex 22.2707 8.10588 8
      vertex 13.3227 6.21249 24
      vertex 13.8135 5.0277 24
    endloop
  endfacet
  facet normal -0.588994 -0.642711 0.489907
    outer loop
      vertex -9.44898 -11.2609 24
      vertex -16.7584 -16.7584 8
      vertex -15.2341 -18.1553 8
    endloop
  endfacet
  facet normal 0.691652 0.530665 0.48991
    outer loop
      vertex 19.4139 13.5938 8
      vertex 11.2609 9.44898 24
      vertex 12.0415 8.43157 24
    endloop
  endfacet
  facet normal -0.870946 0.0380324 0.489905
    outer loop
      vertex -23.6098 2.06559 8
      vertex -23.7 0 8
      vertex -14.6441 1.28119 24
    endloop
  endfacet
  facet normal 0.851107 0.18871 0.489903
    outer loop
      vertex 23.3399 4.11546 8
      vertex 14.1991 3.80464 24
      vertex 14.4767 2.55263 24
    endloop
  endfacet
  facet normal 0.864316 -0.113802 0.489904
    outer loop
      vertex 23.6098 -2.06559 8
      vertex 14.6441 -1.28119 24
      vertex 23.3399 -4.11546 8
    endloop
  endfacet
  facet normal -0.864316 -0.113802 0.489904
    outer loop
      vertex -14.6441 -1.28119 24
      vertex -23.6098 -2.06559 8
      vertex -23.3399 -4.11546 8
    endloop
  endfacet
  facet normal -0.870946 -0.0380324 0.489905
    outer loop
      vertex -14.6441 -1.28119 24
      vertex -23.7 0 8
      vertex -23.6098 -2.06559 8
    endloop
  endfacet
  facet normal 0.468398 0.735252 0.489906
    outer loop
      vertex 11.85 20.5248 8
      vertex 7.35 12.7306 24
      vertex 13.5938 19.4139 8
    endloop
  endfacet
  facet normal 0.333599 -0.80542 0.489908
    outer loop
      vertex 10.0161 -21.4795 8
      vertex 6.21249 -13.3227 24
      vertex 8.10588 -22.2707 8
    endloop
  endfacet
  facet normal -0.530665 0.691652 0.48991
    outer loop
      vertex -8.43157 12.0415 24
      vertex -13.5938 19.4139 8
      vertex -9.44898 11.2609 24
    endloop
  endfacet
  facet normal -0.80542 -0.333599 0.489908
    outer loop
      vertex -13.3227 -6.21249 24
      vertex -22.2707 -8.10588 8
      vertex -21.4795 -10.0161 8
    endloop
  endfacet
  facet normal -0.113802 0.864316 0.489904
    outer loop
      vertex -2.06559 23.6098 8
      vertex -4.11546 23.3399 8
      vertex -1.28119 14.6441 24
    endloop
  endfacet
  facet normal -0.691635 0.53069 0.489907
    outer loop
      vertex -18.1553 15.2341 8
      vertex -19.4139 13.5938 8
      vertex -11.2609 9.44898 24
    endloop
  endfacet
  facet normal -0.18871 -0.851107 0.489903
    outer loop
      vertex -3.80464 -14.1991 24
      vertex -4.11546 -23.3399 8
      vertex -2.55263 -14.4767 24
    endloop
  endfacet
  facet normal -0.402551 0.773267 0.489908
    outer loop
      vertex -10.0161 21.4795 8
      vertex -11.85 20.5248 8
      vertex -6.21249 13.3227 24
    endloop
  endfacet
  facet normal 0.188686 -0.851111 0.489905
    outer loop
      vertex 6.13401 -22.8924 8
      vertex 3.80464 -14.1991 24
      vertex 4.11546 -23.3399 8
    endloop
  endfacet
  facet normal -0.831431 -0.262137 0.489905
    outer loop
      vertex -13.8135 -5.0277 24
      vertex -22.8924 -6.13401 8
      vertex -22.2707 -8.10588 8
    endloop
  endfacet
  facet normal 0.773267 0.402551 0.489908
    outer loop
      vertex 20.5248 11.85 8
      vertex 13.3227 6.21249 24
      vertex 21.4795 10.0161 8
    endloop
  endfacet
  facet normal -0.735252 0.468398 0.489906
    outer loop
      vertex -19.4139 13.5938 8
      vertex -20.5248 11.85 8
      vertex -12.7306 7.35 24
    endloop
  endfacet
  facet normal 0.870946 -0.0380324 0.489905
    outer loop
      vertex 23.7 0 8
      vertex 14.6441 -1.28119 24
      vertex 23.6098 -2.06559 8
    endloop
  endfacet
  facet normal 0.870946 -0.0380005 0.489907
    outer loop
      vertex 14.7 0 24
      vertex 14.6441 -1.28119 24
      vertex 23.7 0 8
    endloop
  endfacet
  facet normal 0.735252 0.468398 0.489906
    outer loop
      vertex 19.4139 13.5938 8
      vertex 12.7306 7.35 24
      vertex 20.5248 11.85 8
    endloop
  endfacet
  facet normal 0.831431 0.262137 0.489905
    outer loop
      vertex 22.2707 8.10588 8
      vertex 13.8135 5.0277 24
      vertex 22.8924 6.13401 8
    endloop
  endfacet
  facet normal -0.773289 0.402514 0.489905
    outer loop
      vertex -12.7306 7.35 24
      vertex -20.5248 11.85 8
      vertex -13.3227 6.21249 24
    endloop
  endfacet
  facet normal 0.0380324 -0.870946 0.489905
    outer loop
      vertex 1.28119 -14.6441 24
      vertex 0 -23.7 8
      vertex 2.06559 -23.6098 8
    endloop
  endfacet
  facet normal 0.18871 0.851107 0.489903
    outer loop
      vertex 4.11546 23.3399 8
      vertex 2.55263 14.4767 24
      vertex 3.80464 14.1991 24
    endloop
  endfacet
  facet normal 0.113798 -0.864317 0.489904
    outer loop
      vertex 2.55263 -14.4767 24
      vertex 1.28119 -14.6441 24
      vertex 4.11546 -23.3399 8
    endloop
  endfacet
  facet normal -0.58896 -0.642745 0.489903
    outer loop
      vertex -10.3945 -10.3945 24
      vertex -16.7584 -16.7584 8
      vertex -9.44898 -11.2609 24
    endloop
  endfacet
  facet normal 0.402514 0.773289 0.489905
    outer loop
      vertex 11.85 20.5248 8
      vertex 6.21249 13.3227 24
      vertex 7.35 12.7306 24
    endloop
  endfacet
  facet normal -0.0380324 -0.870946 0.489905
    outer loop
      vertex -1.28119 -14.6441 24
      vertex -2.06559 -23.6098 8
      vertex 0 -23.7 8
    endloop
  endfacet
  facet normal -0.188686 0.851111 0.489905
    outer loop
      vertex -4.11546 23.3399 8
      vertex -6.13401 22.8924 8
      vertex -3.80464 14.1991 24
    endloop
  endfacet
  facet normal -0.831431 0.262137 0.489905
    outer loop
      vertex -22.2707 8.10588 8
      vertex -22.8924 6.13401 8
      vertex -13.8135 5.0277 24
    endloop
  endfacet
  facet normal -0.588994 0.642711 0.489907
    outer loop
      vertex -15.2341 18.1553 8
      vertex -16.7584 16.7584 8
      vertex -9.44898 11.2609 24
    endloop
  endfacet
  facet normal -0.735227 -0.468434 0.489909
    outer loop
      vertex -12.7306 -7.35 24
      vertex -19.4139 -13.5938 8
      vertex -12.0415 -8.43157 24
    endloop
  endfacet
  facet normal -0.0380324 0.870946 0.489905
    outer loop
      vertex 0 23.7 8
      vertex -2.06559 23.6098 8
      vertex -1.28119 14.6441 24
    endloop
  endfacet
  facet normal 0.33364 -0.805405 0.489905
    outer loop
      vertex 6.21249 -13.3227 24
      vertex 5.0277 -13.8135 24
      vertex 8.10588 -22.2707 8
    endloop
  endfacet
  facet normal -0.26213 0.831433 0.489906
    outer loop
      vertex -3.80464 14.1991 24
      vertex -6.13401 22.8924 8
      vertex -5.0277 13.8135 24
    endloop
  endfacet
  facet normal -0.402514 -0.773289 0.489905
    outer loop
      vertex -7.35 -12.7306 24
      vertex -11.85 -20.5248 8
      vertex -6.21249 -13.3227 24
    endloop
  endfacet
  facet normal 0.33364 0.805405 0.489905
    outer loop
      vertex 8.10588 22.2707 8
      vertex 5.0277 13.8135 24
      vertex 6.21249 13.3227 24
    endloop
  endfacet
  facet normal 0.333599 0.80542 0.489908
    outer loop
      vertex 8.10588 22.2707 8
      vertex 6.21249 13.3227 24
      vertex 10.0161 21.4795 8
    endloop
  endfacet
  facet normal -0.26213 -0.831433 0.489906
    outer loop
      vertex -5.0277 -13.8135 24
      vertex -6.13401 -22.8924 8
      vertex -3.80464 -14.1991 24
    endloop
  endfacet
  facet normal 0.735227 -0.468434 0.489909
    outer loop
      vertex 12.7306 -7.35 24
      vertex 12.0415 -8.43157 24
      vertex 19.4139 -13.5938 8
    endloop
  endfacet
  facet normal 0.262137 0.831431 0.489905
    outer loop
      vertex 6.13401 22.8924 8
      vertex 5.0277 13.8135 24
      vertex 8.10588 22.2707 8
    endloop
  endfacet
  facet normal 0.113802 0.864316 0.489904
    outer loop
      vertex 2.06559 23.6098 8
      vertex 1.28119 14.6441 24
      vertex 4.11546 23.3399 8
    endloop
  endfacet
  facet normal 0.402551 -0.773267 0.489908
    outer loop
      vertex 11.85 -20.5248 8
      vertex 6.21249 -13.3227 24
      vertex 10.0161 -21.4795 8
    endloop
  endfacet
  facet normal 0.26213 -0.831433 0.489906
    outer loop
      vertex 5.0277 -13.8135 24
      vertex 3.80464 -14.1991 24
      vertex 6.13401 -22.8924 8
    endloop
  endfacet
  facet normal 0.262137 -0.831431 0.489905
    outer loop
      vertex 8.10588 -22.2707 8
      vertex 5.0277 -13.8135 24
      vertex 6.13401 -22.8924 8
    endloop
  endfacet
  facet normal -0.33364 -0.805405 0.489905
    outer loop
      vertex -6.21249 -13.3227 24
      vertex -8.10588 -22.2707 8
      vertex -5.0277 -13.8135 24
    endloop
  endfacet
  facet normal -0.870946 0.0380005 0.489907
    outer loop
      vertex -14.6441 1.28119 24
      vertex -23.7 0 8
      vertex -14.7 0 24
    endloop
  endfacet
  facet normal -0.735252 -0.468398 0.489906
    outer loop
      vertex -12.7306 -7.35 24
      vertex -20.5248 -11.85 8
      vertex -19.4139 -13.5938 8
    endloop
  endfacet
  facet normal -0.80542 0.333599 0.489908
    outer loop
      vertex -21.4795 10.0161 8
      vertex -22.2707 8.10588 8
      vertex -13.3227 6.21249 24
    endloop
  endfacet
  facet normal 0.773289 0.402514 0.489905
    outer loop
      vertex 20.5248 11.85 8
      vertex 12.7306 7.35 24
      vertex 13.3227 6.21249 24
    endloop
  endfacet
  facet normal -0.113798 -0.864317 0.489904
    outer loop
      vertex -2.55263 -14.4767 24
      vertex -4.11546 -23.3399 8
      vertex -1.28119 -14.6441 24
    endloop
  endfacet
  facet normal -0.773267 -0.402551 0.489908
    outer loop
      vertex -13.3227 -6.21249 24
      vertex -21.4795 -10.0161 8
      vertex -20.5248 -11.85 8
    endloop
  endfacet
  facet normal -0.468434 -0.735227 0.489909
    outer loop
      vertex -8.43157 -12.0415 24
      vertex -13.5938 -19.4139 8
      vertex -7.35 -12.7306 24
    endloop
  endfacet
  facet normal -0.113798 0.864317 0.489904
    outer loop
      vertex -1.28119 14.6441 24
      vertex -4.11546 23.3399 8
      vertex -2.55263 14.4767 24
    endloop
  endfacet
  facet normal 0.691635 -0.53069 0.489907
    outer loop
      vertex 19.4139 -13.5938 8
      vertex 11.2609 -9.44898 24
      vertex 18.1553 -15.2341 8
    endloop
  endfacet
  facet normal 0.642711 0.588994 0.489907
    outer loop
      vertex 16.7584 16.7584 8
      vertex 11.2609 9.44898 24
      vertex 18.1553 15.2341 8
    endloop
  endfacet
  facet normal 0.691635 0.53069 0.489907
    outer loop
      vertex 18.1553 15.2341 8
      vertex 11.2609 9.44898 24
      vertex 19.4139 13.5938 8
    endloop
  endfacet
  facet normal 0.864317 -0.113798 0.489904
    outer loop
      vertex 14.6441 -1.28119 24
      vertex 14.4767 -2.55263 24
      vertex 23.3399 -4.11546 8
    endloop
  endfacet
  facet normal -0.642745 0.58896 0.489903
    outer loop
      vertex -10.3945 10.3945 24
      vertex -16.7584 16.7584 8
      vertex -11.2609 9.44898 24
    endloop
  endfacet
  facet normal 0.18871 -0.851107 0.489903
    outer loop
      vertex 3.80464 -14.1991 24
      vertex 2.55263 -14.4767 24
      vertex 4.11546 -23.3399 8
    endloop
  endfacet
  facet normal 0.642745 0.58896 0.489903
    outer loop
      vertex 16.7584 16.7584 8
      vertex 10.3945 10.3945 24
      vertex 11.2609 9.44898 24
    endloop
  endfacet
  facet normal -0.642711 -0.588994 0.489907
    outer loop
      vertex -11.2609 -9.44898 24
      vertex -18.1553 -15.2341 8
      vertex -16.7584 -16.7584 8
    endloop
  endfacet
  facet normal -0.691652 -0.530665 0.48991
    outer loop
      vertex -12.0415 -8.43157 24
      vertex -19.4139 -13.5938 8
      vertex -11.2609 -9.44898 24
    endloop
  endfacet
  facet normal 0.402551 0.773267 0.489908
    outer loop
      vertex 10.0161 21.4795 8
      vertex 6.21249 13.3227 24
      vertex 11.85 20.5248 8
    endloop
  endfacet
  facet normal 0.588994 -0.642711 0.489907
    outer loop
      vertex 16.7584 -16.7584 8
      vertex 9.44898 -11.2609 24
      vertex 15.2341 -18.1553 8
    endloop
  endfacet
  facet normal -0.58896 0.642745 0.489903
    outer loop
      vertex -9.44898 11.2609 24
      vertex -16.7584 16.7584 8
      vertex -10.3945 10.3945 24
    endloop
  endfacet
  facet normal 0.735252 -0.468398 0.489906
    outer loop
      vertex 20.5248 -11.85 8
      vertex 12.7306 -7.35 24
      vertex 19.4139 -13.5938 8
    endloop
  endfacet
  facet normal -0.333599 0.80542 0.489908
    outer loop
      vertex -8.10588 22.2707 8
      vertex -10.0161 21.4795 8
      vertex -6.21249 13.3227 24
    endloop
  endfacet
  facet normal 0.468398 -0.735252 0.489906
    outer loop
      vertex 13.5938 -19.4139 8
      vertex 7.35 -12.7306 24
      vertex 11.85 -20.5248 8
    endloop
  endfacet
  facet normal -0.402551 -0.773267 0.489908
    outer loop
      vertex -6.21249 -13.3227 24
      vertex -11.85 -20.5248 8
      vertex -10.0161 -21.4795 8
    endloop
  endfacet
  facet normal -0.530665 -0.691652 0.48991
    outer loop
      vertex -9.44898 -11.2609 24
      vertex -13.5938 -19.4139 8
      vertex -8.43157 -12.0415 24
    endloop
  endfacet
  facet normal 0.773289 -0.402514 0.489905
    outer loop
      vertex 13.3227 -6.21249 24
      vertex 12.7306 -7.35 24
      vertex 20.5248 -11.85 8
    endloop
  endfacet
  facet normal -0.691635 -0.53069 0.489907
    outer loop
      vertex -11.2609 -9.44898 24
      vertex -19.4139 -13.5938 8
      vertex -18.1553 -15.2341 8
    endloop
  endfacet
  facet normal -0.642745 -0.58896 0.489903
    outer loop
      vertex -11.2609 -9.44898 24
      vertex -16.7584 -16.7584 8
      vertex -10.3945 -10.3945 24
    endloop
  endfacet
  facet normal -0.851111 -0.188686 0.489905
    outer loop
      vertex -14.1991 -3.80464 24
      vertex -23.3399 -4.11546 8
      vertex -22.8924 -6.13401 8
    endloop
  endfacet
  facet normal -0.831433 -0.26213 0.489906
    outer loop
      vertex -14.1991 -3.80464 24
      vertex -22.8924 -6.13401 8
      vertex -13.8135 -5.0277 24
    endloop
  endfacet
  facet normal -0.642711 0.588994 0.489907
    outer loop
      vertex -16.7584 16.7584 8
      vertex -18.1553 15.2341 8
      vertex -11.2609 9.44898 24
    endloop
  endfacet
  facet normal 0.26213 0.831433 0.489906
    outer loop
      vertex 6.13401 22.8924 8
      vertex 3.80464 14.1991 24
      vertex 5.0277 13.8135 24
    endloop
  endfacet
  facet normal -0.53069 -0.691635 0.489907
    outer loop
      vertex -9.44898 -11.2609 24
      vertex -15.2341 -18.1553 8
      vertex -13.5938 -19.4139 8
    endloop
  endfacet
  facet normal 0.735227 0.468434 0.489909
    outer loop
      vertex 19.4139 13.5938 8
      vertex 12.0415 8.43157 24
      vertex 12.7306 7.35 24
    endloop
  endfacet
  facet normal 0.402514 -0.773289 0.489905
    outer loop
      vertex 7.35 -12.7306 24
      vertex 6.21249 -13.3227 24
      vertex 11.85 -20.5248 8
    endloop
  endfacet
  facet normal -0.468434 0.735227 0.489909
    outer loop
      vertex -7.35 12.7306 24
      vertex -13.5938 19.4139 8
      vertex -8.43157 12.0415 24
    endloop
  endfacet
  facet normal -0.735227 0.468434 0.489909
    outer loop
      vertex -12.0415 8.43157 24
      vertex -19.4139 13.5938 8
      vertex -12.7306 7.35 24
    endloop
  endfacet
  facet normal -0.691652 0.530665 0.48991
    outer loop
      vertex -11.2609 9.44898 24
      vertex -19.4139 13.5938 8
      vertex -12.0415 8.43157 24
    endloop
  endfacet
  facet normal -0.402514 0.773289 0.489905
    outer loop
      vertex -6.21249 13.3227 24
      vertex -11.85 20.5248 8
      vertex -7.35 12.7306 24
    endloop
  endfacet
  facet normal 0.468434 0.735227 0.489909
    outer loop
      vertex 13.5938 19.4139 8
      vertex 7.35 12.7306 24
      vertex 8.43157 12.0415 24
    endloop
  endfacet
  facet normal 0.831431 -0.262137 0.489905
    outer loop
      vertex 22.8924 -6.13401 8
      vertex 13.8135 -5.0277 24
      vertex 22.2707 -8.10588 8
    endloop
  endfacet
  facet normal -0.468398 -0.735252 0.489906
    outer loop
      vertex -7.35 -12.7306 24
      vertex -13.5938 -19.4139 8
      vertex -11.85 -20.5248 8
    endloop
  endfacet
  facet normal -0.851107 -0.18871 0.489903
    outer loop
      vertex -14.4767 -2.55263 24
      vertex -23.3399 -4.11546 8
      vertex -14.1991 -3.80464 24
    endloop
  endfacet
  facet normal -0.864317 -0.113798 0.489904
    outer loop
      vertex -14.6441 -1.28119 24
      vertex -23.3399 -4.11546 8
      vertex -14.4767 -2.55263 24
    endloop
  endfacet
  facet normal -0.468398 0.735252 0.489906
    outer loop
      vertex -11.85 20.5248 8
      vertex -13.5938 19.4139 8
      vertex -7.35 12.7306 24
    endloop
  endfacet
  facet normal 0.805405 -0.33364 0.489905
    outer loop
      vertex 13.8135 -5.0277 24
      vertex 13.3227 -6.21249 24
      vertex 22.2707 -8.10588 8
    endloop
  endfacet
  facet normal 0.831433 -0.26213 0.489906
    outer loop
      vertex 14.1991 -3.80464 24
      vertex 13.8135 -5.0277 24
      vertex 22.8924 -6.13401 8
    endloop
  endfacet
  facet normal 0.991444 0.130535 0
    outer loop
      vertex 14.6441 1.28119 52
      vertex 14.4767 2.55263 24
      vertex 14.4767 2.55263 52
    endloop
  endfacet
  facet normal 0.991444 0.130535 0
    outer loop
      vertex 14.4767 2.55263 24
      vertex 14.6441 1.28119 52
      vertex 14.6441 1.28119 24
    endloop
  endfacet
  facet normal 0.99905 0.0435898 0
    outer loop
      vertex 14.7 0 52
      vertex 14.6441 1.28119 24
      vertex 14.6441 1.28119 52
    endloop
  endfacet
  facet normal 0.99905 0.0435898 0
    outer loop
      vertex 14.6441 1.28119 24
      vertex 14.7 0 52
      vertex 14.7 0 24
    endloop
  endfacet
  facet normal 0.97629 0.216466 0
    outer loop
      vertex 14.4767 2.55263 52
      vertex 14.1991 3.80464 24
      vertex 14.1991 3.80464 52
    endloop
  endfacet
  facet normal 0.97629 0.216466 0
    outer loop
      vertex 14.1991 3.80464 24
      vertex 14.4767 2.55263 52
      vertex 14.4767 2.55263 24
    endloop
  endfacet
  facet normal 0.887027 -0.461718 0
    outer loop
      vertex 12.7306 -7.35 52
      vertex 13.3227 -6.21249 24
      vertex 13.3227 -6.21249 52
    endloop
  endfacet
  facet normal 0.887027 -0.461718 0
    outer loop
      vertex 13.3227 -6.21249 24
      vertex 12.7306 -7.35 52
      vertex 12.7306 -7.35 24
    endloop
  endfacet
  facet normal 0.843369 -0.537335 0
    outer loop
      vertex 12.0415 -8.43157 52
      vertex 12.7306 -7.35 24
      vertex 12.7306 -7.35 52
    endloop
  endfacet
  facet normal 0.843369 -0.537335 0
    outer loop
      vertex 12.7306 -7.35 24
      vertex 12.0415 -8.43157 52
      vertex 12.0415 -8.43157 24
    endloop
  endfacet
  facet normal 0.300685 -0.953724 0
    outer loop
      vertex 3.80464 -14.1991 24
      vertex 5.0277 -13.8135 52
      vertex 3.80464 -14.1991 52
    endloop
  endfacet
  facet normal 0.300685 -0.953724 0
    outer loop
      vertex 5.0277 -13.8135 52
      vertex 3.80464 -14.1991 24
      vertex 5.0277 -13.8135 24
    endloop
  endfacet
  facet normal -0.737281 -0.675586 0
    outer loop
      vertex -10.3945 -10.3945 24
      vertex -11.2609 -9.44898 52
      vertex -11.2609 -9.44898 24
    endloop
  endfacet
  facet normal -0.737281 -0.675586 0
    outer loop
      vertex -11.2609 -9.44898 52
      vertex -10.3945 -10.3945 24
      vertex -10.3945 -10.3945 52
    endloop
  endfacet
  facet normal -0.991444 -0.130535 0
    outer loop
      vertex -14.4767 -2.55263 24
      vertex -14.6441 -1.28119 52
      vertex -14.6441 -1.28119 24
    endloop
  endfacet
  facet normal -0.991444 -0.130535 0
    outer loop
      vertex -14.6441 -1.28119 52
      vertex -14.4767 -2.55263 24
      vertex -14.4767 -2.55263 52
    endloop
  endfacet
  facet normal -0.130535 -0.991444 0
    outer loop
      vertex -2.55263 -14.4767 24
      vertex -1.28119 -14.6441 52
      vertex -2.55263 -14.4767 52
    endloop
  endfacet
  facet normal -0.130535 -0.991444 -0
    outer loop
      vertex -1.28119 -14.6441 52
      vertex -2.55263 -14.4767 24
      vertex -1.28119 -14.6441 24
    endloop
  endfacet
  facet normal 0.991444 -0.130535 0
    outer loop
      vertex 14.4767 -2.55263 52
      vertex 14.6441 -1.28119 24
      vertex 14.6441 -1.28119 52
    endloop
  endfacet
  facet normal 0.991444 -0.130535 0
    outer loop
      vertex 14.6441 -1.28119 24
      vertex 14.4767 -2.55263 52
      vertex 14.4767 -2.55263 24
    endloop
  endfacet
  facet normal -0.216466 0.97629 0
    outer loop
      vertex -2.55263 14.4767 24
      vertex -3.80464 14.1991 52
      vertex -2.55263 14.4767 52
    endloop
  endfacet
  facet normal -0.216466 0.97629 0
    outer loop
      vertex -3.80464 14.1991 52
      vertex -2.55263 14.4767 24
      vertex -3.80464 14.1991 24
    endloop
  endfacet
  facet normal 0.953724 0.300685 0
    outer loop
      vertex 14.1991 3.80464 52
      vertex 13.8135 5.0277 24
      vertex 13.8135 5.0277 52
    endloop
  endfacet
  facet normal 0.953724 0.300685 0
    outer loop
      vertex 13.8135 5.0277 24
      vertex 14.1991 3.80464 52
      vertex 14.1991 3.80464 24
    endloop
  endfacet
  facet normal -0.537335 -0.843369 0
    outer loop
      vertex -8.43157 -12.0415 24
      vertex -7.35 -12.7306 52
      vertex -8.43157 -12.0415 52
    endloop
  endfacet
  facet normal -0.537335 -0.843369 -0
    outer loop
      vertex -7.35 -12.7306 52
      vertex -8.43157 -12.0415 24
      vertex -7.35 -12.7306 24
    endloop
  endfacet
  facet normal 0.537335 0.843369 -0
    outer loop
      vertex 8.43157 12.0415 24
      vertex 7.35 12.7306 52
      vertex 8.43157 12.0415 52
    endloop
  endfacet
  facet normal 0.537335 0.843369 0
    outer loop
      vertex 7.35 12.7306 52
      vertex 8.43157 12.0415 24
      vertex 7.35 12.7306 24
    endloop
  endfacet
  facet normal 0.887027 0.461718 0
    outer loop
      vertex 13.3227 6.21249 52
      vertex 12.7306 7.35 24
      vertex 12.7306 7.35 52
    endloop
  endfacet
  facet normal 0.887027 0.461718 0
    outer loop
      vertex 12.7306 7.35 24
      vertex 13.3227 6.21249 52
      vertex 13.3227 6.21249 24
    endloop
  endfacet
  facet normal -0.382713 -0.923867 0
    outer loop
      vertex -6.21249 -13.3227 24
      vertex -5.0277 -13.8135 52
      vertex -6.21249 -13.3227 52
    endloop
  endfacet
  facet normal -0.382713 -0.923867 -0
    outer loop
      vertex -5.0277 -13.8135 52
      vertex -6.21249 -13.3227 24
      vertex -5.0277 -13.8135 24
    endloop
  endfacet
  facet normal 0.0435898 0.99905 -0
    outer loop
      vertex 1.28119 14.6441 24
      vertex 0 14.7 52
      vertex 1.28119 14.6441 52
    endloop
  endfacet
  facet normal 0.0435898 0.99905 0
    outer loop
      vertex 0 14.7 52
      vertex 1.28119 14.6441 24
      vertex 0 14.7 24
    endloop
  endfacet
  facet normal -0.300685 0.953724 0
    outer loop
      vertex -3.80464 14.1991 24
      vertex -5.0277 13.8135 52
      vertex -3.80464 14.1991 52
    endloop
  endfacet
  facet normal -0.300685 0.953724 0
    outer loop
      vertex -5.0277 13.8135 52
      vertex -3.80464 14.1991 24
      vertex -5.0277 13.8135 24
    endloop
  endfacet
  facet normal 0.737281 0.675586 0
    outer loop
      vertex 11.2609 9.44898 52
      vertex 10.3945 10.3945 24
      vertex 10.3945 10.3945 52
    endloop
  endfacet
  facet normal 0.737281 0.675586 0
    outer loop
      vertex 10.3945 10.3945 24
      vertex 11.2609 9.44898 52
      vertex 11.2609 9.44898 24
    endloop
  endfacet
  facet normal 0.793386 0.608719 0
    outer loop
      vertex 12.0415 8.43157 52
      vertex 11.2609 9.44898 24
      vertex 11.2609 9.44898 52
    endloop
  endfacet
  facet normal 0.793386 0.608719 0
    outer loop
      vertex 11.2609 9.44898 24
      vertex 12.0415 8.43157 52
      vertex 12.0415 8.43157 24
    endloop
  endfacet
  facet normal 0.608719 0.793386 -0
    outer loop
      vertex 9.44898 11.2609 24
      vertex 8.43157 12.0415 52
      vertex 9.44898 11.2609 52
    endloop
  endfacet
  facet normal 0.608719 0.793386 0
    outer loop
      vertex 8.43157 12.0415 52
      vertex 9.44898 11.2609 24
      vertex 8.43157 12.0415 24
    endloop
  endfacet
  facet normal 0.537335 -0.843369 0
    outer loop
      vertex 7.35 -12.7306 24
      vertex 8.43157 -12.0415 52
      vertex 7.35 -12.7306 52
    endloop
  endfacet
  facet normal 0.537335 -0.843369 0
    outer loop
      vertex 8.43157 -12.0415 52
      vertex 7.35 -12.7306 24
      vertex 8.43157 -12.0415 24
    endloop
  endfacet
  facet normal 0.382713 0.923867 -0
    outer loop
      vertex 6.21249 13.3227 24
      vertex 5.0277 13.8135 52
      vertex 6.21249 13.3227 52
    endloop
  endfacet
  facet normal 0.382713 0.923867 0
    outer loop
      vertex 5.0277 13.8135 52
      vertex 6.21249 13.3227 24
      vertex 5.0277 13.8135 24
    endloop
  endfacet
  facet normal -0.843369 0.537335 0
    outer loop
      vertex -12.7306 7.35 24
      vertex -12.0415 8.43157 52
      vertex -12.0415 8.43157 24
    endloop
  endfacet
  facet normal -0.843369 0.537335 0
    outer loop
      vertex -12.0415 8.43157 52
      vertex -12.7306 7.35 24
      vertex -12.7306 7.35 52
    endloop
  endfacet
  facet normal -0.608719 -0.793386 0
    outer loop
      vertex -9.44898 -11.2609 24
      vertex -8.43157 -12.0415 52
      vertex -9.44898 -11.2609 52
    endloop
  endfacet
  facet normal -0.608719 -0.793386 -0
    outer loop
      vertex -8.43157 -12.0415 52
      vertex -9.44898 -11.2609 24
      vertex -8.43157 -12.0415 24
    endloop
  endfacet
  facet normal 0.953724 -0.300685 0
    outer loop
      vertex 13.8135 -5.0277 52
      vertex 14.1991 -3.80464 24
      vertex 14.1991 -3.80464 52
    endloop
  endfacet
  facet normal 0.953724 -0.300685 0
    outer loop
      vertex 14.1991 -3.80464 24
      vertex 13.8135 -5.0277 52
      vertex 13.8135 -5.0277 24
    endloop
  endfacet
  facet normal -0.216466 -0.97629 0
    outer loop
      vertex -3.80464 -14.1991 24
      vertex -2.55263 -14.4767 52
      vertex -3.80464 -14.1991 52
    endloop
  endfacet
  facet normal -0.216466 -0.97629 -0
    outer loop
      vertex -2.55263 -14.4767 52
      vertex -3.80464 -14.1991 24
      vertex -2.55263 -14.4767 24
    endloop
  endfacet
  facet normal -0.608719 0.793386 0
    outer loop
      vertex -8.43157 12.0415 24
      vertex -9.44898 11.2609 52
      vertex -8.43157 12.0415 52
    endloop
  endfacet
  facet normal -0.608719 0.793386 0
    outer loop
      vertex -9.44898 11.2609 52
      vertex -8.43157 12.0415 24
      vertex -9.44898 11.2609 24
    endloop
  endfacet
  facet normal 0.461718 0.887027 -0
    outer loop
      vertex 7.35 12.7306 24
      vertex 6.21249 13.3227 52
      vertex 7.35 12.7306 52
    endloop
  endfacet
  facet normal 0.461718 0.887027 0
    outer loop
      vertex 6.21249 13.3227 52
      vertex 7.35 12.7306 24
      vertex 6.21249 13.3227 24
    endloop
  endfacet
  facet normal -0.0435898 0.99905 0
    outer loop
      vertex 0 14.7 24
      vertex -1.28119 14.6441 52
      vertex 0 14.7 52
    endloop
  endfacet
  facet normal -0.0435898 0.99905 0
    outer loop
      vertex -1.28119 14.6441 52
      vertex 0 14.7 24
      vertex -1.28119 14.6441 24
    endloop
  endfacet
  facet normal 0.99905 -0.0435898 0
    outer loop
      vertex 14.6441 -1.28119 52
      vertex 14.7 0 24
      vertex 14.7 0 52
    endloop
  endfacet
  facet normal 0.99905 -0.0435898 0
    outer loop
      vertex 14.7 0 24
      vertex 14.6441 -1.28119 52
      vertex 14.6441 -1.28119 24
    endloop
  endfacet
  facet normal -0.99905 -0.0435898 0
    outer loop
      vertex -14.6441 -1.28119 24
      vertex -14.7 0 52
      vertex -14.7 0 24
    endloop
  endfacet
  facet normal -0.99905 -0.0435898 0
    outer loop
      vertex -14.7 0 52
      vertex -14.6441 -1.28119 24
      vertex -14.6441 -1.28119 52
    endloop
  endfacet
  facet normal 0.793386 -0.608719 0
    outer loop
      vertex 11.2609 -9.44898 52
      vertex 12.0415 -8.43157 24
      vertex 12.0415 -8.43157 52
    endloop
  endfacet
  facet normal 0.793386 -0.608719 0
    outer loop
      vertex 12.0415 -8.43157 24
      vertex 11.2609 -9.44898 52
      vertex 11.2609 -9.44898 24
    endloop
  endfacet
  facet normal -0.737281 0.675586 0
    outer loop
      vertex -11.2609 9.44898 24
      vertex -10.3945 10.3945 52
      vertex -10.3945 10.3945 24
    endloop
  endfacet
  facet normal -0.737281 0.675586 0
    outer loop
      vertex -10.3945 10.3945 52
      vertex -11.2609 9.44898 24
      vertex -11.2609 9.44898 52
    endloop
  endfacet
  facet normal 0.923867 0.382713 0
    outer loop
      vertex 13.8135 5.0277 52
      vertex 13.3227 6.21249 24
      vertex 13.3227 6.21249 52
    endloop
  endfacet
  facet normal 0.923867 0.382713 0
    outer loop
      vertex 13.3227 6.21249 24
      vertex 13.8135 5.0277 52
      vertex 13.8135 5.0277 24
    endloop
  endfacet
  facet normal 0.382713 -0.923867 0
    outer loop
      vertex 5.0277 -13.8135 24
      vertex 6.21249 -13.3227 52
      vertex 5.0277 -13.8135 52
    endloop
  endfacet
  facet normal 0.382713 -0.923867 0
    outer loop
      vertex 6.21249 -13.3227 52
      vertex 5.0277 -13.8135 24
      vertex 6.21249 -13.3227 24
    endloop
  endfacet
  facet normal 0.216466 0.97629 -0
    outer loop
      vertex 3.80464 14.1991 24
      vertex 2.55263 14.4767 52
      vertex 3.80464 14.1991 52
    endloop
  endfacet
  facet normal 0.216466 0.97629 0
    outer loop
      vertex 2.55263 14.4767 52
      vertex 3.80464 14.1991 24
      vertex 2.55263 14.4767 24
    endloop
  endfacet
  facet normal -0.923867 0.382713 0
    outer loop
      vertex -13.8135 5.0277 24
      vertex -13.3227 6.21249 52
      vertex -13.3227 6.21249 24
    endloop
  endfacet
  facet normal -0.923867 0.382713 0
    outer loop
      vertex -13.3227 6.21249 52
      vertex -13.8135 5.0277 24
      vertex -13.8135 5.0277 52
    endloop
  endfacet
  facet normal 0.675586 0.737281 -0
    outer loop
      vertex 10.3945 10.3945 24
      vertex 9.44898 11.2609 52
      vertex 10.3945 10.3945 52
    endloop
  endfacet
  facet normal 0.675586 0.737281 0
    outer loop
      vertex 9.44898 11.2609 52
      vertex 10.3945 10.3945 24
      vertex 9.44898 11.2609 24
    endloop
  endfacet
  facet normal -0.130535 0.991444 0
    outer loop
      vertex -1.28119 14.6441 24
      vertex -2.55263 14.4767 52
      vertex -1.28119 14.6441 52
    endloop
  endfacet
  facet normal -0.130535 0.991444 0
    outer loop
      vertex -2.55263 14.4767 52
      vertex -1.28119 14.6441 24
      vertex -2.55263 14.4767 24
    endloop
  endfacet
  facet normal -0.537335 0.843369 0
    outer loop
      vertex -7.35 12.7306 24
      vertex -8.43157 12.0415 52
      vertex -7.35 12.7306 52
    endloop
  endfacet
  facet normal -0.537335 0.843369 0
    outer loop
      vertex -8.43157 12.0415 52
      vertex -7.35 12.7306 24
      vertex -8.43157 12.0415 24
    endloop
  endfacet
  facet normal -0.382713 0.923867 0
    outer loop
      vertex -5.0277 13.8135 24
      vertex -6.21249 13.3227 52
      vertex -5.0277 13.8135 52
    endloop
  endfacet
  facet normal -0.382713 0.923867 0
    outer loop
      vertex -6.21249 13.3227 52
      vertex -5.0277 13.8135 24
      vertex -6.21249 13.3227 24
    endloop
  endfacet
  facet normal -0.97629 0.216466 0
    outer loop
      vertex -14.4767 2.55263 24
      vertex -14.1991 3.80464 52
      vertex -14.1991 3.80464 24
    endloop
  endfacet
  facet normal -0.97629 0.216466 0
    outer loop
      vertex -14.1991 3.80464 52
      vertex -14.4767 2.55263 24
      vertex -14.4767 2.55263 52
    endloop
  endfacet
  facet normal 0.97629 -0.216466 0
    outer loop
      vertex 14.1991 -3.80464 52
      vertex 14.4767 -2.55263 24
      vertex 14.4767 -2.55263 52
    endloop
  endfacet
  facet normal 0.97629 -0.216466 0
    outer loop
      vertex 14.4767 -2.55263 24
      vertex 14.1991 -3.80464 52
      vertex 14.1991 -3.80464 24
    endloop
  endfacet
  facet normal -0.99905 0.0435898 0
    outer loop
      vertex -14.7 0 24
      vertex -14.6441 1.28119 52
      vertex -14.6441 1.28119 24
    endloop
  endfacet
  facet normal -0.99905 0.0435898 0
    outer loop
      vertex -14.6441 1.28119 52
      vertex -14.7 0 24
      vertex -14.7 0 52
    endloop
  endfacet
  facet normal 0.675586 -0.737281 0
    outer loop
      vertex 9.44898 -11.2609 24
      vertex 10.3945 -10.3945 52
      vertex 9.44898 -11.2609 52
    endloop
  endfacet
  facet normal 0.675586 -0.737281 0
    outer loop
      vertex 10.3945 -10.3945 52
      vertex 9.44898 -11.2609 24
      vertex 10.3945 -10.3945 24
    endloop
  endfacet
  facet normal -0.793386 -0.608719 0
    outer loop
      vertex -11.2609 -9.44898 24
      vertex -12.0415 -8.43157 52
      vertex -12.0415 -8.43157 24
    endloop
  endfacet
  facet normal -0.793386 -0.608719 0
    outer loop
      vertex -12.0415 -8.43157 52
      vertex -11.2609 -9.44898 24
      vertex -11.2609 -9.44898 52
    endloop
  endfacet
  facet normal 0.608719 -0.793386 0
    outer loop
      vertex 8.43157 -12.0415 24
      vertex 9.44898 -11.2609 52
      vertex 8.43157 -12.0415 52
    endloop
  endfacet
  facet normal 0.608719 -0.793386 0
    outer loop
      vertex 9.44898 -11.2609 52
      vertex 8.43157 -12.0415 24
      vertex 9.44898 -11.2609 24
    endloop
  endfacet
  facet normal -0.923867 -0.382713 0
    outer loop
      vertex -13.3227 -6.21249 24
      vertex -13.8135 -5.0277 52
      vertex -13.8135 -5.0277 24
    endloop
  endfacet
  facet normal -0.923867 -0.382713 0
    outer loop
      vertex -13.8135 -5.0277 52
      vertex -13.3227 -6.21249 24
      vertex -13.3227 -6.21249 52
    endloop
  endfacet
  facet normal -0.675586 -0.737281 0
    outer loop
      vertex -10.3945 -10.3945 24
      vertex -9.44898 -11.2609 52
      vertex -10.3945 -10.3945 52
    endloop
  endfacet
  facet normal -0.675586 -0.737281 -0
    outer loop
      vertex -9.44898 -11.2609 52
      vertex -10.3945 -10.3945 24
      vertex -9.44898 -11.2609 24
    endloop
  endfacet
  facet normal 0.923867 -0.382713 0
    outer loop
      vertex 13.3227 -6.21249 52
      vertex 13.8135 -5.0277 24
      vertex 13.8135 -5.0277 52
    endloop
  endfacet
  facet normal 0.923867 -0.382713 0
    outer loop
      vertex 13.8135 -5.0277 24
      vertex 13.3227 -6.21249 52
      vertex 13.3227 -6.21249 24
    endloop
  endfacet
  facet normal -0.675586 0.737281 0
    outer loop
      vertex -9.44898 11.2609 24
      vertex -10.3945 10.3945 52
      vertex -9.44898 11.2609 52
    endloop
  endfacet
  facet normal -0.675586 0.737281 0
    outer loop
      vertex -10.3945 10.3945 52
      vertex -9.44898 11.2609 24
      vertex -10.3945 10.3945 24
    endloop
  endfacet
  facet normal -0.0435898 -0.99905 0
    outer loop
      vertex -1.28119 -14.6441 24
      vertex 0 -14.7 52
      vertex -1.28119 -14.6441 52
    endloop
  endfacet
  facet normal -0.0435898 -0.99905 -0
    outer loop
      vertex 0 -14.7 52
      vertex -1.28119 -14.6441 24
      vertex 0 -14.7 24
    endloop
  endfacet
  facet normal 0.0435898 -0.99905 0
    outer loop
      vertex 0 -14.7 24
      vertex 1.28119 -14.6441 52
      vertex 0 -14.7 52
    endloop
  endfacet
  facet normal 0.0435898 -0.99905 0
    outer loop
      vertex 1.28119 -14.6441 52
      vertex 0 -14.7 24
      vertex 1.28119 -14.6441 24
    endloop
  endfacet
  facet normal -0.953724 -0.300685 0
    outer loop
      vertex -13.8135 -5.0277 24
      vertex -14.1991 -3.80464 52
      vertex -14.1991 -3.80464 24
    endloop
  endfacet
  facet normal -0.953724 -0.300685 0
    outer loop
      vertex -14.1991 -3.80464 52
      vertex -13.8135 -5.0277 24
      vertex -13.8135 -5.0277 52
    endloop
  endfacet
  facet normal 0.737281 -0.675586 0
    outer loop
      vertex 10.3945 -10.3945 52
      vertex 11.2609 -9.44898 24
      vertex 11.2609 -9.44898 52
    endloop
  endfacet
  facet normal 0.737281 -0.675586 0
    outer loop
      vertex 11.2609 -9.44898 24
      vertex 10.3945 -10.3945 52
      vertex 10.3945 -10.3945 24
    endloop
  endfacet
  facet normal 0.216466 -0.97629 0
    outer loop
      vertex 2.55263 -14.4767 24
      vertex 3.80464 -14.1991 52
      vertex 2.55263 -14.4767 52
    endloop
  endfacet
  facet normal 0.216466 -0.97629 0
    outer loop
      vertex 3.80464 -14.1991 52
      vertex 2.55263 -14.4767 24
      vertex 3.80464 -14.1991 24
    endloop
  endfacet
  facet normal 0.130535 -0.991444 0
    outer loop
      vertex 1.28119 -14.6441 24
      vertex 2.55263 -14.4767 52
      vertex 1.28119 -14.6441 52
    endloop
  endfacet
  facet normal 0.130535 -0.991444 0
    outer loop
      vertex 2.55263 -14.4767 52
      vertex 1.28119 -14.6441 24
      vertex 2.55263 -14.4767 24
    endloop
  endfacet
  facet normal -0.300685 -0.953724 0
    outer loop
      vertex -5.0277 -13.8135 24
      vertex -3.80464 -14.1991 52
      vertex -5.0277 -13.8135 52
    endloop
  endfacet
  facet normal -0.300685 -0.953724 -0
    outer loop
      vertex -3.80464 -14.1991 52
      vertex -5.0277 -13.8135 24
      vertex -3.80464 -14.1991 24
    endloop
  endfacet
  facet normal 0.843369 0.537335 0
    outer loop
      vertex 12.7306 7.35 52
      vertex 12.0415 8.43157 24
      vertex 12.0415 8.43157 52
    endloop
  endfacet
  facet normal 0.843369 0.537335 0
    outer loop
      vertex 12.0415 8.43157 24
      vertex 12.7306 7.35 52
      vertex 12.7306 7.35 24
    endloop
  endfacet
  facet normal -0.953724 0.300685 0
    outer loop
      vertex -14.1991 3.80464 24
      vertex -13.8135 5.0277 52
      vertex -13.8135 5.0277 24
    endloop
  endfacet
  facet normal -0.953724 0.300685 0
    outer loop
      vertex -13.8135 5.0277 52
      vertex -14.1991 3.80464 24
      vertex -14.1991 3.80464 52
    endloop
  endfacet
  facet normal -0.793386 0.608719 0
    outer loop
      vertex -12.0415 8.43157 24
      vertex -11.2609 9.44898 52
      vertex -11.2609 9.44898 24
    endloop
  endfacet
  facet normal -0.793386 0.608719 0
    outer loop
      vertex -11.2609 9.44898 52
      vertex -12.0415 8.43157 24
      vertex -12.0415 8.43157 52
    endloop
  endfacet
  facet normal -0.461718 0.887027 0
    outer loop
      vertex -6.21249 13.3227 24
      vertex -7.35 12.7306 52
      vertex -6.21249 13.3227 52
    endloop
  endfacet
  facet normal -0.461718 0.887027 0
    outer loop
      vertex -7.35 12.7306 52
      vertex -6.21249 13.3227 24
      vertex -7.35 12.7306 24
    endloop
  endfacet
  facet normal 0.461718 -0.887027 0
    outer loop
      vertex 6.21249 -13.3227 24
      vertex 7.35 -12.7306 52
      vertex 6.21249 -13.3227 52
    endloop
  endfacet
  facet normal 0.461718 -0.887027 0
    outer loop
      vertex 7.35 -12.7306 52
      vertex 6.21249 -13.3227 24
      vertex 7.35 -12.7306 24
    endloop
  endfacet
  facet normal -0 0 1
    outer loop
      vertex 13.4898 0.00498616 53
      vertex 13.7 0 53
      vertex 13.6907 0.213531 53
    endloop
  endfacet
  facet normal -0 0 1
    outer loop
      vertex 13.4387 1.17574 53
      vertex 13.6907 0.213531 53
      vertex 13.6479 1.19403 53
    endloop
  endfacet
  facet normal 0 0 1
    outer loop
      vertex 13.7 0 53
      vertex 13.4898 0.00498616 53
      vertex 13.4901 0 53
    endloop
  endfacet
  facet normal 0 0 1
    outer loop
      vertex 13.4387 1.17574 53
      vertex 13.6479 1.19403 53
      vertex 13.5198 2.16707 53
    endloop
  endfacet
  facet normal 0 0 1
    outer loop
      vertex 13.4898 -0.00498616 53
      vertex 13.7 0 53
      vertex 13.4901 0 53
    endloop
  endfacet
  facet normal -0 0 1
    outer loop
      vertex 13.2858 2.33757 53
      vertex 13.5198 2.16707 53
      vertex 13.4919 2.37898 53
    endloop
  endfacet
  facet normal 0 0 1
    outer loop
      vertex 13.4387 -1.17574 53
      vertex 13.6907 -0.213531 53
      vertex 13.4898 -0.00498616 53
    endloop
  endfacet
  facet normal 0 0 1
    outer loop
      vertex 13.6907 -0.213531 53
      vertex 13.4387 -1.17574 53
      vertex 13.6479 -1.19403 53
    endloop
  endfacet
  facet normal 0 0 1
    outer loop
      vertex 13.7 0 53
      vertex 13.4898 -0.00498616 53
      vertex 13.6907 -0.213531 53
    endloop
  endfacet
  facet normal 0 0 1
    outer loop
      vertex 13.6907 0.213531 53
      vertex 13.4387 1.17574 53
      vertex 13.4898 0.00498616 53
    endloop
  endfacet
  facet normal 0 0 1
    outer loop
      vertex 13.5198 2.16707 53
      vertex 13.2858 2.33757 53
      vertex 13.4387 1.17574 53
    endloop
  endfacet
  facet normal 0 0 1
    outer loop
      vertex 13.4919 2.37898 53
      vertex 13.2851 2.34252 53
      vertex 13.2858 2.33757 53
    endloop
  endfacet
  facet normal 0 0 1
    outer loop
      vertex 13.2794 3.33715 53
      vertex 13.2851 2.34252 53
      vertex 13.4919 2.37898 53
    endloop
  endfacet
  facet normal -0 0 1
    outer loop
      vertex 13.0315 3.48661 53
      vertex 13.2794 3.33715 53
      vertex 13.2332 3.54582 53
    endloop
  endfacet
  facet normal 0 0 1
    outer loop
      vertex 13.2794 3.33715 53
      vertex 13.0315 3.48661 53
      vertex 13.2851 2.34252 53
    endloop
  endfacet
  facet normal 0 0 1
    outer loop
      vertex 13.2332 3.54582 53
      vertex 13.0304 3.49148 53
      vertex 13.0315 3.48661 53
    endloop
  endfacet
  facet normal 0 0 1
    outer loop
      vertex 12.9381 4.48183 53
      vertex 13.0304 3.49148 53
      vertex 13.2332 3.54582 53
    endloop
  endfacet
  facet normal -0 0 1
    outer loop
      vertex 12.678 4.60911 53
      vertex 12.9381 4.48183 53
      vertex 12.8738 4.68568 53
    endloop
  endfacet
  facet normal 0 0 1
    outer loop
      vertex 12.9381 4.48183 53
      vertex 12.678 4.60911 53
      vertex 13.0304 3.49148 53
    endloop
  endfacet
  facet normal 0 0 1
    outer loop
      vertex 12.8738 4.68568 53
      vertex 12.6765 4.61387 53
      vertex 12.678 4.60911 53
    endloop
  endfacet
  facet normal 0 0 1
    outer loop
      vertex 12.4982 5.5924 53
      vertex 12.6765 4.61387 53
      vertex 12.8738 4.68568 53
    endloop
  endfacet
  facet normal -0 0 1
    outer loop
      vertex 12.228 5.69653 53
      vertex 12.4982 5.5924 53
      vertex 12.4164 5.78987 53
    endloop
  endfacet
  facet normal 0 0 1
    outer loop
      vertex 12.4982 5.5924 53
      vertex 12.228 5.69653 53
      vertex 12.6765 4.61387 53
    endloop
  endfacet
  facet normal 0 0 1
    outer loop
      vertex 12.4164 5.78987 53
      vertex 12.2261 5.70114 53
      vertex 12.228 5.69653 53
    endloop
  endfacet
  facet normal 0 0 1
    outer loop
      vertex 12.4164 5.78987 53
      vertex 12.2238 5.70557 53
      vertex 12.2261 5.70114 53
    endloop
  endfacet
  facet normal 0 0 1
    outer loop
      vertex 11.9632 6.66041 53
      vertex 12.2238 5.70557 53
      vertex 12.4164 5.78987 53
    endloop
  endfacet
  facet normal -0 0 1
    outer loop
      vertex 11.6827 6.74503 53
      vertex 11.9632 6.66041 53
      vertex 11.8645 6.85 53
    endloop
  endfacet
  facet normal 0 0 1
    outer loop
      vertex 11.68 6.74923 53
      vertex 11.8645 6.85 53
      vertex 11.7497 7.03026 53
    endloop
  endfacet
  facet normal 0 0 1
    outer loop
      vertex 11.9632 6.66041 53
      vertex 11.6827 6.74503 53
      vertex 12.2238 5.70557 53
    endloop
  endfacet
  facet normal 0 0 1
    outer loop
      vertex 11.8645 6.85 53
      vertex 11.68 6.74923 53
      vertex 11.6827 6.74503 53
    endloop
  endfacet
  facet normal -0 0 1
    outer loop
      vertex 11.0504 7.73757 53
      vertex 11.7497 7.03026 53
      vertex 11.2224 7.858 53
    endloop
  endfacet
  facet normal 0 0 1
    outer loop
      vertex 11.7497 7.03026 53
      vertex 11.0504 7.73757 53
      vertex 11.68 6.74923 53
    endloop
  endfacet
  facet normal 0 0 1
    outer loop
      vertex 10.6249 8.63662 53
      vertex 11.0504 7.73757 53
      vertex 11.2224 7.858 53
    endloop
  endfacet
  facet normal -0 0 1
    outer loop
      vertex 10.337 8.66728 53
      vertex 10.6249 8.63662 53
      vertex 10.4948 8.80619 53
    endloop
  endfacet
  facet normal 0 0 1
    outer loop
      vertex 10.6249 8.63662 53
      vertex 10.337 8.66728 53
      vertex 11.0504 7.73757 53
    endloop
  endfacet
  facet normal 0 0 1
    outer loop
      vertex 10.4948 8.80619 53
      vertex 10.334 8.67124 53
      vertex 10.337 8.66728 53
    endloop
  endfacet
  facet normal 0 0 1
    outer loop
      vertex 9.83176 9.52978 53
      vertex 10.334 8.67124 53
      vertex 10.4948 8.80619 53
    endloop
  endfacet
  facet normal -0 0 1
    outer loop
      vertex 9.54228 9.53523 53
      vertex 9.83176 9.52978 53
      vertex 9.68736 9.68736 53
    endloop
  endfacet
  facet normal 0 0 1
    outer loop
      vertex 9.83176 9.52978 53
      vertex 9.54228 9.53523 53
      vertex 10.334 8.67124 53
    endloop
  endfacet
  facet normal 0 0 1
    outer loop
      vertex 9.68736 9.68736 53
      vertex 9.53891 9.53891 53
      vertex 9.54228 9.53523 53
    endloop
  endfacet
  facet normal 0 0 1
    outer loop
      vertex 9.68736 9.68736 53
      vertex 9.53523 9.54228 53
      vertex 9.53891 9.53891 53
    endloop
  endfacet
  facet normal 0 0 1
    outer loop
      vertex 9.52978 9.83176 53
      vertex 9.53523 9.54228 53
      vertex 9.68736 9.68736 53
    endloop
  endfacet
  facet normal -0 0 1
    outer loop
      vertex 8.67124 10.334 53
      vertex 9.52978 9.83176 53
      vertex 8.80619 10.4948 53
    endloop
  endfacet
  facet normal 0 0 1
    outer loop
      vertex 9.52978 9.83176 53
      vertex 8.67124 10.334 53
      vertex 9.53523 9.54228 53
    endloop
  endfacet
  facet normal 0 0 1
    outer loop
      vertex 8.80619 10.4948 53
      vertex 8.66728 10.337 53
      vertex 8.67124 10.334 53
    endloop
  endfacet
  facet normal 0 0 1
    outer loop
      vertex 8.63662 10.6249 53
      vertex 8.66728 10.337 53
      vertex 8.80619 10.4948 53
    endloop
  endfacet
  facet normal -0 0 1
    outer loop
      vertex 7.73757 11.0504 53
      vertex 8.63662 10.6249 53
      vertex 7.858 11.2224 53
    endloop
  endfacet
  facet normal 0 0 1
    outer loop
      vertex 8.63662 10.6249 53
      vertex 7.73757 11.0504 53
      vertex 8.66728 10.337 53
    endloop
  endfacet
  facet normal 0 0 1
    outer loop
      vertex 7.03026 11.7497 53
      vertex 7.73757 11.0504 53
      vertex 7.858 11.2224 53
    endloop
  endfacet
  facet normal 0 0 1
    outer loop
      vertex 6.74923 11.68 53
      vertex 7.03026 11.7497 53
      vertex 6.85 11.8645 53
    endloop
  endfacet
  facet normal 0 0 1
    outer loop
      vertex 7.03026 11.7497 53
      vertex 6.74923 11.68 53
      vertex 7.73757 11.0504 53
    endloop
  endfacet
  facet normal 0 0 1
    outer loop
      vertex 6.85 11.8645 53
      vertex 6.74503 11.6827 53
      vertex 6.74923 11.68 53
    endloop
  endfacet
  facet normal 0 0 1
    outer loop
      vertex 6.66041 11.9632 53
      vertex 6.74503 11.6827 53
      vertex 6.85 11.8645 53
    endloop
  endfacet
  facet normal -0 0 1
    outer loop
      vertex 5.70557 12.2238 53
      vertex 6.66041 11.9632 53
      vertex 5.78987 12.4164 53
    endloop
  endfacet
  facet normal 0 0 1
    outer loop
      vertex 6.66041 11.9632 53
      vertex 5.70557 12.2238 53
      vertex 6.74503 11.6827 53
    endloop
  endfacet
  facet normal 0 0 1
    outer loop
      vertex 5.78987 12.4164 53
      vertex 5.70114 12.2261 53
      vertex 5.70557 12.2238 53
    endloop
  endfacet
  facet normal 0 0 1
    outer loop
      vertex 5.78987 12.4164 53
      vertex 5.69653 12.228 53
      vertex 5.70114 12.2261 53
    endloop
  endfacet
  facet normal 0 0 1
    outer loop
      vertex 5.5924 12.4982 53
      vertex 5.69653 12.228 53
      vertex 5.78987 12.4164 53
    endloop
  endfacet
  facet normal -0 0 1
    outer loop
      vertex 4.61387 12.6765 53
      vertex 5.5924 12.4982 53
      vertex 4.68568 12.8738 53
    endloop
  endfacet
  facet normal 0 0 1
    outer loop
      vertex 5.5924 12.4982 53
      vertex 4.61387 12.6765 53
      vertex 5.69653 12.228 53
    endloop
  endfacet
  facet normal 0 0 1
    outer loop
      vertex 4.68568 12.8738 53
      vertex 4.60911 12.678 53
      vertex 4.61387 12.6765 53
    endloop
  endfacet
  facet normal 0 0 1
    outer loop
      vertex 4.48183 12.9381 53
      vertex 4.60911 12.678 53
      vertex 4.68568 12.8738 53
    endloop
  endfacet
  facet normal -0 0 1
    outer loop
      vertex 3.49148 13.0304 53
      vertex 4.48183 12.9381 53
      vertex 3.54582 13.2332 53
    endloop
  endfacet
  facet normal 0 0 1
    outer loop
      vertex 4.48183 12.9381 53
      vertex 3.49148 13.0304 53
      vertex 4.60911 12.678 53
    endloop
  endfacet
  facet normal 0 0 1
    outer loop
      vertex 3.54582 13.2332 53
      vertex 3.48661 13.0315 53
      vertex 3.49148 13.0304 53
    endloop
  endfacet
  facet normal 0 0 1
    outer loop
      vertex 3.33715 13.2794 53
      vertex 3.48661 13.0315 53
      vertex 3.54582 13.2332 53
    endloop
  endfacet
  facet normal -0 0 1
    outer loop
      vertex 2.34252 13.2851 53
      vertex 3.33715 13.2794 53
      vertex 2.37898 13.4919 53
    endloop
  endfacet
  facet normal 0 0 1
    outer loop
      vertex 3.33715 13.2794 53
      vertex 2.34252 13.2851 53
      vertex 3.48661 13.0315 53
    endloop
  endfacet
  facet normal 0 0 1
    outer loop
      vertex 2.37898 13.4919 53
      vertex 2.33757 13.2858 53
      vertex 2.34252 13.2851 53
    endloop
  endfacet
  facet normal 0 0 1
    outer loop
      vertex 2.16707 13.5198 53
      vertex 2.33757 13.2858 53
      vertex 2.37898 13.4919 53
    endloop
  endfacet
  facet normal 0 0 1
    outer loop
      vertex 1.17574 13.4387 53
      vertex 2.16707 13.5198 53
      vertex 1.19403 13.6479 53
    endloop
  endfacet
  facet normal 0 0 1
    outer loop
      vertex 2.16707 13.5198 53
      vertex 1.17574 13.4387 53
      vertex 2.33757 13.2858 53
    endloop
  endfacet
  facet normal 0 0 1
    outer loop
      vertex 0.213531 13.6907 53
      vertex 1.17574 13.4387 53
      vertex 1.19403 13.6479 53
    endloop
  endfacet
  facet normal 0 0 1
    outer loop
      vertex 0.213531 13.6907 53
      vertex 0.00498616 13.4898 53
      vertex 1.17574 13.4387 53
    endloop
  endfacet
  facet normal 0 0 1
    outer loop
      vertex 0 13.7 53
      vertex 0.00498616 13.4898 53
      vertex 0.213531 13.6907 53
    endloop
  endfacet
  facet normal 0 0 1
    outer loop
      vertex 0 13.7 53
      vertex 0 13.4901 53
      vertex 0.00498616 13.4898 53
    endloop
  endfacet
  facet normal 0 0 1
    outer loop
      vertex 0 13.7 53
      vertex -0.00498616 13.4898 53
      vertex 0 13.4901 53
    endloop
  endfacet
  facet normal -0 0 1
    outer loop
      vertex -0.213531 13.6907 53
      vertex -0.00498616 13.4898 53
      vertex 0 13.7 53
    endloop
  endfacet
  facet normal 0 0 1
    outer loop
      vertex -0.213531 13.6907 53
      vertex -1.17574 13.4387 53
      vertex -0.00498616 13.4898 53
    endloop
  endfacet
  facet normal -0 0 1
    outer loop
      vertex -1.19403 13.6479 53
      vertex -1.17574 13.4387 53
      vertex -0.213531 13.6907 53
    endloop
  endfacet
  facet normal -0 0 1
    outer loop
      vertex -2.16707 13.5198 53
      vertex -1.17574 13.4387 53
      vertex -1.19403 13.6479 53
    endloop
  endfacet
  facet normal 0 0 1
    outer loop
      vertex -2.16707 13.5198 53
      vertex -2.33757 13.2858 53
      vertex -1.17574 13.4387 53
    endloop
  endfacet
  facet normal -0 0 1
    outer loop
      vertex -2.37898 13.4919 53
      vertex -2.33757 13.2858 53
      vertex -2.16707 13.5198 53
    endloop
  endfacet
  facet normal 0 0 1
    outer loop
      vertex -2.33757 13.2858 53
      vertex -2.37898 13.4919 53
      vertex -2.34252 13.2851 53
    endloop
  endfacet
  facet normal 0 0 1
    outer loop
      vertex -3.33715 13.2794 53
      vertex -2.34252 13.2851 53
      vertex -2.37898 13.4919 53
    endloop
  endfacet
  facet normal -0 0 1
    outer loop
      vertex -3.33715 13.2794 53
      vertex -3.48661 13.0315 53
      vertex -2.34252 13.2851 53
    endloop
  endfacet
  facet normal -0 0 1
    outer loop
      vertex -3.54582 13.2332 53
      vertex -3.48661 13.0315 53
      vertex -3.33715 13.2794 53
    endloop
  endfacet
  facet normal 0 0 1
    outer loop
      vertex -3.48661 13.0315 53
      vertex -3.54582 13.2332 53
      vertex -3.49148 13.0304 53
    endloop
  endfacet
  facet normal 0 0 1
    outer loop
      vertex -4.48183 12.9381 53
      vertex -3.49148 13.0304 53
      vertex -3.54582 13.2332 53
    endloop
  endfacet
  facet normal -0 0 1
    outer loop
      vertex -4.48183 12.9381 53
      vertex -4.60911 12.678 53
      vertex -3.49148 13.0304 53
    endloop
  endfacet
  facet normal -0 0 1
    outer loop
      vertex -4.68568 12.8738 53
      vertex -4.60911 12.678 53
      vertex -4.48183 12.9381 53
    endloop
  endfacet
  facet normal 0 0 1
    outer loop
      vertex -4.60911 12.678 53
      vertex -4.68568 12.8738 53
      vertex -4.61387 12.6765 53
    endloop
  endfacet
  facet normal 0 0 1
    outer loop
      vertex -5.5924 12.4982 53
      vertex -4.61387 12.6765 53
      vertex -4.68568 12.8738 53
    endloop
  endfacet
  facet normal -0 0 1
    outer loop
      vertex -5.5924 12.4982 53
      vertex -5.69653 12.228 53
      vertex -4.61387 12.6765 53
    endloop
  endfacet
  facet normal -0 0 1
    outer loop
      vertex -5.78987 12.4164 53
      vertex -5.69653 12.228 53
      vertex -5.5924 12.4982 53
    endloop
  endfacet
  facet normal 0 0 1
    outer loop
      vertex -5.69653 12.228 53
      vertex -5.78987 12.4164 53
      vertex -5.70114 12.2261 53
    endloop
  endfacet
  facet normal 0 0 1
    outer loop
      vertex -5.70114 12.2261 53
      vertex -5.78987 12.4164 53
      vertex -5.70557 12.2238 53
    endloop
  endfacet
  facet normal 0 0 1
    outer loop
      vertex -6.66041 11.9632 53
      vertex -5.70557 12.2238 53
      vertex -5.78987 12.4164 53
    endloop
  endfacet
  facet normal -0 0 1
    outer loop
      vertex -6.66041 11.9632 53
      vertex -6.74503 11.6827 53
      vertex -5.70557 12.2238 53
    endloop
  endfacet
  facet normal -0 0 1
    outer loop
      vertex -6.85 11.8645 53
      vertex -6.74503 11.6827 53
      vertex -6.66041 11.9632 53
    endloop
  endfacet
  facet normal 0 0 1
    outer loop
      vertex -6.74503 11.6827 53
      vertex -6.85 11.8645 53
      vertex -6.74923 11.68 53
    endloop
  endfacet
  facet normal -0 0 1
    outer loop
      vertex -7.03026 11.7497 53
      vertex -6.74923 11.68 53
      vertex -6.85 11.8645 53
    endloop
  endfacet
  facet normal 0 0 1
    outer loop
      vertex -7.03026 11.7497 53
      vertex -7.73757 11.0504 53
      vertex -6.74923 11.68 53
    endloop
  endfacet
  facet normal -0 0 1
    outer loop
      vertex -7.858 11.2224 53
      vertex -7.73757 11.0504 53
      vertex -7.03026 11.7497 53
    endloop
  endfacet
  facet normal 0 0 1
    outer loop
      vertex -8.63662 10.6249 53
      vertex -7.73757 11.0504 53
      vertex -7.858 11.2224 53
    endloop
  endfacet
  facet normal -0 0 1
    outer loop
      vertex -8.63662 10.6249 53
      vertex -8.66728 10.337 53
      vertex -7.73757 11.0504 53
    endloop
  endfacet
  facet normal -0 0 1
    outer loop
      vertex -8.80619 10.4948 53
      vertex -8.66728 10.337 53
      vertex -8.63662 10.6249 53
    endloop
  endfacet
  facet normal 0 0 1
    outer loop
      vertex -8.66728 10.337 53
      vertex -8.80619 10.4948 53
      vertex -8.67124 10.334 53
    endloop
  endfacet
  facet normal 0 0 1
    outer loop
      vertex -9.52978 9.83176 53
      vertex -8.67124 10.334 53
      vertex -8.80619 10.4948 53
    endloop
  endfacet
  facet normal -0 0 1
    outer loop
      vertex -9.52978 9.83176 53
      vertex -9.53523 9.54228 53
      vertex -8.67124 10.334 53
    endloop
  endfacet
  facet normal -0 0 1
    outer loop
      vertex -9.68736 9.68736 53
      vertex -9.53523 9.54228 53
      vertex -9.52978 9.83176 53
    endloop
  endfacet
  facet normal 0 0 1
    outer loop
      vertex -9.53523 9.54228 53
      vertex -9.68736 9.68736 53
      vertex -9.53891 9.53891 53
    endloop
  endfacet
  facet normal 0 0 1
    outer loop
      vertex -9.53891 9.53891 53
      vertex -9.68736 9.68736 53
      vertex -9.54228 9.53523 53
    endloop
  endfacet
  facet normal 0 0 1
    outer loop
      vertex -9.83176 9.52978 53
      vertex -9.54228 9.53523 53
      vertex -9.68736 9.68736 53
    endloop
  endfacet
  facet normal -0 0 1
    outer loop
      vertex -9.83176 9.52978 53
      vertex -10.334 8.67124 53
      vertex -9.54228 9.53523 53
    endloop
  endfacet
  facet normal -0 0 1
    outer loop
      vertex -10.4948 8.80619 53
      vertex -10.334 8.67124 53
      vertex -9.83176 9.52978 53
    endloop
  endfacet
  facet normal 0 0 1
    outer loop
      vertex -10.334 8.67124 53
      vertex -10.4948 8.80619 53
      vertex -10.337 8.66728 53
    endloop
  endfacet
  facet normal 0 0 1
    outer loop
      vertex -10.6249 8.63662 53
      vertex -10.337 8.66728 53
      vertex -10.4948 8.80619 53
    endloop
  endfacet
  facet normal -0 0 1
    outer loop
      vertex -10.6249 8.63662 53
      vertex -11.0504 7.73757 53
      vertex -10.337 8.66728 53
    endloop
  endfacet
  facet normal -0 0 1
    outer loop
      vertex -11.2224 7.858 53
      vertex -11.0504 7.73757 53
      vertex -10.6249 8.63662 53
    endloop
  endfacet
  facet normal 0 0 1
    outer loop
      vertex -11.7497 7.03026 53
      vertex -11.0504 7.73757 53
      vertex -11.2224 7.858 53
    endloop
  endfacet
  facet normal 0 0 1
    outer loop
      vertex -11.0504 7.73757 53
      vertex -11.7497 7.03026 53
      vertex -11.68 6.74923 53
    endloop
  endfacet
  facet normal -0 0 1
    outer loop
      vertex -11.8645 6.85 53
      vertex -11.68 6.74923 53
      vertex -11.7497 7.03026 53
    endloop
  endfacet
  facet normal 0 0 1
    outer loop
      vertex -11.68 6.74923 53
      vertex -11.8645 6.85 53
      vertex -11.6827 6.74503 53
    endloop
  endfacet
  facet normal 0 0 1
    outer loop
      vertex -11.9632 6.66041 53
      vertex -11.6827 6.74503 53
      vertex -11.8645 6.85 53
    endloop
  endfacet
  facet normal -0 0 1
    outer loop
      vertex -11.9632 6.66041 53
      vertex -12.2238 5.70557 53
      vertex -11.6827 6.74503 53
    endloop
  endfacet
  facet normal -0 0 1
    outer loop
      vertex -12.4164 5.78987 53
      vertex -12.2238 5.70557 53
      vertex -11.9632 6.66041 53
    endloop
  endfacet
  facet normal 0 0 1
    outer loop
      vertex -12.2238 5.70557 53
      vertex -12.4164 5.78987 53
      vertex -12.2261 5.70114 53
    endloop
  endfacet
  facet normal 0 0 1
    outer loop
      vertex -12.2261 5.70114 53
      vertex -12.4164 5.78987 53
      vertex -12.228 5.69653 53
    endloop
  endfacet
  facet normal 0 0 1
    outer loop
      vertex -12.4982 5.5924 53
      vertex -12.228 5.69653 53
      vertex -12.4164 5.78987 53
    endloop
  endfacet
  facet normal -0 0 1
    outer loop
      vertex -12.4982 5.5924 53
      vertex -12.6765 4.61387 53
      vertex -12.228 5.69653 53
    endloop
  endfacet
  facet normal -0 0 1
    outer loop
      vertex -12.8738 4.68568 53
      vertex -12.6765 4.61387 53
      vertex -12.4982 5.5924 53
    endloop
  endfacet
  facet normal 0 0 1
    outer loop
      vertex -12.6765 4.61387 53
      vertex -12.8738 4.68568 53
      vertex -12.678 4.60911 53
    endloop
  endfacet
  facet normal 0 0 1
    outer loop
      vertex -12.9381 4.48183 53
      vertex -12.678 4.60911 53
      vertex -12.8738 4.68568 53
    endloop
  endfacet
  facet normal -0 0 1
    outer loop
      vertex -12.9381 4.48183 53
      vertex -13.0304 3.49148 53
      vertex -12.678 4.60911 53
    endloop
  endfacet
  facet normal -0 0 1
    outer loop
      vertex -13.2332 3.54582 53
      vertex -13.0304 3.49148 53
      vertex -12.9381 4.48183 53
    endloop
  endfacet
  facet normal 0 0 1
    outer loop
      vertex -13.0304 3.49148 53
      vertex -13.2332 3.54582 53
      vertex -13.0315 3.48661 53
    endloop
  endfacet
  facet normal 0 0 1
    outer loop
      vertex -13.2794 3.33715 53
      vertex -13.0315 3.48661 53
      vertex -13.2332 3.54582 53
    endloop
  endfacet
  facet normal -0 0 1
    outer loop
      vertex -13.2794 3.33715 53
      vertex -13.2851 2.34252 53
      vertex -13.0315 3.48661 53
    endloop
  endfacet
  facet normal -0 0 1
    outer loop
      vertex -13.4919 2.37898 53
      vertex -13.2851 2.34252 53
      vertex -13.2794 3.33715 53
    endloop
  endfacet
  facet normal 0 0 1
    outer loop
      vertex -13.2851 2.34252 53
      vertex -13.4919 2.37898 53
      vertex -13.2858 2.33757 53
    endloop
  endfacet
  facet normal -0 0 1
    outer loop
      vertex -13.6479 1.19403 53
      vertex -13.4387 1.17574 53
      vertex -13.5198 2.16707 53
    endloop
  endfacet
  facet normal 0 0 1
    outer loop
      vertex -13.2858 2.33757 53
      vertex -13.5198 2.16707 53
      vertex -13.4387 1.17574 53
    endloop
  endfacet
  facet normal 0 0 1
    outer loop
      vertex -13.5198 2.16707 53
      vertex -13.2858 2.33757 53
      vertex -13.4919 2.37898 53
    endloop
  endfacet
  facet normal 0 0 1
    outer loop
      vertex 13.6479 -1.19403 53
      vertex 13.4387 -1.17574 53
      vertex 13.5198 -2.16707 53
    endloop
  endfacet
  facet normal 0 0 1
    outer loop
      vertex 13.2858 -2.33757 53
      vertex 13.5198 -2.16707 53
      vertex 13.4387 -1.17574 53
    endloop
  endfacet
  facet normal 0 0 1
    outer loop
      vertex 13.5198 -2.16707 53
      vertex 13.2858 -2.33757 53
      vertex 13.4919 -2.37898 53
    endloop
  endfacet
  facet normal -0 0 1
    outer loop
      vertex 13.2851 -2.34252 53
      vertex 13.4919 -2.37898 53
      vertex 13.2858 -2.33757 53
    endloop
  endfacet
  facet normal 0 0 1
    outer loop
      vertex 13.2851 -2.34252 53
      vertex 13.2794 -3.33715 53
      vertex 13.4919 -2.37898 53
    endloop
  endfacet
  facet normal 0 0 1
    outer loop
      vertex 13.0315 -3.48661 53
      vertex 13.2794 -3.33715 53
      vertex 13.2851 -2.34252 53
    endloop
  endfacet
  facet normal 0 0 1
    outer loop
      vertex 13.2794 -3.33715 53
      vertex 13.0315 -3.48661 53
      vertex 13.2332 -3.54582 53
    endloop
  endfacet
  facet normal -0 0 1
    outer loop
      vertex 13.0304 -3.49148 53
      vertex 13.2332 -3.54582 53
      vertex 13.0315 -3.48661 53
    endloop
  endfacet
  facet normal 0 0 1
    outer loop
      vertex 13.0304 -3.49148 53
      vertex 12.9381 -4.48183 53
      vertex 13.2332 -3.54582 53
    endloop
  endfacet
  facet normal 0 0 1
    outer loop
      vertex 12.678 -4.60911 53
      vertex 12.9381 -4.48183 53
      vertex 13.0304 -3.49148 53
    endloop
  endfacet
  facet normal 0 0 1
    outer loop
      vertex 12.9381 -4.48183 53
      vertex 12.678 -4.60911 53
      vertex 12.8738 -4.68568 53
    endloop
  endfacet
  facet normal -0 0 1
    outer loop
      vertex 12.6765 -4.61387 53
      vertex 12.8738 -4.68568 53
      vertex 12.678 -4.60911 53
    endloop
  endfacet
  facet normal 0 0 1
    outer loop
      vertex 12.6765 -4.61387 53
      vertex 12.4982 -5.5924 53
      vertex 12.8738 -4.68568 53
    endloop
  endfacet
  facet normal 0 0 1
    outer loop
      vertex 12.228 -5.69653 53
      vertex 12.4982 -5.5924 53
      vertex 12.6765 -4.61387 53
    endloop
  endfacet
  facet normal 0 0 1
    outer loop
      vertex 12.4982 -5.5924 53
      vertex 12.228 -5.69653 53
      vertex 12.4164 -5.78987 53
    endloop
  endfacet
  facet normal -0 0 1
    outer loop
      vertex 12.2261 -5.70114 53
      vertex 12.4164 -5.78987 53
      vertex 12.228 -5.69653 53
    endloop
  endfacet
  facet normal -0 0 1
    outer loop
      vertex 12.2238 -5.70557 53
      vertex 12.4164 -5.78987 53
      vertex 12.2261 -5.70114 53
    endloop
  endfacet
  facet normal 0 0 1
    outer loop
      vertex 12.2238 -5.70557 53
      vertex 11.9632 -6.66041 53
      vertex 12.4164 -5.78987 53
    endloop
  endfacet
  facet normal 0 0 1
    outer loop
      vertex 11.6827 -6.74503 53
      vertex 11.9632 -6.66041 53
      vertex 12.2238 -5.70557 53
    endloop
  endfacet
  facet normal 0 0 1
    outer loop
      vertex 11.9632 -6.66041 53
      vertex 11.6827 -6.74503 53
      vertex 11.8645 -6.85 53
    endloop
  endfacet
  facet normal -0 0 1
    outer loop
      vertex 11.68 -6.74923 53
      vertex 11.8645 -6.85 53
      vertex 11.6827 -6.74503 53
    endloop
  endfacet
  facet normal 0 0 1
    outer loop
      vertex 11.8645 -6.85 53
      vertex 11.68 -6.74923 53
      vertex 11.7497 -7.03026 53
    endloop
  endfacet
  facet normal 0 0 1
    outer loop
      vertex 11.0504 -7.73757 53
      vertex 11.7497 -7.03026 53
      vertex 11.68 -6.74923 53
    endloop
  endfacet
  facet normal 0 0 1
    outer loop
      vertex 11.7497 -7.03026 53
      vertex 11.0504 -7.73757 53
      vertex 11.2224 -7.858 53
    endloop
  endfacet
  facet normal 0 0 1
    outer loop
      vertex 11.0504 -7.73757 53
      vertex 10.6249 -8.63662 53
      vertex 11.2224 -7.858 53
    endloop
  endfacet
  facet normal 0 0 1
    outer loop
      vertex 10.337 -8.66728 53
      vertex 10.6249 -8.63662 53
      vertex 11.0504 -7.73757 53
    endloop
  endfacet
  facet normal 0 0 1
    outer loop
      vertex 10.6249 -8.63662 53
      vertex 10.337 -8.66728 53
      vertex 10.4948 -8.80619 53
    endloop
  endfacet
  facet normal -0 0 1
    outer loop
      vertex 10.334 -8.67124 53
      vertex 10.4948 -8.80619 53
      vertex 10.337 -8.66728 53
    endloop
  endfacet
  facet normal 0 0 1
    outer loop
      vertex 10.334 -8.67124 53
      vertex 9.83176 -9.52978 53
      vertex 10.4948 -8.80619 53
    endloop
  endfacet
  facet normal 0 0 1
    outer loop
      vertex 9.54228 -9.53523 53
      vertex 9.83176 -9.52978 53
      vertex 10.334 -8.67124 53
    endloop
  endfacet
  facet normal 0 0 1
    outer loop
      vertex 9.83176 -9.52978 53
      vertex 9.54228 -9.53523 53
      vertex 9.68736 -9.68736 53
    endloop
  endfacet
  facet normal -0 0 1
    outer loop
      vertex 9.53891 -9.53891 53
      vertex 9.68736 -9.68736 53
      vertex 9.54228 -9.53523 53
    endloop
  endfacet
  facet normal -0 0 1
    outer loop
      vertex 9.53523 -9.54228 53
      vertex 9.68736 -9.68736 53
      vertex 9.53891 -9.53891 53
    endloop
  endfacet
  facet normal 0 0 1
    outer loop
      vertex 9.53523 -9.54228 53
      vertex 9.52978 -9.83176 53
      vertex 9.68736 -9.68736 53
    endloop
  endfacet
  facet normal 0 0 1
    outer loop
      vertex 8.67124 -10.334 53
      vertex 9.52978 -9.83176 53
      vertex 9.53523 -9.54228 53
    endloop
  endfacet
  facet normal 0 0 1
    outer loop
      vertex 9.52978 -9.83176 53
      vertex 8.67124 -10.334 53
      vertex 8.80619 -10.4948 53
    endloop
  endfacet
  facet normal -0 0 1
    outer loop
      vertex 8.66728 -10.337 53
      vertex 8.80619 -10.4948 53
      vertex 8.67124 -10.334 53
    endloop
  endfacet
  facet normal 0 0 1
    outer loop
      vertex 8.66728 -10.337 53
      vertex 8.63662 -10.6249 53
      vertex 8.80619 -10.4948 53
    endloop
  endfacet
  facet normal 0 0 1
    outer loop
      vertex 7.73757 -11.0504 53
      vertex 8.63662 -10.6249 53
      vertex 8.66728 -10.337 53
    endloop
  endfacet
  facet normal 0 0 1
    outer loop
      vertex 8.63662 -10.6249 53
      vertex 7.73757 -11.0504 53
      vertex 7.858 -11.2224 53
    endloop
  endfacet
  facet normal 0 0 1
    outer loop
      vertex 7.73757 -11.0504 53
      vertex 7.03026 -11.7497 53
      vertex 7.858 -11.2224 53
    endloop
  endfacet
  facet normal -0 0 1
    outer loop
      vertex 6.74923 -11.68 53
      vertex 7.03026 -11.7497 53
      vertex 7.73757 -11.0504 53
    endloop
  endfacet
  facet normal 0 0 1
    outer loop
      vertex 7.03026 -11.7497 53
      vertex 6.74923 -11.68 53
      vertex 6.85 -11.8645 53
    endloop
  endfacet
  facet normal -0 0 1
    outer loop
      vertex 6.74503 -11.6827 53
      vertex 6.85 -11.8645 53
      vertex 6.74923 -11.68 53
    endloop
  endfacet
  facet normal 0 0 1
    outer loop
      vertex 6.74503 -11.6827 53
      vertex 6.66041 -11.9632 53
      vertex 6.85 -11.8645 53
    endloop
  endfacet
  facet normal 0 0 1
    outer loop
      vertex 5.70557 -12.2238 53
      vertex 6.66041 -11.9632 53
      vertex 6.74503 -11.6827 53
    endloop
  endfacet
  facet normal 0 0 1
    outer loop
      vertex 6.66041 -11.9632 53
      vertex 5.70557 -12.2238 53
      vertex 5.78987 -12.4164 53
    endloop
  endfacet
  facet normal -0 0 1
    outer loop
      vertex 5.70114 -12.2261 53
      vertex 5.78987 -12.4164 53
      vertex 5.70557 -12.2238 53
    endloop
  endfacet
  facet normal -0 0 1
    outer loop
      vertex 5.69653 -12.228 53
      vertex 5.78987 -12.4164 53
      vertex 5.70114 -12.2261 53
    endloop
  endfacet
  facet normal 0 0 1
    outer loop
      vertex 5.69653 -12.228 53
      vertex 5.5924 -12.4982 53
      vertex 5.78987 -12.4164 53
    endloop
  endfacet
  facet normal 0 0 1
    outer loop
      vertex 4.61387 -12.6765 53
      vertex 5.5924 -12.4982 53
      vertex 5.69653 -12.228 53
    endloop
  endfacet
  facet normal 0 0 1
    outer loop
      vertex 5.5924 -12.4982 53
      vertex 4.61387 -12.6765 53
      vertex 4.68568 -12.8738 53
    endloop
  endfacet
  facet normal -0 0 1
    outer loop
      vertex 4.60911 -12.678 53
      vertex 4.68568 -12.8738 53
      vertex 4.61387 -12.6765 53
    endloop
  endfacet
  facet normal 0 0 1
    outer loop
      vertex 4.60911 -12.678 53
      vertex 4.48183 -12.9381 53
      vertex 4.68568 -12.8738 53
    endloop
  endfacet
  facet normal 0 0 1
    outer loop
      vertex 3.49148 -13.0304 53
      vertex 4.48183 -12.9381 53
      vertex 4.60911 -12.678 53
    endloop
  endfacet
  facet normal 0 0 1
    outer loop
      vertex 4.48183 -12.9381 53
      vertex 3.49148 -13.0304 53
      vertex 3.54582 -13.2332 53
    endloop
  endfacet
  facet normal -0 0 1
    outer loop
      vertex 3.48661 -13.0315 53
      vertex 3.54582 -13.2332 53
      vertex 3.49148 -13.0304 53
    endloop
  endfacet
  facet normal 0 0 1
    outer loop
      vertex 3.48661 -13.0315 53
      vertex 3.33715 -13.2794 53
      vertex 3.54582 -13.2332 53
    endloop
  endfacet
  facet normal 0 0 1
    outer loop
      vertex 2.34252 -13.2851 53
      vertex 3.33715 -13.2794 53
      vertex 3.48661 -13.0315 53
    endloop
  endfacet
  facet normal 0 0 1
    outer loop
      vertex 3.33715 -13.2794 53
      vertex 2.34252 -13.2851 53
      vertex 2.37898 -13.4919 53
    endloop
  endfacet
  facet normal -0 0 1
    outer loop
      vertex 2.33757 -13.2858 53
      vertex 2.37898 -13.4919 53
      vertex 2.34252 -13.2851 53
    endloop
  endfacet
  facet normal 0 0 1
    outer loop
      vertex 2.33757 -13.2858 53
      vertex 2.16707 -13.5198 53
      vertex 2.37898 -13.4919 53
    endloop
  endfacet
  facet normal -0 0 1
    outer loop
      vertex 1.17574 -13.4387 53
      vertex 2.16707 -13.5198 53
      vertex 2.33757 -13.2858 53
    endloop
  endfacet
  facet normal 0 0 1
    outer loop
      vertex 2.16707 -13.5198 53
      vertex 1.17574 -13.4387 53
      vertex 1.19403 -13.6479 53
    endloop
  endfacet
  facet normal 0 0 1
    outer loop
      vertex 1.17574 -13.4387 53
      vertex 0.213531 -13.6907 53
      vertex 1.19403 -13.6479 53
    endloop
  endfacet
  facet normal -0 0 1
    outer loop
      vertex 0.00498616 -13.4898 53
      vertex 0.213531 -13.6907 53
      vertex 1.17574 -13.4387 53
    endloop
  endfacet
  facet normal 0 0 1
    outer loop
      vertex 0 -13.7 53
      vertex 0.00498616 -13.4898 53
      vertex 0 -13.4901 53
    endloop
  endfacet
  facet normal 0 0 1
    outer loop
      vertex 0.00498616 -13.4898 53
      vertex 0 -13.7 53
      vertex 0.213531 -13.6907 53
    endloop
  endfacet
  facet normal 0 0 1
    outer loop
      vertex -0.00498616 -13.4898 53
      vertex 0 -13.7 53
      vertex 0 -13.4901 53
    endloop
  endfacet
  facet normal 0 0 1
    outer loop
      vertex -0.00498616 -13.4898 53
      vertex -0.213531 -13.6907 53
      vertex 0 -13.7 53
    endloop
  endfacet
  facet normal 0 0 1
    outer loop
      vertex -1.17574 -13.4387 53
      vertex -0.213531 -13.6907 53
      vertex -0.00498616 -13.4898 53
    endloop
  endfacet
  facet normal 0 0 1
    outer loop
      vertex -1.17574 -13.4387 53
      vertex -1.19403 -13.6479 53
      vertex -0.213531 -13.6907 53
    endloop
  endfacet
  facet normal 0 0 1
    outer loop
      vertex -1.17574 -13.4387 53
      vertex -2.16707 -13.5198 53
      vertex -1.19403 -13.6479 53
    endloop
  endfacet
  facet normal 0 0 1
    outer loop
      vertex -2.33757 -13.2858 53
      vertex -2.16707 -13.5198 53
      vertex -1.17574 -13.4387 53
    endloop
  endfacet
  facet normal 0 0 1
    outer loop
      vertex -2.37898 -13.4919 53
      vertex -2.33757 -13.2858 53
      vertex -2.34252 -13.2851 53
    endloop
  endfacet
  facet normal 0 0 1
    outer loop
      vertex -2.33757 -13.2858 53
      vertex -2.37898 -13.4919 53
      vertex -2.16707 -13.5198 53
    endloop
  endfacet
  facet normal 0 0 1
    outer loop
      vertex -2.34252 -13.2851 53
      vertex -3.33715 -13.2794 53
      vertex -2.37898 -13.4919 53
    endloop
  endfacet
  facet normal 0 0 1
    outer loop
      vertex -3.48661 -13.0315 53
      vertex -3.33715 -13.2794 53
      vertex -2.34252 -13.2851 53
    endloop
  endfacet
  facet normal 0 0 1
    outer loop
      vertex -3.54582 -13.2332 53
      vertex -3.48661 -13.0315 53
      vertex -3.49148 -13.0304 53
    endloop
  endfacet
  facet normal 0 0 1
    outer loop
      vertex -3.48661 -13.0315 53
      vertex -3.54582 -13.2332 53
      vertex -3.33715 -13.2794 53
    endloop
  endfacet
  facet normal 0 0 1
    outer loop
      vertex -3.49148 -13.0304 53
      vertex -4.48183 -12.9381 53
      vertex -3.54582 -13.2332 53
    endloop
  endfacet
  facet normal 0 0 1
    outer loop
      vertex -4.60911 -12.678 53
      vertex -4.48183 -12.9381 53
      vertex -3.49148 -13.0304 53
    endloop
  endfacet
  facet normal 0 0 1
    outer loop
      vertex -4.68568 -12.8738 53
      vertex -4.60911 -12.678 53
      vertex -4.61387 -12.6765 53
    endloop
  endfacet
  facet normal 0 0 1
    outer loop
      vertex -4.60911 -12.678 53
      vertex -4.68568 -12.8738 53
      vertex -4.48183 -12.9381 53
    endloop
  endfacet
  facet normal 0 0 1
    outer loop
      vertex -4.61387 -12.6765 53
      vertex -5.5924 -12.4982 53
      vertex -4.68568 -12.8738 53
    endloop
  endfacet
  facet normal 0 0 1
    outer loop
      vertex -5.69653 -12.228 53
      vertex -5.5924 -12.4982 53
      vertex -4.61387 -12.6765 53
    endloop
  endfacet
  facet normal 0 0 1
    outer loop
      vertex -5.78987 -12.4164 53
      vertex -5.69653 -12.228 53
      vertex -5.70114 -12.2261 53
    endloop
  endfacet
  facet normal 0 0 1
    outer loop
      vertex -5.78987 -12.4164 53
      vertex -5.70114 -12.2261 53
      vertex -5.70557 -12.2238 53
    endloop
  endfacet
  facet normal 0 0 1
    outer loop
      vertex -5.69653 -12.228 53
      vertex -5.78987 -12.4164 53
      vertex -5.5924 -12.4982 53
    endloop
  endfacet
  facet normal 0 0 1
    outer loop
      vertex -5.70557 -12.2238 53
      vertex -6.66041 -11.9632 53
      vertex -5.78987 -12.4164 53
    endloop
  endfacet
  facet normal 0 0 1
    outer loop
      vertex -6.74503 -11.6827 53
      vertex -6.66041 -11.9632 53
      vertex -5.70557 -12.2238 53
    endloop
  endfacet
  facet normal 0 0 1
    outer loop
      vertex -6.85 -11.8645 53
      vertex -6.74503 -11.6827 53
      vertex -6.74923 -11.68 53
    endloop
  endfacet
  facet normal 0 0 1
    outer loop
      vertex -6.74503 -11.6827 53
      vertex -6.85 -11.8645 53
      vertex -6.66041 -11.9632 53
    endloop
  endfacet
  facet normal 0 0 1
    outer loop
      vertex -6.74923 -11.68 53
      vertex -7.03026 -11.7497 53
      vertex -6.85 -11.8645 53
    endloop
  endfacet
  facet normal 0 0 1
    outer loop
      vertex -7.73757 -11.0504 53
      vertex -7.03026 -11.7497 53
      vertex -6.74923 -11.68 53
    endloop
  endfacet
  facet normal 0 0 1
    outer loop
      vertex -7.73757 -11.0504 53
      vertex -7.858 -11.2224 53
      vertex -7.03026 -11.7497 53
    endloop
  endfacet
  facet normal 0 0 1
    outer loop
      vertex -7.73757 -11.0504 53
      vertex -8.63662 -10.6249 53
      vertex -7.858 -11.2224 53
    endloop
  endfacet
  facet normal 0 0 1
    outer loop
      vertex -8.66728 -10.337 53
      vertex -8.63662 -10.6249 53
      vertex -7.73757 -11.0504 53
    endloop
  endfacet
  facet normal 0 0 1
    outer loop
      vertex -8.80619 -10.4948 53
      vertex -8.66728 -10.337 53
      vertex -8.67124 -10.334 53
    endloop
  endfacet
  facet normal 0 0 1
    outer loop
      vertex -8.66728 -10.337 53
      vertex -8.80619 -10.4948 53
      vertex -8.63662 -10.6249 53
    endloop
  endfacet
  facet normal 0 0 1
    outer loop
      vertex -8.67124 -10.334 53
      vertex -9.52978 -9.83176 53
      vertex -8.80619 -10.4948 53
    endloop
  endfacet
  facet normal 0 0 1
    outer loop
      vertex -9.53523 -9.54228 53
      vertex -9.52978 -9.83176 53
      vertex -8.67124 -10.334 53
    endloop
  endfacet
  facet normal 0 0 1
    outer loop
      vertex -9.68736 -9.68736 53
      vertex -9.53523 -9.54228 53
      vertex -9.53891 -9.53891 53
    endloop
  endfacet
  facet normal 0 0 1
    outer loop
      vertex -9.68736 -9.68736 53
      vertex -9.53891 -9.53891 53
      vertex -9.54228 -9.53523 53
    endloop
  endfacet
  facet normal 0 0 1
    outer loop
      vertex -9.53523 -9.54228 53
      vertex -9.68736 -9.68736 53
      vertex -9.52978 -9.83176 53
    endloop
  endfacet
  facet normal 0 0 1
    outer loop
      vertex -9.54228 -9.53523 53
      vertex -9.83176 -9.52978 53
      vertex -9.68736 -9.68736 53
    endloop
  endfacet
  facet normal 0 0 1
    outer loop
      vertex -10.334 -8.67124 53
      vertex -9.83176 -9.52978 53
      vertex -9.54228 -9.53523 53
    endloop
  endfacet
  facet normal 0 0 1
    outer loop
      vertex -10.4948 -8.80619 53
      vertex -10.334 -8.67124 53
      vertex -10.337 -8.66728 53
    endloop
  endfacet
  facet normal 0 0 1
    outer loop
      vertex -10.334 -8.67124 53
      vertex -10.4948 -8.80619 53
      vertex -9.83176 -9.52978 53
    endloop
  endfacet
  facet normal 0 0 1
    outer loop
      vertex -10.337 -8.66728 53
      vertex -10.6249 -8.63662 53
      vertex -10.4948 -8.80619 53
    endloop
  endfacet
  facet normal 0 0 1
    outer loop
      vertex -11.0504 -7.73757 53
      vertex -10.6249 -8.63662 53
      vertex -10.337 -8.66728 53
    endloop
  endfacet
  facet normal 0 0 1
    outer loop
      vertex -11.0504 -7.73757 53
      vertex -11.2224 -7.858 53
      vertex -10.6249 -8.63662 53
    endloop
  endfacet
  facet normal -0 0 1
    outer loop
      vertex -11.7497 -7.03026 53
      vertex -11.0504 -7.73757 53
      vertex -11.68 -6.74923 53
    endloop
  endfacet
  facet normal 0 0 1
    outer loop
      vertex -11.8645 -6.85 53
      vertex -11.68 -6.74923 53
      vertex -11.6827 -6.74503 53
    endloop
  endfacet
  facet normal 0 0 1
    outer loop
      vertex -11.0504 -7.73757 53
      vertex -11.7497 -7.03026 53
      vertex -11.2224 -7.858 53
    endloop
  endfacet
  facet normal 0 0 1
    outer loop
      vertex -11.68 -6.74923 53
      vertex -11.8645 -6.85 53
      vertex -11.7497 -7.03026 53
    endloop
  endfacet
  facet normal 0 0 1
    outer loop
      vertex -11.6827 -6.74503 53
      vertex -11.9632 -6.66041 53
      vertex -11.8645 -6.85 53
    endloop
  endfacet
  facet normal 0 0 1
    outer loop
      vertex -12.2238 -5.70557 53
      vertex -11.9632 -6.66041 53
      vertex -11.6827 -6.74503 53
    endloop
  endfacet
  facet normal 0 0 1
    outer loop
      vertex -12.4164 -5.78987 53
      vertex -12.2238 -5.70557 53
      vertex -12.2261 -5.70114 53
    endloop
  endfacet
  facet normal 0 0 1
    outer loop
      vertex -12.4164 -5.78987 53
      vertex -12.2261 -5.70114 53
      vertex -12.228 -5.69653 53
    endloop
  endfacet
  facet normal 0 0 1
    outer loop
      vertex -12.2238 -5.70557 53
      vertex -12.4164 -5.78987 53
      vertex -11.9632 -6.66041 53
    endloop
  endfacet
  facet normal 0 0 1
    outer loop
      vertex -12.228 -5.69653 53
      vertex -12.4982 -5.5924 53
      vertex -12.4164 -5.78987 53
    endloop
  endfacet
  facet normal 0 0 1
    outer loop
      vertex -12.6765 -4.61387 53
      vertex -12.4982 -5.5924 53
      vertex -12.228 -5.69653 53
    endloop
  endfacet
  facet normal 0 0 1
    outer loop
      vertex -12.8738 -4.68568 53
      vertex -12.6765 -4.61387 53
      vertex -12.678 -4.60911 53
    endloop
  endfacet
  facet normal 0 0 1
    outer loop
      vertex -12.6765 -4.61387 53
      vertex -12.8738 -4.68568 53
      vertex -12.4982 -5.5924 53
    endloop
  endfacet
  facet normal 0 0 1
    outer loop
      vertex -12.678 -4.60911 53
      vertex -12.9381 -4.48183 53
      vertex -12.8738 -4.68568 53
    endloop
  endfacet
  facet normal 0 0 1
    outer loop
      vertex -13.0304 -3.49148 53
      vertex -12.9381 -4.48183 53
      vertex -12.678 -4.60911 53
    endloop
  endfacet
  facet normal 0 0 1
    outer loop
      vertex -13.2332 -3.54582 53
      vertex -13.0304 -3.49148 53
      vertex -13.0315 -3.48661 53
    endloop
  endfacet
  facet normal 0 0 1
    outer loop
      vertex -13.0304 -3.49148 53
      vertex -13.2332 -3.54582 53
      vertex -12.9381 -4.48183 53
    endloop
  endfacet
  facet normal 0 0 1
    outer loop
      vertex -13.0315 -3.48661 53
      vertex -13.2794 -3.33715 53
      vertex -13.2332 -3.54582 53
    endloop
  endfacet
  facet normal 0 0 1
    outer loop
      vertex -13.2851 -2.34252 53
      vertex -13.2794 -3.33715 53
      vertex -13.0315 -3.48661 53
    endloop
  endfacet
  facet normal 0 0 1
    outer loop
      vertex -13.4919 -2.37898 53
      vertex -13.2851 -2.34252 53
      vertex -13.2858 -2.33757 53
    endloop
  endfacet
  facet normal -0 0 1
    outer loop
      vertex -13.5198 -2.16707 53
      vertex -13.2858 -2.33757 53
      vertex -13.4387 -1.17574 53
    endloop
  endfacet
  facet normal 0 0 1
    outer loop
      vertex -13.2851 -2.34252 53
      vertex -13.4919 -2.37898 53
      vertex -13.2794 -3.33715 53
    endloop
  endfacet
  facet normal -0 0 1
    outer loop
      vertex -13.6907 -0.213531 53
      vertex -13.4387 -1.17574 53
      vertex -13.4898 -0.00498616 53
    endloop
  endfacet
  facet normal -0 0 1
    outer loop
      vertex -13.7 0 53
      vertex -13.4898 -0.00498616 53
      vertex -13.4901 0 53
    endloop
  endfacet
  facet normal 0 0 1
    outer loop
      vertex -13.6907 0.213531 53
      vertex -13.4387 1.17574 53
      vertex -13.6479 1.19403 53
    endloop
  endfacet
  facet normal 0 0 1
    outer loop
      vertex -13.4387 1.17574 53
      vertex -13.6907 0.213531 53
      vertex -13.4898 0.00498616 53
    endloop
  endfacet
  facet normal 0 0 1
    outer loop
      vertex -13.2858 -2.33757 53
      vertex -13.5198 -2.16707 53
      vertex -13.4919 -2.37898 53
    endloop
  endfacet
  facet normal 0 0 1
    outer loop
      vertex -13.7 0 53
      vertex -13.4898 0.00498616 53
      vertex -13.6907 0.213531 53
    endloop
  endfacet
  facet normal 0 0 1
    outer loop
      vertex -13.4898 0.00498616 53
      vertex -13.7 0 53
      vertex -13.4901 0 53
    endloop
  endfacet
  facet normal 0 0 1
    outer loop
      vertex -13.4387 -1.17574 53
      vertex -13.6907 -0.213531 53
      vertex -13.6479 -1.19403 53
    endloop
  endfacet
  facet normal 0 0 1
    outer loop
      vertex -13.4387 -1.17574 53
      vertex -13.6479 -1.19403 53
      vertex -13.5198 -2.16707 53
    endloop
  endfacet
  facet normal 0 0 1
    outer loop
      vertex -13.4898 -0.00498616 53
      vertex -13.7 0 53
      vertex -13.6907 -0.213531 53
    endloop
  endfacet
  facet normal -0.97629 -0.216466 0
    outer loop
      vertex -14.1991 -3.80464 24
      vertex -14.4767 -2.55263 52
      vertex -14.4767 -2.55263 24
    endloop
  endfacet
  facet normal -0.97629 -0.216466 0
    outer loop
      vertex -14.4767 -2.55263 52
      vertex -14.1991 -3.80464 24
      vertex -14.1991 -3.80464 52
    endloop
  endfacet
  facet normal -0.887027 0.461718 0
    outer loop
      vertex -13.3227 6.21249 24
      vertex -12.7306 7.35 52
      vertex -12.7306 7.35 24
    endloop
  endfacet
  facet normal -0.887027 0.461718 0
    outer loop
      vertex -12.7306 7.35 52
      vertex -13.3227 6.21249 24
      vertex -13.3227 6.21249 52
    endloop
  endfacet
  facet normal -0.887027 -0.461718 0
    outer loop
      vertex -12.7306 -7.35 24
      vertex -13.3227 -6.21249 52
      vertex -13.3227 -6.21249 24
    endloop
  endfacet
  facet normal -0.887027 -0.461718 0
    outer loop
      vertex -13.3227 -6.21249 52
      vertex -12.7306 -7.35 24
      vertex -12.7306 -7.35 52
    endloop
  endfacet
  facet normal -0.843369 -0.537335 0
    outer loop
      vertex -12.0415 -8.43157 24
      vertex -12.7306 -7.35 52
      vertex -12.7306 -7.35 24
    endloop
  endfacet
  facet normal -0.843369 -0.537335 0
    outer loop
      vertex -12.7306 -7.35 52
      vertex -12.0415 -8.43157 24
      vertex -12.0415 -8.43157 52
    endloop
  endfacet
  facet normal -0.991444 0.130535 0
    outer loop
      vertex -14.6441 1.28119 24
      vertex -14.4767 2.55263 52
      vertex -14.4767 2.55263 24
    endloop
  endfacet
  facet normal -0.991444 0.130535 0
    outer loop
      vertex -14.4767 2.55263 52
      vertex -14.6441 1.28119 24
      vertex -14.6441 1.28119 52
    endloop
  endfacet
  facet normal 0.300685 0.953724 -0
    outer loop
      vertex 5.0277 13.8135 24
      vertex 3.80464 14.1991 52
      vertex 5.0277 13.8135 52
    endloop
  endfacet
  facet normal 0.300685 0.953724 0
    outer loop
      vertex 3.80464 14.1991 52
      vertex 5.0277 13.8135 24
      vertex 3.80464 14.1991 24
    endloop
  endfacet
  facet normal 0.130535 0.991444 -0
    outer loop
      vertex 2.55263 14.4767 24
      vertex 1.28119 14.6441 52
      vertex 2.55263 14.4767 52
    endloop
  endfacet
  facet normal 0.130535 0.991444 0
    outer loop
      vertex 1.28119 14.6441 52
      vertex 2.55263 14.4767 24
      vertex 1.28119 14.6441 24
    endloop
  endfacet
  facet normal -0.461718 -0.887027 0
    outer loop
      vertex -7.35 -12.7306 24
      vertex -6.21249 -13.3227 52
      vertex -7.35 -12.7306 52
    endloop
  endfacet
  facet normal -0.461718 -0.887027 -0
    outer loop
      vertex -6.21249 -13.3227 52
      vertex -7.35 -12.7306 24
      vertex -6.21249 -13.3227 24
    endloop
  endfacet
  facet normal -0.976284 0.216494 0
    outer loop
      vertex 11.1081 -2.97642 0
      vertex 11.3253 -1.99695 51
      vertex 11.3253 -1.99695 0
    endloop
  endfacet
  facet normal -0.976284 0.216494 0
    outer loop
      vertex 11.3253 -1.99695 51
      vertex 11.1081 -2.97642 0
      vertex 11.1081 -2.97642 51
    endloop
  endfacet
  facet normal -0.793353 0.608762 0
    outer loop
      vertex 8.80951 -7.39206 0
      vertex 9.42025 -6.59613 51
      vertex 9.42025 -6.59613 0
    endloop
  endfacet
  facet normal -0.793353 0.608762 0
    outer loop
      vertex 9.42025 -6.59613 51
      vertex 8.80951 -7.39206 0
      vertex 8.80951 -7.39206 51
    endloop
  endfacet
  facet normal 0.843393 0.537297 0
    outer loop
      vertex -9.42025 -6.59613 51
      vertex -9.95929 -5.75 0
      vertex -9.95929 -5.75 51
    endloop
  endfacet
  facet normal 0.843393 0.537297 0
    outer loop
      vertex -9.95929 -5.75 0
      vertex -9.42025 -6.59613 51
      vertex -9.42025 -6.59613 0
    endloop
  endfacet
  facet normal 0.95374 0.300632 0
    outer loop
      vertex -10.8065 -3.93323 51
      vertex -11.1081 -2.97642 0
      vertex -11.1081 -2.97642 51
    endloop
  endfacet
  facet normal 0.95374 0.300632 0
    outer loop
      vertex -11.1081 -2.97642 0
      vertex -10.8065 -3.93323 51
      vertex -10.8065 -3.93323 0
    endloop
  endfacet
  facet normal 0.991451 -0.130478 0
    outer loop
      vertex -11.4562 1.00229 51
      vertex -11.3253 1.99695 0
      vertex -11.3253 1.99695 51
    endloop
  endfacet
  facet normal 0.991451 -0.130478 0
    outer loop
      vertex -11.3253 1.99695 0
      vertex -11.4562 1.00229 51
      vertex -11.4562 1.00229 0
    endloop
  endfacet
  facet normal 0.216494 -0.976284 0
    outer loop
      vertex -2.97642 11.1081 0
      vertex -1.99695 11.3253 51
      vertex -2.97642 11.1081 51
    endloop
  endfacet
  facet normal 0.216494 -0.976284 0
    outer loop
      vertex -1.99695 11.3253 51
      vertex -2.97642 11.1081 0
      vertex -1.99695 11.3253 0
    endloop
  endfacet
  facet normal -0.382746 -0.923854 0
    outer loop
      vertex 3.93323 10.8065 0
      vertex 4.86011 10.4225 51
      vertex 3.93323 10.8065 51
    endloop
  endfacet
  facet normal -0.382746 -0.923854 -0
    outer loop
      vertex 4.86011 10.4225 51
      vertex 3.93323 10.8065 0
      vertex 4.86011 10.4225 0
    endloop
  endfacet
  facet normal -0.991451 -0.130478 0
    outer loop
      vertex 11.4562 1.00229 0
      vertex 11.3253 1.99695 51
      vertex 11.3253 1.99695 0
    endloop
  endfacet
  facet normal -0.991451 -0.130478 0
    outer loop
      vertex 11.3253 1.99695 51
      vertex 11.4562 1.00229 0
      vertex 11.4562 1.00229 51
    endloop
  endfacet
  facet normal 0.461719 0.887026 -0
    outer loop
      vertex -4.86011 -10.4225 0
      vertex -5.75 -9.95929 51
      vertex -4.86011 -10.4225 51
    endloop
  endfacet
  facet normal 0.461719 0.887026 0
    outer loop
      vertex -5.75 -9.95929 51
      vertex -4.86011 -10.4225 0
      vertex -5.75 -9.95929 0
    endloop
  endfacet
  facet normal 0.130478 -0.991451 0
    outer loop
      vertex -1.99695 11.3253 0
      vertex -1.00229 11.4562 51
      vertex -1.99695 11.3253 51
    endloop
  endfacet
  facet normal 0.130478 -0.991451 0
    outer loop
      vertex -1.00229 11.4562 51
      vertex -1.99695 11.3253 0
      vertex -1.00229 11.4562 0
    endloop
  endfacet
  facet normal -0.461719 0.887026 0
    outer loop
      vertex 5.75 -9.95929 0
      vertex 4.86011 -10.4225 51
      vertex 5.75 -9.95929 51
    endloop
  endfacet
  facet normal -0.461719 0.887026 0
    outer loop
      vertex 4.86011 -10.4225 51
      vertex 5.75 -9.95929 0
      vertex 4.86011 -10.4225 0
    endloop
  endfacet
  facet normal -0.737279 -0.675589 0
    outer loop
      vertex 8.80951 7.39206 0
      vertex 8.13173 8.13173 51
      vertex 8.13173 8.13173 0
    endloop
  endfacet
  facet normal -0.737279 -0.675589 0
    outer loop
      vertex 8.13173 8.13173 51
      vertex 8.80951 7.39206 0
      vertex 8.80951 7.39206 51
    endloop
  endfacet
  facet normal -0.843393 -0.537297 0
    outer loop
      vertex 9.95929 5.75 0
      vertex 9.42025 6.59613 51
      vertex 9.42025 6.59613 0
    endloop
  endfacet
  facet normal -0.843393 -0.537297 0
    outer loop
      vertex 9.42025 6.59613 51
      vertex 9.95929 5.75 0
      vertex 9.95929 5.75 51
    endloop
  endfacet
  facet normal -0.976284 -0.216494 0
    outer loop
      vertex 11.3253 1.99695 0
      vertex 11.1081 2.97642 51
      vertex 11.1081 2.97642 0
    endloop
  endfacet
  facet normal -0.976284 -0.216494 0
    outer loop
      vertex 11.1081 2.97642 51
      vertex 11.3253 1.99695 0
      vertex 11.3253 1.99695 51
    endloop
  endfacet
  facet normal -0.999047 -0.0436583 0
    outer loop
      vertex 11.5 0 0
      vertex 11.4562 1.00229 51
      vertex 11.4562 1.00229 0
    endloop
  endfacet
  facet normal -0.999047 -0.0436583 0
    outer loop
      vertex 11.4562 1.00229 51
      vertex 11.5 0 0
      vertex 11.5 0 51
    endloop
  endfacet
  facet normal 0.793353 -0.608762 0
    outer loop
      vertex -9.42025 6.59613 51
      vertex -8.80951 7.39206 0
      vertex -8.80951 7.39206 51
    endloop
  endfacet
  facet normal 0.793353 -0.608762 0
    outer loop
      vertex -8.80951 7.39206 0
      vertex -9.42025 6.59613 51
      vertex -9.42025 6.59613 0
    endloop
  endfacet
  facet normal 0.461719 -0.887026 0
    outer loop
      vertex -5.75 9.95929 0
      vertex -4.86011 10.4225 51
      vertex -5.75 9.95929 51
    endloop
  endfacet
  facet normal 0.461719 -0.887026 0
    outer loop
      vertex -4.86011 10.4225 51
      vertex -5.75 9.95929 0
      vertex -4.86011 10.4225 0
    endloop
  endfacet
  facet normal -0.0436583 -0.999047 0
    outer loop
      vertex 0 11.5 0
      vertex 1.00229 11.4562 51
      vertex 0 11.5 51
    endloop
  endfacet
  facet normal -0.0436583 -0.999047 -0
    outer loop
      vertex 1.00229 11.4562 51
      vertex 0 11.5 0
      vertex 1.00229 11.4562 0
    endloop
  endfacet
  facet normal 0.976284 -0.216494 0
    outer loop
      vertex -11.3253 1.99695 51
      vertex -11.1081 2.97642 0
      vertex -11.1081 2.97642 51
    endloop
  endfacet
  facet normal 0.976284 -0.216494 0
    outer loop
      vertex -11.1081 2.97642 0
      vertex -11.3253 1.99695 51
      vertex -11.3253 1.99695 0
    endloop
  endfacet
  facet normal -0.0436583 0.999047 0
    outer loop
      vertex 1.00229 -11.4562 0
      vertex 0 -11.5 51
      vertex 1.00229 -11.4562 51
    endloop
  endfacet
  facet normal -0.0436583 0.999047 0
    outer loop
      vertex 0 -11.5 51
      vertex 1.00229 -11.4562 0
      vertex 0 -11.5 0
    endloop
  endfacet
  facet normal -0.999047 0.0436583 0
    outer loop
      vertex 11.4562 -1.00229 0
      vertex 11.5 0 51
      vertex 11.5 0 0
    endloop
  endfacet
  facet normal -0.999047 0.0436583 0
    outer loop
      vertex 11.5 0 51
      vertex 11.4562 -1.00229 0
      vertex 11.4562 -1.00229 51
    endloop
  endfacet
  facet normal -0.130478 -0.991451 0
    outer loop
      vertex 1.00229 11.4562 0
      vertex 1.99695 11.3253 51
      vertex 1.00229 11.4562 51
    endloop
  endfacet
  facet normal -0.130478 -0.991451 -0
    outer loop
      vertex 1.99695 11.3253 51
      vertex 1.00229 11.4562 0
      vertex 1.99695 11.3253 0
    endloop
  endfacet
  facet normal -0.737279 0.675589 0
    outer loop
      vertex 8.13173 -8.13173 0
      vertex 8.80951 -7.39206 51
      vertex 8.80951 -7.39206 0
    endloop
  endfacet
  facet normal -0.737279 0.675589 0
    outer loop
      vertex 8.80951 -7.39206 51
      vertex 8.13173 -8.13173 0
      vertex 8.13173 -8.13173 51
    endloop
  endfacet
  facet normal -0.608762 -0.793353 0
    outer loop
      vertex 6.59613 9.42025 0
      vertex 7.39206 8.80951 51
      vertex 6.59613 9.42025 51
    endloop
  endfacet
  facet normal -0.608762 -0.793353 -0
    outer loop
      vertex 7.39206 8.80951 51
      vertex 6.59613 9.42025 0
      vertex 7.39206 8.80951 0
    endloop
  endfacet
  facet normal -0.300632 -0.95374 0
    outer loop
      vertex 2.97642 11.1081 0
      vertex 3.93323 10.8065 51
      vertex 2.97642 11.1081 51
    endloop
  endfacet
  facet normal -0.300632 -0.95374 -0
    outer loop
      vertex 3.93323 10.8065 51
      vertex 2.97642 11.1081 0
      vertex 3.93323 10.8065 0
    endloop
  endfacet
  facet normal 0.382746 -0.923854 0
    outer loop
      vertex -4.86011 10.4225 0
      vertex -3.93323 10.8065 51
      vertex -4.86011 10.4225 51
    endloop
  endfacet
  facet normal 0.382746 -0.923854 0
    outer loop
      vertex -3.93323 10.8065 51
      vertex -4.86011 10.4225 0
      vertex -3.93323 10.8065 0
    endloop
  endfacet
  facet normal -0.216494 0.976284 0
    outer loop
      vertex 2.97642 -11.1081 0
      vertex 1.99695 -11.3253 51
      vertex 2.97642 -11.1081 51
    endloop
  endfacet
  facet normal -0.216494 0.976284 0
    outer loop
      vertex 1.99695 -11.3253 51
      vertex 2.97642 -11.1081 0
      vertex 1.99695 -11.3253 0
    endloop
  endfacet
  facet normal 0.0436583 -0.999047 0
    outer loop
      vertex -1.00229 11.4562 0
      vertex 0 11.5 51
      vertex -1.00229 11.4562 51
    endloop
  endfacet
  facet normal 0.0436583 -0.999047 0
    outer loop
      vertex 0 11.5 51
      vertex -1.00229 11.4562 0
      vertex 0 11.5 0
    endloop
  endfacet
  facet normal 0.300632 0.95374 -0
    outer loop
      vertex -2.97642 -11.1081 0
      vertex -3.93323 -10.8065 51
      vertex -2.97642 -11.1081 51
    endloop
  endfacet
  facet normal 0.300632 0.95374 0
    outer loop
      vertex -3.93323 -10.8065 51
      vertex -2.97642 -11.1081 0
      vertex -3.93323 -10.8065 0
    endloop
  endfacet
  facet normal 0.923854 0.382746 0
    outer loop
      vertex -10.4225 -4.86011 51
      vertex -10.8065 -3.93323 0
      vertex -10.8065 -3.93323 51
    endloop
  endfacet
  facet normal 0.923854 0.382746 0
    outer loop
      vertex -10.8065 -3.93323 0
      vertex -10.4225 -4.86011 51
      vertex -10.4225 -4.86011 0
    endloop
  endfacet
  facet normal 0.300632 -0.95374 0
    outer loop
      vertex -3.93323 10.8065 0
      vertex -2.97642 11.1081 51
      vertex -3.93323 10.8065 51
    endloop
  endfacet
  facet normal 0.300632 -0.95374 0
    outer loop
      vertex -2.97642 11.1081 51
      vertex -3.93323 10.8065 0
      vertex -2.97642 11.1081 0
    endloop
  endfacet
  facet normal -0.793353 -0.608762 0
    outer loop
      vertex 9.42025 6.59613 0
      vertex 8.80951 7.39206 51
      vertex 8.80951 7.39206 0
    endloop
  endfacet
  facet normal -0.793353 -0.608762 0
    outer loop
      vertex 8.80951 7.39206 51
      vertex 9.42025 6.59613 0
      vertex 9.42025 6.59613 51
    endloop
  endfacet
  facet normal 0.887026 -0.461719 0
    outer loop
      vertex -10.4225 4.86011 51
      vertex -9.95929 5.75 0
      vertex -9.95929 5.75 51
    endloop
  endfacet
  facet normal 0.887026 -0.461719 0
    outer loop
      vertex -9.95929 5.75 0
      vertex -10.4225 4.86011 51
      vertex -10.4225 4.86011 0
    endloop
  endfacet
  facet normal -0.95374 -0.300632 0
    outer loop
      vertex 11.1081 2.97642 0
      vertex 10.8065 3.93323 51
      vertex 10.8065 3.93323 0
    endloop
  endfacet
  facet normal -0.95374 -0.300632 0
    outer loop
      vertex 10.8065 3.93323 51
      vertex 11.1081 2.97642 0
      vertex 11.1081 2.97642 51
    endloop
  endfacet
  facet normal -0.216494 -0.976284 0
    outer loop
      vertex 1.99695 11.3253 0
      vertex 2.97642 11.1081 51
      vertex 1.99695 11.3253 51
    endloop
  endfacet
  facet normal -0.216494 -0.976284 -0
    outer loop
      vertex 2.97642 11.1081 51
      vertex 1.99695 11.3253 0
      vertex 2.97642 11.1081 0
    endloop
  endfacet
  facet normal 0.0436583 0.999047 -0
    outer loop
      vertex 0 -11.5 0
      vertex -1.00229 -11.4562 51
      vertex 0 -11.5 51
    endloop
  endfacet
  facet normal 0.0436583 0.999047 0
    outer loop
      vertex -1.00229 -11.4562 51
      vertex 0 -11.5 0
      vertex -1.00229 -11.4562 0
    endloop
  endfacet
  facet normal -0.991451 0.130478 0
    outer loop
      vertex 11.3253 -1.99695 0
      vertex 11.4562 -1.00229 51
      vertex 11.4562 -1.00229 0
    endloop
  endfacet
  facet normal -0.991451 0.130478 0
    outer loop
      vertex 11.4562 -1.00229 51
      vertex 11.3253 -1.99695 0
      vertex 11.3253 -1.99695 51
    endloop
  endfacet
  facet normal -0.843393 0.537297 0
    outer loop
      vertex 9.42025 -6.59613 0
      vertex 9.95929 -5.75 51
      vertex 9.95929 -5.75 0
    endloop
  endfacet
  facet normal -0.843393 0.537297 0
    outer loop
      vertex 9.95929 -5.75 51
      vertex 9.42025 -6.59613 0
      vertex 9.42025 -6.59613 51
    endloop
  endfacet
  facet normal -0.537297 0.843393 0
    outer loop
      vertex 6.59613 -9.42025 0
      vertex 5.75 -9.95929 51
      vertex 6.59613 -9.42025 51
    endloop
  endfacet
  facet normal -0.537297 0.843393 0
    outer loop
      vertex 5.75 -9.95929 51
      vertex 6.59613 -9.42025 0
      vertex 5.75 -9.95929 0
    endloop
  endfacet
  facet normal 0.923854 -0.382746 0
    outer loop
      vertex -10.8065 3.93323 51
      vertex -10.4225 4.86011 0
      vertex -10.4225 4.86011 51
    endloop
  endfacet
  facet normal 0.923854 -0.382746 0
    outer loop
      vertex -10.4225 4.86011 0
      vertex -10.8065 3.93323 51
      vertex -10.8065 3.93323 0
    endloop
  endfacet
  facet normal -0.887026 -0.461719 0
    outer loop
      vertex 10.4225 4.86011 0
      vertex 9.95929 5.75 51
      vertex 9.95929 5.75 0
    endloop
  endfacet
  facet normal -0.887026 -0.461719 0
    outer loop
      vertex 9.95929 5.75 51
      vertex 10.4225 4.86011 0
      vertex 10.4225 4.86011 51
    endloop
  endfacet
  facet normal 0.887026 0.461719 0
    outer loop
      vertex -9.95929 -5.75 51
      vertex -10.4225 -4.86011 0
      vertex -10.4225 -4.86011 51
    endloop
  endfacet
  facet normal 0.887026 0.461719 0
    outer loop
      vertex -10.4225 -4.86011 0
      vertex -9.95929 -5.75 51
      vertex -9.95929 -5.75 0
    endloop
  endfacet
  facet normal 0.608762 -0.793353 0
    outer loop
      vertex -7.39206 8.80951 0
      vertex -6.59613 9.42025 51
      vertex -7.39206 8.80951 51
    endloop
  endfacet
  facet normal 0.608762 -0.793353 0
    outer loop
      vertex -6.59613 9.42025 51
      vertex -7.39206 8.80951 0
      vertex -6.59613 9.42025 0
    endloop
  endfacet
  facet normal -0.923854 -0.382746 0
    outer loop
      vertex 10.8065 3.93323 0
      vertex 10.4225 4.86011 51
      vertex 10.4225 4.86011 0
    endloop
  endfacet
  facet normal -0.923854 -0.382746 0
    outer loop
      vertex 10.4225 4.86011 51
      vertex 10.8065 3.93323 0
      vertex 10.8065 3.93323 51
    endloop
  endfacet
  facet normal 0.675589 -0.737279 0
    outer loop
      vertex -8.13173 8.13173 0
      vertex -7.39206 8.80951 51
      vertex -8.13173 8.13173 51
    endloop
  endfacet
  facet normal 0.675589 -0.737279 0
    outer loop
      vertex -7.39206 8.80951 51
      vertex -8.13173 8.13173 0
      vertex -7.39206 8.80951 0
    endloop
  endfacet
  facet normal -0.461719 -0.887026 0
    outer loop
      vertex 4.86011 10.4225 0
      vertex 5.75 9.95929 51
      vertex 4.86011 10.4225 51
    endloop
  endfacet
  facet normal -0.461719 -0.887026 -0
    outer loop
      vertex 5.75 9.95929 51
      vertex 4.86011 10.4225 0
      vertex 5.75 9.95929 0
    endloop
  endfacet
  facet normal -0.537297 -0.843393 0
    outer loop
      vertex 5.75 9.95929 0
      vertex 6.59613 9.42025 51
      vertex 5.75 9.95929 51
    endloop
  endfacet
  facet normal -0.537297 -0.843393 -0
    outer loop
      vertex 6.59613 9.42025 51
      vertex 5.75 9.95929 0
      vertex 6.59613 9.42025 0
    endloop
  endfacet
  facet normal -0.675589 -0.737279 0
    outer loop
      vertex 7.39206 8.80951 0
      vertex 8.13173 8.13173 51
      vertex 7.39206 8.80951 51
    endloop
  endfacet
  facet normal -0.675589 -0.737279 -0
    outer loop
      vertex 8.13173 8.13173 51
      vertex 7.39206 8.80951 0
      vertex 8.13173 8.13173 0
    endloop
  endfacet
  facet normal 0.843393 -0.537297 0
    outer loop
      vertex -9.95929 5.75 51
      vertex -9.42025 6.59613 0
      vertex -9.42025 6.59613 51
    endloop
  endfacet
  facet normal 0.843393 -0.537297 0
    outer loop
      vertex -9.42025 6.59613 0
      vertex -9.95929 5.75 51
      vertex -9.95929 5.75 0
    endloop
  endfacet
  facet normal 0.130478 0.991451 -0
    outer loop
      vertex -1.00229 -11.4562 0
      vertex -1.99695 -11.3253 51
      vertex -1.00229 -11.4562 51
    endloop
  endfacet
  facet normal 0.130478 0.991451 0
    outer loop
      vertex -1.99695 -11.3253 51
      vertex -1.00229 -11.4562 0
      vertex -1.99695 -11.3253 0
    endloop
  endfacet
  facet normal 0.95374 -0.300632 0
    outer loop
      vertex -11.1081 2.97642 51
      vertex -10.8065 3.93323 0
      vertex -10.8065 3.93323 51
    endloop
  endfacet
  facet normal 0.95374 -0.300632 0
    outer loop
      vertex -10.8065 3.93323 0
      vertex -11.1081 2.97642 51
      vertex -11.1081 2.97642 0
    endloop
  endfacet
  facet normal 0.537297 -0.843393 0
    outer loop
      vertex -6.59613 9.42025 0
      vertex -5.75 9.95929 51
      vertex -6.59613 9.42025 51
    endloop
  endfacet
  facet normal 0.537297 -0.843393 0
    outer loop
      vertex -5.75 9.95929 51
      vertex -6.59613 9.42025 0
      vertex -5.75 9.95929 0
    endloop
  endfacet
  facet normal 0.737279 0.675589 0
    outer loop
      vertex -8.13173 -8.13173 51
      vertex -8.80951 -7.39206 0
      vertex -8.80951 -7.39206 51
    endloop
  endfacet
  facet normal 0.737279 0.675589 0
    outer loop
      vertex -8.80951 -7.39206 0
      vertex -8.13173 -8.13173 51
      vertex -8.13173 -8.13173 0
    endloop
  endfacet
  facet normal 0.793353 0.608762 0
    outer loop
      vertex -8.80951 -7.39206 51
      vertex -9.42025 -6.59613 0
      vertex -9.42025 -6.59613 51
    endloop
  endfacet
  facet normal 0.793353 0.608762 0
    outer loop
      vertex -9.42025 -6.59613 0
      vertex -8.80951 -7.39206 51
      vertex -8.80951 -7.39206 0
    endloop
  endfacet
  facet normal -0.887026 0.461719 0
    outer loop
      vertex 9.95929 -5.75 0
      vertex 10.4225 -4.86011 51
      vertex 10.4225 -4.86011 0
    endloop
  endfacet
  facet normal -0.887026 0.461719 0
    outer loop
      vertex 10.4225 -4.86011 51
      vertex 9.95929 -5.75 0
      vertex 9.95929 -5.75 51
    endloop
  endfacet
  facet normal 0.537297 0.843393 -0
    outer loop
      vertex -5.75 -9.95929 0
      vertex -6.59613 -9.42025 51
      vertex -5.75 -9.95929 51
    endloop
  endfacet
  facet normal 0.537297 0.843393 0
    outer loop
      vertex -6.59613 -9.42025 51
      vertex -5.75 -9.95929 0
      vertex -6.59613 -9.42025 0
    endloop
  endfacet
  facet normal 0.382746 0.923854 -0
    outer loop
      vertex -3.93323 -10.8065 0
      vertex -4.86011 -10.4225 51
      vertex -3.93323 -10.8065 51
    endloop
  endfacet
  facet normal 0.382746 0.923854 0
    outer loop
      vertex -4.86011 -10.4225 51
      vertex -3.93323 -10.8065 0
      vertex -4.86011 -10.4225 0
    endloop
  endfacet
  facet normal 0.976284 0.216494 0
    outer loop
      vertex -11.1081 -2.97642 51
      vertex -11.3253 -1.99695 0
      vertex -11.3253 -1.99695 51
    endloop
  endfacet
  facet normal 0.976284 0.216494 0
    outer loop
      vertex -11.3253 -1.99695 0
      vertex -11.1081 -2.97642 51
      vertex -11.1081 -2.97642 0
    endloop
  endfacet
  facet normal -0.923854 0.382746 0
    outer loop
      vertex 10.4225 -4.86011 0
      vertex 10.8065 -3.93323 51
      vertex 10.8065 -3.93323 0
    endloop
  endfacet
  facet normal -0.923854 0.382746 0
    outer loop
      vertex 10.8065 -3.93323 51
      vertex 10.4225 -4.86011 0
      vertex 10.4225 -4.86011 51
    endloop
  endfacet
  facet normal -0.95374 0.300632 0
    outer loop
      vertex 10.8065 -3.93323 0
      vertex 11.1081 -2.97642 51
      vertex 11.1081 -2.97642 0
    endloop
  endfacet
  facet normal -0.95374 0.300632 0
    outer loop
      vertex 11.1081 -2.97642 51
      vertex 10.8065 -3.93323 0
      vertex 10.8065 -3.93323 51
    endloop
  endfacet
  facet normal -0.382746 0.923854 0
    outer loop
      vertex 4.86011 -10.4225 0
      vertex 3.93323 -10.8065 51
      vertex 4.86011 -10.4225 51
    endloop
  endfacet
  facet normal -0.382746 0.923854 0
    outer loop
      vertex 3.93323 -10.8065 51
      vertex 4.86011 -10.4225 0
      vertex 3.93323 -10.8065 0
    endloop
  endfacet
  facet normal 0.737279 -0.675589 0
    outer loop
      vertex -8.80951 7.39206 51
      vertex -8.13173 8.13173 0
      vertex -8.13173 8.13173 51
    endloop
  endfacet
  facet normal 0.737279 -0.675589 0
    outer loop
      vertex -8.13173 8.13173 0
      vertex -8.80951 7.39206 51
      vertex -8.80951 7.39206 0
    endloop
  endfacet
  facet normal 0.608762 0.793353 -0
    outer loop
      vertex -6.59613 -9.42025 0
      vertex -7.39206 -8.80951 51
      vertex -6.59613 -9.42025 51
    endloop
  endfacet
  facet normal 0.608762 0.793353 0
    outer loop
      vertex -7.39206 -8.80951 51
      vertex -6.59613 -9.42025 0
      vertex -7.39206 -8.80951 0
    endloop
  endfacet
  facet normal -0.300632 0.95374 0
    outer loop
      vertex 3.93323 -10.8065 0
      vertex 2.97642 -11.1081 51
      vertex 3.93323 -10.8065 51
    endloop
  endfacet
  facet normal -0.300632 0.95374 0
    outer loop
      vertex 2.97642 -11.1081 51
      vertex 3.93323 -10.8065 0
      vertex 2.97642 -11.1081 0
    endloop
  endfacet
  facet normal -0.130478 0.991451 0
    outer loop
      vertex 1.99695 -11.3253 0
      vertex 1.00229 -11.4562 51
      vertex 1.99695 -11.3253 51
    endloop
  endfacet
  facet normal -0.130478 0.991451 0
    outer loop
      vertex 1.00229 -11.4562 51
      vertex 1.99695 -11.3253 0
      vertex 1.00229 -11.4562 0
    endloop
  endfacet
  facet normal 0.999047 0.0436583 0
    outer loop
      vertex -11.4562 -1.00229 51
      vertex -11.5 0 0
      vertex -11.5 0 51
    endloop
  endfacet
  facet normal 0.999047 0.0436583 0
    outer loop
      vertex -11.5 0 0
      vertex -11.4562 -1.00229 51
      vertex -11.4562 -1.00229 0
    endloop
  endfacet
  facet normal 0.991451 0.130478 0
    outer loop
      vertex -11.3253 -1.99695 51
      vertex -11.4562 -1.00229 0
      vertex -11.4562 -1.00229 51
    endloop
  endfacet
  facet normal 0.991451 0.130478 0
    outer loop
      vertex -11.4562 -1.00229 0
      vertex -11.3253 -1.99695 51
      vertex -11.3253 -1.99695 0
    endloop
  endfacet
  facet normal 0.999047 -0.0436583 0
    outer loop
      vertex -11.5 0 51
      vertex -11.4562 1.00229 0
      vertex -11.4562 1.00229 51
    endloop
  endfacet
  facet normal 0.999047 -0.0436583 0
    outer loop
      vertex -11.4562 1.00229 0
      vertex -11.5 0 51
      vertex -11.5 0 0
    endloop
  endfacet
  facet normal 0.216494 0.976284 -0
    outer loop
      vertex -1.99695 -11.3253 0
      vertex -2.97642 -11.1081 51
      vertex -1.99695 -11.3253 51
    endloop
  endfacet
  facet normal 0.216494 0.976284 0
    outer loop
      vertex -2.97642 -11.1081 51
      vertex -1.99695 -11.3253 0
      vertex -2.97642 -11.1081 0
    endloop
  endfacet
  facet normal -0.675589 0.737279 0
    outer loop
      vertex 8.13173 -8.13173 0
      vertex 7.39206 -8.80951 51
      vertex 8.13173 -8.13173 51
    endloop
  endfacet
  facet normal -0.675589 0.737279 0
    outer loop
      vertex 7.39206 -8.80951 51
      vertex 8.13173 -8.13173 0
      vertex 7.39206 -8.80951 0
    endloop
  endfacet
  facet normal -0.608762 0.793353 0
    outer loop
      vertex 7.39206 -8.80951 0
      vertex 6.59613 -9.42025 51
      vertex 7.39206 -8.80951 51
    endloop
  endfacet
  facet normal -0.608762 0.793353 0
    outer loop
      vertex 6.59613 -9.42025 51
      vertex 7.39206 -8.80951 0
      vertex 6.59613 -9.42025 0
    endloop
  endfacet
  facet normal 0.675589 0.737279 -0
    outer loop
      vertex -7.39206 -8.80951 0
      vertex -8.13173 -8.13173 51
      vertex -7.39206 -8.80951 51
    endloop
  endfacet
  facet normal 0.675589 0.737279 0
    outer loop
      vertex -8.13173 -8.13173 51
      vertex -7.39206 -8.80951 0
      vertex -8.13173 -8.13173 0
    endloop
  endfacet
  facet normal 0.706772 0.0307823 0.706772
    outer loop
      vertex 14.7 0 52
      vertex 13.6907 0.213531 53
      vertex 13.7 0 53
    endloop
  endfacet
  facet normal 0.706776 0.0308376 0.706765
    outer loop
      vertex 13.6907 0.213531 53
      vertex 14.7 0 52
      vertex 14.6441 1.28119 52
    endloop
  endfacet
  facet normal -0.380006 -0.596688 0.706795
    outer loop
      vertex -7.03026 -11.7497 53
      vertex -7.35 -12.7306 52
      vertex -6.85 -11.8645 53
    endloop
  endfacet
  facet normal -0.38013 -0.59663 0.706777
    outer loop
      vertex -7.35 -12.7306 52
      vertex -7.03026 -11.7497 53
      vertex -8.43157 -12.0415 52
    endloop
  endfacet
  facet normal 0.561263 -0.430625 0.706786
    outer loop
      vertex 10.6249 -8.63662 53
      vertex 11.2609 -9.44898 52
      vertex 12.0415 -8.43157 52
    endloop
  endfacet
  facet normal 0.561265 -0.430622 0.706785
    outer loop
      vertex 11.2609 -9.44898 52
      vertex 10.6249 -8.63662 53
      vertex 10.4948 -8.80619 53
    endloop
  endfacet
  facet normal -0.430625 0.561263 0.706786
    outer loop
      vertex -9.44898 11.2609 52
      vertex -8.63662 10.6249 53
      vertex -8.43157 12.0415 52
    endloop
  endfacet
  facet normal -0.430622 0.561265 0.706785
    outer loop
      vertex -8.63662 10.6249 53
      vertex -9.44898 11.2609 52
      vertex -8.80619 10.4948 53
    endloop
  endfacet
  facet normal -0.21272 0.674713 0.706762
    outer loop
      vertex -3.80464 14.1991 52
      vertex -4.48183 12.9381 53
      vertex -3.54582 13.2332 53
    endloop
  endfacet
  facet normal 0.21272 0.674713 0.706762
    outer loop
      vertex 3.80464 14.1991 52
      vertex 3.54582 13.2332 53
      vertex 4.48183 12.9381 53
    endloop
  endfacet
  facet normal 0.430622 -0.561265 0.706785
    outer loop
      vertex 8.63662 -10.6249 53
      vertex 9.44898 -11.2609 52
      vertex 8.80619 -10.4948 53
    endloop
  endfacet
  facet normal 0.430625 -0.561263 0.706786
    outer loop
      vertex 9.44898 -11.2609 52
      vertex 8.63662 -10.6249 53
      vertex 8.43157 -12.0415 52
    endloop
  endfacet
  facet normal 0.38013 -0.59663 0.706777
    outer loop
      vertex 7.03026 -11.7497 53
      vertex 7.35 -12.7306 52
      vertex 8.43157 -12.0415 52
    endloop
  endfacet
  facet normal 0.380006 -0.596688 0.706795
    outer loop
      vertex 7.35 -12.7306 52
      vertex 7.03026 -11.7497 53
      vertex 6.85 -11.8645 53
    endloop
  endfacet
  facet normal 0.690656 -0.153135 0.706785
    outer loop
      vertex 13.2794 -3.33715 53
      vertex 14.1991 -3.80464 52
      vertex 14.4767 -2.55263 52
    endloop
  endfacet
  facet normal 0.69073 -0.152929 0.706757
    outer loop
      vertex 14.1991 -3.80464 52
      vertex 13.2794 -3.33715 53
      vertex 13.2332 -3.54582 53
    endloop
  endfacet
  facet normal 0.627505 -0.326677 0.706768
    outer loop
      vertex 12.4164 -5.78987 53
      vertex 11.9632 -6.66041 53
      vertex 13.3227 -6.21249 52
    endloop
  endfacet
  facet normal 0.152929 -0.69073 0.706757
    outer loop
      vertex 3.33715 -13.2794 53
      vertex 3.80464 -14.1991 52
      vertex 3.54582 -13.2332 53
    endloop
  endfacet
  facet normal 0.153135 -0.690656 0.706785
    outer loop
      vertex 3.80464 -14.1991 52
      vertex 3.33715 -13.2794 53
      vertex 2.55263 -14.4767 52
    endloop
  endfacet
  facet normal 0.0308376 0.706776 0.706765
    outer loop
      vertex 0 14.7 52
      vertex 0.213531 13.6907 53
      vertex 1.28119 14.6441 52
    endloop
  endfacet
  facet normal 0.0307823 0.706772 0.706772
    outer loop
      vertex 0.213531 13.6907 53
      vertex 0 14.7 52
      vertex 0 13.7 53
    endloop
  endfacet
  facet normal -0.0308513 -0.706769 0.706772
    outer loop
      vertex -1.19403 -13.6479 53
      vertex -1.28119 -14.6441 52
      vertex -0.213531 -13.6907 53
    endloop
  endfacet
  facet normal 0.521574 0.477929 0.706785
    outer loop
      vertex 10.3945 10.3945 52
      vertex 9.83176 9.52978 53
      vertex 11.2609 9.44898 52
    endloop
  endfacet
  facet normal 0.521562 0.477939 0.706787
    outer loop
      vertex 9.83176 9.52978 53
      vertex 10.3945 10.3945 52
      vertex 9.68736 9.68736 53
    endloop
  endfacet
  facet normal -0.653588 -0.270742 0.706768
    outer loop
      vertex -12.4982 -5.5924 53
      vertex -13.3227 -6.21249 52
      vertex -12.4164 -5.78987 53
    endloop
  endfacet
  facet normal -0.653585 -0.270748 0.706769
    outer loop
      vertex -13.3227 -6.21249 52
      vertex -12.4982 -5.5924 53
      vertex -13.8135 -5.0277 52
    endloop
  endfacet
  facet normal 0.690656 0.153135 0.706785
    outer loop
      vertex 14.1991 3.80464 52
      vertex 13.2794 3.33715 53
      vertex 14.4767 2.55263 52
    endloop
  endfacet
  facet normal 0.69073 0.152929 0.706757
    outer loop
      vertex 13.2794 3.33715 53
      vertex 14.1991 3.80464 52
      vertex 13.2332 3.54582 53
    endloop
  endfacet
  facet normal 0.0923452 -0.701393 0.706768
    outer loop
      vertex 2.16707 -13.5198 53
      vertex 2.55263 -14.4767 52
      vertex 2.37898 -13.4919 53
    endloop
  endfacet
  facet normal 0.0923466 -0.701393 0.706768
    outer loop
      vertex 2.55263 -14.4767 52
      vertex 2.16707 -13.5198 53
      vertex 1.28119 -14.6441 52
    endloop
  endfacet
  facet normal 0.653585 -0.270748 0.706769
    outer loop
      vertex 12.4982 -5.5924 53
      vertex 13.3227 -6.21249 52
      vertex 13.8135 -5.0277 52
    endloop
  endfacet
  facet normal 0.653588 -0.270742 0.706768
    outer loop
      vertex 13.3227 -6.21249 52
      vertex 12.4982 -5.5924 53
      vertex 12.4164 -5.78987 53
    endloop
  endfacet
  facet normal -0.326631 0.627505 0.706789
    outer loop
      vertex -7.35 12.7306 52
      vertex -6.66041 11.9632 53
      vertex -6.21249 13.3227 52
    endloop
  endfacet
  facet normal -0.326665 0.627481 0.706794
    outer loop
      vertex -6.66041 11.9632 53
      vertex -7.35 12.7306 52
      vertex -6.85 11.8645 53
    endloop
  endfacet
  facet normal -0.653588 0.270742 0.706768
    outer loop
      vertex -13.3227 6.21249 52
      vertex -12.4982 5.5924 53
      vertex -12.4164 5.78987 53
    endloop
  endfacet
  facet normal -0.653585 0.270748 0.706769
    outer loop
      vertex -12.4982 5.5924 53
      vertex -13.3227 6.21249 52
      vertex -13.8135 5.0277 52
    endloop
  endfacet
  facet normal 0.706772 -0.0307823 0.706772
    outer loop
      vertex 13.6907 -0.213531 53
      vertex 14.7 0 52
      vertex 13.7 0 53
    endloop
  endfacet
  facet normal 0.706776 -0.0308376 0.706765
    outer loop
      vertex 14.7 0 52
      vertex 13.6907 -0.213531 53
      vertex 14.6441 -1.28119 52
    endloop
  endfacet
  facet normal 0.0308513 0.706769 0.706772
    outer loop
      vertex 1.28119 14.6441 52
      vertex 0.213531 13.6907 53
      vertex 1.19403 13.6479 53
    endloop
  endfacet
  facet normal 0.653584 -0.270741 0.706772
    outer loop
      vertex 12.8738 -4.68568 53
      vertex 12.4982 -5.5924 53
      vertex 13.8135 -5.0277 52
    endloop
  endfacet
  facet normal -0.380104 -0.596675 0.706753
    outer loop
      vertex -7.858 -11.2224 53
      vertex -8.43157 -12.0415 52
      vertex -7.03026 -11.7497 53
    endloop
  endfacet
  facet normal 0.430694 0.56125 0.706753
    outer loop
      vertex 8.43157 12.0415 52
      vertex 7.858 11.2224 53
      vertex 8.63662 10.6249 53
    endloop
  endfacet
  facet normal -0.674713 0.21272 0.706762
    outer loop
      vertex -12.9381 4.48183 53
      vertex -14.1991 3.80464 52
      vertex -13.2332 3.54582 53
    endloop
  endfacet
  facet normal -0.326677 -0.627505 0.706768
    outer loop
      vertex -5.78987 -12.4164 53
      vertex -6.66041 -11.9632 53
      vertex -6.21249 -13.3227 52
    endloop
  endfacet
  facet normal 0.477928 -0.521574 0.706785
    outer loop
      vertex 9.52978 -9.83176 53
      vertex 8.80619 -10.4948 53
      vertex 9.44898 -11.2609 52
    endloop
  endfacet
  facet normal -0.0307823 0.706772 0.706772
    outer loop
      vertex 0 14.7 52
      vertex -0.213531 13.6907 53
      vertex 0 13.7 53
    endloop
  endfacet
  facet normal -0.0308376 0.706776 0.706765
    outer loop
      vertex -0.213531 13.6907 53
      vertex 0 14.7 52
      vertex -1.28119 14.6441 52
    endloop
  endfacet
  facet normal -0.0923452 -0.701393 0.706768
    outer loop
      vertex -2.55263 -14.4767 52
      vertex -2.16707 -13.5198 53
      vertex -2.37898 -13.4919 53
    endloop
  endfacet
  facet normal -0.0923466 -0.701393 0.706768
    outer loop
      vertex -2.16707 -13.5198 53
      vertex -2.55263 -14.4767 52
      vertex -1.28119 -14.6441 52
    endloop
  endfacet
  facet normal -0.627505 0.326677 0.706768
    outer loop
      vertex -11.9632 6.66041 53
      vertex -13.3227 6.21249 52
      vertex -12.4164 5.78987 53
    endloop
  endfacet
  facet normal 0.152929 0.69073 0.706757
    outer loop
      vertex 3.80464 14.1991 52
      vertex 3.33715 13.2794 53
      vertex 3.54582 13.2332 53
    endloop
  endfacet
  facet normal 0.153135 0.690656 0.706785
    outer loop
      vertex 3.33715 13.2794 53
      vertex 3.80464 14.1991 52
      vertex 2.55263 14.4767 52
    endloop
  endfacet
  facet normal 0.56125 -0.430694 0.706753
    outer loop
      vertex 11.2224 -7.858 53
      vertex 10.6249 -8.63662 53
      vertex 12.0415 -8.43157 52
    endloop
  endfacet
  facet normal -0.627481 0.326665 0.706794
    outer loop
      vertex -12.7306 7.35 52
      vertex -11.9632 6.66041 53
      vertex -11.8645 6.85 53
    endloop
  endfacet
  facet normal -0.627505 0.326631 0.706789
    outer loop
      vertex -11.9632 6.66041 53
      vertex -12.7306 7.35 52
      vertex -13.3227 6.21249 52
    endloop
  endfacet
  facet normal -0.0308513 0.706769 0.706772
    outer loop
      vertex -0.213531 13.6907 53
      vertex -1.28119 14.6441 52
      vertex -1.19403 13.6479 53
    endloop
  endfacet
  facet normal 0.21281 -0.674672 0.706774
    outer loop
      vertex 4.48183 -12.9381 53
      vertex 5.0277 -13.8135 52
      vertex 4.68568 -12.8738 53
    endloop
  endfacet
  facet normal 0.21272 -0.674713 0.706762
    outer loop
      vertex 5.0277 -13.8135 52
      vertex 4.48183 -12.9381 53
      vertex 3.80464 -14.1991 52
    endloop
  endfacet
  facet normal 0.701389 0.0923374 0.706772
    outer loop
      vertex 14.6441 1.28119 52
      vertex 13.5198 2.16707 53
      vertex 13.6479 1.19403 53
    endloop
  endfacet
  facet normal -0.430694 -0.56125 0.706753
    outer loop
      vertex -7.858 -11.2224 53
      vertex -8.63662 -10.6249 53
      vertex -8.43157 -12.0415 52
    endloop
  endfacet
  facet normal -0.56125 0.430694 0.706753
    outer loop
      vertex -10.6249 8.63662 53
      vertex -12.0415 8.43157 52
      vertex -11.2224 7.858 53
    endloop
  endfacet
  facet normal -0.706776 0.0308376 0.706765
    outer loop
      vertex -14.7 0 52
      vertex -13.6907 0.213531 53
      vertex -14.6441 1.28119 52
    endloop
  endfacet
  facet normal -0.706772 0.0307823 0.706772
    outer loop
      vertex -13.6907 0.213531 53
      vertex -14.7 0 52
      vertex -13.7 0 53
    endloop
  endfacet
  facet normal 0.477939 -0.521562 0.706787
    outer loop
      vertex 9.52978 -9.83176 53
      vertex 10.3945 -10.3945 52
      vertex 9.68736 -9.68736 53
    endloop
  endfacet
  facet normal 0.477929 -0.521574 0.706785
    outer loop
      vertex 10.3945 -10.3945 52
      vertex 9.52978 -9.83176 53
      vertex 9.44898 -11.2609 52
    endloop
  endfacet
  facet normal 0.653585 0.270748 0.706769
    outer loop
      vertex 13.3227 6.21249 52
      vertex 12.4982 5.5924 53
      vertex 13.8135 5.0277 52
    endloop
  endfacet
  facet normal 0.653588 0.270742 0.706768
    outer loop
      vertex 12.4982 5.5924 53
      vertex 13.3227 6.21249 52
      vertex 12.4164 5.78987 53
    endloop
  endfacet
  facet normal -0.690666 -0.153174 0.706766
    outer loop
      vertex -13.4919 -2.37898 53
      vertex -14.4767 -2.55263 52
      vertex -13.2794 -3.33715 53
    endloop
  endfacet
  facet normal -0.521562 -0.477939 0.706787
    outer loop
      vertex -9.83176 -9.52978 53
      vertex -10.3945 -10.3945 52
      vertex -9.68736 -9.68736 53
    endloop
  endfacet
  facet normal -0.521574 -0.477929 0.706785
    outer loop
      vertex -10.3945 -10.3945 52
      vertex -9.83176 -9.52978 53
      vertex -11.2609 -9.44898 52
    endloop
  endfacet
  facet normal -0.561265 0.430622 0.706785
    outer loop
      vertex -11.2609 9.44898 52
      vertex -10.6249 8.63662 53
      vertex -10.4948 8.80619 53
    endloop
  endfacet
  facet normal -0.561263 0.430625 0.706786
    outer loop
      vertex -10.6249 8.63662 53
      vertex -11.2609 9.44898 52
      vertex -12.0415 8.43157 52
    endloop
  endfacet
  facet normal 0.521574 0.477928 0.706785
    outer loop
      vertex 11.2609 9.44898 52
      vertex 9.83176 9.52978 53
      vertex 10.4948 8.80619 53
    endloop
  endfacet
  facet normal 0.0307823 -0.706772 0.706772
    outer loop
      vertex 0 -14.7 52
      vertex 0.213531 -13.6907 53
      vertex 0 -13.7 53
    endloop
  endfacet
  facet normal 0.0308376 -0.706776 0.706765
    outer loop
      vertex 0.213531 -13.6907 53
      vertex 0 -14.7 52
      vertex 1.28119 -14.6441 52
    endloop
  endfacet
  facet normal -0.326665 -0.627481 0.706794
    outer loop
      vertex -7.35 -12.7306 52
      vertex -6.66041 -11.9632 53
      vertex -6.85 -11.8645 53
    endloop
  endfacet
  facet normal -0.326631 -0.627505 0.706789
    outer loop
      vertex -6.66041 -11.9632 53
      vertex -7.35 -12.7306 52
      vertex -6.21249 -13.3227 52
    endloop
  endfacet
  facet normal 0.477939 0.521562 0.706787
    outer loop
      vertex 10.3945 10.3945 52
      vertex 9.52978 9.83176 53
      vertex 9.68736 9.68736 53
    endloop
  endfacet
  facet normal 0.477929 0.521574 0.706785
    outer loop
      vertex 9.52978 9.83176 53
      vertex 10.3945 10.3945 52
      vertex 9.44898 11.2609 52
    endloop
  endfacet
  facet normal -0.21281 -0.674672 0.706774
    outer loop
      vertex -5.0277 -13.8135 52
      vertex -4.48183 -12.9381 53
      vertex -4.68568 -12.8738 53
    endloop
  endfacet
  facet normal -0.21272 -0.674713 0.706762
    outer loop
      vertex -4.48183 -12.9381 53
      vertex -5.0277 -13.8135 52
      vertex -3.80464 -14.1991 52
    endloop
  endfacet
  facet normal -0.153135 0.690656 0.706785
    outer loop
      vertex -3.80464 14.1991 52
      vertex -3.33715 13.2794 53
      vertex -2.55263 14.4767 52
    endloop
  endfacet
  facet normal -0.152929 0.69073 0.706757
    outer loop
      vertex -3.33715 13.2794 53
      vertex -3.80464 14.1991 52
      vertex -3.54582 13.2332 53
    endloop
  endfacet
  facet normal -0.21272 -0.674713 0.706762
    outer loop
      vertex -3.54582 -13.2332 53
      vertex -4.48183 -12.9381 53
      vertex -3.80464 -14.1991 52
    endloop
  endfacet
  facet normal 0.326665 -0.627481 0.706794
    outer loop
      vertex 6.66041 -11.9632 53
      vertex 7.35 -12.7306 52
      vertex 6.85 -11.8645 53
    endloop
  endfacet
  facet normal 0.326631 -0.627505 0.706789
    outer loop
      vertex 7.35 -12.7306 52
      vertex 6.66041 -11.9632 53
      vertex 6.21249 -13.3227 52
    endloop
  endfacet
  facet normal -0.69073 -0.152929 0.706757
    outer loop
      vertex -13.2794 -3.33715 53
      vertex -14.1991 -3.80464 52
      vertex -13.2332 -3.54582 53
    endloop
  endfacet
  facet normal -0.690656 -0.153135 0.706785
    outer loop
      vertex -14.1991 -3.80464 52
      vertex -13.2794 -3.33715 53
      vertex -14.4767 -2.55263 52
    endloop
  endfacet
  facet normal 0.326677 -0.627505 0.706768
    outer loop
      vertex 6.66041 -11.9632 53
      vertex 5.78987 -12.4164 53
      vertex 6.21249 -13.3227 52
    endloop
  endfacet
  facet normal -0.430622 -0.561265 0.706785
    outer loop
      vertex -9.44898 -11.2609 52
      vertex -8.63662 -10.6249 53
      vertex -8.80619 -10.4948 53
    endloop
  endfacet
  facet normal -0.430625 -0.561263 0.706786
    outer loop
      vertex -8.63662 -10.6249 53
      vertex -9.44898 -11.2609 52
      vertex -8.43157 -12.0415 52
    endloop
  endfacet
  facet normal -0.627481 -0.326665 0.706794
    outer loop
      vertex -11.9632 -6.66041 53
      vertex -12.7306 -7.35 52
      vertex -11.8645 -6.85 53
    endloop
  endfacet
  facet normal -0.627505 -0.326631 0.706789
    outer loop
      vertex -12.7306 -7.35 52
      vertex -11.9632 -6.66041 53
      vertex -13.3227 -6.21249 52
    endloop
  endfacet
  facet normal 0.674713 -0.21272 0.706762
    outer loop
      vertex 12.9381 -4.48183 53
      vertex 13.8135 -5.0277 52
      vertex 14.1991 -3.80464 52
    endloop
  endfacet
  facet normal 0.674672 -0.21281 0.706774
    outer loop
      vertex 13.8135 -5.0277 52
      vertex 12.9381 -4.48183 53
      vertex 12.8738 -4.68568 53
    endloop
  endfacet
  facet normal 0.690666 0.153174 0.706766
    outer loop
      vertex 14.4767 2.55263 52
      vertex 13.2794 3.33715 53
      vertex 13.4919 2.37898 53
    endloop
  endfacet
  facet normal 0.701393 0.0923466 0.706768
    outer loop
      vertex 14.4767 2.55263 52
      vertex 13.5198 2.16707 53
      vertex 14.6441 1.28119 52
    endloop
  endfacet
  facet normal 0.701393 0.0923452 0.706768
    outer loop
      vertex 13.5198 2.16707 53
      vertex 14.4767 2.55263 52
      vertex 13.4919 2.37898 53
    endloop
  endfacet
  facet normal 0.706769 0.0308513 0.706772
    outer loop
      vertex 14.6441 1.28119 52
      vertex 13.6479 1.19403 53
      vertex 13.6907 0.213531 53
    endloop
  endfacet
  facet normal 0.326665 0.627481 0.706794
    outer loop
      vertex 7.35 12.7306 52
      vertex 6.66041 11.9632 53
      vertex 6.85 11.8645 53
    endloop
  endfacet
  facet normal 0.326631 0.627505 0.706789
    outer loop
      vertex 6.66041 11.9632 53
      vertex 7.35 12.7306 52
      vertex 6.21249 13.3227 52
    endloop
  endfacet
  facet normal 0.561263 0.430625 0.706786
    outer loop
      vertex 11.2609 9.44898 52
      vertex 10.6249 8.63662 53
      vertex 12.0415 8.43157 52
    endloop
  endfacet
  facet normal 0.561265 0.430622 0.706785
    outer loop
      vertex 10.6249 8.63662 53
      vertex 11.2609 9.44898 52
      vertex 10.4948 8.80619 53
    endloop
  endfacet
  facet normal -0.270741 0.653584 0.706772
    outer loop
      vertex -5.0277 13.8135 52
      vertex -5.5924 12.4982 53
      vertex -4.68568 12.8738 53
    endloop
  endfacet
  facet normal 0.0308513 -0.706769 0.706772
    outer loop
      vertex 1.19403 -13.6479 53
      vertex 0.213531 -13.6907 53
      vertex 1.28119 -14.6441 52
    endloop
  endfacet
  facet normal -0.521562 0.477939 0.706787
    outer loop
      vertex -10.3945 10.3945 52
      vertex -9.83176 9.52978 53
      vertex -9.68736 9.68736 53
    endloop
  endfacet
  facet normal -0.521574 0.477929 0.706785
    outer loop
      vertex -9.83176 9.52978 53
      vertex -10.3945 10.3945 52
      vertex -11.2609 9.44898 52
    endloop
  endfacet
  facet normal 0.430694 -0.56125 0.706753
    outer loop
      vertex 8.63662 -10.6249 53
      vertex 7.858 -11.2224 53
      vertex 8.43157 -12.0415 52
    endloop
  endfacet
  facet normal -0.380006 0.596688 0.706795
    outer loop
      vertex -7.35 12.7306 52
      vertex -7.03026 11.7497 53
      vertex -6.85 11.8645 53
    endloop
  endfacet
  facet normal -0.38013 0.59663 0.706777
    outer loop
      vertex -7.03026 11.7497 53
      vertex -7.35 12.7306 52
      vertex -8.43157 12.0415 52
    endloop
  endfacet
  facet normal -0.59663 0.38013 0.706777
    outer loop
      vertex -12.7306 7.35 52
      vertex -11.7497 7.03026 53
      vertex -12.0415 8.43157 52
    endloop
  endfacet
  facet normal -0.596688 0.380006 0.706795
    outer loop
      vertex -11.7497 7.03026 53
      vertex -12.7306 7.35 52
      vertex -11.8645 6.85 53
    endloop
  endfacet
  facet normal 0.270742 0.653588 0.706768
    outer loop
      vertex 6.21249 13.3227 52
      vertex 5.5924 12.4982 53
      vertex 5.78987 12.4164 53
    endloop
  endfacet
  facet normal 0.270748 0.653585 0.706769
    outer loop
      vertex 5.5924 12.4982 53
      vertex 6.21249 13.3227 52
      vertex 5.0277 13.8135 52
    endloop
  endfacet
  facet normal -0.561265 -0.430622 0.706785
    outer loop
      vertex -10.6249 -8.63662 53
      vertex -11.2609 -9.44898 52
      vertex -10.4948 -8.80619 53
    endloop
  endfacet
  facet normal -0.561263 -0.430625 0.706786
    outer loop
      vertex -11.2609 -9.44898 52
      vertex -10.6249 -8.63662 53
      vertex -12.0415 -8.43157 52
    endloop
  endfacet
  facet normal 0.477928 0.521574 0.706785
    outer loop
      vertex 9.44898 11.2609 52
      vertex 8.80619 10.4948 53
      vertex 9.52978 9.83176 53
    endloop
  endfacet
  facet normal -0.0923374 0.701389 0.706772
    outer loop
      vertex -1.28119 14.6441 52
      vertex -2.16707 13.5198 53
      vertex -1.19403 13.6479 53
    endloop
  endfacet
  facet normal 0.521574 -0.477928 0.706785
    outer loop
      vertex 10.4948 -8.80619 53
      vertex 9.83176 -9.52978 53
      vertex 11.2609 -9.44898 52
    endloop
  endfacet
  facet normal -0.270748 0.653585 0.706769
    outer loop
      vertex -6.21249 13.3227 52
      vertex -5.5924 12.4982 53
      vertex -5.0277 13.8135 52
    endloop
  endfacet
  facet normal -0.270742 0.653588 0.706768
    outer loop
      vertex -5.5924 12.4982 53
      vertex -6.21249 13.3227 52
      vertex -5.78987 12.4164 53
    endloop
  endfacet
  facet normal -0.477939 -0.521562 0.706787
    outer loop
      vertex -10.3945 -10.3945 52
      vertex -9.52978 -9.83176 53
      vertex -9.68736 -9.68736 53
    endloop
  endfacet
  facet normal -0.477929 -0.521574 0.706785
    outer loop
      vertex -9.52978 -9.83176 53
      vertex -10.3945 -10.3945 52
      vertex -9.44898 -11.2609 52
    endloop
  endfacet
  facet normal -0.153174 -0.690666 0.706766
    outer loop
      vertex -2.37898 -13.4919 53
      vertex -3.33715 -13.2794 53
      vertex -2.55263 -14.4767 52
    endloop
  endfacet
  facet normal 0.153174 -0.690666 0.706766
    outer loop
      vertex 3.33715 -13.2794 53
      vertex 2.37898 -13.4919 53
      vertex 2.55263 -14.4767 52
    endloop
  endfacet
  facet normal 0.674713 0.21272 0.706762
    outer loop
      vertex 14.1991 3.80464 52
      vertex 12.9381 4.48183 53
      vertex 13.2332 3.54582 53
    endloop
  endfacet
  facet normal -0.706769 0.0308513 0.706772
    outer loop
      vertex -13.6479 1.19403 53
      vertex -14.6441 1.28119 52
      vertex -13.6907 0.213531 53
    endloop
  endfacet
  facet normal -0.690666 0.153174 0.706766
    outer loop
      vertex -13.2794 3.33715 53
      vertex -14.4767 2.55263 52
      vertex -13.4919 2.37898 53
    endloop
  endfacet
  facet normal -0.270742 -0.653588 0.706768
    outer loop
      vertex -6.21249 -13.3227 52
      vertex -5.5924 -12.4982 53
      vertex -5.78987 -12.4164 53
    endloop
  endfacet
  facet normal -0.270748 -0.653585 0.706769
    outer loop
      vertex -5.5924 -12.4982 53
      vertex -6.21249 -13.3227 52
      vertex -5.0277 -13.8135 52
    endloop
  endfacet
  facet normal 0.326677 0.627505 0.706768
    outer loop
      vertex 6.21249 13.3227 52
      vertex 5.78987 12.4164 53
      vertex 6.66041 11.9632 53
    endloop
  endfacet
  facet normal 0.430622 0.561265 0.706785
    outer loop
      vertex 9.44898 11.2609 52
      vertex 8.63662 10.6249 53
      vertex 8.80619 10.4948 53
    endloop
  endfacet
  facet normal 0.430625 0.561263 0.706786
    outer loop
      vertex 8.63662 10.6249 53
      vertex 9.44898 11.2609 52
      vertex 8.43157 12.0415 52
    endloop
  endfacet
  facet normal 0.674713 0.21272 0.706762
    outer loop
      vertex 13.8135 5.0277 52
      vertex 12.9381 4.48183 53
      vertex 14.1991 3.80464 52
    endloop
  endfacet
  facet normal 0.674672 0.21281 0.706774
    outer loop
      vertex 12.9381 4.48183 53
      vertex 13.8135 5.0277 52
      vertex 12.8738 4.68568 53
    endloop
  endfacet
  facet normal 0.653584 0.270741 0.706772
    outer loop
      vertex 13.8135 5.0277 52
      vertex 12.4982 5.5924 53
      vertex 12.8738 4.68568 53
    endloop
  endfacet
  facet normal -0.596675 -0.380104 0.706753
    outer loop
      vertex -11.7497 -7.03026 53
      vertex -12.0415 -8.43157 52
      vertex -11.2224 -7.858 53
    endloop
  endfacet
  facet normal -0.701389 -0.0923374 0.706772
    outer loop
      vertex -13.6479 -1.19403 53
      vertex -14.6441 -1.28119 52
      vertex -13.5198 -2.16707 53
    endloop
  endfacet
  facet normal -0.21272 0.674713 0.706762
    outer loop
      vertex -5.0277 13.8135 52
      vertex -4.48183 12.9381 53
      vertex -3.80464 14.1991 52
    endloop
  endfacet
  facet normal -0.21281 0.674672 0.706774
    outer loop
      vertex -4.48183 12.9381 53
      vertex -5.0277 13.8135 52
      vertex -4.68568 12.8738 53
    endloop
  endfacet
  facet normal -0.270741 -0.653584 0.706772
    outer loop
      vertex -4.68568 -12.8738 53
      vertex -5.5924 -12.4982 53
      vertex -5.0277 -13.8135 52
    endloop
  endfacet
  facet normal 0.38013 0.59663 0.706777
    outer loop
      vertex 7.35 12.7306 52
      vertex 7.03026 11.7497 53
      vertex 8.43157 12.0415 52
    endloop
  endfacet
  facet normal 0.380006 0.596688 0.706795
    outer loop
      vertex 7.03026 11.7497 53
      vertex 7.35 12.7306 52
      vertex 6.85 11.8645 53
    endloop
  endfacet
  facet normal 0.380104 0.596675 0.706753
    outer loop
      vertex 8.43157 12.0415 52
      vertex 7.03026 11.7497 53
      vertex 7.858 11.2224 53
    endloop
  endfacet
  facet normal -0.701389 0.0923374 0.706772
    outer loop
      vertex -13.5198 2.16707 53
      vertex -14.6441 1.28119 52
      vertex -13.6479 1.19403 53
    endloop
  endfacet
  facet normal 0.270741 0.653584 0.706772
    outer loop
      vertex 5.0277 13.8135 52
      vertex 4.68568 12.8738 53
      vertex 5.5924 12.4982 53
    endloop
  endfacet
  facet normal 0.21281 0.674672 0.706774
    outer loop
      vertex 5.0277 13.8135 52
      vertex 4.48183 12.9381 53
      vertex 4.68568 12.8738 53
    endloop
  endfacet
  facet normal 0.21272 0.674713 0.706762
    outer loop
      vertex 4.48183 12.9381 53
      vertex 5.0277 13.8135 52
      vertex 3.80464 14.1991 52
    endloop
  endfacet
  facet normal 0.596675 0.380104 0.706753
    outer loop
      vertex 12.0415 8.43157 52
      vertex 11.2224 7.858 53
      vertex 11.7497 7.03026 53
    endloop
  endfacet
  facet normal 0.380104 -0.596675 0.706753
    outer loop
      vertex 7.858 -11.2224 53
      vertex 7.03026 -11.7497 53
      vertex 8.43157 -12.0415 52
    endloop
  endfacet
  facet normal 0.0923374 -0.701389 0.706772
    outer loop
      vertex 2.16707 -13.5198 53
      vertex 1.19403 -13.6479 53
      vertex 1.28119 -14.6441 52
    endloop
  endfacet
  facet normal -0.477928 -0.521574 0.706785
    outer loop
      vertex -8.80619 -10.4948 53
      vertex -9.52978 -9.83176 53
      vertex -9.44898 -11.2609 52
    endloop
  endfacet
  facet normal -0.477929 0.521574 0.706785
    outer loop
      vertex -10.3945 10.3945 52
      vertex -9.52978 9.83176 53
      vertex -9.44898 11.2609 52
    endloop
  endfacet
  facet normal -0.477939 0.521562 0.706787
    outer loop
      vertex -9.52978 9.83176 53
      vertex -10.3945 10.3945 52
      vertex -9.68736 9.68736 53
    endloop
  endfacet
  facet normal -0.0307823 -0.706772 0.706772
    outer loop
      vertex -0.213531 -13.6907 53
      vertex 0 -14.7 52
      vertex 0 -13.7 53
    endloop
  endfacet
  facet normal -0.0308376 -0.706776 0.706765
    outer loop
      vertex 0 -14.7 52
      vertex -0.213531 -13.6907 53
      vertex -1.28119 -14.6441 52
    endloop
  endfacet
  facet normal 0.596675 -0.380104 0.706753
    outer loop
      vertex 11.7497 -7.03026 53
      vertex 11.2224 -7.858 53
      vertex 12.0415 -8.43157 52
    endloop
  endfacet
  facet normal 0.627505 -0.326631 0.706789
    outer loop
      vertex 11.9632 -6.66041 53
      vertex 12.7306 -7.35 52
      vertex 13.3227 -6.21249 52
    endloop
  endfacet
  facet normal 0.627481 -0.326665 0.706794
    outer loop
      vertex 12.7306 -7.35 52
      vertex 11.9632 -6.66041 53
      vertex 11.8645 -6.85 53
    endloop
  endfacet
  facet normal -0.69073 0.152929 0.706757
    outer loop
      vertex -14.1991 3.80464 52
      vertex -13.2794 3.33715 53
      vertex -13.2332 3.54582 53
    endloop
  endfacet
  facet normal -0.690656 0.153135 0.706785
    outer loop
      vertex -13.2794 3.33715 53
      vertex -14.1991 3.80464 52
      vertex -14.4767 2.55263 52
    endloop
  endfacet
  facet normal 0.0923374 0.701389 0.706772
    outer loop
      vertex 1.28119 14.6441 52
      vertex 1.19403 13.6479 53
      vertex 2.16707 13.5198 53
    endloop
  endfacet
  facet normal 0.701393 -0.0923466 0.706768
    outer loop
      vertex 13.5198 -2.16707 53
      vertex 14.4767 -2.55263 52
      vertex 14.6441 -1.28119 52
    endloop
  endfacet
  facet normal 0.701393 -0.0923452 0.706768
    outer loop
      vertex 14.4767 -2.55263 52
      vertex 13.5198 -2.16707 53
      vertex 13.4919 -2.37898 53
    endloop
  endfacet
  facet normal -0.153174 0.690666 0.706766
    outer loop
      vertex -2.55263 14.4767 52
      vertex -3.33715 13.2794 53
      vertex -2.37898 13.4919 53
    endloop
  endfacet
  facet normal -0.674672 -0.21281 0.706774
    outer loop
      vertex -12.9381 -4.48183 53
      vertex -13.8135 -5.0277 52
      vertex -12.8738 -4.68568 53
    endloop
  endfacet
  facet normal -0.674713 -0.21272 0.706762
    outer loop
      vertex -13.8135 -5.0277 52
      vertex -12.9381 -4.48183 53
      vertex -14.1991 -3.80464 52
    endloop
  endfacet
  facet normal 0.596688 -0.380006 0.706795
    outer loop
      vertex 11.7497 -7.03026 53
      vertex 12.7306 -7.35 52
      vertex 11.8645 -6.85 53
    endloop
  endfacet
  facet normal 0.59663 -0.38013 0.706777
    outer loop
      vertex 12.7306 -7.35 52
      vertex 11.7497 -7.03026 53
      vertex 12.0415 -8.43157 52
    endloop
  endfacet
  facet normal 0.674713 -0.21272 0.706762
    outer loop
      vertex 13.2332 -3.54582 53
      vertex 12.9381 -4.48183 53
      vertex 14.1991 -3.80464 52
    endloop
  endfacet
  facet normal 0.690666 -0.153174 0.706766
    outer loop
      vertex 13.4919 -2.37898 53
      vertex 13.2794 -3.33715 53
      vertex 14.4767 -2.55263 52
    endloop
  endfacet
  facet normal -0.0923466 0.701393 0.706768
    outer loop
      vertex -2.55263 14.4767 52
      vertex -2.16707 13.5198 53
      vertex -1.28119 14.6441 52
    endloop
  endfacet
  facet normal -0.0923452 0.701393 0.706768
    outer loop
      vertex -2.16707 13.5198 53
      vertex -2.55263 14.4767 52
      vertex -2.37898 13.4919 53
    endloop
  endfacet
  facet normal 0.270742 -0.653588 0.706768
    outer loop
      vertex 5.5924 -12.4982 53
      vertex 6.21249 -13.3227 52
      vertex 5.78987 -12.4164 53
    endloop
  endfacet
  facet normal 0.270748 -0.653585 0.706769
    outer loop
      vertex 6.21249 -13.3227 52
      vertex 5.5924 -12.4982 53
      vertex 5.0277 -13.8135 52
    endloop
  endfacet
  facet normal -0.653584 0.270741 0.706772
    outer loop
      vertex -12.4982 5.5924 53
      vertex -13.8135 5.0277 52
      vertex -12.8738 4.68568 53
    endloop
  endfacet
  facet normal -0.477928 0.521574 0.706785
    outer loop
      vertex -9.44898 11.2609 52
      vertex -9.52978 9.83176 53
      vertex -8.80619 10.4948 53
    endloop
  endfacet
  facet normal 0.521574 -0.477929 0.706785
    outer loop
      vertex 9.83176 -9.52978 53
      vertex 10.3945 -10.3945 52
      vertex 11.2609 -9.44898 52
    endloop
  endfacet
  facet normal 0.521562 -0.477939 0.706787
    outer loop
      vertex 10.3945 -10.3945 52
      vertex 9.83176 -9.52978 53
      vertex 9.68736 -9.68736 53
    endloop
  endfacet
  facet normal 0.0923452 0.701393 0.706768
    outer loop
      vertex 2.55263 14.4767 52
      vertex 2.16707 13.5198 53
      vertex 2.37898 13.4919 53
    endloop
  endfacet
  facet normal 0.0923466 0.701393 0.706768
    outer loop
      vertex 2.16707 13.5198 53
      vertex 2.55263 14.4767 52
      vertex 1.28119 14.6441 52
    endloop
  endfacet
  facet normal -0.152929 -0.69073 0.706757
    outer loop
      vertex -3.80464 -14.1991 52
      vertex -3.33715 -13.2794 53
      vertex -3.54582 -13.2332 53
    endloop
  endfacet
  facet normal -0.153135 -0.690656 0.706785
    outer loop
      vertex -3.33715 -13.2794 53
      vertex -3.80464 -14.1991 52
      vertex -2.55263 -14.4767 52
    endloop
  endfacet
  facet normal -0.674672 0.21281 0.706774
    outer loop
      vertex -13.8135 5.0277 52
      vertex -12.9381 4.48183 53
      vertex -12.8738 4.68568 53
    endloop
  endfacet
  facet normal -0.674713 0.21272 0.706762
    outer loop
      vertex -12.9381 4.48183 53
      vertex -13.8135 5.0277 52
      vertex -14.1991 3.80464 52
    endloop
  endfacet
  facet normal -0.0923374 -0.701389 0.706772
    outer loop
      vertex -1.19403 -13.6479 53
      vertex -2.16707 -13.5198 53
      vertex -1.28119 -14.6441 52
    endloop
  endfacet
  facet normal -0.380104 0.596675 0.706753
    outer loop
      vertex -7.03026 11.7497 53
      vertex -8.43157 12.0415 52
      vertex -7.858 11.2224 53
    endloop
  endfacet
  facet normal -0.596675 0.380104 0.706753
    outer loop
      vertex -11.2224 7.858 53
      vertex -12.0415 8.43157 52
      vertex -11.7497 7.03026 53
    endloop
  endfacet
  facet normal 0.701389 -0.0923374 0.706772
    outer loop
      vertex 13.6479 -1.19403 53
      vertex 13.5198 -2.16707 53
      vertex 14.6441 -1.28119 52
    endloop
  endfacet
  facet normal 0.706769 -0.0308513 0.706772
    outer loop
      vertex 13.6907 -0.213531 53
      vertex 13.6479 -1.19403 53
      vertex 14.6441 -1.28119 52
    endloop
  endfacet
  facet normal 0.627505 0.326677 0.706768
    outer loop
      vertex 13.3227 6.21249 52
      vertex 11.9632 6.66041 53
      vertex 12.4164 5.78987 53
    endloop
  endfacet
  facet normal -0.701393 -0.0923452 0.706768
    outer loop
      vertex -13.5198 -2.16707 53
      vertex -14.4767 -2.55263 52
      vertex -13.4919 -2.37898 53
    endloop
  endfacet
  facet normal -0.701393 -0.0923466 0.706768
    outer loop
      vertex -14.4767 -2.55263 52
      vertex -13.5198 -2.16707 53
      vertex -14.6441 -1.28119 52
    endloop
  endfacet
  facet normal -0.521574 0.477928 0.706785
    outer loop
      vertex -9.83176 9.52978 53
      vertex -11.2609 9.44898 52
      vertex -10.4948 8.80619 53
    endloop
  endfacet
  facet normal -0.521574 -0.477928 0.706785
    outer loop
      vertex -10.4948 -8.80619 53
      vertex -11.2609 -9.44898 52
      vertex -9.83176 -9.52978 53
    endloop
  endfacet
  facet normal 0.153174 0.690666 0.706766
    outer loop
      vertex 2.55263 14.4767 52
      vertex 2.37898 13.4919 53
      vertex 3.33715 13.2794 53
    endloop
  endfacet
  facet normal 0.59663 0.38013 0.706777
    outer loop
      vertex 11.7497 7.03026 53
      vertex 12.7306 7.35 52
      vertex 12.0415 8.43157 52
    endloop
  endfacet
  facet normal 0.596688 0.380006 0.706795
    outer loop
      vertex 12.7306 7.35 52
      vertex 11.7497 7.03026 53
      vertex 11.8645 6.85 53
    endloop
  endfacet
  facet normal -0.706769 -0.0308513 0.706772
    outer loop
      vertex -13.6907 -0.213531 53
      vertex -14.6441 -1.28119 52
      vertex -13.6479 -1.19403 53
    endloop
  endfacet
  facet normal -0.706772 -0.0307823 0.706772
    outer loop
      vertex -14.7 0 52
      vertex -13.6907 -0.213531 53
      vertex -13.7 0 53
    endloop
  endfacet
  facet normal -0.706776 -0.0308376 0.706765
    outer loop
      vertex -13.6907 -0.213531 53
      vertex -14.7 0 52
      vertex -14.6441 -1.28119 52
    endloop
  endfacet
  facet normal -0.701393 0.0923452 0.706768
    outer loop
      vertex -14.4767 2.55263 52
      vertex -13.5198 2.16707 53
      vertex -13.4919 2.37898 53
    endloop
  endfacet
  facet normal -0.701393 0.0923466 0.706768
    outer loop
      vertex -13.5198 2.16707 53
      vertex -14.4767 2.55263 52
      vertex -14.6441 1.28119 52
    endloop
  endfacet
  facet normal 0.56125 0.430694 0.706753
    outer loop
      vertex 12.0415 8.43157 52
      vertex 10.6249 8.63662 53
      vertex 11.2224 7.858 53
    endloop
  endfacet
  facet normal 0.627505 0.326631 0.706789
    outer loop
      vertex 12.7306 7.35 52
      vertex 11.9632 6.66041 53
      vertex 13.3227 6.21249 52
    endloop
  endfacet
  facet normal 0.627481 0.326665 0.706794
    outer loop
      vertex 11.9632 6.66041 53
      vertex 12.7306 7.35 52
      vertex 11.8645 6.85 53
    endloop
  endfacet
  facet normal -0.326677 0.627505 0.706768
    outer loop
      vertex -6.21249 13.3227 52
      vertex -6.66041 11.9632 53
      vertex -5.78987 12.4164 53
    endloop
  endfacet
  facet normal -0.56125 -0.430694 0.706753
    outer loop
      vertex -11.2224 -7.858 53
      vertex -12.0415 -8.43157 52
      vertex -10.6249 -8.63662 53
    endloop
  endfacet
  facet normal 0.270741 -0.653584 0.706772
    outer loop
      vertex 5.5924 -12.4982 53
      vertex 4.68568 -12.8738 53
      vertex 5.0277 -13.8135 52
    endloop
  endfacet
  facet normal 0.21272 -0.674713 0.706762
    outer loop
      vertex 4.48183 -12.9381 53
      vertex 3.54582 -13.2332 53
      vertex 3.80464 -14.1991 52
    endloop
  endfacet
  facet normal -0.430694 0.56125 0.706753
    outer loop
      vertex -8.43157 12.0415 52
      vertex -8.63662 10.6249 53
      vertex -7.858 11.2224 53
    endloop
  endfacet
  facet normal -0.627505 -0.326677 0.706768
    outer loop
      vertex -12.4164 -5.78987 53
      vertex -13.3227 -6.21249 52
      vertex -11.9632 -6.66041 53
    endloop
  endfacet
  facet normal -0.653584 -0.270741 0.706772
    outer loop
      vertex -12.8738 -4.68568 53
      vertex -13.8135 -5.0277 52
      vertex -12.4982 -5.5924 53
    endloop
  endfacet
  facet normal -0.596688 -0.380006 0.706795
    outer loop
      vertex -12.7306 -7.35 52
      vertex -11.7497 -7.03026 53
      vertex -11.8645 -6.85 53
    endloop
  endfacet
  facet normal -0.59663 -0.38013 0.706777
    outer loop
      vertex -11.7497 -7.03026 53
      vertex -12.7306 -7.35 52
      vertex -12.0415 -8.43157 52
    endloop
  endfacet
  facet normal -0.674713 -0.21272 0.706762
    outer loop
      vertex -13.2332 -3.54582 53
      vertex -14.1991 -3.80464 52
      vertex -12.9381 -4.48183 53
    endloop
  endfacet
  facet normal -0.708534 -0.0309629 0.704997
    outer loop
      vertex 11.5 0 51
      vertex 13.4898 0.00498616 53
      vertex 11.4562 1.00229 51
    endloop
  endfacet
  facet normal -0.708215 -0.0426109 0.70471
    outer loop
      vertex 13.4898 0.00498616 53
      vertex 11.5 0 51
      vertex 13.4901 0 53
    endloop
  endfacet
  facet normal -0.629076 -0.327471 0.705
    outer loop
      vertex 12.2238 5.70557 53
      vertex 11.6827 6.74503 53
      vertex 9.95929 5.75 51
    endloop
  endfacet
  facet normal 0.47913 -0.522881 0.705004
    outer loop
      vertex -9.53523 9.54228 53
      vertex -8.13173 8.13173 51
      vertex -7.39206 8.80951 51
    endloop
  endfacet
  facet normal 0.478972 -0.523031 0.704999
    outer loop
      vertex -8.13173 8.13173 51
      vertex -9.53523 9.54228 53
      vertex -9.53891 9.53891 53
    endloop
  endfacet
  facet normal -0.478972 0.523031 0.704999
    outer loop
      vertex 8.13173 -8.13173 51
      vertex 9.53523 -9.54228 53
      vertex 9.53891 -9.53891 53
    endloop
  endfacet
  facet normal -0.47913 0.522881 0.705004
    outer loop
      vertex 9.53523 -9.54228 53
      vertex 8.13173 -8.13173 51
      vertex 7.39206 -8.80951 51
    endloop
  endfacet
  facet normal -0.0925346 -0.703136 0.705009
    outer loop
      vertex 2.33757 13.2858 53
      vertex 1.17574 13.4387 53
      vertex 1.00229 11.4562 51
    endloop
  endfacet
  facet normal 0.598143 0.381056 0.704997
    outer loop
      vertex -9.95929 -5.75 51
      vertex -11.68 -6.74923 53
      vertex -9.42025 -6.59613 51
    endloop
  endfacet
  facet normal 0.596625 0.383545 0.704934
    outer loop
      vertex -11.68 -6.74923 53
      vertex -9.95929 -5.75 51
      vertex -11.6827 -6.74503 53
    endloop
  endfacet
  facet normal 0.431738 -0.56265 0.705002
    outer loop
      vertex -8.66728 10.337 53
      vertex -7.39206 8.80951 51
      vertex -6.59613 9.42025 51
    endloop
  endfacet
  facet normal 0.428317 -0.565379 0.704905
    outer loop
      vertex -7.39206 8.80951 51
      vertex -8.66728 10.337 53
      vertex -8.67124 10.334 53
    endloop
  endfacet
  facet normal 0.383545 -0.596625 0.704934
    outer loop
      vertex -6.74923 11.68 53
      vertex -5.75 9.95929 51
      vertex -6.74503 11.6827 53
    endloop
  endfacet
  facet normal 0.381056 -0.598143 0.704997
    outer loop
      vertex -5.75 9.95929 51
      vertex -6.74923 11.68 53
      vertex -6.59613 9.42025 51
    endloop
  endfacet
  facet normal -0.708525 0.0309251 0.705008
    outer loop
      vertex 13.4387 -1.17574 53
      vertex 13.4898 -0.00498616 53
      vertex 11.4562 -1.00229 51
    endloop
  endfacet
  facet normal -0.428317 -0.565379 0.704905
    outer loop
      vertex 8.66728 10.337 53
      vertex 7.39206 8.80951 51
      vertex 8.67124 10.334 53
    endloop
  endfacet
  facet normal -0.431738 -0.56265 0.705002
    outer loop
      vertex 7.39206 8.80951 51
      vertex 8.66728 10.337 53
      vertex 6.59613 9.42025 51
    endloop
  endfacet
  facet normal 0.6924 -0.153478 0.705001
    outer loop
      vertex -11.3253 1.99695 51
      vertex -13.0315 3.48661 53
      vertex -13.2851 2.34252 53
    endloop
  endfacet
  facet normal -0.326783 -0.629412 0.705021
    outer loop
      vertex 4.86011 10.4225 51
      vertex 5.70557 12.2238 53
      vertex 5.70114 12.2261 53
    endloop
  endfacet
  facet normal -0.327452 -0.629081 0.705005
    outer loop
      vertex 5.70557 12.2238 53
      vertex 4.86011 10.4225 51
      vertex 5.75 9.95929 51
    endloop
  endfacet
  facet normal -0.270254 0.655722 0.704976
    outer loop
      vertex 4.86011 -10.4225 51
      vertex 5.69653 -12.228 53
      vertex 5.70114 -12.2261 53
    endloop
  endfacet
  facet normal -0.271445 0.655201 0.705003
    outer loop
      vertex 5.69653 -12.228 53
      vertex 4.86011 -10.4225 51
      vertex 3.93323 -10.8065 51
    endloop
  endfacet
  facet normal 0.676368 -0.213266 0.705013
    outer loop
      vertex -11.1081 2.97642 51
      vertex -12.678 4.60911 53
      vertex -13.0304 3.49148 53
    endloop
  endfacet
  facet normal -0.655214 -0.271427 0.704997
    outer loop
      vertex 12.6765 4.61387 53
      vertex 12.228 5.69653 53
      vertex 10.8065 3.93323 51
    endloop
  endfacet
  facet normal -0.708215 0.0426109 0.70471
    outer loop
      vertex 11.5 0 51
      vertex 13.4898 -0.00498616 53
      vertex 13.4901 0 53
    endloop
  endfacet
  facet normal -0.708534 0.0309629 0.704997
    outer loop
      vertex 13.4898 -0.00498616 53
      vertex 11.5 0 51
      vertex 11.4562 -1.00229 51
    endloop
  endfacet
  facet normal -0.213266 -0.676368 0.705013
    outer loop
      vertex 4.60911 12.678 53
      vertex 3.49148 13.0304 53
      vertex 2.97642 11.1081 51
    endloop
  endfacet
  facet normal -0.327471 0.629076 0.705
    outer loop
      vertex 6.74503 -11.6827 53
      vertex 5.75 -9.95929 51
      vertex 5.70557 -12.2238 53
    endloop
  endfacet
  facet normal 0.47913 0.522881 0.705004
    outer loop
      vertex -8.13173 -8.13173 51
      vertex -9.53523 -9.54228 53
      vertex -7.39206 -8.80951 51
    endloop
  endfacet
  facet normal 0.478972 0.523031 0.704999
    outer loop
      vertex -9.53523 -9.54228 53
      vertex -8.13173 -8.13173 51
      vertex -9.53891 -9.53891 53
    endloop
  endfacet
  facet normal -0.213158 0.676421 0.704995
    outer loop
      vertex 3.93323 -10.8065 51
      vertex 4.60911 -12.678 53
      vertex 4.61387 -12.6765 53
    endloop
  endfacet
  facet normal -0.213212 0.676403 0.704997
    outer loop
      vertex 4.60911 -12.678 53
      vertex 3.93323 -10.8065 51
      vertex 2.97642 -11.1081 51
    endloop
  endfacet
  facet normal -0.381038 0.598149 0.705002
    outer loop
      vertex 6.74923 -11.68 53
      vertex 7.73757 -11.0504 53
      vertex 6.59613 -9.42025 51
    endloop
  endfacet
  facet normal -0.381056 0.598143 0.704997
    outer loop
      vertex 5.75 -9.95929 51
      vertex 6.74923 -11.68 53
      vertex 6.59613 -9.42025 51
    endloop
  endfacet
  facet normal -0.383545 0.596625 0.704934
    outer loop
      vertex 6.74923 -11.68 53
      vertex 5.75 -9.95929 51
      vertex 6.74503 -11.6827 53
    endloop
  endfacet
  facet normal 0.598149 -0.381038 0.705002
    outer loop
      vertex -9.42025 6.59613 51
      vertex -11.0504 7.73757 53
      vertex -11.68 6.74923 53
    endloop
  endfacet
  facet normal -0.0992854 0.70209 0.705133
    outer loop
      vertex 1.99695 -11.3253 51
      vertex 2.33757 -13.2858 53
      vertex 2.34252 -13.2851 53
    endloop
  endfacet
  facet normal -0.0925346 0.703136 0.705009
    outer loop
      vertex 2.33757 -13.2858 53
      vertex 1.99695 -11.3253 51
      vertex 1.00229 -11.4562 51
    endloop
  endfacet
  facet normal 0.522872 -0.479135 0.705007
    outer loop
      vertex -8.80951 7.39206 51
      vertex -9.54228 9.53523 53
      vertex -10.334 8.67124 53
    endloop
  endfacet
  facet normal -0.428317 0.565379 0.704905
    outer loop
      vertex 7.39206 -8.80951 51
      vertex 8.66728 -10.337 53
      vertex 8.67124 -10.334 53
    endloop
  endfacet
  facet normal -0.431738 0.56265 0.705002
    outer loop
      vertex 8.66728 -10.337 53
      vertex 7.39206 -8.80951 51
      vertex 6.59613 -9.42025 51
    endloop
  endfacet
  facet normal 0.676403 0.213212 0.704997
    outer loop
      vertex -12.678 -4.60911 53
      vertex -10.8065 -3.93323 51
      vertex -11.1081 -2.97642 51
    endloop
  endfacet
  facet normal 0.676421 0.213158 0.704995
    outer loop
      vertex -10.8065 -3.93323 51
      vertex -12.678 -4.60911 53
      vertex -12.6765 -4.61387 53
    endloop
  endfacet
  facet normal -0.655214 0.271427 0.704997
    outer loop
      vertex 12.228 -5.69653 53
      vertex 12.6765 -4.61387 53
      vertex 10.8065 -3.93323 51
    endloop
  endfacet
  facet normal -0.479135 0.522872 0.705007
    outer loop
      vertex 8.67124 -10.334 53
      vertex 9.53523 -9.54228 53
      vertex 7.39206 -8.80951 51
    endloop
  endfacet
  facet normal -0.598149 -0.381038 0.705002
    outer loop
      vertex 11.68 6.74923 53
      vertex 11.0504 7.73757 53
      vertex 9.42025 6.59613 51
    endloop
  endfacet
  facet normal 0.153535 -0.69237 0.705018
    outer loop
      vertex -3.48661 13.0315 53
      vertex -2.97642 11.1081 51
      vertex -1.99695 11.3253 51
    endloop
  endfacet
  facet normal 0.156238 -0.69171 0.705073
    outer loop
      vertex -2.97642 11.1081 51
      vertex -3.48661 13.0315 53
      vertex -3.49148 13.0304 53
    endloop
  endfacet
  facet normal -0.6924 0.153478 0.705001
    outer loop
      vertex 13.0315 -3.48661 53
      vertex 13.2851 -2.34252 53
      vertex 11.3253 -1.99695 51
    endloop
  endfacet
  facet normal 0.381038 -0.598149 0.705002
    outer loop
      vertex -6.59613 9.42025 51
      vertex -6.74923 11.68 53
      vertex -7.73757 11.0504 53
    endloop
  endfacet
  facet normal -0.479135 -0.522872 0.705007
    outer loop
      vertex 9.53523 9.54228 53
      vertex 8.67124 10.334 53
      vertex 7.39206 8.80951 51
    endloop
  endfacet
  facet normal 0.271445 -0.655201 0.705003
    outer loop
      vertex -5.69653 12.228 53
      vertex -4.86011 10.4225 51
      vertex -3.93323 10.8065 51
    endloop
  endfacet
  facet normal 0.270254 -0.655722 0.704976
    outer loop
      vertex -4.86011 10.4225 51
      vertex -5.69653 12.228 53
      vertex -5.70114 12.2261 53
    endloop
  endfacet
  facet normal -0.69171 -0.156238 0.705073
    outer loop
      vertex 11.1081 2.97642 51
      vertex 13.0315 3.48661 53
      vertex 13.0304 3.49148 53
    endloop
  endfacet
  facet normal -0.69237 -0.153535 0.705018
    outer loop
      vertex 13.0315 3.48661 53
      vertex 11.1081 2.97642 51
      vertex 11.3253 1.99695 51
    endloop
  endfacet
  facet normal 0.213212 0.676403 0.704997
    outer loop
      vertex -3.93323 -10.8065 51
      vertex -4.60911 -12.678 53
      vertex -2.97642 -11.1081 51
    endloop
  endfacet
  facet normal 0.213158 0.676421 0.704995
    outer loop
      vertex -4.60911 -12.678 53
      vertex -3.93323 -10.8065 51
      vertex -4.61387 -12.6765 53
    endloop
  endfacet
  facet normal 0.655201 0.271445 0.705003
    outer loop
      vertex -12.228 -5.69653 53
      vertex -10.4225 -4.86011 51
      vertex -10.8065 -3.93323 51
    endloop
  endfacet
  facet normal 0.655722 0.270254 0.704976
    outer loop
      vertex -10.4225 -4.86011 51
      vertex -12.228 -5.69653 53
      vertex -12.2261 -5.70114 53
    endloop
  endfacet
  facet normal -0.156238 0.69171 0.705073
    outer loop
      vertex 2.97642 -11.1081 51
      vertex 3.48661 -13.0315 53
      vertex 3.49148 -13.0304 53
    endloop
  endfacet
  facet normal -0.153535 0.69237 0.705018
    outer loop
      vertex 3.48661 -13.0315 53
      vertex 2.97642 -11.1081 51
      vertex 1.99695 -11.3253 51
    endloop
  endfacet
  facet normal -0.676368 0.213266 0.705013
    outer loop
      vertex 12.678 -4.60911 53
      vertex 13.0304 -3.49148 53
      vertex 11.1081 -2.97642 51
    endloop
  endfacet
  facet normal -0.676421 -0.213158 0.704995
    outer loop
      vertex 10.8065 3.93323 51
      vertex 12.678 4.60911 53
      vertex 12.6765 4.61387 53
    endloop
  endfacet
  facet normal -0.676403 -0.213212 0.704997
    outer loop
      vertex 12.678 4.60911 53
      vertex 10.8065 3.93323 51
      vertex 11.1081 2.97642 51
    endloop
  endfacet
  facet normal -0.0309629 0.708534 0.704997
    outer loop
      vertex 0 -11.5 51
      vertex 0.00498616 -13.4898 53
      vertex 1.00229 -11.4562 51
    endloop
  endfacet
  facet normal -0.0426109 0.708215 0.70471
    outer loop
      vertex 0.00498616 -13.4898 53
      vertex 0 -11.5 51
      vertex 0 -13.4901 53
    endloop
  endfacet
  facet normal -0.522872 -0.479135 0.705007
    outer loop
      vertex 10.334 8.67124 53
      vertex 9.54228 9.53523 53
      vertex 8.80951 7.39206 51
    endloop
  endfacet
  facet normal -0.43174 0.562648 0.705002
    outer loop
      vertex 7.73757 -11.0504 53
      vertex 8.66728 -10.337 53
      vertex 6.59613 -9.42025 51
    endloop
  endfacet
  facet normal 0.0925346 -0.703136 0.705009
    outer loop
      vertex -1.00229 11.4562 51
      vertex -1.17574 13.4387 53
      vertex -2.33757 13.2858 53
    endloop
  endfacet
  facet normal -0.213266 0.676368 0.705013
    outer loop
      vertex 3.49148 -13.0304 53
      vertex 4.60911 -12.678 53
      vertex 2.97642 -11.1081 51
    endloop
  endfacet
  facet normal -0.478972 -0.523031 0.704999
    outer loop
      vertex 9.53523 9.54228 53
      vertex 8.13173 8.13173 51
      vertex 9.53891 9.53891 53
    endloop
  endfacet
  facet normal -0.47913 -0.522881 0.705004
    outer loop
      vertex 8.13173 8.13173 51
      vertex 9.53523 9.54228 53
      vertex 7.39206 8.80951 51
    endloop
  endfacet
  facet normal -0.271427 -0.655214 0.704997
    outer loop
      vertex 5.69653 12.228 53
      vertex 4.61387 12.6765 53
      vertex 3.93323 10.8065 51
    endloop
  endfacet
  facet normal 0.43174 -0.562648 0.705002
    outer loop
      vertex -6.59613 9.42025 51
      vertex -7.73757 11.0504 53
      vertex -8.66728 10.337 53
    endloop
  endfacet
  facet normal 0.655722 -0.270254 0.704976
    outer loop
      vertex -12.228 5.69653 53
      vertex -10.4225 4.86011 51
      vertex -12.2261 5.70114 53
    endloop
  endfacet
  facet normal 0.655201 -0.271445 0.705003
    outer loop
      vertex -10.4225 4.86011 51
      vertex -12.228 5.69653 53
      vertex -10.8065 3.93323 51
    endloop
  endfacet
  facet normal 0.327471 -0.629076 0.705
    outer loop
      vertex -5.75 9.95929 51
      vertex -5.70557 12.2238 53
      vertex -6.74503 11.6827 53
    endloop
  endfacet
  facet normal -0.655201 0.271445 0.705003
    outer loop
      vertex 10.4225 -4.86011 51
      vertex 12.228 -5.69653 53
      vertex 10.8065 -3.93323 51
    endloop
  endfacet
  facet normal -0.655722 0.270254 0.704976
    outer loop
      vertex 12.228 -5.69653 53
      vertex 10.4225 -4.86011 51
      vertex 12.2261 -5.70114 53
    endloop
  endfacet
  facet normal 0.327471 0.629076 0.705
    outer loop
      vertex -5.70557 -12.2238 53
      vertex -5.75 -9.95929 51
      vertex -6.74503 -11.6827 53
    endloop
  endfacet
  facet normal -0.629076 0.327471 0.705
    outer loop
      vertex 11.6827 -6.74503 53
      vertex 12.2238 -5.70557 53
      vertex 9.95929 -5.75 51
    endloop
  endfacet
  facet normal -0.562648 -0.43174 0.705002
    outer loop
      vertex 11.0504 7.73757 53
      vertex 10.337 8.66728 53
      vertex 9.42025 6.59613 51
    endloop
  endfacet
  facet normal -0.69237 0.153535 0.705018
    outer loop
      vertex 11.1081 -2.97642 51
      vertex 13.0315 -3.48661 53
      vertex 11.3253 -1.99695 51
    endloop
  endfacet
  facet normal -0.69171 0.156238 0.705073
    outer loop
      vertex 13.0315 -3.48661 53
      vertex 11.1081 -2.97642 51
      vertex 13.0304 -3.49148 53
    endloop
  endfacet
  facet normal 0.676368 0.213266 0.705013
    outer loop
      vertex -12.678 -4.60911 53
      vertex -11.1081 -2.97642 51
      vertex -13.0304 -3.49148 53
    endloop
  endfacet
  facet normal 0.598149 0.381038 0.705002
    outer loop
      vertex -11.0504 -7.73757 53
      vertex -9.42025 -6.59613 51
      vertex -11.68 -6.74923 53
    endloop
  endfacet
  facet normal -0.703136 0.0925346 0.705009
    outer loop
      vertex 11.3253 -1.99695 51
      vertex 13.2858 -2.33757 53
      vertex 11.4562 -1.00229 51
    endloop
  endfacet
  facet normal -0.70209 0.0992854 0.705133
    outer loop
      vertex 13.2858 -2.33757 53
      vertex 11.3253 -1.99695 51
      vertex 13.2851 -2.34252 53
    endloop
  endfacet
  facet normal -0.708525 -0.0309251 0.705008
    outer loop
      vertex 13.4898 0.00498616 53
      vertex 13.4387 1.17574 53
      vertex 11.4562 1.00229 51
    endloop
  endfacet
  facet normal -0.703136 -0.0925346 0.705009
    outer loop
      vertex 13.4387 1.17574 53
      vertex 13.2858 2.33757 53
      vertex 11.4562 1.00229 51
    endloop
  endfacet
  facet normal -0.629412 -0.326783 0.705021
    outer loop
      vertex 12.2238 5.70557 53
      vertex 10.4225 4.86011 51
      vertex 12.2261 5.70114 53
    endloop
  endfacet
  facet normal -0.629081 -0.327452 0.705005
    outer loop
      vertex 10.4225 4.86011 51
      vertex 12.2238 5.70557 53
      vertex 9.95929 5.75 51
    endloop
  endfacet
  facet normal -0.270254 -0.655722 0.704976
    outer loop
      vertex 5.69653 12.228 53
      vertex 4.86011 10.4225 51
      vertex 5.70114 12.2261 53
    endloop
  endfacet
  facet normal -0.271445 -0.655201 0.705003
    outer loop
      vertex 4.86011 10.4225 51
      vertex 5.69653 12.228 53
      vertex 3.93323 10.8065 51
    endloop
  endfacet
  facet normal 0.708215 -0.0426109 0.70471
    outer loop
      vertex -11.5 0 51
      vertex -13.4898 0.00498616 53
      vertex -13.4901 0 53
    endloop
  endfacet
  facet normal 0.708534 -0.0309629 0.704997
    outer loop
      vertex -13.4898 0.00498616 53
      vertex -11.5 0 51
      vertex -11.4562 1.00229 51
    endloop
  endfacet
  facet normal 0.655214 0.271427 0.704997
    outer loop
      vertex -12.228 -5.69653 53
      vertex -10.8065 -3.93323 51
      vertex -12.6765 -4.61387 53
    endloop
  endfacet
  facet normal 0.0925346 0.703136 0.705009
    outer loop
      vertex -1.99695 -11.3253 51
      vertex -2.33757 -13.2858 53
      vertex -1.00229 -11.4562 51
    endloop
  endfacet
  facet normal 0.0992854 0.70209 0.705133
    outer loop
      vertex -2.33757 -13.2858 53
      vertex -1.99695 -11.3253 51
      vertex -2.34252 -13.2851 53
    endloop
  endfacet
  facet normal 0.0426109 0.708215 0.70471
    outer loop
      vertex 0 -11.5 51
      vertex -0.00498616 -13.4898 53
      vertex 0 -13.4901 53
    endloop
  endfacet
  facet normal 0.0309629 0.708534 0.704997
    outer loop
      vertex -0.00498616 -13.4898 53
      vertex 0 -11.5 51
      vertex -1.00229 -11.4562 51
    endloop
  endfacet
  facet normal 0.271427 -0.655214 0.704997
    outer loop
      vertex -3.93323 10.8065 51
      vertex -4.61387 12.6765 53
      vertex -5.69653 12.228 53
    endloop
  endfacet
  facet normal -0.676368 -0.213266 0.705013
    outer loop
      vertex 13.0304 3.49148 53
      vertex 12.678 4.60911 53
      vertex 11.1081 2.97642 51
    endloop
  endfacet
  facet normal -0.0309251 0.708525 0.705008
    outer loop
      vertex 1.17574 -13.4387 53
      vertex 1.00229 -11.4562 51
      vertex 0.00498616 -13.4898 53
    endloop
  endfacet
  facet normal -0.327471 -0.629076 0.705
    outer loop
      vertex 5.75 9.95929 51
      vertex 6.74503 11.6827 53
      vertex 5.70557 12.2238 53
    endloop
  endfacet
  facet normal 0.213212 -0.676403 0.704997
    outer loop
      vertex -4.60911 12.678 53
      vertex -3.93323 10.8065 51
      vertex -2.97642 11.1081 51
    endloop
  endfacet
  facet normal 0.213158 -0.676421 0.704995
    outer loop
      vertex -3.93323 10.8065 51
      vertex -4.60911 12.678 53
      vertex -4.61387 12.6765 53
    endloop
  endfacet
  facet normal -0.703136 0.0925346 0.705009
    outer loop
      vertex 13.2858 -2.33757 53
      vertex 13.4387 -1.17574 53
      vertex 11.4562 -1.00229 51
    endloop
  endfacet
  facet normal 0.69171 -0.156238 0.705073
    outer loop
      vertex -13.0315 3.48661 53
      vertex -11.1081 2.97642 51
      vertex -13.0304 3.49148 53
    endloop
  endfacet
  facet normal 0.69237 -0.153535 0.705018
    outer loop
      vertex -11.1081 2.97642 51
      vertex -13.0315 3.48661 53
      vertex -11.3253 1.99695 51
    endloop
  endfacet
  facet normal 0.629081 0.327452 0.705005
    outer loop
      vertex -10.4225 -4.86011 51
      vertex -12.2238 -5.70557 53
      vertex -9.95929 -5.75 51
    endloop
  endfacet
  facet normal 0.629412 0.326783 0.705021
    outer loop
      vertex -12.2238 -5.70557 53
      vertex -10.4225 -4.86011 51
      vertex -12.2261 -5.70114 53
    endloop
  endfacet
  facet normal -0.0309251 -0.708525 0.705008
    outer loop
      vertex 1.00229 11.4562 51
      vertex 1.17574 13.4387 53
      vertex 0.00498616 13.4898 53
    endloop
  endfacet
  facet normal -0.153478 -0.6924 0.705001
    outer loop
      vertex 3.48661 13.0315 53
      vertex 2.34252 13.2851 53
      vertex 1.99695 11.3253 51
    endloop
  endfacet
  facet normal 0.565379 -0.428317 0.704905
    outer loop
      vertex -10.337 8.66728 53
      vertex -8.80951 7.39206 51
      vertex -10.334 8.67124 53
    endloop
  endfacet
  facet normal 0.56265 -0.431738 0.705002
    outer loop
      vertex -8.80951 7.39206 51
      vertex -10.337 8.66728 53
      vertex -9.42025 6.59613 51
    endloop
  endfacet
  facet normal 0.0309629 -0.708534 0.704997
    outer loop
      vertex 0 11.5 51
      vertex -0.00498616 13.4898 53
      vertex -1.00229 11.4562 51
    endloop
  endfacet
  facet normal 0.0426109 -0.708215 0.70471
    outer loop
      vertex -0.00498616 13.4898 53
      vertex 0 11.5 51
      vertex 0 13.4901 53
    endloop
  endfacet
  facet normal -0.562648 0.43174 0.705002
    outer loop
      vertex 10.337 -8.66728 53
      vertex 11.0504 -7.73757 53
      vertex 9.42025 -6.59613 51
    endloop
  endfacet
  facet normal 0.522881 0.47913 0.705004
    outer loop
      vertex -9.54228 -9.53523 53
      vertex -8.13173 -8.13173 51
      vertex -8.80951 -7.39206 51
    endloop
  endfacet
  facet normal 0.523031 0.478972 0.704999
    outer loop
      vertex -8.13173 -8.13173 51
      vertex -9.54228 -9.53523 53
      vertex -9.53891 -9.53891 53
    endloop
  endfacet
  facet normal 0.326783 -0.629412 0.705021
    outer loop
      vertex -5.70557 12.2238 53
      vertex -4.86011 10.4225 51
      vertex -5.70114 12.2261 53
    endloop
  endfacet
  facet normal 0.327452 -0.629081 0.705005
    outer loop
      vertex -4.86011 10.4225 51
      vertex -5.70557 12.2238 53
      vertex -5.75 9.95929 51
    endloop
  endfacet
  facet normal 0.703136 -0.0925346 0.705009
    outer loop
      vertex -11.4562 1.00229 51
      vertex -13.2858 2.33757 53
      vertex -13.4387 1.17574 53
    endloop
  endfacet
  facet normal 0.271427 0.655214 0.704997
    outer loop
      vertex -4.61387 -12.6765 53
      vertex -3.93323 -10.8065 51
      vertex -5.69653 -12.228 53
    endloop
  endfacet
  facet normal -0.655722 -0.270254 0.704976
    outer loop
      vertex 10.4225 4.86011 51
      vertex 12.228 5.69653 53
      vertex 12.2261 5.70114 53
    endloop
  endfacet
  facet normal -0.655201 -0.271445 0.705003
    outer loop
      vertex 12.228 5.69653 53
      vertex 10.4225 4.86011 51
      vertex 10.8065 3.93323 51
    endloop
  endfacet
  facet normal -0.156238 -0.69171 0.705073
    outer loop
      vertex 3.48661 13.0315 53
      vertex 2.97642 11.1081 51
      vertex 3.49148 13.0304 53
    endloop
  endfacet
  facet normal -0.153535 -0.69237 0.705018
    outer loop
      vertex 2.97642 11.1081 51
      vertex 3.48661 13.0315 53
      vertex 1.99695 11.3253 51
    endloop
  endfacet
  facet normal 0.0925346 -0.703136 0.705009
    outer loop
      vertex -2.33757 13.2858 53
      vertex -1.99695 11.3253 51
      vertex -1.00229 11.4562 51
    endloop
  endfacet
  facet normal 0.0992854 -0.70209 0.705133
    outer loop
      vertex -1.99695 11.3253 51
      vertex -2.33757 13.2858 53
      vertex -2.34252 13.2851 53
    endloop
  endfacet
  facet normal 0.629076 -0.327471 0.705
    outer loop
      vertex -9.95929 5.75 51
      vertex -11.6827 6.74503 53
      vertex -12.2238 5.70557 53
    endloop
  endfacet
  facet normal -0.598149 0.381038 0.705002
    outer loop
      vertex 11.0504 -7.73757 53
      vertex 11.68 -6.74923 53
      vertex 9.42025 -6.59613 51
    endloop
  endfacet
  facet normal 0.479135 0.522872 0.705007
    outer loop
      vertex -8.67124 -10.334 53
      vertex -7.39206 -8.80951 51
      vertex -9.53523 -9.54228 53
    endloop
  endfacet
  facet normal 0.629081 -0.327452 0.705005
    outer loop
      vertex -12.2238 5.70557 53
      vertex -10.4225 4.86011 51
      vertex -9.95929 5.75 51
    endloop
  endfacet
  facet normal 0.629412 -0.326783 0.705021
    outer loop
      vertex -10.4225 4.86011 51
      vertex -12.2238 5.70557 53
      vertex -12.2261 5.70114 53
    endloop
  endfacet
  facet normal 0.381038 0.598149 0.705002
    outer loop
      vertex -6.74923 -11.68 53
      vertex -6.59613 -9.42025 51
      vertex -7.73757 -11.0504 53
    endloop
  endfacet
  facet normal -0.523031 -0.478972 0.704999
    outer loop
      vertex 8.13173 8.13173 51
      vertex 9.54228 9.53523 53
      vertex 9.53891 9.53891 53
    endloop
  endfacet
  facet normal -0.522881 -0.47913 0.705004
    outer loop
      vertex 9.54228 9.53523 53
      vertex 8.13173 8.13173 51
      vertex 8.80951 7.39206 51
    endloop
  endfacet
  facet normal -0.56265 0.431738 0.705002
    outer loop
      vertex 8.80951 -7.39206 51
      vertex 10.337 -8.66728 53
      vertex 9.42025 -6.59613 51
    endloop
  endfacet
  facet normal -0.565379 0.428317 0.704905
    outer loop
      vertex 10.337 -8.66728 53
      vertex 8.80951 -7.39206 51
      vertex 10.334 -8.67124 53
    endloop
  endfacet
  facet normal 0.0925346 0.703136 0.705009
    outer loop
      vertex -1.17574 -13.4387 53
      vertex -1.00229 -11.4562 51
      vertex -2.33757 -13.2858 53
    endloop
  endfacet
  facet normal 0.213266 -0.676368 0.705013
    outer loop
      vertex -2.97642 11.1081 51
      vertex -3.49148 13.0304 53
      vertex -4.60911 12.678 53
    endloop
  endfacet
  facet normal 0.598143 -0.381056 0.704997
    outer loop
      vertex -11.68 6.74923 53
      vertex -9.95929 5.75 51
      vertex -9.42025 6.59613 51
    endloop
  endfacet
  facet normal 0.596625 -0.383545 0.704934
    outer loop
      vertex -9.95929 5.75 51
      vertex -11.68 6.74923 53
      vertex -11.6827 6.74503 53
    endloop
  endfacet
  facet normal -0.6924 -0.153478 0.705001
    outer loop
      vertex 13.2851 2.34252 53
      vertex 13.0315 3.48661 53
      vertex 11.3253 1.99695 51
    endloop
  endfacet
  facet normal -0.70209 -0.0992854 0.705133
    outer loop
      vertex 11.3253 1.99695 51
      vertex 13.2858 2.33757 53
      vertex 13.2851 2.34252 53
    endloop
  endfacet
  facet normal -0.703136 -0.0925346 0.705009
    outer loop
      vertex 13.2858 2.33757 53
      vertex 11.3253 1.99695 51
      vertex 11.4562 1.00229 51
    endloop
  endfacet
  facet normal 0.562648 -0.43174 0.705002
    outer loop
      vertex -9.42025 6.59613 51
      vertex -10.337 8.66728 53
      vertex -11.0504 7.73757 53
    endloop
  endfacet
  facet normal -0.213158 -0.676421 0.704995
    outer loop
      vertex 4.60911 12.678 53
      vertex 3.93323 10.8065 51
      vertex 4.61387 12.6765 53
    endloop
  endfacet
  facet normal -0.213212 -0.676403 0.704997
    outer loop
      vertex 3.93323 10.8065 51
      vertex 4.60911 12.678 53
      vertex 2.97642 11.1081 51
    endloop
  endfacet
  facet normal -0.596625 -0.383545 0.704934
    outer loop
      vertex 11.68 6.74923 53
      vertex 9.95929 5.75 51
      vertex 11.6827 6.74503 53
    endloop
  endfacet
  facet normal -0.598143 -0.381056 0.704997
    outer loop
      vertex 9.95929 5.75 51
      vertex 11.68 6.74923 53
      vertex 9.42025 6.59613 51
    endloop
  endfacet
  facet normal -0.676403 0.213212 0.704997
    outer loop
      vertex 10.8065 -3.93323 51
      vertex 12.678 -4.60911 53
      vertex 11.1081 -2.97642 51
    endloop
  endfacet
  facet normal -0.676421 0.213158 0.704995
    outer loop
      vertex 12.678 -4.60911 53
      vertex 10.8065 -3.93323 51
      vertex 12.6765 -4.61387 53
    endloop
  endfacet
  facet normal 0.479135 -0.522872 0.705007
    outer loop
      vertex -7.39206 8.80951 51
      vertex -8.67124 10.334 53
      vertex -9.53523 9.54228 53
    endloop
  endfacet
  facet normal 0.708525 -0.0309251 0.705008
    outer loop
      vertex -11.4562 1.00229 51
      vertex -13.4387 1.17574 53
      vertex -13.4898 0.00498616 53
    endloop
  endfacet
  facet normal 0.70209 -0.0992854 0.705133
    outer loop
      vertex -13.2858 2.33757 53
      vertex -11.3253 1.99695 51
      vertex -13.2851 2.34252 53
    endloop
  endfacet
  facet normal 0.703136 -0.0925346 0.705009
    outer loop
      vertex -11.3253 1.99695 51
      vertex -13.2858 2.33757 53
      vertex -11.4562 1.00229 51
    endloop
  endfacet
  facet normal -0.0925346 0.703136 0.705009
    outer loop
      vertex 1.17574 -13.4387 53
      vertex 2.33757 -13.2858 53
      vertex 1.00229 -11.4562 51
    endloop
  endfacet
  facet normal 0.703136 0.0925346 0.705009
    outer loop
      vertex -13.2858 -2.33757 53
      vertex -11.3253 -1.99695 51
      vertex -11.4562 -1.00229 51
    endloop
  endfacet
  facet normal 0.70209 0.0992854 0.705133
    outer loop
      vertex -11.3253 -1.99695 51
      vertex -13.2858 -2.33757 53
      vertex -13.2851 -2.34252 53
    endloop
  endfacet
  facet normal 0.0309251 -0.708525 0.705008
    outer loop
      vertex -1.00229 11.4562 51
      vertex -0.00498616 13.4898 53
      vertex -1.17574 13.4387 53
    endloop
  endfacet
  facet normal -0.327452 0.629081 0.705005
    outer loop
      vertex 4.86011 -10.4225 51
      vertex 5.70557 -12.2238 53
      vertex 5.75 -9.95929 51
    endloop
  endfacet
  facet normal -0.326783 0.629412 0.705021
    outer loop
      vertex 5.70557 -12.2238 53
      vertex 4.86011 -10.4225 51
      vertex 5.70114 -12.2261 53
    endloop
  endfacet
  facet normal 0.69237 0.153535 0.705018
    outer loop
      vertex -13.0315 -3.48661 53
      vertex -11.1081 -2.97642 51
      vertex -11.3253 -1.99695 51
    endloop
  endfacet
  facet normal 0.69171 0.156238 0.705073
    outer loop
      vertex -11.1081 -2.97642 51
      vertex -13.0315 -3.48661 53
      vertex -13.0304 -3.49148 53
    endloop
  endfacet
  facet normal 0.153478 0.6924 0.705001
    outer loop
      vertex -2.34252 -13.2851 53
      vertex -1.99695 -11.3253 51
      vertex -3.48661 -13.0315 53
    endloop
  endfacet
  facet normal 0.153478 -0.6924 0.705001
    outer loop
      vertex -1.99695 11.3253 51
      vertex -2.34252 13.2851 53
      vertex -3.48661 13.0315 53
    endloop
  endfacet
  facet normal 0.562648 0.43174 0.705002
    outer loop
      vertex -10.337 -8.66728 53
      vertex -9.42025 -6.59613 51
      vertex -11.0504 -7.73757 53
    endloop
  endfacet
  facet normal -0.271427 0.655214 0.704997
    outer loop
      vertex 4.61387 -12.6765 53
      vertex 5.69653 -12.228 53
      vertex 3.93323 -10.8065 51
    endloop
  endfacet
  facet normal 0.655214 -0.271427 0.704997
    outer loop
      vertex -10.8065 3.93323 51
      vertex -12.228 5.69653 53
      vertex -12.6765 4.61387 53
    endloop
  endfacet
  facet normal 0.271445 0.655201 0.705003
    outer loop
      vertex -4.86011 -10.4225 51
      vertex -5.69653 -12.228 53
      vertex -3.93323 -10.8065 51
    endloop
  endfacet
  facet normal 0.270254 0.655722 0.704976
    outer loop
      vertex -5.69653 -12.228 53
      vertex -4.86011 -10.4225 51
      vertex -5.70114 -12.2261 53
    endloop
  endfacet
  facet normal 0.326783 0.629412 0.705021
    outer loop
      vertex -4.86011 -10.4225 51
      vertex -5.70557 -12.2238 53
      vertex -5.70114 -12.2261 53
    endloop
  endfacet
  facet normal 0.327452 0.629081 0.705005
    outer loop
      vertex -5.70557 -12.2238 53
      vertex -4.86011 -10.4225 51
      vertex -5.75 -9.95929 51
    endloop
  endfacet
  facet normal 0.708525 0.0309251 0.705008
    outer loop
      vertex -13.4387 -1.17574 53
      vertex -11.4562 -1.00229 51
      vertex -13.4898 -0.00498616 53
    endloop
  endfacet
  facet normal 0.0309251 0.708525 0.705008
    outer loop
      vertex -0.00498616 -13.4898 53
      vertex -1.00229 -11.4562 51
      vertex -1.17574 -13.4387 53
    endloop
  endfacet
  facet normal 0.629076 0.327471 0.705
    outer loop
      vertex -11.6827 -6.74503 53
      vertex -9.95929 -5.75 51
      vertex -12.2238 -5.70557 53
    endloop
  endfacet
  facet normal -0.0426109 -0.708215 0.70471
    outer loop
      vertex 0 11.5 51
      vertex 0.00498616 13.4898 53
      vertex 0 13.4901 53
    endloop
  endfacet
  facet normal -0.0309629 -0.708534 0.704997
    outer loop
      vertex 0.00498616 13.4898 53
      vertex 0 11.5 51
      vertex 1.00229 11.4562 51
    endloop
  endfacet
  facet normal 0.676421 -0.213158 0.704995
    outer loop
      vertex -12.678 4.60911 53
      vertex -10.8065 3.93323 51
      vertex -12.6765 4.61387 53
    endloop
  endfacet
  facet normal 0.676403 -0.213212 0.704997
    outer loop
      vertex -10.8065 3.93323 51
      vertex -12.678 4.60911 53
      vertex -11.1081 2.97642 51
    endloop
  endfacet
  facet normal 0.703136 0.0925346 0.705009
    outer loop
      vertex -13.2858 -2.33757 53
      vertex -11.4562 -1.00229 51
      vertex -13.4387 -1.17574 53
    endloop
  endfacet
  facet normal -0.565379 -0.428317 0.704905
    outer loop
      vertex 8.80951 7.39206 51
      vertex 10.337 8.66728 53
      vertex 10.334 8.67124 53
    endloop
  endfacet
  facet normal -0.56265 -0.431738 0.705002
    outer loop
      vertex 10.337 8.66728 53
      vertex 8.80951 7.39206 51
      vertex 9.42025 6.59613 51
    endloop
  endfacet
  facet normal -0.629412 0.326783 0.705021
    outer loop
      vertex 10.4225 -4.86011 51
      vertex 12.2238 -5.70557 53
      vertex 12.2261 -5.70114 53
    endloop
  endfacet
  facet normal -0.629081 0.327452 0.705005
    outer loop
      vertex 12.2238 -5.70557 53
      vertex 10.4225 -4.86011 51
      vertex 9.95929 -5.75 51
    endloop
  endfacet
  facet normal 0.153535 0.69237 0.705018
    outer loop
      vertex -2.97642 -11.1081 51
      vertex -3.48661 -13.0315 53
      vertex -1.99695 -11.3253 51
    endloop
  endfacet
  facet normal 0.156238 0.69171 0.705073
    outer loop
      vertex -3.48661 -13.0315 53
      vertex -2.97642 -11.1081 51
      vertex -3.49148 -13.0304 53
    endloop
  endfacet
  facet normal 0.522872 0.479135 0.705007
    outer loop
      vertex -9.54228 -9.53523 53
      vertex -8.80951 -7.39206 51
      vertex -10.334 -8.67124 53
    endloop
  endfacet
  facet normal 0.523031 -0.478972 0.704999
    outer loop
      vertex -9.54228 9.53523 53
      vertex -8.13173 8.13173 51
      vertex -9.53891 9.53891 53
    endloop
  endfacet
  facet normal 0.522881 -0.47913 0.705004
    outer loop
      vertex -8.13173 8.13173 51
      vertex -9.54228 9.53523 53
      vertex -8.80951 7.39206 51
    endloop
  endfacet
  facet normal -0.0992854 -0.70209 0.705133
    outer loop
      vertex 2.33757 13.2858 53
      vertex 1.99695 11.3253 51
      vertex 2.34252 13.2851 53
    endloop
  endfacet
  facet normal -0.0925346 -0.703136 0.705009
    outer loop
      vertex 1.99695 11.3253 51
      vertex 2.33757 13.2858 53
      vertex 1.00229 11.4562 51
    endloop
  endfacet
  facet normal -0.153478 0.6924 0.705001
    outer loop
      vertex 2.34252 -13.2851 53
      vertex 3.48661 -13.0315 53
      vertex 1.99695 -11.3253 51
    endloop
  endfacet
  facet normal -0.383545 -0.596625 0.704934
    outer loop
      vertex 5.75 9.95929 51
      vertex 6.74923 11.68 53
      vertex 6.74503 11.6827 53
    endloop
  endfacet
  facet normal -0.381056 -0.598143 0.704997
    outer loop
      vertex 6.74923 11.68 53
      vertex 5.75 9.95929 51
      vertex 6.59613 9.42025 51
    endloop
  endfacet
  facet normal -0.43174 -0.562648 0.705002
    outer loop
      vertex 8.66728 10.337 53
      vertex 7.73757 11.0504 53
      vertex 6.59613 9.42025 51
    endloop
  endfacet
  facet normal 0.381056 0.598143 0.704997
    outer loop
      vertex -6.74923 -11.68 53
      vertex -5.75 -9.95929 51
      vertex -6.59613 -9.42025 51
    endloop
  endfacet
  facet normal 0.383545 0.596625 0.704934
    outer loop
      vertex -5.75 -9.95929 51
      vertex -6.74923 -11.68 53
      vertex -6.74503 -11.6827 53
    endloop
  endfacet
  facet normal -0.596625 0.383545 0.704934
    outer loop
      vertex 9.95929 -5.75 51
      vertex 11.68 -6.74923 53
      vertex 11.6827 -6.74503 53
    endloop
  endfacet
  facet normal -0.598143 0.381056 0.704997
    outer loop
      vertex 11.68 -6.74923 53
      vertex 9.95929 -5.75 51
      vertex 9.42025 -6.59613 51
    endloop
  endfacet
  facet normal 0.708215 0.0426109 0.70471
    outer loop
      vertex -13.4898 -0.00498616 53
      vertex -11.5 0 51
      vertex -13.4901 0 53
    endloop
  endfacet
  facet normal 0.708534 0.0309629 0.704997
    outer loop
      vertex -11.5 0 51
      vertex -13.4898 -0.00498616 53
      vertex -11.4562 -1.00229 51
    endloop
  endfacet
  facet normal -0.522872 0.479135 0.705007
    outer loop
      vertex 9.54228 -9.53523 53
      vertex 10.334 -8.67124 53
      vertex 8.80951 -7.39206 51
    endloop
  endfacet
  facet normal -0.522881 0.47913 0.705004
    outer loop
      vertex 8.13173 -8.13173 51
      vertex 9.54228 -9.53523 53
      vertex 8.80951 -7.39206 51
    endloop
  endfacet
  facet normal -0.523031 0.478972 0.704999
    outer loop
      vertex 9.54228 -9.53523 53
      vertex 8.13173 -8.13173 51
      vertex 9.53891 -9.53891 53
    endloop
  endfacet
  facet normal -0.381038 -0.598149 0.705002
    outer loop
      vertex 7.73757 11.0504 53
      vertex 6.74923 11.68 53
      vertex 6.59613 9.42025 51
    endloop
  endfacet
  facet normal 0.43174 0.562648 0.705002
    outer loop
      vertex -7.73757 -11.0504 53
      vertex -6.59613 -9.42025 51
      vertex -8.66728 -10.337 53
    endloop
  endfacet
  facet normal 0.431738 0.56265 0.705002
    outer loop
      vertex -7.39206 -8.80951 51
      vertex -8.66728 -10.337 53
      vertex -6.59613 -9.42025 51
    endloop
  endfacet
  facet normal 0.428317 0.565379 0.704905
    outer loop
      vertex -8.66728 -10.337 53
      vertex -7.39206 -8.80951 51
      vertex -8.67124 -10.334 53
    endloop
  endfacet
  facet normal 0.6924 0.153478 0.705001
    outer loop
      vertex -13.0315 -3.48661 53
      vertex -11.3253 -1.99695 51
      vertex -13.2851 -2.34252 53
    endloop
  endfacet
  facet normal 0.56265 0.431738 0.705002
    outer loop
      vertex -10.337 -8.66728 53
      vertex -8.80951 -7.39206 51
      vertex -9.42025 -6.59613 51
    endloop
  endfacet
  facet normal 0.565379 0.428317 0.704905
    outer loop
      vertex -8.80951 -7.39206 51
      vertex -10.337 -8.66728 53
      vertex -10.334 -8.67124 53
    endloop
  endfacet
  facet normal 0.213266 0.676368 0.705013
    outer loop
      vertex -3.49148 -13.0304 53
      vertex -2.97642 -11.1081 51
      vertex -4.60911 -12.678 53
    endloop
  endfacet
endsolid OpenSCAD_Model
