solid OpenSCAD_Model
  facet normal 0.991521 0.129944 0
    outer loop
      vertex 14.4846 2.49235 8.8378
      vertex 14.4767 2.55263 0
      vertex 14.4767 2.55263 8.98333
    endloop
  endfacet
  facet normal 0.991428 0.130654 4.92376e-06
    outer loop
      vertex 14.4992 2.38157 8.625
      vertex 14.4767 2.55263 0
      vertex 14.4846 2.49235 8.8378
    endloop
  endfacet
  facet normal 0.991416 0.130743 6.71971e-06
    outer loop
      vertex 14.5162 2.25267 8.42266
      vertex 14.4767 2.55263 0
      vertex 14.4992 2.38157 8.625
    endloop
  endfacet
  facet normal 0.991468 0.13035 -7.50444e-06
    outer loop
      vertex 14.5354 2.10662 8.23233
      vertex 14.4767 2.55263 0
      vertex 14.5162 2.25267 8.42266
    endloop
  endfacet
  facet normal 0.991474 0.130307 -9.88049e-06
    outer loop
      vertex 14.5567 1.94454 8.05546
      vertex 14.4767 2.55263 0
      vertex 14.5354 2.10662 8.23233
    endloop
  endfacet
  facet normal 0.991436 0.130596 1.22988e-05
    outer loop
      vertex 14.58 1.76767 7.89338
      vertex 14.4767 2.55263 0
      vertex 14.5567 1.94454 8.05546
    endloop
  endfacet
  facet normal 0.991419 0.130719 2.47532e-05
    outer loop
      vertex 14.6051 1.57733 7.74733
      vertex 14.4767 2.55263 0
      vertex 14.58 1.76767 7.89338
    endloop
  endfacet
  facet normal 0.991467 0.13036 -2.11921e-05
    outer loop
      vertex 14.6317 1.375 7.61843
      vertex 14.4767 2.55263 0
      vertex 14.6051 1.57733 7.74733
    endloop
  endfacet
  facet normal 0.991382 0.131001 7.96789e-05
    outer loop
      vertex 14.6441 1.28119 7.5696
      vertex 14.4767 2.55263 0
      vertex 14.6317 1.375 7.61843
    endloop
  endfacet
  facet normal 0.991444 0.130535 0
    outer loop
      vertex 14.4767 2.55263 0
      vertex 14.6441 1.28119 7.5696
      vertex 14.6441 1.28119 0
    endloop
  endfacet
  facet normal 0.991521 0.129944 0
    outer loop
      vertex 14.4767 2.55263 40
      vertex 14.4846 2.49235 11.1622
      vertex 14.4767 2.55263 11.0167
    endloop
  endfacet
  facet normal 0.991427 0.13066 -1.52262e-06
    outer loop
      vertex 14.4767 2.55263 40
      vertex 14.4992 2.38157 11.375
      vertex 14.4846 2.49235 11.1622
    endloop
  endfacet
  facet normal 0.991415 0.13075 -2.06835e-06
    outer loop
      vertex 14.4767 2.55263 40
      vertex 14.5162 2.25267 11.5773
      vertex 14.4992 2.38157 11.375
    endloop
  endfacet
  facet normal 0.991469 0.130343 2.29546e-06
    outer loop
      vertex 14.4767 2.55263 40
      vertex 14.5354 2.10662 11.7677
      vertex 14.5162 2.25267 11.5773
    endloop
  endfacet
  facet normal 0.991475 0.130299 2.99972e-06
    outer loop
      vertex 14.4767 2.55263 40
      vertex 14.5567 1.94454 11.9445
      vertex 14.5354 2.10662 11.7677
    endloop
  endfacet
  facet normal 0.991435 0.130603 -3.70205e-06
    outer loop
      vertex 14.4767 2.55263 40
      vertex 14.58 1.76767 12.1066
      vertex 14.5567 1.94454 11.9445
    endloop
  endfacet
  facet normal 0.991418 0.130732 -7.37982e-06
    outer loop
      vertex 14.4767 2.55263 40
      vertex 14.6051 1.57733 12.2527
      vertex 14.58 1.76767 12.1066
    endloop
  endfacet
  facet normal 0.991468 0.130351 6.25162e-06
    outer loop
      vertex 14.4767 2.55263 40
      vertex 14.6317 1.375 12.3816
      vertex 14.6051 1.57733 12.2527
    endloop
  endfacet
  facet normal 0.991444 0.130535 -0
    outer loop
      vertex 14.6441 1.28119 12.4304
      vertex 14.4767 2.55263 40
      vertex 14.6441 1.28119 40
    endloop
  endfacet
  facet normal 0.991378 0.13103 -2.32322e-05
    outer loop
      vertex 14.4767 2.55263 40
      vertex 14.6441 1.28119 12.4304
      vertex 14.6317 1.375 12.3816
    endloop
  endfacet
  facet normal 0.999046 0.0436595 0
    outer loop
      vertex 14.6493 1.1622 7.50765
      vertex 14.6441 1.28119 0
      vertex 14.6441 1.28119 7.5696
    endloop
  endfacet
  facet normal 0.999063 0.0432745 -6.11383e-06
    outer loop
      vertex 14.6589 0.940555 7.41584
      vertex 14.6441 1.28119 0
      vertex 14.6493 1.1622 7.50765
    endloop
  endfacet
  facet normal 0.999046 0.0436604 1.16459e-05
    outer loop
      vertex 14.6689 0.711752 7.3437
      vertex 14.6441 1.28119 0
      vertex 14.6589 0.940555 7.41584
    endloop
  endfacet
  facet normal 0.999035 0.0439261 3.22934e-05
    outer loop
      vertex 14.6792 0.477532 7.29178
      vertex 14.6441 1.28119 0
      vertex 14.6689 0.711752 7.3437
    endloop
  endfacet
  facet normal 0.999063 0.0432684 -4.03321e-05
    outer loop
      vertex 14.6895 0.239677 7.26046
      vertex 14.6441 1.28119 0
      vertex 14.6792 0.477532 7.29178
    endloop
  endfacet
  facet normal 0.999042 0.043767 -0
    outer loop
      vertex 14.7 0 0
      vertex 14.6895 0.239677 7.26046
      vertex 14.7 0 7.25
    endloop
  endfacet
  facet normal 0.99905 0.0435898 5.85881e-06
    outer loop
      vertex 14.6895 0.239677 7.26046
      vertex 14.7 0 0
      vertex 14.6441 1.28119 0
    endloop
  endfacet
  facet normal 0.999046 0.0436595 0
    outer loop
      vertex 14.6441 1.28119 40
      vertex 14.6493 1.1622 12.4923
      vertex 14.6441 1.28119 12.4304
    endloop
  endfacet
  facet normal 0.999063 0.0432726 1.67659e-06
    outer loop
      vertex 14.6441 1.28119 40
      vertex 14.6589 0.940555 12.5842
      vertex 14.6493 1.1622 12.4923
    endloop
  endfacet
  facet normal 0.999046 0.043663 -3.1833e-06
    outer loop
      vertex 14.6441 1.28119 40
      vertex 14.6689 0.711752 12.6563
      vertex 14.6589 0.940555 12.5842
    endloop
  endfacet
  facet normal 0.999035 0.0439313 -8.7816e-06
    outer loop
      vertex 14.6441 1.28119 40
      vertex 14.6792 0.477532 12.7082
      vertex 14.6689 0.711752 12.6563
    endloop
  endfacet
  facet normal 0.999064 0.0432646 1.089e-05
    outer loop
      vertex 14.6441 1.28119 40
      vertex 14.6895 0.239677 12.7395
      vertex 14.6792 0.477532 12.7082
    endloop
  endfacet
  facet normal 0.99905 0.0435898 -1.56041e-06
    outer loop
      vertex 14.7 0 40
      vertex 14.6895 0.239677 12.7395
      vertex 14.6441 1.28119 40
    endloop
  endfacet
  facet normal 0.999042 0.043767 0
    outer loop
      vertex 14.6895 0.239677 12.7395
      vertex 14.7 0 40
      vertex 14.7 0 12.75
    endloop
  endfacet
  facet normal 0.976301 0.216416 0
    outer loop
      vertex 14.4352 2.73954 10.2397
      vertex 14.1991 3.80464 0
      vertex 14.1991 3.80464 40
    endloop
  endfacet
  facet normal 0.976035 0.217615 0.000130904
    outer loop
      vertex 14.1991 3.80464 0
      vertex 14.4352 2.73954 10.2397
      vertex 14.4329 2.75 10
    endloop
  endfacet
  facet normal 0.976004 0.217755 -5.02652e-05
    outer loop
      vertex 14.1991 3.80464 40
      vertex 14.4422 2.70822 10.4775
      vertex 14.4352 2.73954 10.2397
    endloop
  endfacet
  facet normal 0.976331 0.216284 7.04931e-06
    outer loop
      vertex 14.1991 3.80464 40
      vertex 14.4537 2.6563 10.7118
      vertex 14.4422 2.70822 10.4775
    endloop
  endfacet
  facet normal 0.976284 0.216496 -1.6642e-06
    outer loop
      vertex 14.1991 3.80464 40
      vertex 14.4697 2.58415 10.9406
      vertex 14.4537 2.6563 10.7118
    endloop
  endfacet
  facet normal 0.97629 0.216466 -0
    outer loop
      vertex 14.4767 2.55263 11.0167
      vertex 14.1991 3.80464 40
      vertex 14.4767 2.55263 40
    endloop
  endfacet
  facet normal 0.976223 0.216768 -1.36617e-05
    outer loop
      vertex 14.1991 3.80464 40
      vertex 14.4767 2.55263 11.0167
      vertex 14.4697 2.58415 10.9406
    endloop
  endfacet
  facet normal 0.976406 0.215942 -5.43043e-05
    outer loop
      vertex 14.4352 2.73954 9.76032
      vertex 14.1991 3.80464 0
      vertex 14.4329 2.75 10
    endloop
  endfacet
  facet normal 0.976094 0.217347 0.000106593
    outer loop
      vertex 14.4422 2.70822 9.52247
      vertex 14.1991 3.80464 0
      vertex 14.4352 2.73954 9.76032
    endloop
  endfacet
  facet normal 0.976321 0.216326 -1.67943e-05
    outer loop
      vertex 14.4537 2.6563 9.28825
      vertex 14.1991 3.80464 0
      vertex 14.4422 2.70822 9.52247
    endloop
  endfacet
  facet normal 0.976285 0.216488 4.23835e-06
    outer loop
      vertex 14.4697 2.58415 9.05944
      vertex 14.1991 3.80464 0
      vertex 14.4537 2.6563 9.28825
    endloop
  endfacet
  facet normal 0.976235 0.216715 3.64187e-05
    outer loop
      vertex 14.4767 2.55263 8.98333
      vertex 14.1991 3.80464 0
      vertex 14.4697 2.58415 9.05944
    endloop
  endfacet
  facet normal 0.97629 0.216466 0
    outer loop
      vertex 14.1991 3.80464 0
      vertex 14.4767 2.55263 8.98333
      vertex 14.4767 2.55263 0
    endloop
  endfacet
  facet normal 0.887027 -0.461718 0
    outer loop
      vertex 12.7306 -7.35 40
      vertex 13.3227 -6.21249 0
      vertex 13.3227 -6.21249 40
    endloop
  endfacet
  facet normal 0.887027 -0.461718 0
    outer loop
      vertex 13.3227 -6.21249 0
      vertex 12.7306 -7.35 40
      vertex 12.7306 -7.35 0
    endloop
  endfacet
  facet normal 0.843369 -0.537335 0
    outer loop
      vertex 12.0415 -8.43157 40
      vertex 12.7306 -7.35 0
      vertex 12.7306 -7.35 40
    endloop
  endfacet
  facet normal 0.843369 -0.537335 0
    outer loop
      vertex 12.7306 -7.35 0
      vertex 12.0415 -8.43157 40
      vertex 12.0415 -8.43157 0
    endloop
  endfacet
  facet normal 0.300685 -0.953724 0
    outer loop
      vertex 3.80464 -14.1991 0
      vertex 5.0277 -13.8135 40
      vertex 3.80464 -14.1991 40
    endloop
  endfacet
  facet normal 0.300685 -0.953724 0
    outer loop
      vertex 5.0277 -13.8135 40
      vertex 3.80464 -14.1991 0
      vertex 5.0277 -13.8135 0
    endloop
  endfacet
  facet normal -0.737281 -0.675586 0
    outer loop
      vertex -10.3945 -10.3945 0
      vertex -11.2609 -9.44898 40
      vertex -11.2609 -9.44898 0
    endloop
  endfacet
  facet normal -0.737281 -0.675586 0
    outer loop
      vertex -11.2609 -9.44898 40
      vertex -10.3945 -10.3945 0
      vertex -10.3945 -10.3945 40
    endloop
  endfacet
  facet normal -0.991444 -0.130535 0
    outer loop
      vertex -14.4767 -2.55263 0
      vertex -14.6441 -1.28119 7.5696
      vertex -14.6441 -1.28119 0
    endloop
  endfacet
  facet normal -0.991382 -0.131001 7.96789e-05
    outer loop
      vertex -14.6441 -1.28119 7.5696
      vertex -14.4767 -2.55263 0
      vertex -14.6317 -1.375 7.61843
    endloop
  endfacet
  facet normal -0.991467 -0.13036 -2.11921e-05
    outer loop
      vertex -14.6317 -1.375 7.61843
      vertex -14.4767 -2.55263 0
      vertex -14.6051 -1.57733 7.74733
    endloop
  endfacet
  facet normal -0.991419 -0.130719 2.47532e-05
    outer loop
      vertex -14.6051 -1.57733 7.74733
      vertex -14.4767 -2.55263 0
      vertex -14.58 -1.76767 7.89338
    endloop
  endfacet
  facet normal -0.991436 -0.130596 1.22988e-05
    outer loop
      vertex -14.58 -1.76767 7.89338
      vertex -14.4767 -2.55263 0
      vertex -14.5567 -1.94454 8.05546
    endloop
  endfacet
  facet normal -0.991474 -0.130307 -9.88049e-06
    outer loop
      vertex -14.5567 -1.94454 8.05546
      vertex -14.4767 -2.55263 0
      vertex -14.5354 -2.10662 8.23233
    endloop
  endfacet
  facet normal -0.991468 -0.13035 -7.50444e-06
    outer loop
      vertex -14.5354 -2.10662 8.23233
      vertex -14.4767 -2.55263 0
      vertex -14.5162 -2.25267 8.42266
    endloop
  endfacet
  facet normal -0.991416 -0.130743 6.71971e-06
    outer loop
      vertex -14.5162 -2.25267 8.42266
      vertex -14.4767 -2.55263 0
      vertex -14.4992 -2.38157 8.625
    endloop
  endfacet
  facet normal -0.991428 -0.130654 4.92376e-06
    outer loop
      vertex -14.4992 -2.38157 8.625
      vertex -14.4767 -2.55263 0
      vertex -14.4846 -2.49235 8.8378
    endloop
  endfacet
  facet normal -0.991521 -0.129944 0
    outer loop
      vertex -14.4846 -2.49235 8.8378
      vertex -14.4767 -2.55263 0
      vertex -14.4767 -2.55263 8.98333
    endloop
  endfacet
  facet normal -0.991378 -0.13103 -2.32322e-05
    outer loop
      vertex -14.4767 -2.55263 40
      vertex -14.6441 -1.28119 12.4304
      vertex -14.6317 -1.375 12.3816
    endloop
  endfacet
  facet normal -0.991468 -0.130351 6.25162e-06
    outer loop
      vertex -14.4767 -2.55263 40
      vertex -14.6317 -1.375 12.3816
      vertex -14.6051 -1.57733 12.2527
    endloop
  endfacet
  facet normal -0.991418 -0.130732 -7.37982e-06
    outer loop
      vertex -14.4767 -2.55263 40
      vertex -14.6051 -1.57733 12.2527
      vertex -14.58 -1.76767 12.1066
    endloop
  endfacet
  facet normal -0.991435 -0.130603 -3.70205e-06
    outer loop
      vertex -14.4767 -2.55263 40
      vertex -14.58 -1.76767 12.1066
      vertex -14.5567 -1.94454 11.9445
    endloop
  endfacet
  facet normal -0.991475 -0.130299 2.99972e-06
    outer loop
      vertex -14.4767 -2.55263 40
      vertex -14.5567 -1.94454 11.9445
      vertex -14.5354 -2.10662 11.7677
    endloop
  endfacet
  facet normal -0.991469 -0.130343 2.29546e-06
    outer loop
      vertex -14.4767 -2.55263 40
      vertex -14.5354 -2.10662 11.7677
      vertex -14.5162 -2.25267 11.5773
    endloop
  endfacet
  facet normal -0.991415 -0.13075 -2.06835e-06
    outer loop
      vertex -14.4767 -2.55263 40
      vertex -14.5162 -2.25267 11.5773
      vertex -14.4992 -2.38157 11.375
    endloop
  endfacet
  facet normal -0.991427 -0.13066 -1.52262e-06
    outer loop
      vertex -14.4767 -2.55263 40
      vertex -14.4992 -2.38157 11.375
      vertex -14.4846 -2.49235 11.1622
    endloop
  endfacet
  facet normal -0.991521 -0.129944 -0
    outer loop
      vertex -14.4767 -2.55263 40
      vertex -14.4846 -2.49235 11.1622
      vertex -14.4767 -2.55263 11.0167
    endloop
  endfacet
  facet normal -0.991444 -0.130535 0
    outer loop
      vertex -14.6441 -1.28119 12.4304
      vertex -14.4767 -2.55263 40
      vertex -14.6441 -1.28119 40
    endloop
  endfacet
  facet normal 0.991444 -0.130535 0
    outer loop
      vertex 14.4767 -2.55263 40
      vertex 14.6441 -1.28119 12.4304
      vertex 14.6441 -1.28119 40
    endloop
  endfacet
  facet normal 0.991378 -0.13103 -2.32322e-05
    outer loop
      vertex 14.6441 -1.28119 12.4304
      vertex 14.4767 -2.55263 40
      vertex 14.6317 -1.375 12.3816
    endloop
  endfacet
  facet normal 0.991468 -0.130351 6.25162e-06
    outer loop
      vertex 14.6317 -1.375 12.3816
      vertex 14.4767 -2.55263 40
      vertex 14.6051 -1.57733 12.2527
    endloop
  endfacet
  facet normal 0.991418 -0.130732 -7.37982e-06
    outer loop
      vertex 14.6051 -1.57733 12.2527
      vertex 14.4767 -2.55263 40
      vertex 14.58 -1.76767 12.1066
    endloop
  endfacet
  facet normal 0.991435 -0.130603 -3.70205e-06
    outer loop
      vertex 14.58 -1.76767 12.1066
      vertex 14.4767 -2.55263 40
      vertex 14.5567 -1.94454 11.9445
    endloop
  endfacet
  facet normal 0.991475 -0.130299 2.99972e-06
    outer loop
      vertex 14.5567 -1.94454 11.9445
      vertex 14.4767 -2.55263 40
      vertex 14.5354 -2.10662 11.7677
    endloop
  endfacet
  facet normal 0.991469 -0.130343 2.29546e-06
    outer loop
      vertex 14.5354 -2.10662 11.7677
      vertex 14.4767 -2.55263 40
      vertex 14.5162 -2.25267 11.5773
    endloop
  endfacet
  facet normal 0.991415 -0.13075 -2.06835e-06
    outer loop
      vertex 14.5162 -2.25267 11.5773
      vertex 14.4767 -2.55263 40
      vertex 14.4992 -2.38157 11.375
    endloop
  endfacet
  facet normal 0.991427 -0.13066 -1.52262e-06
    outer loop
      vertex 14.4992 -2.38157 11.375
      vertex 14.4767 -2.55263 40
      vertex 14.4846 -2.49235 11.1622
    endloop
  endfacet
  facet normal 0.991521 -0.129944 0
    outer loop
      vertex 14.4846 -2.49235 11.1622
      vertex 14.4767 -2.55263 40
      vertex 14.4767 -2.55263 11.0167
    endloop
  endfacet
  facet normal 0.991382 -0.131001 7.96789e-05
    outer loop
      vertex 14.4767 -2.55263 0
      vertex 14.6441 -1.28119 7.5696
      vertex 14.6317 -1.375 7.61843
    endloop
  endfacet
  facet normal 0.991467 -0.13036 -2.11921e-05
    outer loop
      vertex 14.4767 -2.55263 0
      vertex 14.6317 -1.375 7.61843
      vertex 14.6051 -1.57733 7.74733
    endloop
  endfacet
  facet normal 0.991419 -0.130719 2.47532e-05
    outer loop
      vertex 14.4767 -2.55263 0
      vertex 14.6051 -1.57733 7.74733
      vertex 14.58 -1.76767 7.89338
    endloop
  endfacet
  facet normal 0.991436 -0.130596 1.22988e-05
    outer loop
      vertex 14.4767 -2.55263 0
      vertex 14.58 -1.76767 7.89338
      vertex 14.5567 -1.94454 8.05546
    endloop
  endfacet
  facet normal 0.991474 -0.130307 -9.88049e-06
    outer loop
      vertex 14.4767 -2.55263 0
      vertex 14.5567 -1.94454 8.05546
      vertex 14.5354 -2.10662 8.23233
    endloop
  endfacet
  facet normal 0.991468 -0.13035 -7.50444e-06
    outer loop
      vertex 14.4767 -2.55263 0
      vertex 14.5354 -2.10662 8.23233
      vertex 14.5162 -2.25267 8.42266
    endloop
  endfacet
  facet normal 0.991416 -0.130743 6.71971e-06
    outer loop
      vertex 14.4767 -2.55263 0
      vertex 14.5162 -2.25267 8.42266
      vertex 14.4992 -2.38157 8.625
    endloop
  endfacet
  facet normal 0.991428 -0.130654 4.92376e-06
    outer loop
      vertex 14.4767 -2.55263 0
      vertex 14.4992 -2.38157 8.625
      vertex 14.4846 -2.49235 8.8378
    endloop
  endfacet
  facet normal 0.991521 -0.129944 0
    outer loop
      vertex 14.4767 -2.55263 0
      vertex 14.4846 -2.49235 8.8378
      vertex 14.4767 -2.55263 8.98333
    endloop
  endfacet
  facet normal 0.991444 -0.130535 0
    outer loop
      vertex 14.6441 -1.28119 7.5696
      vertex 14.4767 -2.55263 0
      vertex 14.6441 -1.28119 0
    endloop
  endfacet
  facet normal -0.216458 0.976292 0
    outer loop
      vertex -3 14.3775 0
      vertex -3.80464 14.1991 40
      vertex -3 14.3775 40
    endloop
  endfacet
  facet normal -0.216458 0.976292 0
    outer loop
      vertex -3.80464 14.1991 40
      vertex -3 14.3775 0
      vertex -3.80464 14.1991 0
    endloop
  endfacet
  facet normal 0.953724 0.300685 0
    outer loop
      vertex 14.1991 3.80464 40
      vertex 13.8135 5.0277 0
      vertex 13.8135 5.0277 40
    endloop
  endfacet
  facet normal 0.953724 0.300685 0
    outer loop
      vertex 13.8135 5.0277 0
      vertex 14.1991 3.80464 40
      vertex 14.1991 3.80464 0
    endloop
  endfacet
  facet normal -0.537335 -0.843369 0
    outer loop
      vertex -8.43157 -12.0415 0
      vertex -7.35 -12.7306 40
      vertex -8.43157 -12.0415 40
    endloop
  endfacet
  facet normal -0.537335 -0.843369 -0
    outer loop
      vertex -7.35 -12.7306 40
      vertex -8.43157 -12.0415 0
      vertex -7.35 -12.7306 0
    endloop
  endfacet
  facet normal 0.537335 0.843369 -0
    outer loop
      vertex 8.43157 12.0415 0
      vertex 7.35 12.7306 40
      vertex 8.43157 12.0415 40
    endloop
  endfacet
  facet normal 0.537335 0.843369 0
    outer loop
      vertex 7.35 12.7306 40
      vertex 8.43157 12.0415 0
      vertex 7.35 12.7306 0
    endloop
  endfacet
  facet normal 0.887027 0.461718 0
    outer loop
      vertex 13.3227 6.21249 40
      vertex 12.7306 7.35 0
      vertex 12.7306 7.35 40
    endloop
  endfacet
  facet normal 0.887027 0.461718 0
    outer loop
      vertex 12.7306 7.35 0
      vertex 13.3227 6.21249 40
      vertex 13.3227 6.21249 0
    endloop
  endfacet
  facet normal -0.382713 -0.923867 0
    outer loop
      vertex -6.21249 -13.3227 0
      vertex -5.0277 -13.8135 40
      vertex -6.21249 -13.3227 40
    endloop
  endfacet
  facet normal -0.382713 -0.923867 -0
    outer loop
      vertex -5.0277 -13.8135 40
      vertex -6.21249 -13.3227 0
      vertex -5.0277 -13.8135 0
    endloop
  endfacet
  facet normal -0.300685 0.953724 0
    outer loop
      vertex -3.80464 14.1991 0
      vertex -5.0277 13.8135 40
      vertex -3.80464 14.1991 40
    endloop
  endfacet
  facet normal -0.300685 0.953724 0
    outer loop
      vertex -5.0277 13.8135 40
      vertex -3.80464 14.1991 0
      vertex -5.0277 13.8135 0
    endloop
  endfacet
  facet normal 0.737281 0.675586 0
    outer loop
      vertex 11.2609 9.44898 40
      vertex 10.3945 10.3945 0
      vertex 10.3945 10.3945 40
    endloop
  endfacet
  facet normal 0.737281 0.675586 0
    outer loop
      vertex 10.3945 10.3945 0
      vertex 11.2609 9.44898 40
      vertex 11.2609 9.44898 0
    endloop
  endfacet
  facet normal 0.793386 0.608719 0
    outer loop
      vertex 12.0415 8.43157 40
      vertex 11.2609 9.44898 0
      vertex 11.2609 9.44898 40
    endloop
  endfacet
  facet normal 0.793386 0.608719 0
    outer loop
      vertex 11.2609 9.44898 0
      vertex 12.0415 8.43157 40
      vertex 12.0415 8.43157 0
    endloop
  endfacet
  facet normal 0.608719 0.793386 -0
    outer loop
      vertex 9.44898 11.2609 0
      vertex 8.43157 12.0415 40
      vertex 9.44898 11.2609 40
    endloop
  endfacet
  facet normal 0.608719 0.793386 0
    outer loop
      vertex 8.43157 12.0415 40
      vertex 9.44898 11.2609 0
      vertex 8.43157 12.0415 0
    endloop
  endfacet
  facet normal 0.537335 -0.843369 0
    outer loop
      vertex 7.35 -12.7306 0
      vertex 8.43157 -12.0415 40
      vertex 7.35 -12.7306 40
    endloop
  endfacet
  facet normal 0.537335 -0.843369 0
    outer loop
      vertex 8.43157 -12.0415 40
      vertex 7.35 -12.7306 0
      vertex 8.43157 -12.0415 0
    endloop
  endfacet
  facet normal 0.382713 0.923867 -0
    outer loop
      vertex 6.21249 13.3227 0
      vertex 5.0277 13.8135 40
      vertex 6.21249 13.3227 40
    endloop
  endfacet
  facet normal 0.382713 0.923867 0
    outer loop
      vertex 5.0277 13.8135 40
      vertex 6.21249 13.3227 0
      vertex 5.0277 13.8135 0
    endloop
  endfacet
  facet normal -0.843369 0.537335 0
    outer loop
      vertex -12.7306 7.35 0
      vertex -12.0415 8.43157 40
      vertex -12.0415 8.43157 0
    endloop
  endfacet
  facet normal -0.843369 0.537335 0
    outer loop
      vertex -12.0415 8.43157 40
      vertex -12.7306 7.35 0
      vertex -12.7306 7.35 40
    endloop
  endfacet
  facet normal -0.608719 -0.793386 0
    outer loop
      vertex -9.44898 -11.2609 0
      vertex -8.43157 -12.0415 40
      vertex -9.44898 -11.2609 40
    endloop
  endfacet
  facet normal -0.608719 -0.793386 -0
    outer loop
      vertex -8.43157 -12.0415 40
      vertex -9.44898 -11.2609 0
      vertex -8.43157 -12.0415 0
    endloop
  endfacet
  facet normal 0.953724 -0.300685 0
    outer loop
      vertex 13.8135 -5.0277 40
      vertex 14.1991 -3.80464 0
      vertex 14.1991 -3.80464 40
    endloop
  endfacet
  facet normal 0.953724 -0.300685 0
    outer loop
      vertex 14.1991 -3.80464 0
      vertex 13.8135 -5.0277 40
      vertex 13.8135 -5.0277 0
    endloop
  endfacet
  facet normal -0.216458 -0.976292 0
    outer loop
      vertex -3.80464 -14.1991 0
      vertex -3 -14.3775 40
      vertex -3.80464 -14.1991 40
    endloop
  endfacet
  facet normal -0.216458 -0.976292 -0
    outer loop
      vertex -3 -14.3775 40
      vertex -3.80464 -14.1991 0
      vertex -3 -14.3775 0
    endloop
  endfacet
  facet normal -0.608719 0.793386 0
    outer loop
      vertex -8.43157 12.0415 0
      vertex -9.44898 11.2609 40
      vertex -8.43157 12.0415 40
    endloop
  endfacet
  facet normal -0.608719 0.793386 0
    outer loop
      vertex -9.44898 11.2609 40
      vertex -8.43157 12.0415 0
      vertex -9.44898 11.2609 0
    endloop
  endfacet
  facet normal 0.999042 -0.043767 0
    outer loop
      vertex 14.7 0 40
      vertex 14.6895 -0.239677 12.7395
      vertex 14.7 0 12.75
    endloop
  endfacet
  facet normal 0.99905 -0.0435898 -1.56041e-06
    outer loop
      vertex 14.6441 -1.28119 40
      vertex 14.6895 -0.239677 12.7395
      vertex 14.7 0 40
    endloop
  endfacet
  facet normal 0.999064 -0.0432646 1.089e-05
    outer loop
      vertex 14.6895 -0.239677 12.7395
      vertex 14.6441 -1.28119 40
      vertex 14.6792 -0.477532 12.7082
    endloop
  endfacet
  facet normal 0.999035 -0.0439313 -8.7816e-06
    outer loop
      vertex 14.6792 -0.477532 12.7082
      vertex 14.6441 -1.28119 40
      vertex 14.6689 -0.711752 12.6563
    endloop
  endfacet
  facet normal 0.999046 -0.043663 -3.1833e-06
    outer loop
      vertex 14.6689 -0.711752 12.6563
      vertex 14.6441 -1.28119 40
      vertex 14.6589 -0.940555 12.5842
    endloop
  endfacet
  facet normal 0.999063 -0.0432726 1.67659e-06
    outer loop
      vertex 14.6589 -0.940555 12.5842
      vertex 14.6441 -1.28119 40
      vertex 14.6493 -1.1622 12.4923
    endloop
  endfacet
  facet normal 0.999046 -0.0436595 0
    outer loop
      vertex 14.6493 -1.1622 12.4923
      vertex 14.6441 -1.28119 40
      vertex 14.6441 -1.28119 12.4304
    endloop
  endfacet
  facet normal 0.999042 -0.043767 0
    outer loop
      vertex 14.6895 -0.239677 7.26046
      vertex 14.7 0 0
      vertex 14.7 0 7.25
    endloop
  endfacet
  facet normal 0.999063 -0.0432684 -4.03321e-05
    outer loop
      vertex 14.6441 -1.28119 0
      vertex 14.6895 -0.239677 7.26046
      vertex 14.6792 -0.477532 7.29178
    endloop
  endfacet
  facet normal 0.999035 -0.0439261 3.22934e-05
    outer loop
      vertex 14.6441 -1.28119 0
      vertex 14.6792 -0.477532 7.29178
      vertex 14.6689 -0.711752 7.3437
    endloop
  endfacet
  facet normal 0.999046 -0.0436604 1.16459e-05
    outer loop
      vertex 14.6441 -1.28119 0
      vertex 14.6689 -0.711752 7.3437
      vertex 14.6589 -0.940555 7.41584
    endloop
  endfacet
  facet normal 0.999063 -0.0432745 -6.11383e-06
    outer loop
      vertex 14.6441 -1.28119 0
      vertex 14.6589 -0.940555 7.41584
      vertex 14.6493 -1.1622 7.50765
    endloop
  endfacet
  facet normal 0.999046 -0.0436595 0
    outer loop
      vertex 14.6441 -1.28119 0
      vertex 14.6493 -1.1622 7.50765
      vertex 14.6441 -1.28119 7.5696
    endloop
  endfacet
  facet normal 0.99905 -0.0435898 5.85881e-06
    outer loop
      vertex 14.6895 -0.239677 7.26046
      vertex 14.6441 -1.28119 0
      vertex 14.7 0 0
    endloop
  endfacet
  facet normal -0.999042 -0.043767 0
    outer loop
      vertex -14.7 0 0
      vertex -14.6895 -0.239677 7.26046
      vertex -14.7 0 7.25
    endloop
  endfacet
  facet normal -0.99905 -0.0435898 5.85881e-06
    outer loop
      vertex -14.6441 -1.28119 0
      vertex -14.6895 -0.239677 7.26046
      vertex -14.7 0 0
    endloop
  endfacet
  facet normal -0.999063 -0.0432684 -4.03321e-05
    outer loop
      vertex -14.6895 -0.239677 7.26046
      vertex -14.6441 -1.28119 0
      vertex -14.6792 -0.477532 7.29178
    endloop
  endfacet
  facet normal -0.999035 -0.0439261 3.22934e-05
    outer loop
      vertex -14.6792 -0.477532 7.29178
      vertex -14.6441 -1.28119 0
      vertex -14.6689 -0.711752 7.3437
    endloop
  endfacet
  facet normal -0.999046 -0.0436604 1.16459e-05
    outer loop
      vertex -14.6689 -0.711752 7.3437
      vertex -14.6441 -1.28119 0
      vertex -14.6589 -0.940555 7.41584
    endloop
  endfacet
  facet normal -0.999063 -0.0432745 -6.11383e-06
    outer loop
      vertex -14.6589 -0.940555 7.41584
      vertex -14.6441 -1.28119 0
      vertex -14.6493 -1.1622 7.50765
    endloop
  endfacet
  facet normal -0.999046 -0.0436595 0
    outer loop
      vertex -14.6493 -1.1622 7.50765
      vertex -14.6441 -1.28119 0
      vertex -14.6441 -1.28119 7.5696
    endloop
  endfacet
  facet normal -0.999042 -0.043767 0
    outer loop
      vertex -14.6895 -0.239677 12.7395
      vertex -14.7 0 40
      vertex -14.7 0 12.75
    endloop
  endfacet
  facet normal -0.999064 -0.0432646 1.089e-05
    outer loop
      vertex -14.6441 -1.28119 40
      vertex -14.6895 -0.239677 12.7395
      vertex -14.6792 -0.477532 12.7082
    endloop
  endfacet
  facet normal -0.999035 -0.0439313 -8.7816e-06
    outer loop
      vertex -14.6441 -1.28119 40
      vertex -14.6792 -0.477532 12.7082
      vertex -14.6689 -0.711752 12.6563
    endloop
  endfacet
  facet normal -0.999046 -0.043663 -3.1833e-06
    outer loop
      vertex -14.6441 -1.28119 40
      vertex -14.6689 -0.711752 12.6563
      vertex -14.6589 -0.940555 12.5842
    endloop
  endfacet
  facet normal -0.999063 -0.0432726 1.67659e-06
    outer loop
      vertex -14.6441 -1.28119 40
      vertex -14.6589 -0.940555 12.5842
      vertex -14.6493 -1.1622 12.4923
    endloop
  endfacet
  facet normal -0.999046 -0.0436595 -0
    outer loop
      vertex -14.6441 -1.28119 40
      vertex -14.6493 -1.1622 12.4923
      vertex -14.6441 -1.28119 12.4304
    endloop
  endfacet
  facet normal -0.99905 -0.0435898 -1.56041e-06
    outer loop
      vertex -14.6895 -0.239677 12.7395
      vertex -14.6441 -1.28119 40
      vertex -14.7 0 40
    endloop
  endfacet
  facet normal 0.461718 0.887027 -0
    outer loop
      vertex 7.35 12.7306 0
      vertex 6.21249 13.3227 40
      vertex 7.35 12.7306 40
    endloop
  endfacet
  facet normal 0.461718 0.887027 0
    outer loop
      vertex 6.21249 13.3227 40
      vertex 7.35 12.7306 0
      vertex 6.21249 13.3227 0
    endloop
  endfacet
  facet normal 0.793386 -0.608719 0
    outer loop
      vertex 11.2609 -9.44898 40
      vertex 12.0415 -8.43157 0
      vertex 12.0415 -8.43157 40
    endloop
  endfacet
  facet normal 0.793386 -0.608719 0
    outer loop
      vertex 12.0415 -8.43157 0
      vertex 11.2609 -9.44898 40
      vertex 11.2609 -9.44898 0
    endloop
  endfacet
  facet normal -0.737281 0.675586 0
    outer loop
      vertex -11.2609 9.44898 0
      vertex -10.3945 10.3945 40
      vertex -10.3945 10.3945 0
    endloop
  endfacet
  facet normal -0.737281 0.675586 0
    outer loop
      vertex -10.3945 10.3945 40
      vertex -11.2609 9.44898 0
      vertex -11.2609 9.44898 40
    endloop
  endfacet
  facet normal 0.923867 0.382713 0
    outer loop
      vertex 13.8135 5.0277 40
      vertex 13.3227 6.21249 0
      vertex 13.3227 6.21249 40
    endloop
  endfacet
  facet normal 0.923867 0.382713 0
    outer loop
      vertex 13.3227 6.21249 0
      vertex 13.8135 5.0277 40
      vertex 13.8135 5.0277 0
    endloop
  endfacet
  facet normal 0.382713 -0.923867 0
    outer loop
      vertex 5.0277 -13.8135 0
      vertex 6.21249 -13.3227 40
      vertex 5.0277 -13.8135 40
    endloop
  endfacet
  facet normal 0.382713 -0.923867 0
    outer loop
      vertex 6.21249 -13.3227 40
      vertex 5.0277 -13.8135 0
      vertex 6.21249 -13.3227 0
    endloop
  endfacet
  facet normal 0.216458 0.976292 -0
    outer loop
      vertex 3.80464 14.1991 0
      vertex 3 14.3775 40
      vertex 3.80464 14.1991 40
    endloop
  endfacet
  facet normal 0.216458 0.976292 0
    outer loop
      vertex 3 14.3775 40
      vertex 3.80464 14.1991 0
      vertex 3 14.3775 0
    endloop
  endfacet
  facet normal -0.923867 0.382713 0
    outer loop
      vertex -13.8135 5.0277 0
      vertex -13.3227 6.21249 40
      vertex -13.3227 6.21249 0
    endloop
  endfacet
  facet normal -0.923867 0.382713 0
    outer loop
      vertex -13.3227 6.21249 40
      vertex -13.8135 5.0277 0
      vertex -13.8135 5.0277 40
    endloop
  endfacet
  facet normal 0.675586 0.737281 -0
    outer loop
      vertex 10.3945 10.3945 0
      vertex 9.44898 11.2609 40
      vertex 10.3945 10.3945 40
    endloop
  endfacet
  facet normal 0.675586 0.737281 0
    outer loop
      vertex 9.44898 11.2609 40
      vertex 10.3945 10.3945 0
      vertex 9.44898 11.2609 0
    endloop
  endfacet
  facet normal -0.537335 0.843369 0
    outer loop
      vertex -7.35 12.7306 0
      vertex -8.43157 12.0415 40
      vertex -7.35 12.7306 40
    endloop
  endfacet
  facet normal -0.537335 0.843369 0
    outer loop
      vertex -8.43157 12.0415 40
      vertex -7.35 12.7306 0
      vertex -8.43157 12.0415 0
    endloop
  endfacet
  facet normal -0.382713 0.923867 0
    outer loop
      vertex -5.0277 13.8135 0
      vertex -6.21249 13.3227 40
      vertex -5.0277 13.8135 40
    endloop
  endfacet
  facet normal -0.382713 0.923867 0
    outer loop
      vertex -6.21249 13.3227 40
      vertex -5.0277 13.8135 0
      vertex -6.21249 13.3227 0
    endloop
  endfacet
  facet normal -0.976035 0.217615 0.000130904
    outer loop
      vertex -14.4352 2.73954 10.2397
      vertex -14.1991 3.80464 0
      vertex -14.4329 2.75 10
    endloop
  endfacet
  facet normal -0.976406 0.215942 -5.43043e-05
    outer loop
      vertex -14.1991 3.80464 0
      vertex -14.4352 2.73954 9.76032
      vertex -14.4329 2.75 10
    endloop
  endfacet
  facet normal -0.976094 0.217347 0.000106593
    outer loop
      vertex -14.1991 3.80464 0
      vertex -14.4422 2.70822 9.52247
      vertex -14.4352 2.73954 9.76032
    endloop
  endfacet
  facet normal -0.976321 0.216326 -1.67943e-05
    outer loop
      vertex -14.1991 3.80464 0
      vertex -14.4537 2.6563 9.28825
      vertex -14.4422 2.70822 9.52247
    endloop
  endfacet
  facet normal -0.976285 0.216488 4.23835e-06
    outer loop
      vertex -14.1991 3.80464 0
      vertex -14.4697 2.58415 9.05944
      vertex -14.4537 2.6563 9.28825
    endloop
  endfacet
  facet normal -0.97629 0.216466 0
    outer loop
      vertex -14.4767 2.55263 8.98333
      vertex -14.1991 3.80464 0
      vertex -14.4767 2.55263 0
    endloop
  endfacet
  facet normal -0.976235 0.216715 3.64187e-05
    outer loop
      vertex -14.1991 3.80464 0
      vertex -14.4767 2.55263 8.98333
      vertex -14.4697 2.58415 9.05944
    endloop
  endfacet
  facet normal -0.976301 0.216416 0
    outer loop
      vertex -14.1991 3.80464 0
      vertex -14.4352 2.73954 10.2397
      vertex -14.1991 3.80464 40
    endloop
  endfacet
  facet normal -0.976004 0.217755 -5.02652e-05
    outer loop
      vertex -14.4422 2.70822 10.4775
      vertex -14.1991 3.80464 40
      vertex -14.4352 2.73954 10.2397
    endloop
  endfacet
  facet normal -0.976331 0.216284 7.04931e-06
    outer loop
      vertex -14.4537 2.6563 10.7118
      vertex -14.1991 3.80464 40
      vertex -14.4422 2.70822 10.4775
    endloop
  endfacet
  facet normal -0.976284 0.216496 -1.6642e-06
    outer loop
      vertex -14.4697 2.58415 10.9406
      vertex -14.1991 3.80464 40
      vertex -14.4537 2.6563 10.7118
    endloop
  endfacet
  facet normal -0.976223 0.216768 -1.36617e-05
    outer loop
      vertex -14.4767 2.55263 11.0167
      vertex -14.1991 3.80464 40
      vertex -14.4697 2.58415 10.9406
    endloop
  endfacet
  facet normal -0.97629 0.216466 0
    outer loop
      vertex -14.1991 3.80464 40
      vertex -14.4767 2.55263 11.0167
      vertex -14.4767 2.55263 40
    endloop
  endfacet
  facet normal 0.97629 -0.216466 0
    outer loop
      vertex 14.1991 -3.80464 40
      vertex 14.4767 -2.55263 11.0167
      vertex 14.4767 -2.55263 40
    endloop
  endfacet
  facet normal 0.976223 -0.216768 -1.36617e-05
    outer loop
      vertex 14.4767 -2.55263 11.0167
      vertex 14.1991 -3.80464 40
      vertex 14.4697 -2.58415 10.9406
    endloop
  endfacet
  facet normal 0.976284 -0.216496 -1.6642e-06
    outer loop
      vertex 14.4697 -2.58415 10.9406
      vertex 14.1991 -3.80464 40
      vertex 14.4537 -2.6563 10.7118
    endloop
  endfacet
  facet normal 0.976331 -0.216284 7.04931e-06
    outer loop
      vertex 14.4537 -2.6563 10.7118
      vertex 14.1991 -3.80464 40
      vertex 14.4422 -2.70822 10.4775
    endloop
  endfacet
  facet normal 0.976004 -0.217755 -5.02652e-05
    outer loop
      vertex 14.4422 -2.70822 10.4775
      vertex 14.1991 -3.80464 40
      vertex 14.4352 -2.73954 10.2397
    endloop
  endfacet
  facet normal 0.976301 -0.216416 0
    outer loop
      vertex 14.1991 -3.80464 0
      vertex 14.4352 -2.73954 10.2397
      vertex 14.1991 -3.80464 40
    endloop
  endfacet
  facet normal 0.976235 -0.216715 3.64187e-05
    outer loop
      vertex 14.1991 -3.80464 0
      vertex 14.4767 -2.55263 8.98333
      vertex 14.4697 -2.58415 9.05944
    endloop
  endfacet
  facet normal 0.976285 -0.216488 4.23835e-06
    outer loop
      vertex 14.1991 -3.80464 0
      vertex 14.4697 -2.58415 9.05944
      vertex 14.4537 -2.6563 9.28825
    endloop
  endfacet
  facet normal 0.976321 -0.216326 -1.67943e-05
    outer loop
      vertex 14.1991 -3.80464 0
      vertex 14.4537 -2.6563 9.28825
      vertex 14.4422 -2.70822 9.52247
    endloop
  endfacet
  facet normal 0.976094 -0.217347 0.000106593
    outer loop
      vertex 14.1991 -3.80464 0
      vertex 14.4422 -2.70822 9.52247
      vertex 14.4352 -2.73954 9.76032
    endloop
  endfacet
  facet normal 0.976406 -0.215942 -5.43043e-05
    outer loop
      vertex 14.1991 -3.80464 0
      vertex 14.4352 -2.73954 9.76032
      vertex 14.4329 -2.75 10
    endloop
  endfacet
  facet normal 0.976035 -0.217615 0.000130904
    outer loop
      vertex 14.4352 -2.73954 10.2397
      vertex 14.1991 -3.80464 0
      vertex 14.4329 -2.75 10
    endloop
  endfacet
  facet normal 0.97629 -0.216466 0
    outer loop
      vertex 14.4767 -2.55263 8.98333
      vertex 14.1991 -3.80464 0
      vertex 14.4767 -2.55263 0
    endloop
  endfacet
  facet normal -0.999046 0.0436595 0
    outer loop
      vertex -14.6441 1.28119 0
      vertex -14.6493 1.1622 7.50765
      vertex -14.6441 1.28119 7.5696
    endloop
  endfacet
  facet normal -0.999063 0.0432745 -6.11383e-06
    outer loop
      vertex -14.6441 1.28119 0
      vertex -14.6589 0.940555 7.41584
      vertex -14.6493 1.1622 7.50765
    endloop
  endfacet
  facet normal -0.999046 0.0436604 1.16459e-05
    outer loop
      vertex -14.6441 1.28119 0
      vertex -14.6689 0.711752 7.3437
      vertex -14.6589 0.940555 7.41584
    endloop
  endfacet
  facet normal -0.999035 0.0439261 3.22934e-05
    outer loop
      vertex -14.6441 1.28119 0
      vertex -14.6792 0.477532 7.29178
      vertex -14.6689 0.711752 7.3437
    endloop
  endfacet
  facet normal -0.999063 0.0432684 -4.03321e-05
    outer loop
      vertex -14.6441 1.28119 0
      vertex -14.6895 0.239677 7.26046
      vertex -14.6792 0.477532 7.29178
    endloop
  endfacet
  facet normal -0.99905 0.0435898 5.85881e-06
    outer loop
      vertex -14.7 0 0
      vertex -14.6895 0.239677 7.26046
      vertex -14.6441 1.28119 0
    endloop
  endfacet
  facet normal -0.999042 0.043767 0
    outer loop
      vertex -14.6895 0.239677 7.26046
      vertex -14.7 0 0
      vertex -14.7 0 7.25
    endloop
  endfacet
  facet normal -0.999046 0.0436595 0
    outer loop
      vertex -14.6493 1.1622 12.4923
      vertex -14.6441 1.28119 40
      vertex -14.6441 1.28119 12.4304
    endloop
  endfacet
  facet normal -0.999063 0.0432726 1.67659e-06
    outer loop
      vertex -14.6589 0.940555 12.5842
      vertex -14.6441 1.28119 40
      vertex -14.6493 1.1622 12.4923
    endloop
  endfacet
  facet normal -0.999046 0.043663 -3.1833e-06
    outer loop
      vertex -14.6689 0.711752 12.6563
      vertex -14.6441 1.28119 40
      vertex -14.6589 0.940555 12.5842
    endloop
  endfacet
  facet normal -0.999035 0.0439313 -8.7816e-06
    outer loop
      vertex -14.6792 0.477532 12.7082
      vertex -14.6441 1.28119 40
      vertex -14.6689 0.711752 12.6563
    endloop
  endfacet
  facet normal -0.999064 0.0432646 1.089e-05
    outer loop
      vertex -14.6895 0.239677 12.7395
      vertex -14.6441 1.28119 40
      vertex -14.6792 0.477532 12.7082
    endloop
  endfacet
  facet normal -0.999042 0.0437666 -8.32717e-06
    outer loop
      vertex -14.7 0 12.75
      vertex -14.6441 1.28119 40
      vertex -14.6895 0.239677 12.7395
    endloop
  endfacet
  facet normal -0.99905 0.0435898 0
    outer loop
      vertex -14.6441 1.28119 40
      vertex -14.7 0 12.75
      vertex -14.7 0 40
    endloop
  endfacet
  facet normal 0.675586 -0.737281 0
    outer loop
      vertex 9.44898 -11.2609 0
      vertex 10.3945 -10.3945 40
      vertex 9.44898 -11.2609 40
    endloop
  endfacet
  facet normal 0.675586 -0.737281 0
    outer loop
      vertex 10.3945 -10.3945 40
      vertex 9.44898 -11.2609 0
      vertex 10.3945 -10.3945 0
    endloop
  endfacet
  facet normal -0.793386 -0.608719 0
    outer loop
      vertex -11.2609 -9.44898 0
      vertex -12.0415 -8.43157 40
      vertex -12.0415 -8.43157 0
    endloop
  endfacet
  facet normal -0.793386 -0.608719 0
    outer loop
      vertex -12.0415 -8.43157 40
      vertex -11.2609 -9.44898 0
      vertex -11.2609 -9.44898 40
    endloop
  endfacet
  facet normal 0.608719 -0.793386 0
    outer loop
      vertex 8.43157 -12.0415 0
      vertex 9.44898 -11.2609 40
      vertex 8.43157 -12.0415 40
    endloop
  endfacet
  facet normal 0.608719 -0.793386 0
    outer loop
      vertex 9.44898 -11.2609 40
      vertex 8.43157 -12.0415 0
      vertex 9.44898 -11.2609 0
    endloop
  endfacet
  facet normal -0.923867 -0.382713 0
    outer loop
      vertex -13.3227 -6.21249 0
      vertex -13.8135 -5.0277 40
      vertex -13.8135 -5.0277 0
    endloop
  endfacet
  facet normal -0.923867 -0.382713 0
    outer loop
      vertex -13.8135 -5.0277 40
      vertex -13.3227 -6.21249 0
      vertex -13.3227 -6.21249 40
    endloop
  endfacet
  facet normal -0.675586 -0.737281 0
    outer loop
      vertex -10.3945 -10.3945 0
      vertex -9.44898 -11.2609 40
      vertex -10.3945 -10.3945 40
    endloop
  endfacet
  facet normal -0.675586 -0.737281 -0
    outer loop
      vertex -9.44898 -11.2609 40
      vertex -10.3945 -10.3945 0
      vertex -9.44898 -11.2609 0
    endloop
  endfacet
  facet normal 0.923867 -0.382713 0
    outer loop
      vertex 13.3227 -6.21249 40
      vertex 13.8135 -5.0277 0
      vertex 13.8135 -5.0277 40
    endloop
  endfacet
  facet normal 0.923867 -0.382713 0
    outer loop
      vertex 13.8135 -5.0277 0
      vertex 13.3227 -6.21249 40
      vertex 13.3227 -6.21249 0
    endloop
  endfacet
  facet normal -0.675586 0.737281 0
    outer loop
      vertex -9.44898 11.2609 0
      vertex -10.3945 10.3945 40
      vertex -9.44898 11.2609 40
    endloop
  endfacet
  facet normal -0.675586 0.737281 0
    outer loop
      vertex -10.3945 10.3945 40
      vertex -9.44898 11.2609 0
      vertex -10.3945 10.3945 0
    endloop
  endfacet
  facet normal -0.953724 -0.300685 0
    outer loop
      vertex -13.8135 -5.0277 0
      vertex -14.1991 -3.80464 40
      vertex -14.1991 -3.80464 0
    endloop
  endfacet
  facet normal -0.953724 -0.300685 0
    outer loop
      vertex -14.1991 -3.80464 40
      vertex -13.8135 -5.0277 0
      vertex -13.8135 -5.0277 40
    endloop
  endfacet
  facet normal 0.737281 -0.675586 0
    outer loop
      vertex 10.3945 -10.3945 40
      vertex 11.2609 -9.44898 0
      vertex 11.2609 -9.44898 40
    endloop
  endfacet
  facet normal 0.737281 -0.675586 0
    outer loop
      vertex 11.2609 -9.44898 0
      vertex 10.3945 -10.3945 40
      vertex 10.3945 -10.3945 0
    endloop
  endfacet
  facet normal 0.216458 -0.976292 0
    outer loop
      vertex 3 -14.3775 0
      vertex 3.80464 -14.1991 40
      vertex 3 -14.3775 40
    endloop
  endfacet
  facet normal 0.216458 -0.976292 0
    outer loop
      vertex 3.80464 -14.1991 40
      vertex 3 -14.3775 0
      vertex 3.80464 -14.1991 0
    endloop
  endfacet
  facet normal -0.300685 -0.953724 0
    outer loop
      vertex -5.0277 -13.8135 0
      vertex -3.80464 -14.1991 40
      vertex -5.0277 -13.8135 40
    endloop
  endfacet
  facet normal -0.300685 -0.953724 -0
    outer loop
      vertex -3.80464 -14.1991 40
      vertex -5.0277 -13.8135 0
      vertex -3.80464 -14.1991 0
    endloop
  endfacet
  facet normal 0.843369 0.537335 0
    outer loop
      vertex 12.7306 7.35 40
      vertex 12.0415 8.43157 0
      vertex 12.0415 8.43157 40
    endloop
  endfacet
  facet normal 0.843369 0.537335 0
    outer loop
      vertex 12.0415 8.43157 0
      vertex 12.7306 7.35 40
      vertex 12.7306 7.35 0
    endloop
  endfacet
  facet normal -0.953724 0.300685 0
    outer loop
      vertex -14.1991 3.80464 0
      vertex -13.8135 5.0277 40
      vertex -13.8135 5.0277 0
    endloop
  endfacet
  facet normal -0.953724 0.300685 0
    outer loop
      vertex -13.8135 5.0277 40
      vertex -14.1991 3.80464 0
      vertex -14.1991 3.80464 40
    endloop
  endfacet
  facet normal -0.793386 0.608719 0
    outer loop
      vertex -12.0415 8.43157 0
      vertex -11.2609 9.44898 40
      vertex -11.2609 9.44898 0
    endloop
  endfacet
  facet normal -0.793386 0.608719 0
    outer loop
      vertex -11.2609 9.44898 40
      vertex -12.0415 8.43157 0
      vertex -12.0415 8.43157 40
    endloop
  endfacet
  facet normal -0.461718 0.887027 0
    outer loop
      vertex -6.21249 13.3227 0
      vertex -7.35 12.7306 40
      vertex -6.21249 13.3227 40
    endloop
  endfacet
  facet normal -0.461718 0.887027 0
    outer loop
      vertex -7.35 12.7306 40
      vertex -6.21249 13.3227 0
      vertex -7.35 12.7306 0
    endloop
  endfacet
  facet normal 0.461718 -0.887027 0
    outer loop
      vertex 6.21249 -13.3227 0
      vertex 7.35 -12.7306 40
      vertex 6.21249 -13.3227 40
    endloop
  endfacet
  facet normal 0.461718 -0.887027 0
    outer loop
      vertex 7.35 -12.7306 40
      vertex 6.21249 -13.3227 0
      vertex 7.35 -12.7306 0
    endloop
  endfacet
  facet normal -0 0 1
    outer loop
      vertex 13.4898 0.00498616 40
      vertex 14.7 0 40
      vertex 14.6441 1.28119 40
    endloop
  endfacet
  facet normal 0 0 1
    outer loop
      vertex 13.4387 1.17574 40
      vertex 14.6441 1.28119 40
      vertex 14.4767 2.55263 40
    endloop
  endfacet
  facet normal 0 0 1
    outer loop
      vertex 14.7 0 40
      vertex 13.4898 0.00498616 40
      vertex 13.4901 0 40
    endloop
  endfacet
  facet normal 0 0 1
    outer loop
      vertex 13.2851 2.34252 40
      vertex 14.4767 2.55263 40
      vertex 14.1991 3.80464 40
    endloop
  endfacet
  facet normal 0 0 1
    outer loop
      vertex 13.4898 -0.00498616 40
      vertex 14.7 0 40
      vertex 13.4901 0 40
    endloop
  endfacet
  facet normal 0 0 1
    outer loop
      vertex 13.0304 3.49148 40
      vertex 14.1991 3.80464 40
      vertex 13.8135 5.0277 40
    endloop
  endfacet
  facet normal 0 0 1
    outer loop
      vertex 14.7 0 40
      vertex 13.4898 -0.00498616 40
      vertex 14.6441 -1.28119 40
    endloop
  endfacet
  facet normal 0 0 1
    outer loop
      vertex 14.6441 -1.28119 40
      vertex 13.4387 -1.17574 40
      vertex 14.4767 -2.55263 40
    endloop
  endfacet
  facet normal -0 0 1
    outer loop
      vertex 13.4387 -1.17574 40
      vertex 14.6441 -1.28119 40
      vertex 13.4898 -0.00498616 40
    endloop
  endfacet
  facet normal 0 0 1
    outer loop
      vertex 14.6441 1.28119 40
      vertex 13.4387 1.17574 40
      vertex 13.4898 0.00498616 40
    endloop
  endfacet
  facet normal 0 0 1
    outer loop
      vertex 12.6765 4.61387 40
      vertex 13.8135 5.0277 40
      vertex 13.3227 6.21249 40
    endloop
  endfacet
  facet normal 0 0 1
    outer loop
      vertex 14.4767 2.55263 40
      vertex 13.2858 2.33757 40
      vertex 13.4387 1.17574 40
    endloop
  endfacet
  facet normal 0 0 1
    outer loop
      vertex 14.4767 2.55263 40
      vertex 13.2851 2.34252 40
      vertex 13.2858 2.33757 40
    endloop
  endfacet
  facet normal 0 0 1
    outer loop
      vertex 14.1991 3.80464 40
      vertex 13.0315 3.48661 40
      vertex 13.2851 2.34252 40
    endloop
  endfacet
  facet normal 0 0 1
    outer loop
      vertex 14.1991 3.80464 40
      vertex 13.0304 3.49148 40
      vertex 13.0315 3.48661 40
    endloop
  endfacet
  facet normal 0 0 1
    outer loop
      vertex 12.2238 5.70557 40
      vertex 13.3227 6.21249 40
      vertex 12.7306 7.35 40
    endloop
  endfacet
  facet normal 0 0 1
    outer loop
      vertex 13.8135 5.0277 40
      vertex 12.678 4.60911 40
      vertex 13.0304 3.49148 40
    endloop
  endfacet
  facet normal 0 0 1
    outer loop
      vertex 13.8135 5.0277 40
      vertex 12.6765 4.61387 40
      vertex 12.678 4.60911 40
    endloop
  endfacet
  facet normal 0 0 1
    outer loop
      vertex 13.3227 6.21249 40
      vertex 12.228 5.69653 40
      vertex 12.6765 4.61387 40
    endloop
  endfacet
  facet normal 0 0 1
    outer loop
      vertex 13.3227 6.21249 40
      vertex 12.2261 5.70114 40
      vertex 12.228 5.69653 40
    endloop
  endfacet
  facet normal 0 0 1
    outer loop
      vertex 13.3227 6.21249 40
      vertex 12.2238 5.70557 40
      vertex 12.2261 5.70114 40
    endloop
  endfacet
  facet normal 0 0 1
    outer loop
      vertex 11.68 6.74923 40
      vertex 12.7306 7.35 40
      vertex 12.0415 8.43157 40
    endloop
  endfacet
  facet normal 0 0 1
    outer loop
      vertex 12.7306 7.35 40
      vertex 11.6827 6.74503 40
      vertex 12.2238 5.70557 40
    endloop
  endfacet
  facet normal 0 0 1
    outer loop
      vertex 12.7306 7.35 40
      vertex 11.68 6.74923 40
      vertex 11.6827 6.74503 40
    endloop
  endfacet
  facet normal 0 0 1
    outer loop
      vertex 11.0504 7.73757 40
      vertex 12.0415 8.43157 40
      vertex 11.2609 9.44898 40
    endloop
  endfacet
  facet normal 0 0 1
    outer loop
      vertex 12.0415 8.43157 40
      vertex 11.0504 7.73757 40
      vertex 11.68 6.74923 40
    endloop
  endfacet
  facet normal 0 0 1
    outer loop
      vertex 10.334 8.67124 40
      vertex 11.2609 9.44898 40
      vertex 10.3945 10.3945 40
    endloop
  endfacet
  facet normal 0 0 1
    outer loop
      vertex 11.2609 9.44898 40
      vertex 10.337 8.66728 40
      vertex 11.0504 7.73757 40
    endloop
  endfacet
  facet normal 0 0 1
    outer loop
      vertex 11.2609 9.44898 40
      vertex 10.334 8.67124 40
      vertex 10.337 8.66728 40
    endloop
  endfacet
  facet normal 0 0 1
    outer loop
      vertex 10.3945 10.3945 40
      vertex 9.54228 9.53523 40
      vertex 10.334 8.67124 40
    endloop
  endfacet
  facet normal 0 0 1
    outer loop
      vertex 10.3945 10.3945 40
      vertex 9.53891 9.53891 40
      vertex 9.54228 9.53523 40
    endloop
  endfacet
  facet normal 0 0 1
    outer loop
      vertex 10.3945 10.3945 40
      vertex 9.53523 9.54228 40
      vertex 9.53891 9.53891 40
    endloop
  endfacet
  facet normal 0 0 1
    outer loop
      vertex 9.44898 11.2609 40
      vertex 9.53523 9.54228 40
      vertex 10.3945 10.3945 40
    endloop
  endfacet
  facet normal 0 0 1
    outer loop
      vertex 9.44898 11.2609 40
      vertex 8.67124 10.334 40
      vertex 9.53523 9.54228 40
    endloop
  endfacet
  facet normal 0 0 1
    outer loop
      vertex 9.44898 11.2609 40
      vertex 8.66728 10.337 40
      vertex 8.67124 10.334 40
    endloop
  endfacet
  facet normal 0 0 1
    outer loop
      vertex 8.43157 12.0415 40
      vertex 8.66728 10.337 40
      vertex 9.44898 11.2609 40
    endloop
  endfacet
  facet normal 0 0 1
    outer loop
      vertex 8.43157 12.0415 40
      vertex 7.73757 11.0504 40
      vertex 8.66728 10.337 40
    endloop
  endfacet
  facet normal 0 0 1
    outer loop
      vertex 7.35 12.7306 40
      vertex 7.73757 11.0504 40
      vertex 8.43157 12.0415 40
    endloop
  endfacet
  facet normal 0 0 1
    outer loop
      vertex 7.35 12.7306 40
      vertex 6.74923 11.68 40
      vertex 7.73757 11.0504 40
    endloop
  endfacet
  facet normal 0 0 1
    outer loop
      vertex 7.35 12.7306 40
      vertex 6.74503 11.6827 40
      vertex 6.74923 11.68 40
    endloop
  endfacet
  facet normal 0 0 1
    outer loop
      vertex 6.21249 13.3227 40
      vertex 6.74503 11.6827 40
      vertex 7.35 12.7306 40
    endloop
  endfacet
  facet normal 0 0 1
    outer loop
      vertex 6.21249 13.3227 40
      vertex 5.70557 12.2238 40
      vertex 6.74503 11.6827 40
    endloop
  endfacet
  facet normal 0 0 1
    outer loop
      vertex 6.21249 13.3227 40
      vertex 5.70114 12.2261 40
      vertex 5.70557 12.2238 40
    endloop
  endfacet
  facet normal 0 0 1
    outer loop
      vertex 6.21249 13.3227 40
      vertex 5.69653 12.228 40
      vertex 5.70114 12.2261 40
    endloop
  endfacet
  facet normal 0 0 1
    outer loop
      vertex 5.0277 13.8135 40
      vertex 5.69653 12.228 40
      vertex 6.21249 13.3227 40
    endloop
  endfacet
  facet normal 0 0 1
    outer loop
      vertex 5.0277 13.8135 40
      vertex 4.61387 12.6765 40
      vertex 5.69653 12.228 40
    endloop
  endfacet
  facet normal 0 0 1
    outer loop
      vertex 5.0277 13.8135 40
      vertex 4.60911 12.678 40
      vertex 4.61387 12.6765 40
    endloop
  endfacet
  facet normal 0 0 1
    outer loop
      vertex 3.80464 14.1991 40
      vertex 4.60911 12.678 40
      vertex 5.0277 13.8135 40
    endloop
  endfacet
  facet normal 0 0 1
    outer loop
      vertex 3.80464 14.1991 40
      vertex 3.49148 13.0304 40
      vertex 4.60911 12.678 40
    endloop
  endfacet
  facet normal 0 0 1
    outer loop
      vertex 3.80464 14.1991 40
      vertex 3.48661 13.0315 40
      vertex 3.49148 13.0304 40
    endloop
  endfacet
  facet normal 0 0 1
    outer loop
      vertex 3 13.1393 40
      vertex 3.80464 14.1991 40
      vertex 3 14.3775 40
    endloop
  endfacet
  facet normal 0 0 1
    outer loop
      vertex 3.80464 14.1991 40
      vertex 3 13.1393 40
      vertex 3.48661 13.0315 40
    endloop
  endfacet
  facet normal -0 0 1
    outer loop
      vertex 13.2858 -2.33757 40
      vertex 14.4767 -2.55263 40
      vertex 13.4387 -1.17574 40
    endloop
  endfacet
  facet normal -0 0 1
    outer loop
      vertex 13.2851 -2.34252 40
      vertex 14.4767 -2.55263 40
      vertex 13.2858 -2.33757 40
    endloop
  endfacet
  facet normal 0 0 1
    outer loop
      vertex 14.4767 -2.55263 40
      vertex 13.2851 -2.34252 40
      vertex 14.1991 -3.80464 40
    endloop
  endfacet
  facet normal -0 0 1
    outer loop
      vertex 13.0315 -3.48661 40
      vertex 14.1991 -3.80464 40
      vertex 13.2851 -2.34252 40
    endloop
  endfacet
  facet normal -0 0 1
    outer loop
      vertex 13.0304 -3.49148 40
      vertex 14.1991 -3.80464 40
      vertex 13.0315 -3.48661 40
    endloop
  endfacet
  facet normal 0 0 1
    outer loop
      vertex 14.1991 -3.80464 40
      vertex 13.0304 -3.49148 40
      vertex 13.8135 -5.0277 40
    endloop
  endfacet
  facet normal -0 0 1
    outer loop
      vertex 12.678 -4.60911 40
      vertex 13.8135 -5.0277 40
      vertex 13.0304 -3.49148 40
    endloop
  endfacet
  facet normal -0 0 1
    outer loop
      vertex 12.6765 -4.61387 40
      vertex 13.8135 -5.0277 40
      vertex 12.678 -4.60911 40
    endloop
  endfacet
  facet normal 0 0 1
    outer loop
      vertex 13.8135 -5.0277 40
      vertex 12.6765 -4.61387 40
      vertex 13.3227 -6.21249 40
    endloop
  endfacet
  facet normal -0 0 1
    outer loop
      vertex 12.228 -5.69653 40
      vertex 13.3227 -6.21249 40
      vertex 12.6765 -4.61387 40
    endloop
  endfacet
  facet normal -0 0 1
    outer loop
      vertex 12.2261 -5.70114 40
      vertex 13.3227 -6.21249 40
      vertex 12.228 -5.69653 40
    endloop
  endfacet
  facet normal -0 0 1
    outer loop
      vertex 12.2238 -5.70557 40
      vertex 13.3227 -6.21249 40
      vertex 12.2261 -5.70114 40
    endloop
  endfacet
  facet normal 0 0 1
    outer loop
      vertex 13.3227 -6.21249 40
      vertex 12.2238 -5.70557 40
      vertex 12.7306 -7.35 40
    endloop
  endfacet
  facet normal -0 0 1
    outer loop
      vertex 11.6827 -6.74503 40
      vertex 12.7306 -7.35 40
      vertex 12.2238 -5.70557 40
    endloop
  endfacet
  facet normal -0 0 1
    outer loop
      vertex 11.68 -6.74923 40
      vertex 12.7306 -7.35 40
      vertex 11.6827 -6.74503 40
    endloop
  endfacet
  facet normal 0 0 1
    outer loop
      vertex 12.7306 -7.35 40
      vertex 11.68 -6.74923 40
      vertex 12.0415 -8.43157 40
    endloop
  endfacet
  facet normal -0 0 1
    outer loop
      vertex 11.0504 -7.73757 40
      vertex 12.0415 -8.43157 40
      vertex 11.68 -6.74923 40
    endloop
  endfacet
  facet normal 0 0 1
    outer loop
      vertex 12.0415 -8.43157 40
      vertex 11.0504 -7.73757 40
      vertex 11.2609 -9.44898 40
    endloop
  endfacet
  facet normal -0 0 1
    outer loop
      vertex 10.337 -8.66728 40
      vertex 11.2609 -9.44898 40
      vertex 11.0504 -7.73757 40
    endloop
  endfacet
  facet normal -0 0 1
    outer loop
      vertex 10.334 -8.67124 40
      vertex 11.2609 -9.44898 40
      vertex 10.337 -8.66728 40
    endloop
  endfacet
  facet normal 0 0 1
    outer loop
      vertex 11.2609 -9.44898 40
      vertex 10.334 -8.67124 40
      vertex 10.3945 -10.3945 40
    endloop
  endfacet
  facet normal -0 0 1
    outer loop
      vertex 9.54228 -9.53523 40
      vertex 10.3945 -10.3945 40
      vertex 10.334 -8.67124 40
    endloop
  endfacet
  facet normal -0 0 1
    outer loop
      vertex 9.53891 -9.53891 40
      vertex 10.3945 -10.3945 40
      vertex 9.54228 -9.53523 40
    endloop
  endfacet
  facet normal -0 0 1
    outer loop
      vertex 9.53523 -9.54228 40
      vertex 10.3945 -10.3945 40
      vertex 9.53891 -9.53891 40
    endloop
  endfacet
  facet normal 0 0 1
    outer loop
      vertex 9.53523 -9.54228 40
      vertex 9.44898 -11.2609 40
      vertex 10.3945 -10.3945 40
    endloop
  endfacet
  facet normal -0 0 1
    outer loop
      vertex 8.67124 -10.334 40
      vertex 9.44898 -11.2609 40
      vertex 9.53523 -9.54228 40
    endloop
  endfacet
  facet normal -0 0 1
    outer loop
      vertex 8.66728 -10.337 40
      vertex 9.44898 -11.2609 40
      vertex 8.67124 -10.334 40
    endloop
  endfacet
  facet normal 0 0 1
    outer loop
      vertex 8.66728 -10.337 40
      vertex 8.43157 -12.0415 40
      vertex 9.44898 -11.2609 40
    endloop
  endfacet
  facet normal -0 0 1
    outer loop
      vertex 7.73757 -11.0504 40
      vertex 8.43157 -12.0415 40
      vertex 8.66728 -10.337 40
    endloop
  endfacet
  facet normal 0 0 1
    outer loop
      vertex 7.73757 -11.0504 40
      vertex 7.35 -12.7306 40
      vertex 8.43157 -12.0415 40
    endloop
  endfacet
  facet normal -0 0 1
    outer loop
      vertex 6.74923 -11.68 40
      vertex 7.35 -12.7306 40
      vertex 7.73757 -11.0504 40
    endloop
  endfacet
  facet normal -0 0 1
    outer loop
      vertex 6.74503 -11.6827 40
      vertex 7.35 -12.7306 40
      vertex 6.74923 -11.68 40
    endloop
  endfacet
  facet normal 0 0 1
    outer loop
      vertex 6.74503 -11.6827 40
      vertex 6.21249 -13.3227 40
      vertex 7.35 -12.7306 40
    endloop
  endfacet
  facet normal -0 0 1
    outer loop
      vertex 5.70557 -12.2238 40
      vertex 6.21249 -13.3227 40
      vertex 6.74503 -11.6827 40
    endloop
  endfacet
  facet normal -0 0 1
    outer loop
      vertex 5.70114 -12.2261 40
      vertex 6.21249 -13.3227 40
      vertex 5.70557 -12.2238 40
    endloop
  endfacet
  facet normal -0 0 1
    outer loop
      vertex 5.69653 -12.228 40
      vertex 6.21249 -13.3227 40
      vertex 5.70114 -12.2261 40
    endloop
  endfacet
  facet normal 0 0 1
    outer loop
      vertex 5.69653 -12.228 40
      vertex 5.0277 -13.8135 40
      vertex 6.21249 -13.3227 40
    endloop
  endfacet
  facet normal -0 0 1
    outer loop
      vertex 4.61387 -12.6765 40
      vertex 5.0277 -13.8135 40
      vertex 5.69653 -12.228 40
    endloop
  endfacet
  facet normal -0 0 1
    outer loop
      vertex 4.60911 -12.678 40
      vertex 5.0277 -13.8135 40
      vertex 4.61387 -12.6765 40
    endloop
  endfacet
  facet normal 0 0 1
    outer loop
      vertex 4.60911 -12.678 40
      vertex 3.80464 -14.1991 40
      vertex 5.0277 -13.8135 40
    endloop
  endfacet
  facet normal -0 0 1
    outer loop
      vertex 3.49148 -13.0304 40
      vertex 3.80464 -14.1991 40
      vertex 4.60911 -12.678 40
    endloop
  endfacet
  facet normal -0 0 1
    outer loop
      vertex 3.48661 -13.0315 40
      vertex 3.80464 -14.1991 40
      vertex 3.49148 -13.0304 40
    endloop
  endfacet
  facet normal -0 0 1
    outer loop
      vertex 3 -13.1393 40
      vertex 3.80464 -14.1991 40
      vertex 3.48661 -13.0315 40
    endloop
  endfacet
  facet normal 0 0 1
    outer loop
      vertex 3.80464 -14.1991 40
      vertex 3 -13.1393 40
      vertex 3 -14.3775 40
    endloop
  endfacet
  facet normal -0 0 1
    outer loop
      vertex -3.80464 14.1991 40
      vertex -3 13.1393 40
      vertex -3 14.3775 40
    endloop
  endfacet
  facet normal 0 0 1
    outer loop
      vertex -3 13.1393 40
      vertex -3.80464 14.1991 40
      vertex -3.48661 13.0315 40
    endloop
  endfacet
  facet normal 0 0 1
    outer loop
      vertex -3.48661 13.0315 40
      vertex -3.80464 14.1991 40
      vertex -3.49148 13.0304 40
    endloop
  endfacet
  facet normal 0 0 1
    outer loop
      vertex -3.80464 14.1991 40
      vertex -4.60911 12.678 40
      vertex -3.49148 13.0304 40
    endloop
  endfacet
  facet normal -0 0 1
    outer loop
      vertex -5.0277 13.8135 40
      vertex -4.60911 12.678 40
      vertex -3.80464 14.1991 40
    endloop
  endfacet
  facet normal 0 0 1
    outer loop
      vertex -4.60911 12.678 40
      vertex -5.0277 13.8135 40
      vertex -4.61387 12.6765 40
    endloop
  endfacet
  facet normal 0 0 1
    outer loop
      vertex -5.0277 13.8135 40
      vertex -5.69653 12.228 40
      vertex -4.61387 12.6765 40
    endloop
  endfacet
  facet normal -0 0 1
    outer loop
      vertex -6.21249 13.3227 40
      vertex -5.69653 12.228 40
      vertex -5.0277 13.8135 40
    endloop
  endfacet
  facet normal 0 0 1
    outer loop
      vertex -5.69653 12.228 40
      vertex -6.21249 13.3227 40
      vertex -5.70114 12.2261 40
    endloop
  endfacet
  facet normal 0 0 1
    outer loop
      vertex -5.70114 12.2261 40
      vertex -6.21249 13.3227 40
      vertex -5.70557 12.2238 40
    endloop
  endfacet
  facet normal 0 0 1
    outer loop
      vertex -6.21249 13.3227 40
      vertex -6.74503 11.6827 40
      vertex -5.70557 12.2238 40
    endloop
  endfacet
  facet normal -0 0 1
    outer loop
      vertex -7.35 12.7306 40
      vertex -6.74503 11.6827 40
      vertex -6.21249 13.3227 40
    endloop
  endfacet
  facet normal 0 0 1
    outer loop
      vertex -6.74503 11.6827 40
      vertex -7.35 12.7306 40
      vertex -6.74923 11.68 40
    endloop
  endfacet
  facet normal 0 0 1
    outer loop
      vertex -7.35 12.7306 40
      vertex -7.73757 11.0504 40
      vertex -6.74923 11.68 40
    endloop
  endfacet
  facet normal -0 0 1
    outer loop
      vertex -8.43157 12.0415 40
      vertex -7.73757 11.0504 40
      vertex -7.35 12.7306 40
    endloop
  endfacet
  facet normal 0 0 1
    outer loop
      vertex -8.43157 12.0415 40
      vertex -8.66728 10.337 40
      vertex -7.73757 11.0504 40
    endloop
  endfacet
  facet normal -0 0 1
    outer loop
      vertex -9.44898 11.2609 40
      vertex -8.66728 10.337 40
      vertex -8.43157 12.0415 40
    endloop
  endfacet
  facet normal 0 0 1
    outer loop
      vertex -8.66728 10.337 40
      vertex -9.44898 11.2609 40
      vertex -8.67124 10.334 40
    endloop
  endfacet
  facet normal 0 0 1
    outer loop
      vertex -9.44898 11.2609 40
      vertex -9.53523 9.54228 40
      vertex -8.67124 10.334 40
    endloop
  endfacet
  facet normal -0 0 1
    outer loop
      vertex -10.3945 10.3945 40
      vertex -9.53523 9.54228 40
      vertex -9.44898 11.2609 40
    endloop
  endfacet
  facet normal 0 0 1
    outer loop
      vertex -9.53523 9.54228 40
      vertex -10.3945 10.3945 40
      vertex -9.53891 9.53891 40
    endloop
  endfacet
  facet normal 0 0 1
    outer loop
      vertex -9.53891 9.53891 40
      vertex -10.3945 10.3945 40
      vertex -9.54228 9.53523 40
    endloop
  endfacet
  facet normal 0 0 1
    outer loop
      vertex -9.54228 9.53523 40
      vertex -10.3945 10.3945 40
      vertex -10.334 8.67124 40
    endloop
  endfacet
  facet normal -0 0 1
    outer loop
      vertex -11.2609 9.44898 40
      vertex -10.334 8.67124 40
      vertex -10.3945 10.3945 40
    endloop
  endfacet
  facet normal 0 0 1
    outer loop
      vertex -10.334 8.67124 40
      vertex -11.2609 9.44898 40
      vertex -10.337 8.66728 40
    endloop
  endfacet
  facet normal 0 0 1
    outer loop
      vertex -10.337 8.66728 40
      vertex -11.2609 9.44898 40
      vertex -11.0504 7.73757 40
    endloop
  endfacet
  facet normal -0 0 1
    outer loop
      vertex -12.0415 8.43157 40
      vertex -11.0504 7.73757 40
      vertex -11.2609 9.44898 40
    endloop
  endfacet
  facet normal 0 0 1
    outer loop
      vertex -11.0504 7.73757 40
      vertex -12.0415 8.43157 40
      vertex -11.68 6.74923 40
    endloop
  endfacet
  facet normal -0 0 1
    outer loop
      vertex -12.7306 7.35 40
      vertex -11.68 6.74923 40
      vertex -12.0415 8.43157 40
    endloop
  endfacet
  facet normal 0 0 1
    outer loop
      vertex -11.68 6.74923 40
      vertex -12.7306 7.35 40
      vertex -11.6827 6.74503 40
    endloop
  endfacet
  facet normal 0 0 1
    outer loop
      vertex -11.6827 6.74503 40
      vertex -12.7306 7.35 40
      vertex -12.2238 5.70557 40
    endloop
  endfacet
  facet normal -0 0 1
    outer loop
      vertex -13.3227 6.21249 40
      vertex -12.2238 5.70557 40
      vertex -12.7306 7.35 40
    endloop
  endfacet
  facet normal 0 0 1
    outer loop
      vertex -12.2238 5.70557 40
      vertex -13.3227 6.21249 40
      vertex -12.2261 5.70114 40
    endloop
  endfacet
  facet normal 0 0 1
    outer loop
      vertex -12.2261 5.70114 40
      vertex -13.3227 6.21249 40
      vertex -12.228 5.69653 40
    endloop
  endfacet
  facet normal 0 0 1
    outer loop
      vertex -12.228 5.69653 40
      vertex -13.3227 6.21249 40
      vertex -12.6765 4.61387 40
    endloop
  endfacet
  facet normal -0 0 1
    outer loop
      vertex -13.8135 5.0277 40
      vertex -12.6765 4.61387 40
      vertex -13.3227 6.21249 40
    endloop
  endfacet
  facet normal 0 0 1
    outer loop
      vertex -12.6765 4.61387 40
      vertex -13.8135 5.0277 40
      vertex -12.678 4.60911 40
    endloop
  endfacet
  facet normal 0 0 1
    outer loop
      vertex -12.678 4.60911 40
      vertex -13.8135 5.0277 40
      vertex -13.0304 3.49148 40
    endloop
  endfacet
  facet normal -0 0 1
    outer loop
      vertex -14.1991 3.80464 40
      vertex -13.0304 3.49148 40
      vertex -13.8135 5.0277 40
    endloop
  endfacet
  facet normal 0 0 1
    outer loop
      vertex -13.0304 3.49148 40
      vertex -14.1991 3.80464 40
      vertex -13.0315 3.48661 40
    endloop
  endfacet
  facet normal 0 0 1
    outer loop
      vertex -13.0315 3.48661 40
      vertex -14.1991 3.80464 40
      vertex -13.2851 2.34252 40
    endloop
  endfacet
  facet normal -0 0 1
    outer loop
      vertex -14.4767 2.55263 40
      vertex -13.2851 2.34252 40
      vertex -14.1991 3.80464 40
    endloop
  endfacet
  facet normal 0 0 1
    outer loop
      vertex -13.2851 2.34252 40
      vertex -14.4767 2.55263 40
      vertex -13.2858 2.33757 40
    endloop
  endfacet
  facet normal 0 0 1
    outer loop
      vertex -13.2858 2.33757 40
      vertex -14.4767 2.55263 40
      vertex -13.4387 1.17574 40
    endloop
  endfacet
  facet normal 0 0 1
    outer loop
      vertex -3.80464 -14.1991 40
      vertex -3 -13.1393 40
      vertex -3.48661 -13.0315 40
    endloop
  endfacet
  facet normal 0 0 1
    outer loop
      vertex -3.80464 -14.1991 40
      vertex -3.48661 -13.0315 40
      vertex -3.49148 -13.0304 40
    endloop
  endfacet
  facet normal 0 0 1
    outer loop
      vertex -3 -13.1393 40
      vertex -3.80464 -14.1991 40
      vertex -3 -14.3775 40
    endloop
  endfacet
  facet normal 0 0 1
    outer loop
      vertex -4.60911 -12.678 40
      vertex -3.80464 -14.1991 40
      vertex -3.49148 -13.0304 40
    endloop
  endfacet
  facet normal 0 0 1
    outer loop
      vertex -5.0277 -13.8135 40
      vertex -4.60911 -12.678 40
      vertex -4.61387 -12.6765 40
    endloop
  endfacet
  facet normal 0 0 1
    outer loop
      vertex -4.60911 -12.678 40
      vertex -5.0277 -13.8135 40
      vertex -3.80464 -14.1991 40
    endloop
  endfacet
  facet normal 0 0 1
    outer loop
      vertex -5.69653 -12.228 40
      vertex -5.0277 -13.8135 40
      vertex -4.61387 -12.6765 40
    endloop
  endfacet
  facet normal 0 0 1
    outer loop
      vertex -6.21249 -13.3227 40
      vertex -5.69653 -12.228 40
      vertex -5.70114 -12.2261 40
    endloop
  endfacet
  facet normal 0 0 1
    outer loop
      vertex -6.21249 -13.3227 40
      vertex -5.70114 -12.2261 40
      vertex -5.70557 -12.2238 40
    endloop
  endfacet
  facet normal 0 0 1
    outer loop
      vertex -5.69653 -12.228 40
      vertex -6.21249 -13.3227 40
      vertex -5.0277 -13.8135 40
    endloop
  endfacet
  facet normal 0 0 1
    outer loop
      vertex -6.74503 -11.6827 40
      vertex -6.21249 -13.3227 40
      vertex -5.70557 -12.2238 40
    endloop
  endfacet
  facet normal 0 0 1
    outer loop
      vertex -7.35 -12.7306 40
      vertex -6.74503 -11.6827 40
      vertex -6.74923 -11.68 40
    endloop
  endfacet
  facet normal 0 0 1
    outer loop
      vertex -6.74503 -11.6827 40
      vertex -7.35 -12.7306 40
      vertex -6.21249 -13.3227 40
    endloop
  endfacet
  facet normal 0 0 1
    outer loop
      vertex -7.73757 -11.0504 40
      vertex -7.35 -12.7306 40
      vertex -6.74923 -11.68 40
    endloop
  endfacet
  facet normal 0 0 1
    outer loop
      vertex -7.73757 -11.0504 40
      vertex -8.43157 -12.0415 40
      vertex -7.35 -12.7306 40
    endloop
  endfacet
  facet normal 0 0 1
    outer loop
      vertex -8.66728 -10.337 40
      vertex -8.43157 -12.0415 40
      vertex -7.73757 -11.0504 40
    endloop
  endfacet
  facet normal 0 0 1
    outer loop
      vertex -9.44898 -11.2609 40
      vertex -8.66728 -10.337 40
      vertex -8.67124 -10.334 40
    endloop
  endfacet
  facet normal 0 0 1
    outer loop
      vertex -8.66728 -10.337 40
      vertex -9.44898 -11.2609 40
      vertex -8.43157 -12.0415 40
    endloop
  endfacet
  facet normal 0 0 1
    outer loop
      vertex -9.53523 -9.54228 40
      vertex -9.44898 -11.2609 40
      vertex -8.67124 -10.334 40
    endloop
  endfacet
  facet normal 0 0 1
    outer loop
      vertex -10.3945 -10.3945 40
      vertex -9.53523 -9.54228 40
      vertex -9.53891 -9.53891 40
    endloop
  endfacet
  facet normal 0 0 1
    outer loop
      vertex -10.3945 -10.3945 40
      vertex -9.53891 -9.53891 40
      vertex -9.54228 -9.53523 40
    endloop
  endfacet
  facet normal 0 0 1
    outer loop
      vertex -10.3945 -10.3945 40
      vertex -9.54228 -9.53523 40
      vertex -10.334 -8.67124 40
    endloop
  endfacet
  facet normal 0 0 1
    outer loop
      vertex -11.2609 -9.44898 40
      vertex -10.334 -8.67124 40
      vertex -10.337 -8.66728 40
    endloop
  endfacet
  facet normal 0 0 1
    outer loop
      vertex -9.53523 -9.54228 40
      vertex -10.3945 -10.3945 40
      vertex -9.44898 -11.2609 40
    endloop
  endfacet
  facet normal 0 0 1
    outer loop
      vertex -11.2609 -9.44898 40
      vertex -10.337 -8.66728 40
      vertex -11.0504 -7.73757 40
    endloop
  endfacet
  facet normal 0 0 1
    outer loop
      vertex -10.334 -8.67124 40
      vertex -11.2609 -9.44898 40
      vertex -10.3945 -10.3945 40
    endloop
  endfacet
  facet normal 0 0 1
    outer loop
      vertex -12.0415 -8.43157 40
      vertex -11.0504 -7.73757 40
      vertex -11.68 -6.74923 40
    endloop
  endfacet
  facet normal 0 0 1
    outer loop
      vertex -12.7306 -7.35 40
      vertex -11.68 -6.74923 40
      vertex -11.6827 -6.74503 40
    endloop
  endfacet
  facet normal 0 0 1
    outer loop
      vertex -11.0504 -7.73757 40
      vertex -12.0415 -8.43157 40
      vertex -11.2609 -9.44898 40
    endloop
  endfacet
  facet normal 0 0 1
    outer loop
      vertex -12.7306 -7.35 40
      vertex -11.6827 -6.74503 40
      vertex -12.2238 -5.70557 40
    endloop
  endfacet
  facet normal 0 0 1
    outer loop
      vertex -13.3227 -6.21249 40
      vertex -12.2238 -5.70557 40
      vertex -12.2261 -5.70114 40
    endloop
  endfacet
  facet normal 0 0 1
    outer loop
      vertex -13.3227 -6.21249 40
      vertex -12.2261 -5.70114 40
      vertex -12.228 -5.69653 40
    endloop
  endfacet
  facet normal 0 0 1
    outer loop
      vertex -13.3227 -6.21249 40
      vertex -12.228 -5.69653 40
      vertex -12.6765 -4.61387 40
    endloop
  endfacet
  facet normal 0 0 1
    outer loop
      vertex -13.8135 -5.0277 40
      vertex -12.6765 -4.61387 40
      vertex -12.678 -4.60911 40
    endloop
  endfacet
  facet normal 0 0 1
    outer loop
      vertex -11.68 -6.74923 40
      vertex -12.7306 -7.35 40
      vertex -12.0415 -8.43157 40
    endloop
  endfacet
  facet normal 0 0 1
    outer loop
      vertex -13.8135 -5.0277 40
      vertex -12.678 -4.60911 40
      vertex -13.0304 -3.49148 40
    endloop
  endfacet
  facet normal 0 0 1
    outer loop
      vertex -14.1991 -3.80464 40
      vertex -13.0304 -3.49148 40
      vertex -13.0315 -3.48661 40
    endloop
  endfacet
  facet normal 0 0 1
    outer loop
      vertex -14.1991 -3.80464 40
      vertex -13.0315 -3.48661 40
      vertex -13.2851 -2.34252 40
    endloop
  endfacet
  facet normal 0 0 1
    outer loop
      vertex -14.4767 -2.55263 40
      vertex -13.2851 -2.34252 40
      vertex -13.2858 -2.33757 40
    endloop
  endfacet
  facet normal 0 0 1
    outer loop
      vertex -12.2238 -5.70557 40
      vertex -13.3227 -6.21249 40
      vertex -12.7306 -7.35 40
    endloop
  endfacet
  facet normal 0 0 1
    outer loop
      vertex -14.4767 -2.55263 40
      vertex -13.2858 -2.33757 40
      vertex -13.4387 -1.17574 40
    endloop
  endfacet
  facet normal 0 0 1
    outer loop
      vertex -14.6441 -1.28119 40
      vertex -13.4387 -1.17574 40
      vertex -13.4898 -0.00498616 40
    endloop
  endfacet
  facet normal -0 0 1
    outer loop
      vertex -14.7 0 40
      vertex -13.4898 -0.00498616 40
      vertex -13.4901 0 40
    endloop
  endfacet
  facet normal -0 0 1
    outer loop
      vertex -14.6441 1.28119 40
      vertex -13.4387 1.17574 40
      vertex -14.4767 2.55263 40
    endloop
  endfacet
  facet normal 0 0 1
    outer loop
      vertex -12.6765 -4.61387 40
      vertex -13.8135 -5.0277 40
      vertex -13.3227 -6.21249 40
    endloop
  endfacet
  facet normal 0 0 1
    outer loop
      vertex -13.4387 1.17574 40
      vertex -14.6441 1.28119 40
      vertex -13.4898 0.00498616 40
    endloop
  endfacet
  facet normal 0 0 1
    outer loop
      vertex -13.0304 -3.49148 40
      vertex -14.1991 -3.80464 40
      vertex -13.8135 -5.0277 40
    endloop
  endfacet
  facet normal 0 0 1
    outer loop
      vertex -14.7 0 40
      vertex -13.4898 0.00498616 40
      vertex -14.6441 1.28119 40
    endloop
  endfacet
  facet normal 0 0 1
    outer loop
      vertex -13.2851 -2.34252 40
      vertex -14.4767 -2.55263 40
      vertex -14.1991 -3.80464 40
    endloop
  endfacet
  facet normal 0 0 1
    outer loop
      vertex -13.4898 0.00498616 40
      vertex -14.7 0 40
      vertex -13.4901 0 40
    endloop
  endfacet
  facet normal 0 0 1
    outer loop
      vertex -13.4387 -1.17574 40
      vertex -14.6441 -1.28119 40
      vertex -14.4767 -2.55263 40
    endloop
  endfacet
  facet normal 0 0 1
    outer loop
      vertex -13.4898 -0.00498616 40
      vertex -14.7 0 40
      vertex -14.6441 -1.28119 40
    endloop
  endfacet
  facet normal -0.97629 -0.216466 0
    outer loop
      vertex -14.1991 -3.80464 0
      vertex -14.4767 -2.55263 8.98333
      vertex -14.4767 -2.55263 0
    endloop
  endfacet
  facet normal -0.976235 -0.216715 3.64187e-05
    outer loop
      vertex -14.4767 -2.55263 8.98333
      vertex -14.1991 -3.80464 0
      vertex -14.4697 -2.58415 9.05944
    endloop
  endfacet
  facet normal -0.976285 -0.216488 4.23835e-06
    outer loop
      vertex -14.4697 -2.58415 9.05944
      vertex -14.1991 -3.80464 0
      vertex -14.4537 -2.6563 9.28825
    endloop
  endfacet
  facet normal -0.976321 -0.216326 -1.67943e-05
    outer loop
      vertex -14.4537 -2.6563 9.28825
      vertex -14.1991 -3.80464 0
      vertex -14.4422 -2.70822 9.52247
    endloop
  endfacet
  facet normal -0.976094 -0.217347 0.000106593
    outer loop
      vertex -14.4422 -2.70822 9.52247
      vertex -14.1991 -3.80464 0
      vertex -14.4352 -2.73954 9.76032
    endloop
  endfacet
  facet normal -0.976406 -0.215942 -5.43043e-05
    outer loop
      vertex -14.4352 -2.73954 9.76032
      vertex -14.1991 -3.80464 0
      vertex -14.4329 -2.75 10
    endloop
  endfacet
  facet normal -0.976223 -0.216768 -1.36617e-05
    outer loop
      vertex -14.1991 -3.80464 40
      vertex -14.4767 -2.55263 11.0167
      vertex -14.4697 -2.58415 10.9406
    endloop
  endfacet
  facet normal -0.976284 -0.216496 -1.6642e-06
    outer loop
      vertex -14.1991 -3.80464 40
      vertex -14.4697 -2.58415 10.9406
      vertex -14.4537 -2.6563 10.7118
    endloop
  endfacet
  facet normal -0.976331 -0.216284 7.04931e-06
    outer loop
      vertex -14.1991 -3.80464 40
      vertex -14.4537 -2.6563 10.7118
      vertex -14.4422 -2.70822 10.4775
    endloop
  endfacet
  facet normal -0.976004 -0.217755 -5.02652e-05
    outer loop
      vertex -14.1991 -3.80464 40
      vertex -14.4422 -2.70822 10.4775
      vertex -14.4352 -2.73954 10.2397
    endloop
  endfacet
  facet normal -0.976035 -0.217615 0.000130904
    outer loop
      vertex -14.1991 -3.80464 0
      vertex -14.4352 -2.73954 10.2397
      vertex -14.4329 -2.75 10
    endloop
  endfacet
  facet normal -0.976301 -0.216416 0
    outer loop
      vertex -14.4352 -2.73954 10.2397
      vertex -14.1991 -3.80464 0
      vertex -14.1991 -3.80464 40
    endloop
  endfacet
  facet normal -0.97629 -0.216466 0
    outer loop
      vertex -14.4767 -2.55263 11.0167
      vertex -14.1991 -3.80464 40
      vertex -14.4767 -2.55263 40
    endloop
  endfacet
  facet normal -0.887027 0.461718 0
    outer loop
      vertex -13.3227 6.21249 0
      vertex -12.7306 7.35 40
      vertex -12.7306 7.35 0
    endloop
  endfacet
  facet normal -0.887027 0.461718 0
    outer loop
      vertex -12.7306 7.35 40
      vertex -13.3227 6.21249 0
      vertex -13.3227 6.21249 40
    endloop
  endfacet
  facet normal -0.887027 -0.461718 0
    outer loop
      vertex -12.7306 -7.35 0
      vertex -13.3227 -6.21249 40
      vertex -13.3227 -6.21249 0
    endloop
  endfacet
  facet normal -0.887027 -0.461718 0
    outer loop
      vertex -13.3227 -6.21249 40
      vertex -12.7306 -7.35 0
      vertex -12.7306 -7.35 40
    endloop
  endfacet
  facet normal -0.843369 -0.537335 0
    outer loop
      vertex -12.0415 -8.43157 0
      vertex -12.7306 -7.35 40
      vertex -12.7306 -7.35 0
    endloop
  endfacet
  facet normal -0.843369 -0.537335 0
    outer loop
      vertex -12.7306 -7.35 40
      vertex -12.0415 -8.43157 0
      vertex -12.0415 -8.43157 40
    endloop
  endfacet
  facet normal -0.991521 0.129944 0
    outer loop
      vertex -14.4767 2.55263 0
      vertex -14.4846 2.49235 8.8378
      vertex -14.4767 2.55263 8.98333
    endloop
  endfacet
  facet normal -0.991428 0.130654 4.92376e-06
    outer loop
      vertex -14.4767 2.55263 0
      vertex -14.4992 2.38157 8.625
      vertex -14.4846 2.49235 8.8378
    endloop
  endfacet
  facet normal -0.991416 0.130743 6.71971e-06
    outer loop
      vertex -14.4767 2.55263 0
      vertex -14.5162 2.25267 8.42266
      vertex -14.4992 2.38157 8.625
    endloop
  endfacet
  facet normal -0.991468 0.13035 -7.50444e-06
    outer loop
      vertex -14.4767 2.55263 0
      vertex -14.5354 2.10662 8.23233
      vertex -14.5162 2.25267 8.42266
    endloop
  endfacet
  facet normal -0.991474 0.130307 -9.88049e-06
    outer loop
      vertex -14.4767 2.55263 0
      vertex -14.5567 1.94454 8.05546
      vertex -14.5354 2.10662 8.23233
    endloop
  endfacet
  facet normal -0.991436 0.130596 1.22988e-05
    outer loop
      vertex -14.4767 2.55263 0
      vertex -14.58 1.76767 7.89338
      vertex -14.5567 1.94454 8.05546
    endloop
  endfacet
  facet normal -0.991419 0.130719 2.47532e-05
    outer loop
      vertex -14.4767 2.55263 0
      vertex -14.6051 1.57733 7.74733
      vertex -14.58 1.76767 7.89338
    endloop
  endfacet
  facet normal -0.991467 0.13036 -2.11921e-05
    outer loop
      vertex -14.4767 2.55263 0
      vertex -14.6317 1.375 7.61843
      vertex -14.6051 1.57733 7.74733
    endloop
  endfacet
  facet normal -0.991444 0.130535 0
    outer loop
      vertex -14.6441 1.28119 7.5696
      vertex -14.4767 2.55263 0
      vertex -14.6441 1.28119 0
    endloop
  endfacet
  facet normal -0.991382 0.131001 7.96789e-05
    outer loop
      vertex -14.4767 2.55263 0
      vertex -14.6441 1.28119 7.5696
      vertex -14.6317 1.375 7.61843
    endloop
  endfacet
  facet normal -0.991521 0.129944 0
    outer loop
      vertex -14.4846 2.49235 11.1622
      vertex -14.4767 2.55263 40
      vertex -14.4767 2.55263 11.0167
    endloop
  endfacet
  facet normal -0.991427 0.13066 -1.52262e-06
    outer loop
      vertex -14.4992 2.38157 11.375
      vertex -14.4767 2.55263 40
      vertex -14.4846 2.49235 11.1622
    endloop
  endfacet
  facet normal -0.991415 0.13075 -2.06835e-06
    outer loop
      vertex -14.5162 2.25267 11.5773
      vertex -14.4767 2.55263 40
      vertex -14.4992 2.38157 11.375
    endloop
  endfacet
  facet normal -0.991469 0.130343 2.29546e-06
    outer loop
      vertex -14.5354 2.10662 11.7677
      vertex -14.4767 2.55263 40
      vertex -14.5162 2.25267 11.5773
    endloop
  endfacet
  facet normal -0.991475 0.130299 2.99972e-06
    outer loop
      vertex -14.5567 1.94454 11.9445
      vertex -14.4767 2.55263 40
      vertex -14.5354 2.10662 11.7677
    endloop
  endfacet
  facet normal -0.991435 0.130603 -3.70205e-06
    outer loop
      vertex -14.58 1.76767 12.1066
      vertex -14.4767 2.55263 40
      vertex -14.5567 1.94454 11.9445
    endloop
  endfacet
  facet normal -0.991418 0.130732 -7.37982e-06
    outer loop
      vertex -14.6051 1.57733 12.2527
      vertex -14.4767 2.55263 40
      vertex -14.58 1.76767 12.1066
    endloop
  endfacet
  facet normal -0.991468 0.130351 6.25162e-06
    outer loop
      vertex -14.6317 1.375 12.3816
      vertex -14.4767 2.55263 40
      vertex -14.6051 1.57733 12.2527
    endloop
  endfacet
  facet normal -0.991378 0.13103 -2.32322e-05
    outer loop
      vertex -14.6441 1.28119 12.4304
      vertex -14.4767 2.55263 40
      vertex -14.6317 1.375 12.3816
    endloop
  endfacet
  facet normal -0.991444 0.130535 0
    outer loop
      vertex -14.4767 2.55263 40
      vertex -14.6441 1.28119 12.4304
      vertex -14.6441 1.28119 40
    endloop
  endfacet
  facet normal 0 0 -1
    outer loop
      vertex -2.97642 11.1081 0
      vertex -3.80464 14.1991 0
      vertex -3 14.3775 0
    endloop
  endfacet
  facet normal 0 0 -1
    outer loop
      vertex -3.93323 10.8065 0
      vertex -3.80464 14.1991 0
      vertex -2.97642 11.1081 0
    endloop
  endfacet
  facet normal 0 0 -1
    outer loop
      vertex -5.0277 13.8135 0
      vertex -3.93323 10.8065 0
      vertex -4.86011 10.4225 0
    endloop
  endfacet
  facet normal 0 0 -1
    outer loop
      vertex -3.93323 10.8065 0
      vertex -5.0277 13.8135 0
      vertex -3.80464 14.1991 0
    endloop
  endfacet
  facet normal 0 0 -1
    outer loop
      vertex -6.21249 13.3227 0
      vertex -4.86011 10.4225 0
      vertex -5.75 9.95929 0
    endloop
  endfacet
  facet normal 0 0 -1
    outer loop
      vertex -4.86011 10.4225 0
      vertex -6.21249 13.3227 0
      vertex -5.0277 13.8135 0
    endloop
  endfacet
  facet normal 0 0 -1
    outer loop
      vertex -7.35 12.7306 0
      vertex -5.75 9.95929 0
      vertex -6.59613 9.42025 0
    endloop
  endfacet
  facet normal 0 0 -1
    outer loop
      vertex -5.75 9.95929 0
      vertex -7.35 12.7306 0
      vertex -6.21249 13.3227 0
    endloop
  endfacet
  facet normal 0 0 -1
    outer loop
      vertex -8.43157 12.0415 0
      vertex -6.59613 9.42025 0
      vertex -7.39206 8.80951 0
    endloop
  endfacet
  facet normal 0 0 -1
    outer loop
      vertex -9.44898 11.2609 0
      vertex -7.39206 8.80951 0
      vertex -8.13173 8.13173 0
    endloop
  endfacet
  facet normal 0 0 -1
    outer loop
      vertex -6.59613 9.42025 0
      vertex -8.43157 12.0415 0
      vertex -7.35 12.7306 0
    endloop
  endfacet
  facet normal 0 0 -1
    outer loop
      vertex -10.3945 10.3945 0
      vertex -8.13173 8.13173 0
      vertex -8.80951 7.39206 0
    endloop
  endfacet
  facet normal 0 0 -1
    outer loop
      vertex -11.2609 9.44898 0
      vertex -8.80951 7.39206 0
      vertex -9.42025 6.59613 0
    endloop
  endfacet
  facet normal 0 0 -1
    outer loop
      vertex -7.39206 8.80951 0
      vertex -9.44898 11.2609 0
      vertex -8.43157 12.0415 0
    endloop
  endfacet
  facet normal 0 0 -1
    outer loop
      vertex -12.0415 8.43157 0
      vertex -9.42025 6.59613 0
      vertex -9.95929 5.75 0
    endloop
  endfacet
  facet normal 0 0 -1
    outer loop
      vertex -8.13173 8.13173 0
      vertex -10.3945 10.3945 0
      vertex -9.44898 11.2609 0
    endloop
  endfacet
  facet normal 0 0 -1
    outer loop
      vertex -12.7306 7.35 0
      vertex -9.95929 5.75 0
      vertex -10.4225 4.86011 0
    endloop
  endfacet
  facet normal 0 0 -1
    outer loop
      vertex -13.3227 6.21249 0
      vertex -10.4225 4.86011 0
      vertex -10.8065 3.93323 0
    endloop
  endfacet
  facet normal 0 0 -1
    outer loop
      vertex -13.8135 5.0277 0
      vertex -10.8065 3.93323 0
      vertex -11.1081 2.97642 0
    endloop
  endfacet
  facet normal 0 0 -1
    outer loop
      vertex -8.80951 7.39206 0
      vertex -11.2609 9.44898 0
      vertex -10.3945 10.3945 0
    endloop
  endfacet
  facet normal 0 0 -1
    outer loop
      vertex -14.1991 3.80464 0
      vertex -11.1081 2.97642 0
      vertex -11.3253 1.99695 0
    endloop
  endfacet
  facet normal 0 0 -1
    outer loop
      vertex -14.4767 2.55263 0
      vertex -11.3253 1.99695 0
      vertex -11.4562 1.00229 0
    endloop
  endfacet
  facet normal 0 0 -1
    outer loop
      vertex -14.6441 1.28119 0
      vertex -11.4562 1.00229 0
      vertex -11.5 0 0
    endloop
  endfacet
  facet normal 0 0 -1
    outer loop
      vertex -14.1991 -3.80464 0
      vertex -11.1081 -2.97642 0
      vertex -13.8135 -5.0277 0
    endloop
  endfacet
  facet normal 0 0 -1
    outer loop
      vertex -9.42025 6.59613 0
      vertex -12.0415 8.43157 0
      vertex -11.2609 9.44898 0
    endloop
  endfacet
  facet normal -0 0 -1
    outer loop
      vertex -11.1081 -2.97642 0
      vertex -14.1991 -3.80464 0
      vertex -11.3253 -1.99695 0
    endloop
  endfacet
  facet normal 0 0 -1
    outer loop
      vertex -9.95929 5.75 0
      vertex -12.7306 7.35 0
      vertex -12.0415 8.43157 0
    endloop
  endfacet
  facet normal 0 0 -1
    outer loop
      vertex -14.4767 -2.55263 0
      vertex -11.3253 -1.99695 0
      vertex -14.1991 -3.80464 0
    endloop
  endfacet
  facet normal 0 0 -1
    outer loop
      vertex -10.4225 4.86011 0
      vertex -13.3227 6.21249 0
      vertex -12.7306 7.35 0
    endloop
  endfacet
  facet normal -0 0 -1
    outer loop
      vertex -11.3253 -1.99695 0
      vertex -14.4767 -2.55263 0
      vertex -11.4562 -1.00229 0
    endloop
  endfacet
  facet normal 0 0 -1
    outer loop
      vertex -10.8065 3.93323 0
      vertex -13.8135 5.0277 0
      vertex -13.3227 6.21249 0
    endloop
  endfacet
  facet normal 0 0 -1
    outer loop
      vertex -14.6441 -1.28119 0
      vertex -11.4562 -1.00229 0
      vertex -14.4767 -2.55263 0
    endloop
  endfacet
  facet normal 0 0 -1
    outer loop
      vertex -11.1081 2.97642 0
      vertex -14.1991 3.80464 0
      vertex -13.8135 5.0277 0
    endloop
  endfacet
  facet normal -0 0 -1
    outer loop
      vertex -11.4562 -1.00229 0
      vertex -14.6441 -1.28119 0
      vertex -11.5 0 0
    endloop
  endfacet
  facet normal 0 0 -1
    outer loop
      vertex -11.3253 1.99695 0
      vertex -14.4767 2.55263 0
      vertex -14.1991 3.80464 0
    endloop
  endfacet
  facet normal 0 0 -1
    outer loop
      vertex -14.7 0 0
      vertex -11.5 0 0
      vertex -14.6441 -1.28119 0
    endloop
  endfacet
  facet normal 0 0 -1
    outer loop
      vertex -11.4562 1.00229 0
      vertex -14.6441 1.28119 0
      vertex -14.4767 2.55263 0
    endloop
  endfacet
  facet normal 0 0 -1
    outer loop
      vertex -11.5 0 0
      vertex -14.7 0 0
      vertex -14.6441 1.28119 0
    endloop
  endfacet
  facet normal 0 0 -1
    outer loop
      vertex -3 -14.3775 0
      vertex 3 -14.3775 0
      vertex 3 -14.7 0
    endloop
  endfacet
  facet normal 0 0 -1
    outer loop
      vertex 3 -14.3775 0
      vertex 1.99695 -11.3253 0
      vertex 2.97642 -11.1081 0
    endloop
  endfacet
  facet normal 0 0 -1
    outer loop
      vertex 3 -14.3775 0
      vertex 1.00229 -11.4562 0
      vertex 1.99695 -11.3253 0
    endloop
  endfacet
  facet normal 0 0 -1
    outer loop
      vertex 3 -14.3775 0
      vertex 0 -11.5 0
      vertex 1.00229 -11.4562 0
    endloop
  endfacet
  facet normal 0 0 -1
    outer loop
      vertex 3 -14.3775 0
      vertex -3 -14.3775 0
      vertex 0 -11.5 0
    endloop
  endfacet
  facet normal -0 0 -1
    outer loop
      vertex 0 -11.5 0
      vertex -3 -14.3775 0
      vertex -1.00229 -11.4562 0
    endloop
  endfacet
  facet normal -0 0 -1
    outer loop
      vertex -1.00229 -11.4562 0
      vertex -3 -14.3775 0
      vertex -1.99695 -11.3253 0
    endloop
  endfacet
  facet normal 0 0 -1
    outer loop
      vertex -3 -14.3775 0
      vertex 3 -14.7 0
      vertex -3 -14.7 0
    endloop
  endfacet
  facet normal -0 0 -1
    outer loop
      vertex -1.99695 -11.3253 0
      vertex -3 -14.3775 0
      vertex -2.97642 -11.1081 0
    endloop
  endfacet
  facet normal 0 0 -1
    outer loop
      vertex -3.80464 -14.1991 0
      vertex -2.97642 -11.1081 0
      vertex -3 -14.3775 0
    endloop
  endfacet
  facet normal 0 0 -1
    outer loop
      vertex -3.80464 -14.1991 0
      vertex -3.93323 -10.8065 0
      vertex -2.97642 -11.1081 0
    endloop
  endfacet
  facet normal 0 0 -1
    outer loop
      vertex -5.0277 -13.8135 0
      vertex -3.93323 -10.8065 0
      vertex -3.80464 -14.1991 0
    endloop
  endfacet
  facet normal -0 0 -1
    outer loop
      vertex -3.93323 -10.8065 0
      vertex -5.0277 -13.8135 0
      vertex -4.86011 -10.4225 0
    endloop
  endfacet
  facet normal 0 0 -1
    outer loop
      vertex -6.21249 -13.3227 0
      vertex -4.86011 -10.4225 0
      vertex -5.0277 -13.8135 0
    endloop
  endfacet
  facet normal -0 0 -1
    outer loop
      vertex -4.86011 -10.4225 0
      vertex -6.21249 -13.3227 0
      vertex -5.75 -9.95929 0
    endloop
  endfacet
  facet normal 0 0 -1
    outer loop
      vertex -7.35 -12.7306 0
      vertex -5.75 -9.95929 0
      vertex -6.21249 -13.3227 0
    endloop
  endfacet
  facet normal -0 0 -1
    outer loop
      vertex -5.75 -9.95929 0
      vertex -7.35 -12.7306 0
      vertex -6.59613 -9.42025 0
    endloop
  endfacet
  facet normal 0 0 -1
    outer loop
      vertex -8.43157 -12.0415 0
      vertex -6.59613 -9.42025 0
      vertex -7.35 -12.7306 0
    endloop
  endfacet
  facet normal -0 0 -1
    outer loop
      vertex -6.59613 -9.42025 0
      vertex -8.43157 -12.0415 0
      vertex -7.39206 -8.80951 0
    endloop
  endfacet
  facet normal 0 0 -1
    outer loop
      vertex -9.44898 -11.2609 0
      vertex -7.39206 -8.80951 0
      vertex -8.43157 -12.0415 0
    endloop
  endfacet
  facet normal -0 0 -1
    outer loop
      vertex -7.39206 -8.80951 0
      vertex -9.44898 -11.2609 0
      vertex -8.13173 -8.13173 0
    endloop
  endfacet
  facet normal 0 0 -1
    outer loop
      vertex -10.3945 -10.3945 0
      vertex -8.13173 -8.13173 0
      vertex -9.44898 -11.2609 0
    endloop
  endfacet
  facet normal -0 0 -1
    outer loop
      vertex -8.13173 -8.13173 0
      vertex -10.3945 -10.3945 0
      vertex -8.80951 -7.39206 0
    endloop
  endfacet
  facet normal 0 0 -1
    outer loop
      vertex -11.2609 -9.44898 0
      vertex -8.80951 -7.39206 0
      vertex -10.3945 -10.3945 0
    endloop
  endfacet
  facet normal -0 0 -1
    outer loop
      vertex -8.80951 -7.39206 0
      vertex -11.2609 -9.44898 0
      vertex -9.42025 -6.59613 0
    endloop
  endfacet
  facet normal 0 0 -1
    outer loop
      vertex -12.0415 -8.43157 0
      vertex -9.42025 -6.59613 0
      vertex -11.2609 -9.44898 0
    endloop
  endfacet
  facet normal -0 0 -1
    outer loop
      vertex -9.42025 -6.59613 0
      vertex -12.0415 -8.43157 0
      vertex -9.95929 -5.75 0
    endloop
  endfacet
  facet normal 0 0 -1
    outer loop
      vertex -12.7306 -7.35 0
      vertex -9.95929 -5.75 0
      vertex -12.0415 -8.43157 0
    endloop
  endfacet
  facet normal -0 0 -1
    outer loop
      vertex -9.95929 -5.75 0
      vertex -12.7306 -7.35 0
      vertex -10.4225 -4.86011 0
    endloop
  endfacet
  facet normal 0 0 -1
    outer loop
      vertex -13.3227 -6.21249 0
      vertex -10.4225 -4.86011 0
      vertex -12.7306 -7.35 0
    endloop
  endfacet
  facet normal -0 0 -1
    outer loop
      vertex -10.4225 -4.86011 0
      vertex -13.3227 -6.21249 0
      vertex -10.8065 -3.93323 0
    endloop
  endfacet
  facet normal 0 0 -1
    outer loop
      vertex -13.8135 -5.0277 0
      vertex -10.8065 -3.93323 0
      vertex -13.3227 -6.21249 0
    endloop
  endfacet
  facet normal -0 0 -1
    outer loop
      vertex -10.8065 -3.93323 0
      vertex -13.8135 -5.0277 0
      vertex -11.1081 -2.97642 0
    endloop
  endfacet
  facet normal 0 0 -1
    outer loop
      vertex 11.5 0 0
      vertex 14.7 0 0
      vertex 14.6441 -1.28119 0
    endloop
  endfacet
  facet normal 0 0 -1
    outer loop
      vertex 11.4562 -1.00229 0
      vertex 14.6441 -1.28119 0
      vertex 14.4767 -2.55263 0
    endloop
  endfacet
  facet normal 0 0 -1
    outer loop
      vertex 14.7 0 0
      vertex 11.5 0 0
      vertex 14.6441 1.28119 0
    endloop
  endfacet
  facet normal 0 0 -1
    outer loop
      vertex 11.3253 -1.99695 0
      vertex 14.4767 -2.55263 0
      vertex 14.1991 -3.80464 0
    endloop
  endfacet
  facet normal 0 0 -1
    outer loop
      vertex 11.4562 1.00229 0
      vertex 14.6441 1.28119 0
      vertex 11.5 0 0
    endloop
  endfacet
  facet normal 0 0 -1
    outer loop
      vertex 11.1081 -2.97642 0
      vertex 14.1991 -3.80464 0
      vertex 13.8135 -5.0277 0
    endloop
  endfacet
  facet normal -0 0 -1
    outer loop
      vertex 14.6441 1.28119 0
      vertex 11.4562 1.00229 0
      vertex 14.4767 2.55263 0
    endloop
  endfacet
  facet normal 0 0 -1
    outer loop
      vertex 10.8065 -3.93323 0
      vertex 13.8135 -5.0277 0
      vertex 13.3227 -6.21249 0
    endloop
  endfacet
  facet normal 0 0 -1
    outer loop
      vertex 11.3253 1.99695 0
      vertex 14.4767 2.55263 0
      vertex 11.4562 1.00229 0
    endloop
  endfacet
  facet normal 0 0 -1
    outer loop
      vertex 10.4225 -4.86011 0
      vertex 13.3227 -6.21249 0
      vertex 12.7306 -7.35 0
    endloop
  endfacet
  facet normal -0 0 -1
    outer loop
      vertex 14.4767 2.55263 0
      vertex 11.3253 1.99695 0
      vertex 14.1991 3.80464 0
    endloop
  endfacet
  facet normal 0 0 -1
    outer loop
      vertex 9.95929 -5.75 0
      vertex 12.7306 -7.35 0
      vertex 12.0415 -8.43157 0
    endloop
  endfacet
  facet normal 0 0 -1
    outer loop
      vertex 11.1081 2.97642 0
      vertex 14.1991 3.80464 0
      vertex 11.3253 1.99695 0
    endloop
  endfacet
  facet normal -0 0 -1
    outer loop
      vertex 14.1991 3.80464 0
      vertex 11.1081 2.97642 0
      vertex 13.8135 5.0277 0
    endloop
  endfacet
  facet normal 0 0 -1
    outer loop
      vertex 14.6441 -1.28119 0
      vertex 11.4562 -1.00229 0
      vertex 11.5 0 0
    endloop
  endfacet
  facet normal 0 0 -1
    outer loop
      vertex 14.4767 -2.55263 0
      vertex 11.3253 -1.99695 0
      vertex 11.4562 -1.00229 0
    endloop
  endfacet
  facet normal 0 0 -1
    outer loop
      vertex 9.42025 -6.59613 0
      vertex 12.0415 -8.43157 0
      vertex 11.2609 -9.44898 0
    endloop
  endfacet
  facet normal 0 0 -1
    outer loop
      vertex 14.1991 -3.80464 0
      vertex 11.1081 -2.97642 0
      vertex 11.3253 -1.99695 0
    endloop
  endfacet
  facet normal 0 0 -1
    outer loop
      vertex 13.8135 -5.0277 0
      vertex 10.8065 -3.93323 0
      vertex 11.1081 -2.97642 0
    endloop
  endfacet
  facet normal 0 0 -1
    outer loop
      vertex 13.3227 -6.21249 0
      vertex 10.4225 -4.86011 0
      vertex 10.8065 -3.93323 0
    endloop
  endfacet
  facet normal 0 0 -1
    outer loop
      vertex 8.80951 -7.39206 0
      vertex 11.2609 -9.44898 0
      vertex 10.3945 -10.3945 0
    endloop
  endfacet
  facet normal 0 0 -1
    outer loop
      vertex 12.7306 -7.35 0
      vertex 9.95929 -5.75 0
      vertex 10.4225 -4.86011 0
    endloop
  endfacet
  facet normal 0 0 -1
    outer loop
      vertex 8.13173 -8.13173 0
      vertex 10.3945 -10.3945 0
      vertex 9.44898 -11.2609 0
    endloop
  endfacet
  facet normal 0 0 -1
    outer loop
      vertex 12.0415 -8.43157 0
      vertex 9.42025 -6.59613 0
      vertex 9.95929 -5.75 0
    endloop
  endfacet
  facet normal 0 0 -1
    outer loop
      vertex 11.2609 -9.44898 0
      vertex 8.80951 -7.39206 0
      vertex 9.42025 -6.59613 0
    endloop
  endfacet
  facet normal 0 0 -1
    outer loop
      vertex 7.39206 -8.80951 0
      vertex 9.44898 -11.2609 0
      vertex 8.43157 -12.0415 0
    endloop
  endfacet
  facet normal 0 0 -1
    outer loop
      vertex 10.3945 -10.3945 0
      vertex 8.13173 -8.13173 0
      vertex 8.80951 -7.39206 0
    endloop
  endfacet
  facet normal 0 0 -1
    outer loop
      vertex 9.44898 -11.2609 0
      vertex 7.39206 -8.80951 0
      vertex 8.13173 -8.13173 0
    endloop
  endfacet
  facet normal 0 0 -1
    outer loop
      vertex 6.59613 -9.42025 0
      vertex 8.43157 -12.0415 0
      vertex 7.35 -12.7306 0
    endloop
  endfacet
  facet normal 0 0 -1
    outer loop
      vertex 8.43157 -12.0415 0
      vertex 6.59613 -9.42025 0
      vertex 7.39206 -8.80951 0
    endloop
  endfacet
  facet normal 0 0 -1
    outer loop
      vertex 5.75 -9.95929 0
      vertex 7.35 -12.7306 0
      vertex 6.21249 -13.3227 0
    endloop
  endfacet
  facet normal 0 0 -1
    outer loop
      vertex 7.35 -12.7306 0
      vertex 5.75 -9.95929 0
      vertex 6.59613 -9.42025 0
    endloop
  endfacet
  facet normal 0 0 -1
    outer loop
      vertex 4.86011 -10.4225 0
      vertex 6.21249 -13.3227 0
      vertex 5.0277 -13.8135 0
    endloop
  endfacet
  facet normal 0 0 -1
    outer loop
      vertex 6.21249 -13.3227 0
      vertex 4.86011 -10.4225 0
      vertex 5.75 -9.95929 0
    endloop
  endfacet
  facet normal 0 0 -1
    outer loop
      vertex 5.0277 -13.8135 0
      vertex 3.93323 -10.8065 0
      vertex 4.86011 -10.4225 0
    endloop
  endfacet
  facet normal 0 0 -1
    outer loop
      vertex 3.80464 -14.1991 0
      vertex 3.93323 -10.8065 0
      vertex 5.0277 -13.8135 0
    endloop
  endfacet
  facet normal 0 0 -1
    outer loop
      vertex 2.97642 -11.1081 0
      vertex 3.80464 -14.1991 0
      vertex 3 -14.3775 0
    endloop
  endfacet
  facet normal 0 0 -1
    outer loop
      vertex 3.80464 -14.1991 0
      vertex 2.97642 -11.1081 0
      vertex 3.93323 -10.8065 0
    endloop
  endfacet
  facet normal 0 0 -1
    outer loop
      vertex 10.8065 3.93323 0
      vertex 13.8135 5.0277 0
      vertex 11.1081 2.97642 0
    endloop
  endfacet
  facet normal -0 0 -1
    outer loop
      vertex 13.8135 5.0277 0
      vertex 10.8065 3.93323 0
      vertex 13.3227 6.21249 0
    endloop
  endfacet
  facet normal 0 0 -1
    outer loop
      vertex 10.4225 4.86011 0
      vertex 13.3227 6.21249 0
      vertex 10.8065 3.93323 0
    endloop
  endfacet
  facet normal -0 0 -1
    outer loop
      vertex 13.3227 6.21249 0
      vertex 10.4225 4.86011 0
      vertex 12.7306 7.35 0
    endloop
  endfacet
  facet normal 0 0 -1
    outer loop
      vertex 9.95929 5.75 0
      vertex 12.7306 7.35 0
      vertex 10.4225 4.86011 0
    endloop
  endfacet
  facet normal -0 0 -1
    outer loop
      vertex 12.7306 7.35 0
      vertex 9.95929 5.75 0
      vertex 12.0415 8.43157 0
    endloop
  endfacet
  facet normal 0 0 -1
    outer loop
      vertex 9.42025 6.59613 0
      vertex 12.0415 8.43157 0
      vertex 9.95929 5.75 0
    endloop
  endfacet
  facet normal -0 0 -1
    outer loop
      vertex 12.0415 8.43157 0
      vertex 9.42025 6.59613 0
      vertex 11.2609 9.44898 0
    endloop
  endfacet
  facet normal 0 0 -1
    outer loop
      vertex 8.80951 7.39206 0
      vertex 11.2609 9.44898 0
      vertex 9.42025 6.59613 0
    endloop
  endfacet
  facet normal -0 0 -1
    outer loop
      vertex 11.2609 9.44898 0
      vertex 8.80951 7.39206 0
      vertex 10.3945 10.3945 0
    endloop
  endfacet
  facet normal 0 0 -1
    outer loop
      vertex 8.13173 8.13173 0
      vertex 10.3945 10.3945 0
      vertex 8.80951 7.39206 0
    endloop
  endfacet
  facet normal -0 0 -1
    outer loop
      vertex 10.3945 10.3945 0
      vertex 8.13173 8.13173 0
      vertex 9.44898 11.2609 0
    endloop
  endfacet
  facet normal 0 0 -1
    outer loop
      vertex 7.39206 8.80951 0
      vertex 9.44898 11.2609 0
      vertex 8.13173 8.13173 0
    endloop
  endfacet
  facet normal -0 0 -1
    outer loop
      vertex 9.44898 11.2609 0
      vertex 7.39206 8.80951 0
      vertex 8.43157 12.0415 0
    endloop
  endfacet
  facet normal 0 0 -1
    outer loop
      vertex 6.59613 9.42025 0
      vertex 8.43157 12.0415 0
      vertex 7.39206 8.80951 0
    endloop
  endfacet
  facet normal -0 0 -1
    outer loop
      vertex 8.43157 12.0415 0
      vertex 6.59613 9.42025 0
      vertex 7.35 12.7306 0
    endloop
  endfacet
  facet normal 0 0 -1
    outer loop
      vertex 5.75 9.95929 0
      vertex 7.35 12.7306 0
      vertex 6.59613 9.42025 0
    endloop
  endfacet
  facet normal -0 0 -1
    outer loop
      vertex 7.35 12.7306 0
      vertex 5.75 9.95929 0
      vertex 6.21249 13.3227 0
    endloop
  endfacet
  facet normal 0 0 -1
    outer loop
      vertex 4.86011 10.4225 0
      vertex 6.21249 13.3227 0
      vertex 5.75 9.95929 0
    endloop
  endfacet
  facet normal -0 0 -1
    outer loop
      vertex 6.21249 13.3227 0
      vertex 4.86011 10.4225 0
      vertex 5.0277 13.8135 0
    endloop
  endfacet
  facet normal 0 0 -1
    outer loop
      vertex 3.93323 10.8065 0
      vertex 5.0277 13.8135 0
      vertex 4.86011 10.4225 0
    endloop
  endfacet
  facet normal 0 0 -1
    outer loop
      vertex 3.93323 10.8065 0
      vertex 3.80464 14.1991 0
      vertex 5.0277 13.8135 0
    endloop
  endfacet
  facet normal 0 0 -1
    outer loop
      vertex 2.97642 11.1081 0
      vertex 3.80464 14.1991 0
      vertex 3.93323 10.8065 0
    endloop
  endfacet
  facet normal -0 0 -1
    outer loop
      vertex 3.80464 14.1991 0
      vertex 2.97642 11.1081 0
      vertex 3 14.3775 0
    endloop
  endfacet
  facet normal 0 0 -1
    outer loop
      vertex 1.99695 11.3253 0
      vertex 3 14.3775 0
      vertex 2.97642 11.1081 0
    endloop
  endfacet
  facet normal 0 0 -1
    outer loop
      vertex 1.00229 11.4562 0
      vertex 3 14.3775 0
      vertex 1.99695 11.3253 0
    endloop
  endfacet
  facet normal 0 0 -1
    outer loop
      vertex 0 11.5 0
      vertex 3 14.3775 0
      vertex 1.00229 11.4562 0
    endloop
  endfacet
  facet normal -0 0 -1
    outer loop
      vertex 3 14.3775 0
      vertex 0 11.5 0
      vertex -3 14.3775 0
    endloop
  endfacet
  facet normal 0 0 -1
    outer loop
      vertex -3 14.3775 0
      vertex 0 11.5 0
      vertex -1.00229 11.4562 0
    endloop
  endfacet
  facet normal 0 0 -1
    outer loop
      vertex -3 14.3775 0
      vertex -1.00229 11.4562 0
      vertex -1.99695 11.3253 0
    endloop
  endfacet
  facet normal 0 0 -1
    outer loop
      vertex -3 14.3775 0
      vertex -1.99695 11.3253 0
      vertex -2.97642 11.1081 0
    endloop
  endfacet
  facet normal 0 0 -1
    outer loop
      vertex 3 14.3775 0
      vertex -3 14.3775 0
      vertex 3 83 0
    endloop
  endfacet
  facet normal -0 0 -1
    outer loop
      vertex 3 83 0
      vertex -3 14.3775 0
      vertex -3 83 0
    endloop
  endfacet
  facet normal 0.300685 0.953724 -0
    outer loop
      vertex 5.0277 13.8135 0
      vertex 3.80464 14.1991 40
      vertex 5.0277 13.8135 40
    endloop
  endfacet
  facet normal 0.300685 0.953724 0
    outer loop
      vertex 3.80464 14.1991 40
      vertex 5.0277 13.8135 0
      vertex 3.80464 14.1991 0
    endloop
  endfacet
  facet normal -0.461718 -0.887027 0
    outer loop
      vertex -7.35 -12.7306 0
      vertex -6.21249 -13.3227 40
      vertex -7.35 -12.7306 40
    endloop
  endfacet
  facet normal -0.461718 -0.887027 -0
    outer loop
      vertex -6.21249 -13.3227 40
      vertex -7.35 -12.7306 0
      vertex -6.21249 -13.3227 0
    endloop
  endfacet
  facet normal -0.991445 -0.130528 0
    outer loop
      vertex 11.3253 1.99695 0
      vertex 11.3322 1.94454 8.05546
      vertex 11.3253 1.99695 8.11265
    endloop
  endfacet
  facet normal -0.991434 -0.130606 -5.18799e-07
    outer loop
      vertex 11.3253 1.99695 0
      vertex 11.3555 1.76767 7.89338
      vertex 11.3322 1.94454 8.05546
    endloop
  endfacet
  facet normal -0.991483 -0.130233 1.05015e-05
    outer loop
      vertex 11.3253 1.99695 0
      vertex 11.3805 1.57733 7.74733
      vertex 11.3555 1.76767 7.89338
    endloop
  endfacet
  facet normal -0.991407 -0.130815 -2.15436e-05
    outer loop
      vertex 11.3253 1.99695 0
      vertex 11.4072 1.375 7.61843
      vertex 11.3805 1.57733 7.74733
    endloop
  endfacet
  facet normal -0.991454 -0.130459 8.04848e-06
    outer loop
      vertex 11.3253 1.99695 0
      vertex 11.4352 1.1622 7.50765
      vertex 11.4072 1.375 7.61843
    endloop
  endfacet
  facet normal -0.991451 -0.130478 -0
    outer loop
      vertex 11.4562 1.00229 7.44142
      vertex 11.3253 1.99695 0
      vertex 11.4562 1.00229 0
    endloop
  endfacet
  facet normal -0.991485 -0.13022 3.50216e-05
    outer loop
      vertex 11.3253 1.99695 0
      vertex 11.4562 1.00229 7.44142
      vertex 11.4352 1.1622 7.50765
    endloop
  endfacet
  facet normal -0.991445 -0.130528 0
    outer loop
      vertex 11.3322 1.94454 11.9445
      vertex 11.3253 1.99695 38
      vertex 11.3253 1.99695 11.8873
    endloop
  endfacet
  facet normal -0.991434 -0.130607 1.61054e-07
    outer loop
      vertex 11.3555 1.76767 12.1066
      vertex 11.3253 1.99695 38
      vertex 11.3322 1.94454 11.9445
    endloop
  endfacet
  facet normal -0.991484 -0.130228 -3.25057e-06
    outer loop
      vertex 11.3805 1.57733 12.2527
      vertex 11.3253 1.99695 38
      vertex 11.3555 1.76767 12.1066
    endloop
  endfacet
  facet normal -0.991406 -0.130824 6.6372e-06
    outer loop
      vertex 11.4072 1.375 12.3816
      vertex 11.3253 1.99695 38
      vertex 11.3805 1.57733 12.2527
    endloop
  endfacet
  facet normal -0.991454 -0.130456 -2.46407e-06
    outer loop
      vertex 11.4352 1.1622 12.4923
      vertex 11.3253 1.99695 38
      vertex 11.4072 1.375 12.3816
    endloop
  endfacet
  facet normal -0.991486 -0.13021 -1.06382e-05
    outer loop
      vertex 11.4562 1.00229 12.5586
      vertex 11.3253 1.99695 38
      vertex 11.4352 1.1622 12.4923
    endloop
  endfacet
  facet normal -0.991451 -0.130478 0
    outer loop
      vertex 11.3253 1.99695 38
      vertex 11.4562 1.00229 12.5586
      vertex 11.4562 1.00229 38
    endloop
  endfacet
  facet normal -0.999045 -0.0436936 0
    outer loop
      vertex 11.4562 1.00229 0
      vertex 11.4589 0.940555 7.41584
      vertex 11.4562 1.00229 7.44142
    endloop
  endfacet
  facet normal -0.999046 -0.0436641 2.4553e-07
    outer loop
      vertex 11.4562 1.00229 0
      vertex 11.4689 0.711752 7.3437
      vertex 11.4589 0.940555 7.41584
    endloop
  endfacet
  facet normal -0.999035 -0.043931 -1.03336e-05
    outer loop
      vertex 11.4562 1.00229 0
      vertex 11.4792 0.477532 7.29178
      vertex 11.4689 0.711752 7.3437
    endloop
  endfacet
  facet normal -0.999063 -0.0432681 3.74659e-05
    outer loop
      vertex 11.4562 1.00229 0
      vertex 11.4895 0.239677 7.26046
      vertex 11.4792 0.477532 7.29178
    endloop
  endfacet
  facet normal -0.999047 -0.0436583 -3.59587e-06
    outer loop
      vertex 11.5 0 0
      vertex 11.4895 0.239677 7.26046
      vertex 11.4562 1.00229 0
    endloop
  endfacet
  facet normal -0.999042 -0.043767 0
    outer loop
      vertex 11.4895 0.239677 7.26046
      vertex 11.5 0 0
      vertex 11.5 0 7.25
    endloop
  endfacet
  facet normal -0.999045 -0.0436936 0
    outer loop
      vertex 11.4589 0.940555 12.5842
      vertex 11.4562 1.00229 38
      vertex 11.4562 1.00229 12.5586
    endloop
  endfacet
  facet normal -0.999046 -0.0436641 -7.17741e-08
    outer loop
      vertex 11.4689 0.711752 12.6563
      vertex 11.4562 1.00229 38
      vertex 11.4589 0.940555 12.5842
    endloop
  endfacet
  facet normal -0.999034 -0.0439326 3.01291e-06
    outer loop
      vertex 11.4792 0.477532 12.7082
      vertex 11.4562 1.00229 38
      vertex 11.4689 0.711752 12.6563
    endloop
  endfacet
  facet normal -0.999064 -0.0432646 -1.08743e-05
    outer loop
      vertex 11.4895 0.239677 12.7395
      vertex 11.4562 1.00229 38
      vertex 11.4792 0.477532 12.7082
    endloop
  endfacet
  facet normal -0.999042 -0.0437668 4.31635e-06
    outer loop
      vertex 11.5 0 12.75
      vertex 11.4562 1.00229 38
      vertex 11.4895 0.239677 12.7395
    endloop
  endfacet
  facet normal -0.999047 -0.0436583 0
    outer loop
      vertex 11.4562 1.00229 38
      vertex 11.5 0 12.75
      vertex 11.5 0 38
    endloop
  endfacet
  facet normal -0.976292 -0.216456 0
    outer loop
      vertex 11.1081 2.97642 0
      vertex 11.1583 2.75 10
      vertex 11.1081 2.97642 38
    endloop
  endfacet
  facet normal -0.975232 -0.221186 -0.000112435
    outer loop
      vertex 11.1081 2.97642 0
      vertex 11.1607 2.73954 9.76032
      vertex 11.1583 2.75 10
    endloop
  endfacet
  facet normal -0.976526 -0.2154 3.49573e-05
    outer loop
      vertex 11.1081 2.97642 0
      vertex 11.1676 2.70822 9.52247
      vertex 11.1607 2.73954 9.76032
    endloop
  endfacet
  facet normal -0.976329 -0.216291 8.65552e-06
    outer loop
      vertex 11.1081 2.97642 0
      vertex 11.1791 2.6563 9.28825
      vertex 11.1676 2.70822 9.52247
    endloop
  endfacet
  facet normal -0.976282 -0.216504 9.58692e-07
    outer loop
      vertex 11.1081 2.97642 0
      vertex 11.1951 2.58415 9.05944
      vertex 11.1791 2.6563 9.28825
    endloop
  endfacet
  facet normal -0.976196 -0.216892 -1.66929e-05
    outer loop
      vertex 11.1081 2.97642 0
      vertex 11.2155 2.49235 8.8378
      vertex 11.1951 2.58415 9.05944
    endloop
  endfacet
  facet normal -0.976392 -0.216004 3.43405e-05
    outer loop
      vertex 11.1081 2.97642 0
      vertex 11.24 2.38157 8.625
      vertex 11.2155 2.49235 8.8378
    endloop
  endfacet
  facet normal -0.976261 -0.216597 -8.55727e-06
    outer loop
      vertex 11.1081 2.97642 0
      vertex 11.2686 2.25267 8.42266
      vertex 11.24 2.38157 8.625
    endloop
  endfacet
  facet normal -0.976267 -0.216569 -6.04867e-06
    outer loop
      vertex 11.1081 2.97642 0
      vertex 11.301 2.10662 8.23233
      vertex 11.2686 2.25267 8.42266
    endloop
  endfacet
  facet normal -0.976284 -0.216494 -0
    outer loop
      vertex 11.3253 1.99695 8.11265
      vertex 11.1081 2.97642 0
      vertex 11.3253 1.99695 0
    endloop
  endfacet
  facet normal -0.976317 -0.216347 1.8619e-05
    outer loop
      vertex 11.1081 2.97642 0
      vertex 11.3253 1.99695 8.11265
      vertex 11.301 2.10662 8.23233
    endloop
  endfacet
  facet normal -0.974929 -0.222514 5.14379e-05
    outer loop
      vertex 11.1607 2.73954 10.2397
      vertex 11.1081 2.97642 38
      vertex 11.1583 2.75 10
    endloop
  endfacet
  facet normal -0.97656 -0.215246 -1.36708e-05
    outer loop
      vertex 11.1676 2.70822 10.4775
      vertex 11.1081 2.97642 38
      vertex 11.1607 2.73954 10.2397
    endloop
  endfacet
  facet normal -0.976334 -0.216267 -3.23305e-06
    outer loop
      vertex 11.1791 2.6563 10.7118
      vertex 11.1081 2.97642 38
      vertex 11.1676 2.70822 10.4775
    endloop
  endfacet
  facet normal -0.976282 -0.216502 -3.48999e-07
    outer loop
      vertex 11.1951 2.58415 10.9406
      vertex 11.1081 2.97642 38
      vertex 11.1791 2.6563 10.7118
    endloop
  endfacet
  facet normal -0.97619 -0.216917 5.96426e-06
    outer loop
      vertex 11.2155 2.49235 11.1622
      vertex 11.1081 2.97642 38
      vertex 11.1951 2.58415 10.9406
    endloop
  endfacet
  facet normal -0.976401 -0.215963 -1.20799e-05
    outer loop
      vertex 11.24 2.38157 11.375
      vertex 11.1081 2.97642 38
      vertex 11.2155 2.49235 11.1622
    endloop
  endfacet
  facet normal -0.976259 -0.216605 2.9681e-06
    outer loop
      vertex 11.2686 2.25267 11.5773
      vertex 11.1081 2.97642 38
      vertex 11.24 2.38157 11.375
    endloop
  endfacet
  facet normal -0.976266 -0.216574 2.0701e-06
    outer loop
      vertex 11.301 2.10662 11.7677
      vertex 11.1081 2.97642 38
      vertex 11.2686 2.25267 11.5773
    endloop
  endfacet
  facet normal -0.976319 -0.216334 -6.28941e-06
    outer loop
      vertex 11.3253 1.99695 11.8873
      vertex 11.1081 2.97642 38
      vertex 11.301 2.10662 11.7677
    endloop
  endfacet
  facet normal -0.976284 -0.216494 0
    outer loop
      vertex 11.1081 2.97642 38
      vertex 11.3253 1.99695 11.8873
      vertex 11.3253 1.99695 38
    endloop
  endfacet
  facet normal -0.300663 0.953731 0
    outer loop
      vertex 3.93323 -10.8065 38
      vertex 3.93323 -10.8065 0
      vertex 3 -11.1007 38
    endloop
  endfacet
  facet normal -0.299427 0.954119 0
    outer loop
      vertex 3 -11.1007 38
      vertex 2.97642 -11.1081 69
      vertex 3 -11.1007 69
    endloop
  endfacet
  facet normal -0.299427 0.954119 0
    outer loop
      vertex 3 -11.1007 38
      vertex 2.97642 -11.1081 0
      vertex 2.97642 -11.1081 69
    endloop
  endfacet
  facet normal -0.300632 0.95374 8.21933e-07
    outer loop
      vertex 2.97642 -11.1081 0
      vertex 3 -11.1007 38
      vertex 3.93323 -10.8065 0
    endloop
  endfacet
  facet normal 0.537297 -0.843393 0
    outer loop
      vertex -6.59613 9.42025 0
      vertex -5.75 9.95929 38
      vertex -6.59613 9.42025 38
    endloop
  endfacet
  facet normal 0.537297 -0.843393 0
    outer loop
      vertex -5.75 9.95929 38
      vertex -6.59613 9.42025 0
      vertex -5.75 9.95929 0
    endloop
  endfacet
  facet normal -0.675589 -0.737279 0
    outer loop
      vertex 7.39206 8.80951 0
      vertex 8.13173 8.13173 38
      vertex 7.39206 8.80951 38
    endloop
  endfacet
  facet normal -0.675589 -0.737279 -0
    outer loop
      vertex 8.13173 8.13173 38
      vertex 7.39206 8.80951 0
      vertex 8.13173 8.13173 0
    endloop
  endfacet
  facet normal -0.461719 0.887026 0
    outer loop
      vertex 5.75 -9.95929 0
      vertex 4.86011 -10.4225 38
      vertex 5.75 -9.95929 38
    endloop
  endfacet
  facet normal -0.461719 0.887026 0
    outer loop
      vertex 4.86011 -10.4225 38
      vertex 5.75 -9.95929 0
      vertex 4.86011 -10.4225 0
    endloop
  endfacet
  facet normal -0.991451 0.130478 0
    outer loop
      vertex 11.3253 -1.99695 0
      vertex 11.4562 -1.00229 7.44142
      vertex 11.4562 -1.00229 0
    endloop
  endfacet
  facet normal -0.991485 0.13022 3.50216e-05
    outer loop
      vertex 11.4562 -1.00229 7.44142
      vertex 11.3253 -1.99695 0
      vertex 11.4352 -1.1622 7.50765
    endloop
  endfacet
  facet normal -0.991454 0.130459 8.04848e-06
    outer loop
      vertex 11.4352 -1.1622 7.50765
      vertex 11.3253 -1.99695 0
      vertex 11.4072 -1.375 7.61843
    endloop
  endfacet
  facet normal -0.991407 0.130815 -2.15436e-05
    outer loop
      vertex 11.4072 -1.375 7.61843
      vertex 11.3253 -1.99695 0
      vertex 11.3805 -1.57733 7.74733
    endloop
  endfacet
  facet normal -0.991483 0.130233 1.05015e-05
    outer loop
      vertex 11.3805 -1.57733 7.74733
      vertex 11.3253 -1.99695 0
      vertex 11.3555 -1.76767 7.89338
    endloop
  endfacet
  facet normal -0.991434 0.130606 -5.18799e-07
    outer loop
      vertex 11.3555 -1.76767 7.89338
      vertex 11.3253 -1.99695 0
      vertex 11.3322 -1.94454 8.05546
    endloop
  endfacet
  facet normal -0.991445 0.130528 0
    outer loop
      vertex 11.3322 -1.94454 8.05546
      vertex 11.3253 -1.99695 0
      vertex 11.3253 -1.99695 8.11265
    endloop
  endfacet
  facet normal -0.991486 0.13021 -1.06382e-05
    outer loop
      vertex 11.3253 -1.99695 38
      vertex 11.4562 -1.00229 12.5586
      vertex 11.4352 -1.1622 12.4923
    endloop
  endfacet
  facet normal -0.991454 0.130456 -2.46407e-06
    outer loop
      vertex 11.3253 -1.99695 38
      vertex 11.4352 -1.1622 12.4923
      vertex 11.4072 -1.375 12.3816
    endloop
  endfacet
  facet normal -0.991406 0.130824 6.6372e-06
    outer loop
      vertex 11.3253 -1.99695 38
      vertex 11.4072 -1.375 12.3816
      vertex 11.3805 -1.57733 12.2527
    endloop
  endfacet
  facet normal -0.991484 0.130228 -3.25057e-06
    outer loop
      vertex 11.3253 -1.99695 38
      vertex 11.3805 -1.57733 12.2527
      vertex 11.3555 -1.76767 12.1066
    endloop
  endfacet
  facet normal -0.991434 0.130607 1.61054e-07
    outer loop
      vertex 11.3253 -1.99695 38
      vertex 11.3555 -1.76767 12.1066
      vertex 11.3322 -1.94454 11.9445
    endloop
  endfacet
  facet normal -0.991445 0.130528 0
    outer loop
      vertex 11.3253 -1.99695 38
      vertex 11.3322 -1.94454 11.9445
      vertex 11.3253 -1.99695 11.8873
    endloop
  endfacet
  facet normal -0.991451 0.130478 0
    outer loop
      vertex 11.4562 -1.00229 12.5586
      vertex 11.3253 -1.99695 38
      vertex 11.4562 -1.00229 38
    endloop
  endfacet
  facet normal 0.382746 0.923854 -0
    outer loop
      vertex -3.93323 -10.8065 0
      vertex -4.86011 -10.4225 38
      vertex -3.93323 -10.8065 38
    endloop
  endfacet
  facet normal 0.382746 0.923854 0
    outer loop
      vertex -4.86011 -10.4225 38
      vertex -3.93323 -10.8065 0
      vertex -4.86011 -10.4225 0
    endloop
  endfacet
  facet normal 0.300663 -0.953731 0
    outer loop
      vertex -3.93323 10.8065 38
      vertex -3.93323 10.8065 0
      vertex -3 11.1007 38
    endloop
  endfacet
  facet normal 0.299427 -0.954119 0
    outer loop
      vertex -3 11.1007 38
      vertex -2.97642 11.1081 69
      vertex -3 11.1007 69
    endloop
  endfacet
  facet normal 0.299427 -0.954119 0
    outer loop
      vertex -3 11.1007 38
      vertex -2.97642 11.1081 0
      vertex -2.97642 11.1081 69
    endloop
  endfacet
  facet normal 0.300632 -0.95374 8.21933e-07
    outer loop
      vertex -2.97642 11.1081 0
      vertex -3 11.1007 38
      vertex -3.93323 10.8065 0
    endloop
  endfacet
  facet normal 0.923854 0.382746 0
    outer loop
      vertex -10.4225 -4.86011 38
      vertex -10.8065 -3.93323 0
      vertex -10.8065 -3.93323 38
    endloop
  endfacet
  facet normal 0.923854 0.382746 0
    outer loop
      vertex -10.8065 -3.93323 0
      vertex -10.4225 -4.86011 38
      vertex -10.4225 -4.86011 0
    endloop
  endfacet
  facet normal -0.793353 0.608762 0
    outer loop
      vertex 8.80951 -7.39206 0
      vertex 9.42025 -6.59613 38
      vertex 9.42025 -6.59613 0
    endloop
  endfacet
  facet normal -0.793353 0.608762 0
    outer loop
      vertex 9.42025 -6.59613 38
      vertex 8.80951 -7.39206 0
      vertex 8.80951 -7.39206 38
    endloop
  endfacet
  facet normal 0.991485 0.13022 3.50216e-05
    outer loop
      vertex -11.3253 -1.99695 0
      vertex -11.4562 -1.00229 7.44142
      vertex -11.4352 -1.1622 7.50765
    endloop
  endfacet
  facet normal 0.991454 0.130459 8.04848e-06
    outer loop
      vertex -11.3253 -1.99695 0
      vertex -11.4352 -1.1622 7.50765
      vertex -11.4072 -1.375 7.61843
    endloop
  endfacet
  facet normal 0.991407 0.130815 -2.15436e-05
    outer loop
      vertex -11.3253 -1.99695 0
      vertex -11.4072 -1.375 7.61843
      vertex -11.3805 -1.57733 7.74733
    endloop
  endfacet
  facet normal 0.991483 0.130233 1.05015e-05
    outer loop
      vertex -11.3253 -1.99695 0
      vertex -11.3805 -1.57733 7.74733
      vertex -11.3555 -1.76767 7.89338
    endloop
  endfacet
  facet normal 0.991434 0.130606 -5.18799e-07
    outer loop
      vertex -11.3253 -1.99695 0
      vertex -11.3555 -1.76767 7.89338
      vertex -11.3322 -1.94454 8.05546
    endloop
  endfacet
  facet normal 0.991445 0.130528 -0
    outer loop
      vertex -11.3253 -1.99695 0
      vertex -11.3322 -1.94454 8.05546
      vertex -11.3253 -1.99695 8.11265
    endloop
  endfacet
  facet normal 0.991451 0.130478 0
    outer loop
      vertex -11.4562 -1.00229 7.44142
      vertex -11.3253 -1.99695 0
      vertex -11.4562 -1.00229 0
    endloop
  endfacet
  facet normal 0.991451 0.130478 0
    outer loop
      vertex -11.3253 -1.99695 38
      vertex -11.4562 -1.00229 12.5586
      vertex -11.4562 -1.00229 38
    endloop
  endfacet
  facet normal 0.991486 0.13021 -1.06382e-05
    outer loop
      vertex -11.4562 -1.00229 12.5586
      vertex -11.3253 -1.99695 38
      vertex -11.4352 -1.1622 12.4923
    endloop
  endfacet
  facet normal 0.991454 0.130456 -2.46407e-06
    outer loop
      vertex -11.4352 -1.1622 12.4923
      vertex -11.3253 -1.99695 38
      vertex -11.4072 -1.375 12.3816
    endloop
  endfacet
  facet normal 0.991406 0.130824 6.6372e-06
    outer loop
      vertex -11.4072 -1.375 12.3816
      vertex -11.3253 -1.99695 38
      vertex -11.3805 -1.57733 12.2527
    endloop
  endfacet
  facet normal 0.991484 0.130228 -3.25057e-06
    outer loop
      vertex -11.3805 -1.57733 12.2527
      vertex -11.3253 -1.99695 38
      vertex -11.3555 -1.76767 12.1066
    endloop
  endfacet
  facet normal 0.991434 0.130607 1.61054e-07
    outer loop
      vertex -11.3555 -1.76767 12.1066
      vertex -11.3253 -1.99695 38
      vertex -11.3322 -1.94454 11.9445
    endloop
  endfacet
  facet normal 0.991445 0.130528 0
    outer loop
      vertex -11.3322 -1.94454 11.9445
      vertex -11.3253 -1.99695 38
      vertex -11.3253 -1.99695 11.8873
    endloop
  endfacet
  facet normal -0.537297 0.843393 0
    outer loop
      vertex 6.59613 -9.42025 0
      vertex 5.75 -9.95929 38
      vertex 6.59613 -9.42025 38
    endloop
  endfacet
  facet normal -0.537297 0.843393 0
    outer loop
      vertex 5.75 -9.95929 38
      vertex 6.59613 -9.42025 0
      vertex 5.75 -9.95929 0
    endloop
  endfacet
  facet normal -0.887026 0.461719 0
    outer loop
      vertex 9.95929 -5.75 0
      vertex 10.4225 -4.86011 38
      vertex 10.4225 -4.86011 0
    endloop
  endfacet
  facet normal -0.887026 0.461719 0
    outer loop
      vertex 10.4225 -4.86011 38
      vertex 9.95929 -5.75 0
      vertex 9.95929 -5.75 38
    endloop
  endfacet
  facet normal -0.537297 -0.843393 0
    outer loop
      vertex 5.75 9.95929 0
      vertex 6.59613 9.42025 38
      vertex 5.75 9.95929 38
    endloop
  endfacet
  facet normal -0.537297 -0.843393 -0
    outer loop
      vertex 6.59613 9.42025 38
      vertex 5.75 9.95929 0
      vertex 6.59613 9.42025 0
    endloop
  endfacet
  facet normal -0.976284 0.216494 0
    outer loop
      vertex 11.1081 -2.97642 0
      vertex 11.3253 -1.99695 8.11265
      vertex 11.3253 -1.99695 0
    endloop
  endfacet
  facet normal -0.976317 0.216347 1.8619e-05
    outer loop
      vertex 11.3253 -1.99695 8.11265
      vertex 11.1081 -2.97642 0
      vertex 11.301 -2.10662 8.23233
    endloop
  endfacet
  facet normal -0.976267 0.216569 -6.04867e-06
    outer loop
      vertex 11.301 -2.10662 8.23233
      vertex 11.1081 -2.97642 0
      vertex 11.2686 -2.25267 8.42266
    endloop
  endfacet
  facet normal -0.976261 0.216597 -8.55727e-06
    outer loop
      vertex 11.2686 -2.25267 8.42266
      vertex 11.1081 -2.97642 0
      vertex 11.24 -2.38157 8.625
    endloop
  endfacet
  facet normal -0.976392 0.216004 3.43405e-05
    outer loop
      vertex 11.24 -2.38157 8.625
      vertex 11.1081 -2.97642 0
      vertex 11.2155 -2.49235 8.8378
    endloop
  endfacet
  facet normal -0.976196 0.216892 -1.66929e-05
    outer loop
      vertex 11.2155 -2.49235 8.8378
      vertex 11.1081 -2.97642 0
      vertex 11.1951 -2.58415 9.05944
    endloop
  endfacet
  facet normal -0.976282 0.216504 9.58692e-07
    outer loop
      vertex 11.1951 -2.58415 9.05944
      vertex 11.1081 -2.97642 0
      vertex 11.1791 -2.6563 9.28825
    endloop
  endfacet
  facet normal -0.976329 0.216291 8.65552e-06
    outer loop
      vertex 11.1791 -2.6563 9.28825
      vertex 11.1081 -2.97642 0
      vertex 11.1676 -2.70822 9.52247
    endloop
  endfacet
  facet normal -0.975232 0.221186 -0.000112435
    outer loop
      vertex 11.1607 -2.73954 9.76032
      vertex 11.1081 -2.97642 0
      vertex 11.1583 -2.75 10
    endloop
  endfacet
  facet normal -0.976526 0.2154 3.49573e-05
    outer loop
      vertex 11.1676 -2.70822 9.52247
      vertex 11.1081 -2.97642 0
      vertex 11.1607 -2.73954 9.76032
    endloop
  endfacet
  facet normal -0.976319 0.216334 -6.28941e-06
    outer loop
      vertex 11.1081 -2.97642 38
      vertex 11.3253 -1.99695 11.8873
      vertex 11.301 -2.10662 11.7677
    endloop
  endfacet
  facet normal -0.976266 0.216574 2.0701e-06
    outer loop
      vertex 11.1081 -2.97642 38
      vertex 11.301 -2.10662 11.7677
      vertex 11.2686 -2.25267 11.5773
    endloop
  endfacet
  facet normal -0.976259 0.216605 2.9681e-06
    outer loop
      vertex 11.1081 -2.97642 38
      vertex 11.2686 -2.25267 11.5773
      vertex 11.24 -2.38157 11.375
    endloop
  endfacet
  facet normal -0.976401 0.215963 -1.20799e-05
    outer loop
      vertex 11.1081 -2.97642 38
      vertex 11.24 -2.38157 11.375
      vertex 11.2155 -2.49235 11.1622
    endloop
  endfacet
  facet normal -0.97619 0.216917 5.96426e-06
    outer loop
      vertex 11.1081 -2.97642 38
      vertex 11.2155 -2.49235 11.1622
      vertex 11.1951 -2.58415 10.9406
    endloop
  endfacet
  facet normal -0.976282 0.216502 -3.48999e-07
    outer loop
      vertex 11.1081 -2.97642 38
      vertex 11.1951 -2.58415 10.9406
      vertex 11.1791 -2.6563 10.7118
    endloop
  endfacet
  facet normal -0.976334 0.216267 -3.23305e-06
    outer loop
      vertex 11.1081 -2.97642 38
      vertex 11.1791 -2.6563 10.7118
      vertex 11.1676 -2.70822 10.4775
    endloop
  endfacet
  facet normal -0.97656 0.215246 -1.36708e-05
    outer loop
      vertex 11.1081 -2.97642 38
      vertex 11.1676 -2.70822 10.4775
      vertex 11.1607 -2.73954 10.2397
    endloop
  endfacet
  facet normal -0.974929 0.222514 5.14379e-05
    outer loop
      vertex 11.1081 -2.97642 38
      vertex 11.1607 -2.73954 10.2397
      vertex 11.1583 -2.75 10
    endloop
  endfacet
  facet normal -0.976284 0.216494 0
    outer loop
      vertex 11.3253 -1.99695 11.8873
      vertex 11.1081 -2.97642 38
      vertex 11.3253 -1.99695 38
    endloop
  endfacet
  facet normal -0.976292 0.216456 0
    outer loop
      vertex 11.1081 -2.97642 38
      vertex 11.1583 -2.75 10
      vertex 11.1081 -2.97642 0
    endloop
  endfacet
  facet normal -0.95374 -0.300632 0
    outer loop
      vertex 11.1081 2.97642 0
      vertex 10.8065 3.93323 38
      vertex 10.8065 3.93323 0
    endloop
  endfacet
  facet normal -0.95374 -0.300632 0
    outer loop
      vertex 10.8065 3.93323 38
      vertex 11.1081 2.97642 0
      vertex 11.1081 2.97642 38
    endloop
  endfacet
  facet normal 0.608762 -0.793353 0
    outer loop
      vertex -7.39206 8.80951 0
      vertex -6.59613 9.42025 38
      vertex -7.39206 8.80951 38
    endloop
  endfacet
  facet normal 0.608762 -0.793353 0
    outer loop
      vertex -6.59613 9.42025 38
      vertex -7.39206 8.80951 0
      vertex -6.59613 9.42025 0
    endloop
  endfacet
  facet normal 0.793353 0.608762 0
    outer loop
      vertex -8.80951 -7.39206 38
      vertex -9.42025 -6.59613 0
      vertex -9.42025 -6.59613 38
    endloop
  endfacet
  facet normal 0.793353 0.608762 0
    outer loop
      vertex -9.42025 -6.59613 0
      vertex -8.80951 -7.39206 38
      vertex -8.80951 -7.39206 0
    endloop
  endfacet
  facet normal -0.461719 -0.887026 0
    outer loop
      vertex 4.86011 10.4225 0
      vertex 5.75 9.95929 38
      vertex 4.86011 10.4225 38
    endloop
  endfacet
  facet normal -0.461719 -0.887026 -0
    outer loop
      vertex 5.75 9.95929 38
      vertex 4.86011 10.4225 0
      vertex 5.75 9.95929 0
    endloop
  endfacet
  facet normal -0.608762 -0.793353 0
    outer loop
      vertex 6.59613 9.42025 0
      vertex 7.39206 8.80951 38
      vertex 6.59613 9.42025 38
    endloop
  endfacet
  facet normal -0.608762 -0.793353 -0
    outer loop
      vertex 7.39206 8.80951 38
      vertex 6.59613 9.42025 0
      vertex 7.39206 8.80951 0
    endloop
  endfacet
  facet normal -0.999042 0.043767 0
    outer loop
      vertex 11.5 0 0
      vertex 11.4895 -0.239677 7.26046
      vertex 11.5 0 7.25
    endloop
  endfacet
  facet normal -0.999047 0.0436583 -3.59587e-06
    outer loop
      vertex 11.4562 -1.00229 0
      vertex 11.4895 -0.239677 7.26046
      vertex 11.5 0 0
    endloop
  endfacet
  facet normal -0.999063 0.0432681 3.74659e-05
    outer loop
      vertex 11.4895 -0.239677 7.26046
      vertex 11.4562 -1.00229 0
      vertex 11.4792 -0.477532 7.29178
    endloop
  endfacet
  facet normal -0.999035 0.043931 -1.03336e-05
    outer loop
      vertex 11.4792 -0.477532 7.29178
      vertex 11.4562 -1.00229 0
      vertex 11.4689 -0.711752 7.3437
    endloop
  endfacet
  facet normal -0.999046 0.0436641 2.4553e-07
    outer loop
      vertex 11.4689 -0.711752 7.3437
      vertex 11.4562 -1.00229 0
      vertex 11.4589 -0.940555 7.41584
    endloop
  endfacet
  facet normal -0.999045 0.0436936 0
    outer loop
      vertex 11.4589 -0.940555 7.41584
      vertex 11.4562 -1.00229 0
      vertex 11.4562 -1.00229 7.44142
    endloop
  endfacet
  facet normal -0.999042 0.0437668 4.31635e-06
    outer loop
      vertex 11.4562 -1.00229 38
      vertex 11.5 0 12.75
      vertex 11.4895 -0.239677 12.7395
    endloop
  endfacet
  facet normal -0.999064 0.0432646 -1.08743e-05
    outer loop
      vertex 11.4562 -1.00229 38
      vertex 11.4895 -0.239677 12.7395
      vertex 11.4792 -0.477532 12.7082
    endloop
  endfacet
  facet normal -0.999034 0.0439326 3.01291e-06
    outer loop
      vertex 11.4562 -1.00229 38
      vertex 11.4792 -0.477532 12.7082
      vertex 11.4689 -0.711752 12.6563
    endloop
  endfacet
  facet normal -0.999046 0.0436641 -7.17741e-08
    outer loop
      vertex 11.4562 -1.00229 38
      vertex 11.4689 -0.711752 12.6563
      vertex 11.4589 -0.940555 12.5842
    endloop
  endfacet
  facet normal -0.999045 0.0436936 0
    outer loop
      vertex 11.4562 -1.00229 38
      vertex 11.4589 -0.940555 12.5842
      vertex 11.4562 -1.00229 12.5586
    endloop
  endfacet
  facet normal -0.999047 0.0436583 0
    outer loop
      vertex 11.5 0 12.75
      vertex 11.4562 -1.00229 38
      vertex 11.5 0 38
    endloop
  endfacet
  facet normal 0.793353 -0.608762 0
    outer loop
      vertex -9.42025 6.59613 38
      vertex -8.80951 7.39206 0
      vertex -8.80951 7.39206 38
    endloop
  endfacet
  facet normal 0.793353 -0.608762 0
    outer loop
      vertex -8.80951 7.39206 0
      vertex -9.42025 6.59613 38
      vertex -9.42025 6.59613 0
    endloop
  endfacet
  facet normal 0.461719 -0.887026 0
    outer loop
      vertex -5.75 9.95929 0
      vertex -4.86011 10.4225 38
      vertex -5.75 9.95929 38
    endloop
  endfacet
  facet normal 0.461719 -0.887026 0
    outer loop
      vertex -4.86011 10.4225 38
      vertex -5.75 9.95929 0
      vertex -4.86011 10.4225 0
    endloop
  endfacet
  facet normal -0.737279 -0.675589 0
    outer loop
      vertex 8.80951 7.39206 0
      vertex 8.13173 8.13173 38
      vertex 8.13173 8.13173 0
    endloop
  endfacet
  facet normal -0.737279 -0.675589 0
    outer loop
      vertex 8.13173 8.13173 38
      vertex 8.80951 7.39206 0
      vertex 8.80951 7.39206 38
    endloop
  endfacet
  facet normal -0.923854 -0.382746 0
    outer loop
      vertex 10.8065 3.93323 0
      vertex 10.4225 4.86011 38
      vertex 10.4225 4.86011 0
    endloop
  endfacet
  facet normal -0.923854 -0.382746 0
    outer loop
      vertex 10.4225 4.86011 38
      vertex 10.8065 3.93323 0
      vertex 10.8065 3.93323 38
    endloop
  endfacet
  facet normal 0.299427 0.954119 0
    outer loop
      vertex -2.97642 -11.1081 69
      vertex -3 -11.1007 38
      vertex -3 -11.1007 69
    endloop
  endfacet
  facet normal 0.299427 0.954119 -0
    outer loop
      vertex -2.97642 -11.1081 0
      vertex -3 -11.1007 38
      vertex -2.97642 -11.1081 69
    endloop
  endfacet
  facet normal 0.300663 0.953731 8.42693e-07
    outer loop
      vertex -2.97642 -11.1081 0
      vertex -3.93323 -10.8065 38
      vertex -3 -11.1007 38
    endloop
  endfacet
  facet normal 0.300632 0.95374 0
    outer loop
      vertex -3.93323 -10.8065 38
      vertex -2.97642 -11.1081 0
      vertex -3.93323 -10.8065 0
    endloop
  endfacet
  facet normal 0.608762 0.793353 -0
    outer loop
      vertex -6.59613 -9.42025 0
      vertex -7.39206 -8.80951 38
      vertex -6.59613 -9.42025 38
    endloop
  endfacet
  facet normal 0.608762 0.793353 0
    outer loop
      vertex -7.39206 -8.80951 38
      vertex -6.59613 -9.42025 0
      vertex -7.39206 -8.80951 0
    endloop
  endfacet
  facet normal -0.843393 0.537297 0
    outer loop
      vertex 9.42025 -6.59613 0
      vertex 9.95929 -5.75 38
      vertex 9.95929 -5.75 0
    endloop
  endfacet
  facet normal -0.843393 0.537297 0
    outer loop
      vertex 9.95929 -5.75 38
      vertex 9.42025 -6.59613 0
      vertex 9.42025 -6.59613 38
    endloop
  endfacet
  facet normal 0.95374 -0.300632 0
    outer loop
      vertex -11.1081 2.97642 38
      vertex -10.8065 3.93323 0
      vertex -10.8065 3.93323 38
    endloop
  endfacet
  facet normal 0.95374 -0.300632 0
    outer loop
      vertex -10.8065 3.93323 0
      vertex -11.1081 2.97642 38
      vertex -11.1081 2.97642 0
    endloop
  endfacet
  facet normal 0.675589 0.737279 -0
    outer loop
      vertex -7.39206 -8.80951 0
      vertex -8.13173 -8.13173 38
      vertex -7.39206 -8.80951 38
    endloop
  endfacet
  facet normal 0.675589 0.737279 0
    outer loop
      vertex -8.13173 -8.13173 38
      vertex -7.39206 -8.80951 0
      vertex -8.13173 -8.13173 0
    endloop
  endfacet
  facet normal -0.382746 -0.923854 0
    outer loop
      vertex 3.93323 10.8065 0
      vertex 4.86011 10.4225 38
      vertex 3.93323 10.8065 38
    endloop
  endfacet
  facet normal -0.382746 -0.923854 -0
    outer loop
      vertex 4.86011 10.4225 38
      vertex 3.93323 10.8065 0
      vertex 4.86011 10.4225 0
    endloop
  endfacet
  facet normal -0.793353 -0.608762 0
    outer loop
      vertex 9.42025 6.59613 0
      vertex 8.80951 7.39206 38
      vertex 8.80951 7.39206 0
    endloop
  endfacet
  facet normal -0.793353 -0.608762 0
    outer loop
      vertex 8.80951 7.39206 38
      vertex 9.42025 6.59613 0
      vertex 9.42025 6.59613 38
    endloop
  endfacet
  facet normal -0.608762 0.793353 0
    outer loop
      vertex 7.39206 -8.80951 0
      vertex 6.59613 -9.42025 38
      vertex 7.39206 -8.80951 38
    endloop
  endfacet
  facet normal -0.608762 0.793353 0
    outer loop
      vertex 6.59613 -9.42025 38
      vertex 7.39206 -8.80951 0
      vertex 6.59613 -9.42025 0
    endloop
  endfacet
  facet normal 0.95374 0.300632 0
    outer loop
      vertex -10.8065 -3.93323 38
      vertex -11.1081 -2.97642 0
      vertex -11.1081 -2.97642 38
    endloop
  endfacet
  facet normal 0.95374 0.300632 0
    outer loop
      vertex -11.1081 -2.97642 0
      vertex -10.8065 -3.93323 38
      vertex -10.8065 -3.93323 0
    endloop
  endfacet
  facet normal -0.887026 -0.461719 0
    outer loop
      vertex 10.4225 4.86011 0
      vertex 9.95929 5.75 38
      vertex 9.95929 5.75 0
    endloop
  endfacet
  facet normal -0.887026 -0.461719 0
    outer loop
      vertex 9.95929 5.75 38
      vertex 10.4225 4.86011 0
      vertex 10.4225 4.86011 38
    endloop
  endfacet
  facet normal 0.737279 -0.675589 0
    outer loop
      vertex -8.80951 7.39206 38
      vertex -8.13173 8.13173 0
      vertex -8.13173 8.13173 38
    endloop
  endfacet
  facet normal 0.737279 -0.675589 0
    outer loop
      vertex -8.13173 8.13173 0
      vertex -8.80951 7.39206 38
      vertex -8.80951 7.39206 0
    endloop
  endfacet
  facet normal -0.382746 0.923854 0
    outer loop
      vertex 4.86011 -10.4225 0
      vertex 3.93323 -10.8065 38
      vertex 4.86011 -10.4225 38
    endloop
  endfacet
  facet normal -0.382746 0.923854 0
    outer loop
      vertex 3.93323 -10.8065 38
      vertex 4.86011 -10.4225 0
      vertex 3.93323 -10.8065 0
    endloop
  endfacet
  facet normal -0.843393 -0.537297 0
    outer loop
      vertex 9.95929 5.75 0
      vertex 9.42025 6.59613 38
      vertex 9.42025 6.59613 0
    endloop
  endfacet
  facet normal -0.843393 -0.537297 0
    outer loop
      vertex 9.42025 6.59613 38
      vertex 9.95929 5.75 0
      vertex 9.95929 5.75 38
    endloop
  endfacet
  facet normal -0.675589 0.737279 0
    outer loop
      vertex 8.13173 -8.13173 0
      vertex 7.39206 -8.80951 38
      vertex 8.13173 -8.13173 38
    endloop
  endfacet
  facet normal -0.675589 0.737279 0
    outer loop
      vertex 7.39206 -8.80951 38
      vertex 8.13173 -8.13173 0
      vertex 7.39206 -8.80951 0
    endloop
  endfacet
  facet normal 0.923854 -0.382746 0
    outer loop
      vertex -10.8065 3.93323 38
      vertex -10.4225 4.86011 0
      vertex -10.4225 4.86011 38
    endloop
  endfacet
  facet normal 0.923854 -0.382746 0
    outer loop
      vertex -10.4225 4.86011 0
      vertex -10.8065 3.93323 38
      vertex -10.8065 3.93323 0
    endloop
  endfacet
  facet normal 0.887026 0.461719 0
    outer loop
      vertex -9.95929 -5.75 38
      vertex -10.4225 -4.86011 0
      vertex -10.4225 -4.86011 38
    endloop
  endfacet
  facet normal 0.887026 0.461719 0
    outer loop
      vertex -10.4225 -4.86011 0
      vertex -9.95929 -5.75 38
      vertex -9.95929 -5.75 0
    endloop
  endfacet
  facet normal 0.843393 -0.537297 0
    outer loop
      vertex -9.95929 5.75 38
      vertex -9.42025 6.59613 0
      vertex -9.42025 6.59613 38
    endloop
  endfacet
  facet normal 0.843393 -0.537297 0
    outer loop
      vertex -9.42025 6.59613 0
      vertex -9.95929 5.75 38
      vertex -9.95929 5.75 0
    endloop
  endfacet
  facet normal 0.675589 -0.737279 0
    outer loop
      vertex -8.13173 8.13173 0
      vertex -7.39206 8.80951 38
      vertex -8.13173 8.13173 38
    endloop
  endfacet
  facet normal 0.675589 -0.737279 0
    outer loop
      vertex -7.39206 8.80951 38
      vertex -8.13173 8.13173 0
      vertex -7.39206 8.80951 0
    endloop
  endfacet
  facet normal 0.382746 -0.923854 0
    outer loop
      vertex -4.86011 10.4225 0
      vertex -3.93323 10.8065 38
      vertex -4.86011 10.4225 38
    endloop
  endfacet
  facet normal 0.382746 -0.923854 0
    outer loop
      vertex -3.93323 10.8065 38
      vertex -4.86011 10.4225 0
      vertex -3.93323 10.8065 0
    endloop
  endfacet
  facet normal -0.737279 0.675589 0
    outer loop
      vertex 8.13173 -8.13173 0
      vertex 8.80951 -7.39206 38
      vertex 8.80951 -7.39206 0
    endloop
  endfacet
  facet normal -0.737279 0.675589 0
    outer loop
      vertex 8.80951 -7.39206 38
      vertex 8.13173 -8.13173 0
      vertex 8.13173 -8.13173 38
    endloop
  endfacet
  facet normal 0.737279 0.675589 0
    outer loop
      vertex -8.13173 -8.13173 38
      vertex -8.80951 -7.39206 0
      vertex -8.80951 -7.39206 38
    endloop
  endfacet
  facet normal 0.737279 0.675589 0
    outer loop
      vertex -8.80951 -7.39206 0
      vertex -8.13173 -8.13173 38
      vertex -8.13173 -8.13173 0
    endloop
  endfacet
  facet normal 0.976284 0.216494 0
    outer loop
      vertex -11.1081 -2.97642 38
      vertex -11.3253 -1.99695 11.8873
      vertex -11.3253 -1.99695 38
    endloop
  endfacet
  facet normal 0.976319 0.216334 -6.28941e-06
    outer loop
      vertex -11.3253 -1.99695 11.8873
      vertex -11.1081 -2.97642 38
      vertex -11.301 -2.10662 11.7677
    endloop
  endfacet
  facet normal 0.976266 0.216574 2.0701e-06
    outer loop
      vertex -11.301 -2.10662 11.7677
      vertex -11.1081 -2.97642 38
      vertex -11.2686 -2.25267 11.5773
    endloop
  endfacet
  facet normal 0.976259 0.216605 2.9681e-06
    outer loop
      vertex -11.2686 -2.25267 11.5773
      vertex -11.1081 -2.97642 38
      vertex -11.24 -2.38157 11.375
    endloop
  endfacet
  facet normal 0.976401 0.215963 -1.20799e-05
    outer loop
      vertex -11.24 -2.38157 11.375
      vertex -11.1081 -2.97642 38
      vertex -11.2155 -2.49235 11.1622
    endloop
  endfacet
  facet normal 0.97619 0.216917 5.96426e-06
    outer loop
      vertex -11.2155 -2.49235 11.1622
      vertex -11.1081 -2.97642 38
      vertex -11.1951 -2.58415 10.9406
    endloop
  endfacet
  facet normal 0.976282 0.216502 -3.48999e-07
    outer loop
      vertex -11.1951 -2.58415 10.9406
      vertex -11.1081 -2.97642 38
      vertex -11.1791 -2.6563 10.7118
    endloop
  endfacet
  facet normal 0.976334 0.216267 -3.23305e-06
    outer loop
      vertex -11.1791 -2.6563 10.7118
      vertex -11.1081 -2.97642 38
      vertex -11.1676 -2.70822 10.4775
    endloop
  endfacet
  facet normal 0.97656 0.215246 -1.36708e-05
    outer loop
      vertex -11.1676 -2.70822 10.4775
      vertex -11.1081 -2.97642 38
      vertex -11.1607 -2.73954 10.2397
    endloop
  endfacet
  facet normal 0.974929 0.222514 5.14379e-05
    outer loop
      vertex -11.1607 -2.73954 10.2397
      vertex -11.1081 -2.97642 38
      vertex -11.1583 -2.75 10
    endloop
  endfacet
  facet normal 0.976317 0.216347 1.8619e-05
    outer loop
      vertex -11.1081 -2.97642 0
      vertex -11.3253 -1.99695 8.11265
      vertex -11.301 -2.10662 8.23233
    endloop
  endfacet
  facet normal 0.976267 0.216569 -6.04867e-06
    outer loop
      vertex -11.1081 -2.97642 0
      vertex -11.301 -2.10662 8.23233
      vertex -11.2686 -2.25267 8.42266
    endloop
  endfacet
  facet normal 0.976261 0.216597 -8.55727e-06
    outer loop
      vertex -11.1081 -2.97642 0
      vertex -11.2686 -2.25267 8.42266
      vertex -11.24 -2.38157 8.625
    endloop
  endfacet
  facet normal 0.976392 0.216004 3.43405e-05
    outer loop
      vertex -11.1081 -2.97642 0
      vertex -11.24 -2.38157 8.625
      vertex -11.2155 -2.49235 8.8378
    endloop
  endfacet
  facet normal 0.976196 0.216892 -1.66929e-05
    outer loop
      vertex -11.1081 -2.97642 0
      vertex -11.2155 -2.49235 8.8378
      vertex -11.1951 -2.58415 9.05944
    endloop
  endfacet
  facet normal 0.976282 0.216504 9.58692e-07
    outer loop
      vertex -11.1081 -2.97642 0
      vertex -11.1951 -2.58415 9.05944
      vertex -11.1791 -2.6563 9.28825
    endloop
  endfacet
  facet normal 0.976329 0.216291 8.65552e-06
    outer loop
      vertex -11.1081 -2.97642 0
      vertex -11.1791 -2.6563 9.28825
      vertex -11.1676 -2.70822 9.52247
    endloop
  endfacet
  facet normal 0.976526 0.2154 3.49573e-05
    outer loop
      vertex -11.1081 -2.97642 0
      vertex -11.1676 -2.70822 9.52247
      vertex -11.1607 -2.73954 9.76032
    endloop
  endfacet
  facet normal 0.976284 0.216494 0
    outer loop
      vertex -11.3253 -1.99695 8.11265
      vertex -11.1081 -2.97642 0
      vertex -11.3253 -1.99695 0
    endloop
  endfacet
  facet normal 0.975232 0.221186 -0.000112435
    outer loop
      vertex -11.1583 -2.75 10
      vertex -11.1081 -2.97642 0
      vertex -11.1607 -2.73954 9.76032
    endloop
  endfacet
  facet normal 0.976292 0.216456 -0
    outer loop
      vertex -11.1081 -2.97642 0
      vertex -11.1583 -2.75 10
      vertex -11.1081 -2.97642 38
    endloop
  endfacet
  facet normal 0.999042 0.043767 0
    outer loop
      vertex -11.4895 -0.239677 7.26046
      vertex -11.5 0 0
      vertex -11.5 0 7.25
    endloop
  endfacet
  facet normal 0.999063 0.0432681 3.74659e-05
    outer loop
      vertex -11.4562 -1.00229 0
      vertex -11.4895 -0.239677 7.26046
      vertex -11.4792 -0.477532 7.29178
    endloop
  endfacet
  facet normal 0.999035 0.043931 -1.03336e-05
    outer loop
      vertex -11.4562 -1.00229 0
      vertex -11.4792 -0.477532 7.29178
      vertex -11.4689 -0.711752 7.3437
    endloop
  endfacet
  facet normal 0.999046 0.0436641 2.4553e-07
    outer loop
      vertex -11.4562 -1.00229 0
      vertex -11.4689 -0.711752 7.3437
      vertex -11.4589 -0.940555 7.41584
    endloop
  endfacet
  facet normal 0.999045 0.0436936 -0
    outer loop
      vertex -11.4562 -1.00229 0
      vertex -11.4589 -0.940555 7.41584
      vertex -11.4562 -1.00229 7.44142
    endloop
  endfacet
  facet normal 0.999047 0.0436583 -3.59587e-06
    outer loop
      vertex -11.4895 -0.239677 7.26046
      vertex -11.4562 -1.00229 0
      vertex -11.5 0 0
    endloop
  endfacet
  facet normal 0.999047 0.0436583 0
    outer loop
      vertex -11.4562 -1.00229 38
      vertex -11.5 0 12.75
      vertex -11.5 0 38
    endloop
  endfacet
  facet normal 0.999042 0.0437668 4.31635e-06
    outer loop
      vertex -11.5 0 12.75
      vertex -11.4562 -1.00229 38
      vertex -11.4895 -0.239677 12.7395
    endloop
  endfacet
  facet normal 0.999064 0.0432646 -1.08743e-05
    outer loop
      vertex -11.4895 -0.239677 12.7395
      vertex -11.4562 -1.00229 38
      vertex -11.4792 -0.477532 12.7082
    endloop
  endfacet
  facet normal 0.999034 0.0439326 3.01291e-06
    outer loop
      vertex -11.4792 -0.477532 12.7082
      vertex -11.4562 -1.00229 38
      vertex -11.4689 -0.711752 12.6563
    endloop
  endfacet
  facet normal 0.999046 0.0436641 -7.17741e-08
    outer loop
      vertex -11.4689 -0.711752 12.6563
      vertex -11.4562 -1.00229 38
      vertex -11.4589 -0.940555 12.5842
    endloop
  endfacet
  facet normal 0.999045 0.0436936 0
    outer loop
      vertex -11.4589 -0.940555 12.5842
      vertex -11.4562 -1.00229 38
      vertex -11.4562 -1.00229 12.5586
    endloop
  endfacet
  facet normal 0.887026 -0.461719 0
    outer loop
      vertex -10.4225 4.86011 38
      vertex -9.95929 5.75 0
      vertex -9.95929 5.75 38
    endloop
  endfacet
  facet normal 0.887026 -0.461719 0
    outer loop
      vertex -9.95929 5.75 0
      vertex -10.4225 4.86011 38
      vertex -10.4225 4.86011 0
    endloop
  endfacet
  facet normal 0.537297 0.843393 -0
    outer loop
      vertex -5.75 -9.95929 0
      vertex -6.59613 -9.42025 38
      vertex -5.75 -9.95929 38
    endloop
  endfacet
  facet normal 0.537297 0.843393 0
    outer loop
      vertex -6.59613 -9.42025 38
      vertex -5.75 -9.95929 0
      vertex -6.59613 -9.42025 0
    endloop
  endfacet
  facet normal 0.843393 0.537297 0
    outer loop
      vertex -9.42025 -6.59613 38
      vertex -9.95929 -5.75 0
      vertex -9.95929 -5.75 38
    endloop
  endfacet
  facet normal 0.843393 0.537297 0
    outer loop
      vertex -9.95929 -5.75 0
      vertex -9.42025 -6.59613 38
      vertex -9.42025 -6.59613 0
    endloop
  endfacet
  facet normal 0.976292 -0.216456 0
    outer loop
      vertex -11.1081 2.97642 38
      vertex -11.1583 2.75 10
      vertex -11.1081 2.97642 0
    endloop
  endfacet
  facet normal 0.974929 -0.222514 5.14379e-05
    outer loop
      vertex -11.1081 2.97642 38
      vertex -11.1607 2.73954 10.2397
      vertex -11.1583 2.75 10
    endloop
  endfacet
  facet normal 0.97656 -0.215246 -1.36708e-05
    outer loop
      vertex -11.1081 2.97642 38
      vertex -11.1676 2.70822 10.4775
      vertex -11.1607 2.73954 10.2397
    endloop
  endfacet
  facet normal 0.976334 -0.216267 -3.23305e-06
    outer loop
      vertex -11.1081 2.97642 38
      vertex -11.1791 2.6563 10.7118
      vertex -11.1676 2.70822 10.4775
    endloop
  endfacet
  facet normal 0.976282 -0.216502 -3.48999e-07
    outer loop
      vertex -11.1081 2.97642 38
      vertex -11.1951 2.58415 10.9406
      vertex -11.1791 2.6563 10.7118
    endloop
  endfacet
  facet normal 0.97619 -0.216917 5.96426e-06
    outer loop
      vertex -11.1081 2.97642 38
      vertex -11.2155 2.49235 11.1622
      vertex -11.1951 2.58415 10.9406
    endloop
  endfacet
  facet normal 0.976401 -0.215963 -1.20799e-05
    outer loop
      vertex -11.1081 2.97642 38
      vertex -11.24 2.38157 11.375
      vertex -11.2155 2.49235 11.1622
    endloop
  endfacet
  facet normal 0.976259 -0.216605 2.9681e-06
    outer loop
      vertex -11.1081 2.97642 38
      vertex -11.2686 2.25267 11.5773
      vertex -11.24 2.38157 11.375
    endloop
  endfacet
  facet normal 0.976266 -0.216574 2.0701e-06
    outer loop
      vertex -11.1081 2.97642 38
      vertex -11.301 2.10662 11.7677
      vertex -11.2686 2.25267 11.5773
    endloop
  endfacet
  facet normal 0.976284 -0.216494 0
    outer loop
      vertex -11.3253 1.99695 11.8873
      vertex -11.1081 2.97642 38
      vertex -11.3253 1.99695 38
    endloop
  endfacet
  facet normal 0.976319 -0.216334 -6.28941e-06
    outer loop
      vertex -11.1081 2.97642 38
      vertex -11.3253 1.99695 11.8873
      vertex -11.301 2.10662 11.7677
    endloop
  endfacet
  facet normal 0.975232 -0.221186 -0.000112435
    outer loop
      vertex -11.1607 2.73954 9.76032
      vertex -11.1081 2.97642 0
      vertex -11.1583 2.75 10
    endloop
  endfacet
  facet normal 0.976526 -0.2154 3.49573e-05
    outer loop
      vertex -11.1676 2.70822 9.52247
      vertex -11.1081 2.97642 0
      vertex -11.1607 2.73954 9.76032
    endloop
  endfacet
  facet normal 0.976329 -0.216291 8.65552e-06
    outer loop
      vertex -11.1791 2.6563 9.28825
      vertex -11.1081 2.97642 0
      vertex -11.1676 2.70822 9.52247
    endloop
  endfacet
  facet normal 0.976282 -0.216504 9.58692e-07
    outer loop
      vertex -11.1951 2.58415 9.05944
      vertex -11.1081 2.97642 0
      vertex -11.1791 2.6563 9.28825
    endloop
  endfacet
  facet normal 0.976196 -0.216892 -1.66929e-05
    outer loop
      vertex -11.2155 2.49235 8.8378
      vertex -11.1081 2.97642 0
      vertex -11.1951 2.58415 9.05944
    endloop
  endfacet
  facet normal 0.976392 -0.216004 3.43405e-05
    outer loop
      vertex -11.24 2.38157 8.625
      vertex -11.1081 2.97642 0
      vertex -11.2155 2.49235 8.8378
    endloop
  endfacet
  facet normal 0.976261 -0.216597 -8.55727e-06
    outer loop
      vertex -11.2686 2.25267 8.42266
      vertex -11.1081 2.97642 0
      vertex -11.24 2.38157 8.625
    endloop
  endfacet
  facet normal 0.976267 -0.216569 -6.04867e-06
    outer loop
      vertex -11.301 2.10662 8.23233
      vertex -11.1081 2.97642 0
      vertex -11.2686 2.25267 8.42266
    endloop
  endfacet
  facet normal 0.976317 -0.216347 1.8619e-05
    outer loop
      vertex -11.3253 1.99695 8.11265
      vertex -11.1081 2.97642 0
      vertex -11.301 2.10662 8.23233
    endloop
  endfacet
  facet normal 0.976284 -0.216494 0
    outer loop
      vertex -11.1081 2.97642 0
      vertex -11.3253 1.99695 8.11265
      vertex -11.3253 1.99695 0
    endloop
  endfacet
  facet normal 0.991445 -0.130528 0
    outer loop
      vertex -11.3322 1.94454 8.05546
      vertex -11.3253 1.99695 0
      vertex -11.3253 1.99695 8.11265
    endloop
  endfacet
  facet normal 0.991434 -0.130606 -5.18799e-07
    outer loop
      vertex -11.3555 1.76767 7.89338
      vertex -11.3253 1.99695 0
      vertex -11.3322 1.94454 8.05546
    endloop
  endfacet
  facet normal 0.991483 -0.130233 1.05015e-05
    outer loop
      vertex -11.3805 1.57733 7.74733
      vertex -11.3253 1.99695 0
      vertex -11.3555 1.76767 7.89338
    endloop
  endfacet
  facet normal 0.991407 -0.130815 -2.15436e-05
    outer loop
      vertex -11.4072 1.375 7.61843
      vertex -11.3253 1.99695 0
      vertex -11.3805 1.57733 7.74733
    endloop
  endfacet
  facet normal 0.991454 -0.130459 8.04848e-06
    outer loop
      vertex -11.4352 1.1622 7.50765
      vertex -11.3253 1.99695 0
      vertex -11.4072 1.375 7.61843
    endloop
  endfacet
  facet normal 0.991485 -0.13022 3.50216e-05
    outer loop
      vertex -11.4562 1.00229 7.44142
      vertex -11.3253 1.99695 0
      vertex -11.4352 1.1622 7.50765
    endloop
  endfacet
  facet normal 0.991451 -0.130478 0
    outer loop
      vertex -11.3253 1.99695 0
      vertex -11.4562 1.00229 7.44142
      vertex -11.4562 1.00229 0
    endloop
  endfacet
  facet normal 0.991445 -0.130528 0
    outer loop
      vertex -11.3253 1.99695 38
      vertex -11.3322 1.94454 11.9445
      vertex -11.3253 1.99695 11.8873
    endloop
  endfacet
  facet normal 0.991434 -0.130607 1.61054e-07
    outer loop
      vertex -11.3253 1.99695 38
      vertex -11.3555 1.76767 12.1066
      vertex -11.3322 1.94454 11.9445
    endloop
  endfacet
  facet normal 0.991484 -0.130228 -3.25057e-06
    outer loop
      vertex -11.3253 1.99695 38
      vertex -11.3805 1.57733 12.2527
      vertex -11.3555 1.76767 12.1066
    endloop
  endfacet
  facet normal 0.991406 -0.130824 6.6372e-06
    outer loop
      vertex -11.3253 1.99695 38
      vertex -11.4072 1.375 12.3816
      vertex -11.3805 1.57733 12.2527
    endloop
  endfacet
  facet normal 0.991454 -0.130456 -2.46407e-06
    outer loop
      vertex -11.3253 1.99695 38
      vertex -11.4352 1.1622 12.4923
      vertex -11.4072 1.375 12.3816
    endloop
  endfacet
  facet normal 0.991451 -0.130478 0
    outer loop
      vertex -11.4562 1.00229 12.5586
      vertex -11.3253 1.99695 38
      vertex -11.4562 1.00229 38
    endloop
  endfacet
  facet normal 0.991486 -0.13021 -1.06382e-05
    outer loop
      vertex -11.3253 1.99695 38
      vertex -11.4562 1.00229 12.5586
      vertex -11.4352 1.1622 12.4923
    endloop
  endfacet
  facet normal -0.299427 -0.954119 0
    outer loop
      vertex 2.97642 11.1081 69
      vertex 3 11.1007 38
      vertex 3 11.1007 69
    endloop
  endfacet
  facet normal -0.299427 -0.954119 0
    outer loop
      vertex 2.97642 11.1081 0
      vertex 3 11.1007 38
      vertex 2.97642 11.1081 69
    endloop
  endfacet
  facet normal -0.300663 -0.953731 8.42693e-07
    outer loop
      vertex 2.97642 11.1081 0
      vertex 3.93323 10.8065 38
      vertex 3 11.1007 38
    endloop
  endfacet
  facet normal -0.300632 -0.95374 -0
    outer loop
      vertex 3.93323 10.8065 38
      vertex 2.97642 11.1081 0
      vertex 3.93323 10.8065 0
    endloop
  endfacet
  facet normal 0.999045 -0.0436936 0
    outer loop
      vertex -11.4589 0.940555 7.41584
      vertex -11.4562 1.00229 0
      vertex -11.4562 1.00229 7.44142
    endloop
  endfacet
  facet normal 0.999046 -0.0436641 2.4553e-07
    outer loop
      vertex -11.4689 0.711752 7.3437
      vertex -11.4562 1.00229 0
      vertex -11.4589 0.940555 7.41584
    endloop
  endfacet
  facet normal 0.999035 -0.043931 -1.03336e-05
    outer loop
      vertex -11.4792 0.477532 7.29178
      vertex -11.4562 1.00229 0
      vertex -11.4689 0.711752 7.3437
    endloop
  endfacet
  facet normal 0.999063 -0.0432681 3.74659e-05
    outer loop
      vertex -11.4895 0.239677 7.26046
      vertex -11.4562 1.00229 0
      vertex -11.4792 0.477532 7.29178
    endloop
  endfacet
  facet normal 0.999042 -0.043767 0
    outer loop
      vertex -11.5 0 0
      vertex -11.4895 0.239677 7.26046
      vertex -11.5 0 7.25
    endloop
  endfacet
  facet normal 0.999047 -0.0436583 -3.59587e-06
    outer loop
      vertex -11.4895 0.239677 7.26046
      vertex -11.5 0 0
      vertex -11.4562 1.00229 0
    endloop
  endfacet
  facet normal 0.999045 -0.0436936 0
    outer loop
      vertex -11.4562 1.00229 38
      vertex -11.4589 0.940555 12.5842
      vertex -11.4562 1.00229 12.5586
    endloop
  endfacet
  facet normal 0.999046 -0.0436641 -7.17741e-08
    outer loop
      vertex -11.4562 1.00229 38
      vertex -11.4689 0.711752 12.6563
      vertex -11.4589 0.940555 12.5842
    endloop
  endfacet
  facet normal 0.999034 -0.0439326 3.01291e-06
    outer loop
      vertex -11.4562 1.00229 38
      vertex -11.4792 0.477532 12.7082
      vertex -11.4689 0.711752 12.6563
    endloop
  endfacet
  facet normal 0.999064 -0.0432646 -1.08743e-05
    outer loop
      vertex -11.4562 1.00229 38
      vertex -11.4895 0.239677 12.7395
      vertex -11.4792 0.477532 12.7082
    endloop
  endfacet
  facet normal 0.999047 -0.0436583 0
    outer loop
      vertex -11.5 0 12.75
      vertex -11.4562 1.00229 38
      vertex -11.5 0 38
    endloop
  endfacet
  facet normal 0.999042 -0.0437668 4.31635e-06
    outer loop
      vertex -11.4562 1.00229 38
      vertex -11.5 0 12.75
      vertex -11.4895 0.239677 12.7395
    endloop
  endfacet
  facet normal -0.923854 0.382746 0
    outer loop
      vertex 10.4225 -4.86011 0
      vertex 10.8065 -3.93323 38
      vertex 10.8065 -3.93323 0
    endloop
  endfacet
  facet normal -0.923854 0.382746 0
    outer loop
      vertex 10.8065 -3.93323 38
      vertex 10.4225 -4.86011 0
      vertex 10.4225 -4.86011 38
    endloop
  endfacet
  facet normal -0.95374 0.300632 0
    outer loop
      vertex 10.8065 -3.93323 0
      vertex 11.1081 -2.97642 38
      vertex 11.1081 -2.97642 0
    endloop
  endfacet
  facet normal -0.95374 0.300632 0
    outer loop
      vertex 11.1081 -2.97642 38
      vertex 10.8065 -3.93323 0
      vertex 10.8065 -3.93323 38
    endloop
  endfacet
  facet normal 0.461719 0.887026 -0
    outer loop
      vertex -4.86011 -10.4225 0
      vertex -5.75 -9.95929 38
      vertex -4.86011 -10.4225 38
    endloop
  endfacet
  facet normal 0.461719 0.887026 0
    outer loop
      vertex -5.75 -9.95929 38
      vertex -4.86011 -10.4225 0
      vertex -5.75 -9.95929 0
    endloop
  endfacet
  facet normal -0.708534 -0.0309629 0.704997
    outer loop
      vertex 11.5 0 38
      vertex 13.4898 0.00498616 40
      vertex 11.4562 1.00229 38
    endloop
  endfacet
  facet normal -0.708215 -0.0426109 0.70471
    outer loop
      vertex 13.4898 0.00498616 40
      vertex 11.5 0 38
      vertex 13.4901 0 40
    endloop
  endfacet
  facet normal -0.327452 0.629081 0.705005
    outer loop
      vertex 4.86011 -10.4225 38
      vertex 5.70557 -12.2238 40
      vertex 5.75 -9.95929 38
    endloop
  endfacet
  facet normal -0.326783 0.629412 0.705021
    outer loop
      vertex 5.70557 -12.2238 40
      vertex 4.86011 -10.4225 38
      vertex 5.70114 -12.2261 40
    endloop
  endfacet
  facet normal -0.676368 -0.213266 0.705013
    outer loop
      vertex 13.0304 3.49148 40
      vertex 12.678 4.60911 40
      vertex 11.1081 2.97642 38
    endloop
  endfacet
  facet normal 0.381056 0.598143 0.704997
    outer loop
      vertex -6.74923 -11.68 40
      vertex -5.75 -9.95929 38
      vertex -6.59613 -9.42025 38
    endloop
  endfacet
  facet normal 0.383545 0.596625 0.704934
    outer loop
      vertex -5.75 -9.95929 38
      vertex -6.74923 -11.68 40
      vertex -6.74503 -11.6827 40
    endloop
  endfacet
  facet normal -0.213158 -0.676421 0.704995
    outer loop
      vertex 4.60911 12.678 40
      vertex 3.93323 10.8065 38
      vertex 4.61387 12.6765 40
    endloop
  endfacet
  facet normal -0.213219 -0.6764 0.704997
    outer loop
      vertex 3 11.1308 38.0289
      vertex 3.93323 10.8065 38
      vertex 4.60911 12.678 40
    endloop
  endfacet
  facet normal -0.213311 -0.676642 0.704737
    outer loop
      vertex 3.93323 10.8065 38
      vertex 3 11.1308 38.0289
      vertex 3 11.1007 38
    endloop
  endfacet
  facet normal 0.213269 -0.676377 0.705004
    outer loop
      vertex -4.60911 12.678 40
      vertex -3 11.1962 38.0916
      vertex -3.49148 13.0304 40
    endloop
  endfacet
  facet normal 0.213759 -0.676053 0.705166
    outer loop
      vertex -3 11.1962 38.0916
      vertex -4.60911 12.678 40
      vertex -3 11.1308 38.0289
    endloop
  endfacet
  facet normal 0.676403 0.213212 0.704997
    outer loop
      vertex -12.678 -4.60911 40
      vertex -10.8065 -3.93323 38
      vertex -11.1081 -2.97642 38
    endloop
  endfacet
  facet normal 0.676421 0.213158 0.704995
    outer loop
      vertex -10.8065 -3.93323 38
      vertex -12.678 -4.60911 40
      vertex -12.6765 -4.61387 40
    endloop
  endfacet
  facet normal 0.703136 0.0925346 0.705009
    outer loop
      vertex -13.2858 -2.33757 40
      vertex -11.4562 -1.00229 38
      vertex -13.4387 -1.17574 40
    endloop
  endfacet
  facet normal -0.478972 0.523031 0.704999
    outer loop
      vertex 8.13173 -8.13173 38
      vertex 9.53523 -9.54228 40
      vertex 9.53891 -9.53891 40
    endloop
  endfacet
  facet normal -0.47913 0.522881 0.705004
    outer loop
      vertex 9.53523 -9.54228 40
      vertex 8.13173 -8.13173 38
      vertex 7.39206 -8.80951 38
    endloop
  endfacet
  facet normal -0.270254 0.655722 0.704976
    outer loop
      vertex 4.86011 -10.4225 38
      vertex 5.69653 -12.228 40
      vertex 5.70114 -12.2261 40
    endloop
  endfacet
  facet normal -0.271445 0.655201 0.705003
    outer loop
      vertex 5.69653 -12.228 40
      vertex 4.86011 -10.4225 38
      vertex 3.93323 -10.8065 38
    endloop
  endfacet
  facet normal -0.655722 -0.270254 0.704976
    outer loop
      vertex 10.4225 4.86011 38
      vertex 12.228 5.69653 40
      vertex 12.2261 5.70114 40
    endloop
  endfacet
  facet normal -0.655201 -0.271445 0.705003
    outer loop
      vertex 12.228 5.69653 40
      vertex 10.4225 4.86011 38
      vertex 10.8065 3.93323 38
    endloop
  endfacet
  facet normal -0.381038 -0.598149 0.705002
    outer loop
      vertex 7.73757 11.0504 40
      vertex 6.74923 11.68 40
      vertex 6.59613 9.42025 38
    endloop
  endfacet
  facet normal 0.326783 -0.629412 0.705021
    outer loop
      vertex -5.70557 12.2238 40
      vertex -4.86011 10.4225 38
      vertex -5.70114 12.2261 40
    endloop
  endfacet
  facet normal 0.327452 -0.629081 0.705005
    outer loop
      vertex -4.86011 10.4225 38
      vertex -5.70557 12.2238 40
      vertex -5.75 9.95929 38
    endloop
  endfacet
  facet normal -0.156076 -0.690992 0.705812
    outer loop
      vertex 3 12.4741 39.3467
      vertex 3.49148 13.0304 40
      vertex 3.48661 13.0315 40
    endloop
  endfacet
  facet normal -0.153379 -0.692422 0.705001
    outer loop
      vertex 3.49148 13.0304 40
      vertex 3 12.4741 39.3467
      vertex 3 11.1962 38.0916
    endloop
  endfacet
  facet normal -0.56265 0.431738 0.705002
    outer loop
      vertex 8.80951 -7.39206 38
      vertex 10.337 -8.66728 40
      vertex 9.42025 -6.59613 38
    endloop
  endfacet
  facet normal -0.565379 0.428317 0.704905
    outer loop
      vertex 10.337 -8.66728 40
      vertex 8.80951 -7.39206 38
      vertex 10.334 -8.67124 40
    endloop
  endfacet
  facet normal -0.676421 -0.213158 0.704995
    outer loop
      vertex 10.8065 3.93323 38
      vertex 12.678 4.60911 40
      vertex 12.6765 4.61387 40
    endloop
  endfacet
  facet normal -0.676403 -0.213212 0.704997
    outer loop
      vertex 12.678 4.60911 40
      vertex 10.8065 3.93323 38
      vertex 11.1081 2.97642 38
    endloop
  endfacet
  facet normal -0.326783 -0.629412 0.705021
    outer loop
      vertex 4.86011 10.4225 38
      vertex 5.70557 12.2238 40
      vertex 5.70114 12.2261 40
    endloop
  endfacet
  facet normal -0.327452 -0.629081 0.705005
    outer loop
      vertex 5.70557 12.2238 40
      vertex 4.86011 10.4225 38
      vertex 5.75 9.95929 38
    endloop
  endfacet
  facet normal -0.69237 0.153535 0.705018
    outer loop
      vertex 11.1081 -2.97642 38
      vertex 13.0315 -3.48661 40
      vertex 11.3253 -1.99695 38
    endloop
  endfacet
  facet normal -0.69171 0.156238 0.705073
    outer loop
      vertex 13.0315 -3.48661 40
      vertex 11.1081 -2.97642 38
      vertex 13.0304 -3.49148 40
    endloop
  endfacet
  facet normal 0.47913 -0.522881 0.705004
    outer loop
      vertex -9.53523 9.54228 40
      vertex -8.13173 8.13173 38
      vertex -7.39206 8.80951 38
    endloop
  endfacet
  facet normal 0.478972 -0.523031 0.704999
    outer loop
      vertex -8.13173 8.13173 38
      vertex -9.53523 9.54228 40
      vertex -9.53891 9.53891 40
    endloop
  endfacet
  facet normal -0.428317 -0.565379 0.704905
    outer loop
      vertex 8.66728 10.337 40
      vertex 7.39206 8.80951 38
      vertex 8.67124 10.334 40
    endloop
  endfacet
  facet normal -0.431738 -0.56265 0.705002
    outer loop
      vertex 7.39206 8.80951 38
      vertex 8.66728 10.337 40
      vertex 6.59613 9.42025 38
    endloop
  endfacet
  facet normal 0.69171 -0.156238 0.705073
    outer loop
      vertex -13.0315 3.48661 40
      vertex -11.1081 2.97642 38
      vertex -13.0304 3.49148 40
    endloop
  endfacet
  facet normal 0.69237 -0.153535 0.705018
    outer loop
      vertex -11.1081 2.97642 38
      vertex -13.0315 3.48661 40
      vertex -11.3253 1.99695 38
    endloop
  endfacet
  facet normal -0.428317 0.565379 0.704905
    outer loop
      vertex 7.39206 -8.80951 38
      vertex 8.66728 -10.337 40
      vertex 8.67124 -10.334 40
    endloop
  endfacet
  facet normal -0.431738 0.56265 0.705002
    outer loop
      vertex 8.66728 -10.337 40
      vertex 7.39206 -8.80951 38
      vertex 6.59613 -9.42025 38
    endloop
  endfacet
  facet normal -0.629076 -0.327471 0.705
    outer loop
      vertex 12.2238 5.70557 40
      vertex 11.6827 6.74503 40
      vertex 9.95929 5.75 38
    endloop
  endfacet
  facet normal -0.655214 -0.271427 0.704997
    outer loop
      vertex 12.6765 4.61387 40
      vertex 12.228 5.69653 40
      vertex 10.8065 3.93323 38
    endloop
  endfacet
  facet normal 0.708215 -0.0426109 0.70471
    outer loop
      vertex -11.5 0 38
      vertex -13.4898 0.00498616 40
      vertex -13.4901 0 40
    endloop
  endfacet
  facet normal 0.708534 -0.0309629 0.704997
    outer loop
      vertex -13.4898 0.00498616 40
      vertex -11.5 0 38
      vertex -11.4562 1.00229 38
    endloop
  endfacet
  facet normal 0.655214 -0.271427 0.704997
    outer loop
      vertex -10.8065 3.93323 38
      vertex -12.228 5.69653 40
      vertex -12.6765 4.61387 40
    endloop
  endfacet
  facet normal 0.708525 -0.0309251 0.705008
    outer loop
      vertex -11.4562 1.00229 38
      vertex -13.4387 1.17574 40
      vertex -13.4898 0.00498616 40
    endloop
  endfacet
  facet normal -0.15339 0.692404 0.705016
    outer loop
      vertex 3.48661 -13.0315 40
      vertex 3 -12.4741 39.3467
      vertex 3 -13.1393 40
    endloop
  endfacet
  facet normal -0.271427 -0.655214 0.704997
    outer loop
      vertex 5.69653 12.228 40
      vertex 4.61387 12.6765 40
      vertex 3.93323 10.8065 38
    endloop
  endfacet
  facet normal -0.629412 0.326783 0.705021
    outer loop
      vertex 10.4225 -4.86011 38
      vertex 12.2238 -5.70557 40
      vertex 12.2261 -5.70114 40
    endloop
  endfacet
  facet normal -0.629081 0.327452 0.705005
    outer loop
      vertex 12.2238 -5.70557 40
      vertex 10.4225 -4.86011 38
      vertex 9.95929 -5.75 38
    endloop
  endfacet
  facet normal 0.565379 -0.428317 0.704905
    outer loop
      vertex -10.337 8.66728 40
      vertex -8.80951 7.39206 38
      vertex -10.334 8.67124 40
    endloop
  endfacet
  facet normal 0.56265 -0.431738 0.705002
    outer loop
      vertex -8.80951 7.39206 38
      vertex -10.337 8.66728 40
      vertex -9.42025 6.59613 38
    endloop
  endfacet
  facet normal -0.213759 0.676053 0.705166
    outer loop
      vertex 3 -11.1962 38.0916
      vertex 4.60911 -12.678 40
      vertex 3 -11.1308 38.0289
    endloop
  endfacet
  facet normal -0.213269 0.676377 0.705004
    outer loop
      vertex 4.60911 -12.678 40
      vertex 3 -11.1962 38.0916
      vertex 3.49148 -13.0304 40
    endloop
  endfacet
  facet normal 0.6924 -0.153478 0.705001
    outer loop
      vertex -11.3253 1.99695 38
      vertex -13.0315 3.48661 40
      vertex -13.2851 2.34252 40
    endloop
  endfacet
  facet normal 0.629081 -0.327452 0.705005
    outer loop
      vertex -12.2238 5.70557 40
      vertex -10.4225 4.86011 38
      vertex -9.95929 5.75 38
    endloop
  endfacet
  facet normal 0.629412 -0.326783 0.705021
    outer loop
      vertex -10.4225 4.86011 38
      vertex -12.2238 5.70557 40
      vertex -12.2261 5.70114 40
    endloop
  endfacet
  facet normal 0.523031 -0.478972 0.704999
    outer loop
      vertex -9.54228 9.53523 40
      vertex -8.13173 8.13173 38
      vertex -9.53891 9.53891 40
    endloop
  endfacet
  facet normal 0.522881 -0.47913 0.705004
    outer loop
      vertex -8.13173 8.13173 38
      vertex -9.54228 9.53523 40
      vertex -8.80951 7.39206 38
    endloop
  endfacet
  facet normal 0.47913 0.522881 0.705004
    outer loop
      vertex -8.13173 -8.13173 38
      vertex -9.53523 -9.54228 40
      vertex -7.39206 -8.80951 38
    endloop
  endfacet
  facet normal 0.478972 0.523031 0.704999
    outer loop
      vertex -9.53523 -9.54228 40
      vertex -8.13173 -8.13173 38
      vertex -9.53891 -9.53891 40
    endloop
  endfacet
  facet normal -0.703136 -0.0925346 0.705009
    outer loop
      vertex 13.4387 1.17574 40
      vertex 13.2858 2.33757 40
      vertex 11.4562 1.00229 38
    endloop
  endfacet
  facet normal 0.629076 -0.327471 0.705
    outer loop
      vertex -9.95929 5.75 38
      vertex -11.6827 6.74503 40
      vertex -12.2238 5.70557 40
    endloop
  endfacet
  facet normal 0.153379 0.692422 0.705001
    outer loop
      vertex -3.49148 -13.0304 40
      vertex -3 -12.4741 39.3467
      vertex -3 -11.1962 38.0916
    endloop
  endfacet
  facet normal 0.156076 0.690992 0.705812
    outer loop
      vertex -3 -12.4741 39.3467
      vertex -3.49148 -13.0304 40
      vertex -3.48661 -13.0315 40
    endloop
  endfacet
  facet normal 0.598149 0.381038 0.705002
    outer loop
      vertex -11.0504 -7.73757 40
      vertex -9.42025 -6.59613 38
      vertex -11.68 -6.74923 40
    endloop
  endfacet
  facet normal 0.629076 0.327471 0.705
    outer loop
      vertex -11.6827 -6.74503 40
      vertex -9.95929 -5.75 38
      vertex -12.2238 -5.70557 40
    endloop
  endfacet
  facet normal -0.523031 -0.478972 0.704999
    outer loop
      vertex 8.13173 8.13173 38
      vertex 9.54228 9.53523 40
      vertex 9.53891 9.53891 40
    endloop
  endfacet
  facet normal -0.522881 -0.47913 0.705004
    outer loop
      vertex 9.54228 9.53523 40
      vertex 8.13173 8.13173 38
      vertex 8.80951 7.39206 38
    endloop
  endfacet
  facet normal 0.383545 -0.596625 0.704934
    outer loop
      vertex -6.74923 11.68 40
      vertex -5.75 9.95929 38
      vertex -6.74503 11.6827 40
    endloop
  endfacet
  facet normal 0.381056 -0.598143 0.704997
    outer loop
      vertex -5.75 9.95929 38
      vertex -6.74923 11.68 40
      vertex -6.59613 9.42025 38
    endloop
  endfacet
  facet normal 0.479135 -0.522872 0.705007
    outer loop
      vertex -7.39206 8.80951 38
      vertex -8.67124 10.334 40
      vertex -9.53523 9.54228 40
    endloop
  endfacet
  facet normal 0.327471 0.629076 0.705
    outer loop
      vertex -5.70557 -12.2238 40
      vertex -5.75 -9.95929 38
      vertex -6.74503 -11.6827 40
    endloop
  endfacet
  facet normal -0.562648 0.43174 0.705002
    outer loop
      vertex 10.337 -8.66728 40
      vertex 11.0504 -7.73757 40
      vertex 9.42025 -6.59613 38
    endloop
  endfacet
  facet normal -0.15339 -0.692404 0.705016
    outer loop
      vertex 3.48661 13.0315 40
      vertex 3 13.1393 40
      vertex 3 12.4741 39.3467
    endloop
  endfacet
  facet normal -0.381056 0.598143 0.704997
    outer loop
      vertex 5.75 -9.95929 38
      vertex 6.74923 -11.68 40
      vertex 6.59613 -9.42025 38
    endloop
  endfacet
  facet normal -0.383545 0.596625 0.704934
    outer loop
      vertex 6.74923 -11.68 40
      vertex 5.75 -9.95929 38
      vertex 6.74503 -11.6827 40
    endloop
  endfacet
  facet normal 0.676368 0.213266 0.705013
    outer loop
      vertex -12.678 -4.60911 40
      vertex -11.1081 -2.97642 38
      vertex -13.0304 -3.49148 40
    endloop
  endfacet
  facet normal -0.213158 0.676421 0.704995
    outer loop
      vertex 3.93323 -10.8065 38
      vertex 4.60911 -12.678 40
      vertex 4.61387 -12.6765 40
    endloop
  endfacet
  facet normal -0.213311 0.676642 0.704737
    outer loop
      vertex 3 -11.1308 38.0289
      vertex 3.93323 -10.8065 38
      vertex 3 -11.1007 38
    endloop
  endfacet
  facet normal -0.213219 0.6764 0.704997
    outer loop
      vertex 3.93323 -10.8065 38
      vertex 3 -11.1308 38.0289
      vertex 4.60911 -12.678 40
    endloop
  endfacet
  facet normal -0.271427 0.655214 0.704997
    outer loop
      vertex 4.61387 -12.6765 40
      vertex 5.69653 -12.228 40
      vertex 3.93323 -10.8065 38
    endloop
  endfacet
  facet normal -0.598149 0.381038 0.705002
    outer loop
      vertex 11.0504 -7.73757 40
      vertex 11.68 -6.74923 40
      vertex 9.42025 -6.59613 38
    endloop
  endfacet
  facet normal 0.479135 0.522872 0.705007
    outer loop
      vertex -8.67124 -10.334 40
      vertex -7.39206 -8.80951 38
      vertex -9.53523 -9.54228 40
    endloop
  endfacet
  facet normal 0.271427 0.655214 0.704997
    outer loop
      vertex -4.61387 -12.6765 40
      vertex -3.93323 -10.8065 38
      vertex -5.69653 -12.228 40
    endloop
  endfacet
  facet normal 0.271427 -0.655214 0.704997
    outer loop
      vertex -3.93323 10.8065 38
      vertex -4.61387 12.6765 40
      vertex -5.69653 12.228 40
    endloop
  endfacet
  facet normal 0.271445 0.655201 0.705003
    outer loop
      vertex -4.86011 -10.4225 38
      vertex -5.69653 -12.228 40
      vertex -3.93323 -10.8065 38
    endloop
  endfacet
  facet normal 0.270254 0.655722 0.704976
    outer loop
      vertex -5.69653 -12.228 40
      vertex -4.86011 -10.4225 38
      vertex -5.70114 -12.2261 40
    endloop
  endfacet
  facet normal -0.708215 0.0426109 0.70471
    outer loop
      vertex 11.5 0 38
      vertex 13.4898 -0.00498616 40
      vertex 13.4901 0 40
    endloop
  endfacet
  facet normal -0.708534 0.0309629 0.704997
    outer loop
      vertex 13.4898 -0.00498616 40
      vertex 11.5 0 38
      vertex 11.4562 -1.00229 38
    endloop
  endfacet
  facet normal 0.676368 -0.213266 0.705013
    outer loop
      vertex -11.1081 2.97642 38
      vertex -12.678 4.60911 40
      vertex -13.0304 3.49148 40
    endloop
  endfacet
  facet normal -0.676403 0.213212 0.704997
    outer loop
      vertex 10.8065 -3.93323 38
      vertex 12.678 -4.60911 40
      vertex 11.1081 -2.97642 38
    endloop
  endfacet
  facet normal -0.676421 0.213158 0.704995
    outer loop
      vertex 12.678 -4.60911 40
      vertex 10.8065 -3.93323 38
      vertex 12.6765 -4.61387 40
    endloop
  endfacet
  facet normal -0.708525 0.0309251 0.705008
    outer loop
      vertex 13.4387 -1.17574 40
      vertex 13.4898 -0.00498616 40
      vertex 11.4562 -1.00229 38
    endloop
  endfacet
  facet normal -0.676368 0.213266 0.705013
    outer loop
      vertex 12.678 -4.60911 40
      vertex 13.0304 -3.49148 40
      vertex 11.1081 -2.97642 38
    endloop
  endfacet
  facet normal -0.708525 -0.0309251 0.705008
    outer loop
      vertex 13.4898 0.00498616 40
      vertex 13.4387 1.17574 40
      vertex 11.4562 1.00229 38
    endloop
  endfacet
  facet normal -0.6924 0.153478 0.705001
    outer loop
      vertex 13.0315 -3.48661 40
      vertex 13.2851 -2.34252 40
      vertex 11.3253 -1.99695 38
    endloop
  endfacet
  facet normal -0.703136 0.0925346 0.705009
    outer loop
      vertex 13.2858 -2.33757 40
      vertex 13.4387 -1.17574 40
      vertex 11.4562 -1.00229 38
    endloop
  endfacet
  facet normal -0.522872 -0.479135 0.705007
    outer loop
      vertex 10.334 8.67124 40
      vertex 9.54228 9.53523 40
      vertex 8.80951 7.39206 38
    endloop
  endfacet
  facet normal -0.655214 0.271427 0.704997
    outer loop
      vertex 12.228 -5.69653 40
      vertex 12.6765 -4.61387 40
      vertex 10.8065 -3.93323 38
    endloop
  endfacet
  facet normal 0.708215 0.0426109 0.70471
    outer loop
      vertex -13.4898 -0.00498616 40
      vertex -11.5 0 38
      vertex -13.4901 0 40
    endloop
  endfacet
  facet normal 0.708534 0.0309629 0.704997
    outer loop
      vertex -11.5 0 38
      vertex -13.4898 -0.00498616 40
      vertex -11.4562 -1.00229 38
    endloop
  endfacet
  facet normal -0.213269 -0.676377 0.705004
    outer loop
      vertex 3 11.1962 38.0916
      vertex 4.60911 12.678 40
      vertex 3.49148 13.0304 40
    endloop
  endfacet
  facet normal -0.213759 -0.676053 0.705166
    outer loop
      vertex 4.60911 12.678 40
      vertex 3 11.1962 38.0916
      vertex 3 11.1308 38.0289
    endloop
  endfacet
  facet normal 0.15339 0.692404 0.705016
    outer loop
      vertex -3 -13.1393 40
      vertex -3 -12.4741 39.3467
      vertex -3.48661 -13.0315 40
    endloop
  endfacet
  facet normal 0.327471 -0.629076 0.705
    outer loop
      vertex -5.75 9.95929 38
      vertex -5.70557 12.2238 40
      vertex -6.74503 11.6827 40
    endloop
  endfacet
  facet normal -0.383545 -0.596625 0.704934
    outer loop
      vertex 5.75 9.95929 38
      vertex 6.74923 11.68 40
      vertex 6.74503 11.6827 40
    endloop
  endfacet
  facet normal -0.381056 -0.598143 0.704997
    outer loop
      vertex 6.74923 11.68 40
      vertex 5.75 9.95929 38
      vertex 6.59613 9.42025 38
    endloop
  endfacet
  facet normal -0.153379 0.692422 0.705001
    outer loop
      vertex 3 -12.4741 39.3467
      vertex 3.49148 -13.0304 40
      vertex 3 -11.1962 38.0916
    endloop
  endfacet
  facet normal -0.156076 0.690992 0.705812
    outer loop
      vertex 3.49148 -13.0304 40
      vertex 3 -12.4741 39.3467
      vertex 3.48661 -13.0315 40
    endloop
  endfacet
  facet normal 0.431738 -0.56265 0.705002
    outer loop
      vertex -8.66728 10.337 40
      vertex -7.39206 8.80951 38
      vertex -6.59613 9.42025 38
    endloop
  endfacet
  facet normal 0.428317 -0.565379 0.704905
    outer loop
      vertex -7.39206 8.80951 38
      vertex -8.66728 10.337 40
      vertex -8.67124 10.334 40
    endloop
  endfacet
  facet normal 0.655214 0.271427 0.704997
    outer loop
      vertex -12.228 -5.69653 40
      vertex -10.8065 -3.93323 38
      vertex -12.6765 -4.61387 40
    endloop
  endfacet
  facet normal 0.213311 -0.676642 0.704737
    outer loop
      vertex -3 11.1308 38.0289
      vertex -3.93323 10.8065 38
      vertex -3 11.1007 38
    endloop
  endfacet
  facet normal 0.213219 -0.6764 0.704997
    outer loop
      vertex -4.60911 12.678 40
      vertex -3.93323 10.8065 38
      vertex -3 11.1308 38.0289
    endloop
  endfacet
  facet normal 0.213158 -0.676421 0.704995
    outer loop
      vertex -3.93323 10.8065 38
      vertex -4.60911 12.678 40
      vertex -4.61387 12.6765 40
    endloop
  endfacet
  facet normal 0.69237 0.153535 0.705018
    outer loop
      vertex -13.0315 -3.48661 40
      vertex -11.1081 -2.97642 38
      vertex -11.3253 -1.99695 38
    endloop
  endfacet
  facet normal 0.69171 0.156238 0.705073
    outer loop
      vertex -11.1081 -2.97642 38
      vertex -13.0315 -3.48661 40
      vertex -13.0304 -3.49148 40
    endloop
  endfacet
  facet normal 0.271445 -0.655201 0.705003
    outer loop
      vertex -5.69653 12.228 40
      vertex -4.86011 10.4225 38
      vertex -3.93323 10.8065 38
    endloop
  endfacet
  facet normal 0.270254 -0.655722 0.704976
    outer loop
      vertex -4.86011 10.4225 38
      vertex -5.69653 12.228 40
      vertex -5.70114 12.2261 40
    endloop
  endfacet
  facet normal 0.522872 0.479135 0.705007
    outer loop
      vertex -9.54228 -9.53523 40
      vertex -8.80951 -7.39206 38
      vertex -10.334 -8.67124 40
    endloop
  endfacet
  facet normal 0.6924 0.153478 0.705001
    outer loop
      vertex -13.0315 -3.48661 40
      vertex -11.3253 -1.99695 38
      vertex -13.2851 -2.34252 40
    endloop
  endfacet
  facet normal -0.327471 -0.629076 0.705
    outer loop
      vertex 5.75 9.95929 38
      vertex 6.74503 11.6827 40
      vertex 5.70557 12.2238 40
    endloop
  endfacet
  facet normal -0.479135 -0.522872 0.705007
    outer loop
      vertex 9.53523 9.54228 40
      vertex 8.67124 10.334 40
      vertex 7.39206 8.80951 38
    endloop
  endfacet
  facet normal 0.522872 -0.479135 0.705007
    outer loop
      vertex -8.80951 7.39206 38
      vertex -9.54228 9.53523 40
      vertex -10.334 8.67124 40
    endloop
  endfacet
  facet normal -0.69171 -0.156238 0.705073
    outer loop
      vertex 11.1081 2.97642 38
      vertex 13.0315 3.48661 40
      vertex 13.0304 3.49148 40
    endloop
  endfacet
  facet normal -0.69237 -0.153535 0.705018
    outer loop
      vertex 13.0315 3.48661 40
      vertex 11.1081 2.97642 38
      vertex 11.3253 1.99695 38
    endloop
  endfacet
  facet normal -0.629412 -0.326783 0.705021
    outer loop
      vertex 12.2238 5.70557 40
      vertex 10.4225 4.86011 38
      vertex 12.2261 5.70114 40
    endloop
  endfacet
  facet normal -0.629081 -0.327452 0.705005
    outer loop
      vertex 10.4225 4.86011 38
      vertex 12.2238 5.70557 40
      vertex 9.95929 5.75 38
    endloop
  endfacet
  facet normal -0.43174 -0.562648 0.705002
    outer loop
      vertex 8.66728 10.337 40
      vertex 7.73757 11.0504 40
      vertex 6.59613 9.42025 38
    endloop
  endfacet
  facet normal -0.327471 0.629076 0.705
    outer loop
      vertex 6.74503 -11.6827 40
      vertex 5.75 -9.95929 38
      vertex 5.70557 -12.2238 40
    endloop
  endfacet
  facet normal -0.479135 0.522872 0.705007
    outer loop
      vertex 8.67124 -10.334 40
      vertex 9.53523 -9.54228 40
      vertex 7.39206 -8.80951 38
    endloop
  endfacet
  facet normal -0.629076 0.327471 0.705
    outer loop
      vertex 11.6827 -6.74503 40
      vertex 12.2238 -5.70557 40
      vertex 9.95929 -5.75 38
    endloop
  endfacet
  facet normal -0.522872 0.479135 0.705007
    outer loop
      vertex 9.54228 -9.53523 40
      vertex 10.334 -8.67124 40
      vertex 8.80951 -7.39206 38
    endloop
  endfacet
  facet normal -0.522881 0.47913 0.705004
    outer loop
      vertex 8.13173 -8.13173 38
      vertex 9.54228 -9.53523 40
      vertex 8.80951 -7.39206 38
    endloop
  endfacet
  facet normal -0.523031 0.478972 0.704999
    outer loop
      vertex 9.54228 -9.53523 40
      vertex 8.13173 -8.13173 38
      vertex 9.53891 -9.53891 40
    endloop
  endfacet
  facet normal -0.655201 0.271445 0.705003
    outer loop
      vertex 10.4225 -4.86011 38
      vertex 12.228 -5.69653 40
      vertex 10.8065 -3.93323 38
    endloop
  endfacet
  facet normal -0.655722 0.270254 0.704976
    outer loop
      vertex 12.228 -5.69653 40
      vertex 10.4225 -4.86011 38
      vertex 12.2261 -5.70114 40
    endloop
  endfacet
  facet normal 0.381038 -0.598149 0.705002
    outer loop
      vertex -6.59613 9.42025 38
      vertex -6.74923 11.68 40
      vertex -7.73757 11.0504 40
    endloop
  endfacet
  facet normal -0.703136 0.0925346 0.705009
    outer loop
      vertex 11.3253 -1.99695 38
      vertex 13.2858 -2.33757 40
      vertex 11.4562 -1.00229 38
    endloop
  endfacet
  facet normal -0.70209 0.0992854 0.705133
    outer loop
      vertex 13.2858 -2.33757 40
      vertex 11.3253 -1.99695 38
      vertex 13.2851 -2.34252 40
    endloop
  endfacet
  facet normal -0.6924 -0.153478 0.705001
    outer loop
      vertex 13.2851 2.34252 40
      vertex 13.0315 3.48661 40
      vertex 11.3253 1.99695 38
    endloop
  endfacet
  facet normal -0.70209 -0.0992854 0.705133
    outer loop
      vertex 11.3253 1.99695 38
      vertex 13.2858 2.33757 40
      vertex 13.2851 2.34252 40
    endloop
  endfacet
  facet normal -0.703136 -0.0925346 0.705009
    outer loop
      vertex 13.2858 2.33757 40
      vertex 11.3253 1.99695 38
      vertex 11.4562 1.00229 38
    endloop
  endfacet
  facet normal 0.522881 0.47913 0.705004
    outer loop
      vertex -9.54228 -9.53523 40
      vertex -8.13173 -8.13173 38
      vertex -8.80951 -7.39206 38
    endloop
  endfacet
  facet normal 0.523031 0.478972 0.704999
    outer loop
      vertex -8.13173 -8.13173 38
      vertex -9.54228 -9.53523 40
      vertex -9.53891 -9.53891 40
    endloop
  endfacet
  facet normal 0.703136 0.0925346 0.705009
    outer loop
      vertex -13.2858 -2.33757 40
      vertex -11.3253 -1.99695 38
      vertex -11.4562 -1.00229 38
    endloop
  endfacet
  facet normal 0.70209 0.0992854 0.705133
    outer loop
      vertex -11.3253 -1.99695 38
      vertex -13.2858 -2.33757 40
      vertex -13.2851 -2.34252 40
    endloop
  endfacet
  facet normal -0.596625 0.383545 0.704934
    outer loop
      vertex 9.95929 -5.75 38
      vertex 11.68 -6.74923 40
      vertex 11.6827 -6.74503 40
    endloop
  endfacet
  facet normal -0.598143 0.381056 0.704997
    outer loop
      vertex 11.68 -6.74923 40
      vertex 9.95929 -5.75 38
      vertex 9.42025 -6.59613 38
    endloop
  endfacet
  facet normal 0.213759 0.676053 0.705166
    outer loop
      vertex -4.60911 -12.678 40
      vertex -3 -11.1962 38.0916
      vertex -3 -11.1308 38.0289
    endloop
  endfacet
  facet normal 0.213269 0.676377 0.705004
    outer loop
      vertex -3 -11.1962 38.0916
      vertex -4.60911 -12.678 40
      vertex -3.49148 -13.0304 40
    endloop
  endfacet
  facet normal 0.629081 0.327452 0.705005
    outer loop
      vertex -10.4225 -4.86011 38
      vertex -12.2238 -5.70557 40
      vertex -9.95929 -5.75 38
    endloop
  endfacet
  facet normal 0.629412 0.326783 0.705021
    outer loop
      vertex -12.2238 -5.70557 40
      vertex -10.4225 -4.86011 38
      vertex -12.2261 -5.70114 40
    endloop
  endfacet
  facet normal 0.655201 0.271445 0.705003
    outer loop
      vertex -12.228 -5.69653 40
      vertex -10.4225 -4.86011 38
      vertex -10.8065 -3.93323 38
    endloop
  endfacet
  facet normal 0.655722 0.270254 0.704976
    outer loop
      vertex -10.4225 -4.86011 38
      vertex -12.228 -5.69653 40
      vertex -12.2261 -5.70114 40
    endloop
  endfacet
  facet normal 0.326783 0.629412 0.705021
    outer loop
      vertex -4.86011 -10.4225 38
      vertex -5.70557 -12.2238 40
      vertex -5.70114 -12.2261 40
    endloop
  endfacet
  facet normal 0.327452 0.629081 0.705005
    outer loop
      vertex -5.70557 -12.2238 40
      vertex -4.86011 -10.4225 38
      vertex -5.75 -9.95929 38
    endloop
  endfacet
  facet normal 0.598143 -0.381056 0.704997
    outer loop
      vertex -11.68 6.74923 40
      vertex -9.95929 5.75 38
      vertex -9.42025 6.59613 38
    endloop
  endfacet
  facet normal 0.596625 -0.383545 0.704934
    outer loop
      vertex -9.95929 5.75 38
      vertex -11.68 6.74923 40
      vertex -11.6827 6.74503 40
    endloop
  endfacet
  facet normal 0.655722 -0.270254 0.704976
    outer loop
      vertex -12.228 5.69653 40
      vertex -10.4225 4.86011 38
      vertex -12.2261 5.70114 40
    endloop
  endfacet
  facet normal 0.655201 -0.271445 0.705003
    outer loop
      vertex -10.4225 4.86011 38
      vertex -12.228 5.69653 40
      vertex -10.8065 3.93323 38
    endloop
  endfacet
  facet normal 0.676421 -0.213158 0.704995
    outer loop
      vertex -12.678 4.60911 40
      vertex -10.8065 3.93323 38
      vertex -12.6765 4.61387 40
    endloop
  endfacet
  facet normal 0.676403 -0.213212 0.704997
    outer loop
      vertex -10.8065 3.93323 38
      vertex -12.678 4.60911 40
      vertex -11.1081 2.97642 38
    endloop
  endfacet
  facet normal 0.15339 -0.692404 0.705016
    outer loop
      vertex -3 12.4741 39.3467
      vertex -3 13.1393 40
      vertex -3.48661 13.0315 40
    endloop
  endfacet
  facet normal -0.270254 -0.655722 0.704976
    outer loop
      vertex 5.69653 12.228 40
      vertex 4.86011 10.4225 38
      vertex 5.70114 12.2261 40
    endloop
  endfacet
  facet normal -0.271445 -0.655201 0.705003
    outer loop
      vertex 4.86011 10.4225 38
      vertex 5.69653 12.228 40
      vertex 3.93323 10.8065 38
    endloop
  endfacet
  facet normal 0.703136 -0.0925346 0.705009
    outer loop
      vertex -11.4562 1.00229 38
      vertex -13.2858 2.33757 40
      vertex -13.4387 1.17574 40
    endloop
  endfacet
  facet normal 0.70209 -0.0992854 0.705133
    outer loop
      vertex -13.2858 2.33757 40
      vertex -11.3253 1.99695 38
      vertex -13.2851 2.34252 40
    endloop
  endfacet
  facet normal 0.703136 -0.0925346 0.705009
    outer loop
      vertex -11.3253 1.99695 38
      vertex -13.2858 2.33757 40
      vertex -11.4562 1.00229 38
    endloop
  endfacet
  facet normal -0.478972 -0.523031 0.704999
    outer loop
      vertex 9.53523 9.54228 40
      vertex 8.13173 8.13173 38
      vertex 9.53891 9.53891 40
    endloop
  endfacet
  facet normal -0.47913 -0.522881 0.705004
    outer loop
      vertex 8.13173 8.13173 38
      vertex 9.53523 9.54228 40
      vertex 7.39206 8.80951 38
    endloop
  endfacet
  facet normal -0.381038 0.598149 0.705002
    outer loop
      vertex 6.74923 -11.68 40
      vertex 7.73757 -11.0504 40
      vertex 6.59613 -9.42025 38
    endloop
  endfacet
  facet normal 0.381038 0.598149 0.705002
    outer loop
      vertex -6.74923 -11.68 40
      vertex -6.59613 -9.42025 38
      vertex -7.73757 -11.0504 40
    endloop
  endfacet
  facet normal -0.565379 -0.428317 0.704905
    outer loop
      vertex 8.80951 7.39206 38
      vertex 10.337 8.66728 40
      vertex 10.334 8.67124 40
    endloop
  endfacet
  facet normal -0.56265 -0.431738 0.705002
    outer loop
      vertex 10.337 8.66728 40
      vertex 8.80951 7.39206 38
      vertex 9.42025 6.59613 38
    endloop
  endfacet
  facet normal -0.562648 -0.43174 0.705002
    outer loop
      vertex 11.0504 7.73757 40
      vertex 10.337 8.66728 40
      vertex 9.42025 6.59613 38
    endloop
  endfacet
  facet normal 0.156076 -0.690992 0.705812
    outer loop
      vertex -3.49148 13.0304 40
      vertex -3 12.4741 39.3467
      vertex -3.48661 13.0315 40
    endloop
  endfacet
  facet normal 0.153379 -0.692422 0.705001
    outer loop
      vertex -3 12.4741 39.3467
      vertex -3.49148 13.0304 40
      vertex -3 11.1962 38.0916
    endloop
  endfacet
  facet normal -0.598149 -0.381038 0.705002
    outer loop
      vertex 11.68 6.74923 40
      vertex 11.0504 7.73757 40
      vertex 9.42025 6.59613 38
    endloop
  endfacet
  facet normal -0.596625 -0.383545 0.704934
    outer loop
      vertex 11.68 6.74923 40
      vertex 9.95929 5.75 38
      vertex 11.6827 6.74503 40
    endloop
  endfacet
  facet normal -0.598143 -0.381056 0.704997
    outer loop
      vertex 9.95929 5.75 38
      vertex 11.68 6.74923 40
      vertex 9.42025 6.59613 38
    endloop
  endfacet
  facet normal 0.708525 0.0309251 0.705008
    outer loop
      vertex -13.4387 -1.17574 40
      vertex -11.4562 -1.00229 38
      vertex -13.4898 -0.00498616 40
    endloop
  endfacet
  facet normal 0.43174 -0.562648 0.705002
    outer loop
      vertex -6.59613 9.42025 38
      vertex -7.73757 11.0504 40
      vertex -8.66728 10.337 40
    endloop
  endfacet
  facet normal 0.56265 0.431738 0.705002
    outer loop
      vertex -10.337 -8.66728 40
      vertex -8.80951 -7.39206 38
      vertex -9.42025 -6.59613 38
    endloop
  endfacet
  facet normal 0.565379 0.428317 0.704905
    outer loop
      vertex -8.80951 -7.39206 38
      vertex -10.337 -8.66728 40
      vertex -10.334 -8.67124 40
    endloop
  endfacet
  facet normal -0.43174 0.562648 0.705002
    outer loop
      vertex 7.73757 -11.0504 40
      vertex 8.66728 -10.337 40
      vertex 6.59613 -9.42025 38
    endloop
  endfacet
  facet normal 0.598143 0.381056 0.704997
    outer loop
      vertex -9.95929 -5.75 38
      vertex -11.68 -6.74923 40
      vertex -9.42025 -6.59613 38
    endloop
  endfacet
  facet normal 0.596625 0.383545 0.704934
    outer loop
      vertex -11.68 -6.74923 40
      vertex -9.95929 -5.75 38
      vertex -11.6827 -6.74503 40
    endloop
  endfacet
  facet normal 0.562648 0.43174 0.705002
    outer loop
      vertex -10.337 -8.66728 40
      vertex -9.42025 -6.59613 38
      vertex -11.0504 -7.73757 40
    endloop
  endfacet
  facet normal 0.43174 0.562648 0.705002
    outer loop
      vertex -7.73757 -11.0504 40
      vertex -6.59613 -9.42025 38
      vertex -8.66728 -10.337 40
    endloop
  endfacet
  facet normal 0.431738 0.56265 0.705002
    outer loop
      vertex -7.39206 -8.80951 38
      vertex -8.66728 -10.337 40
      vertex -6.59613 -9.42025 38
    endloop
  endfacet
  facet normal 0.428317 0.565379 0.704905
    outer loop
      vertex -8.66728 -10.337 40
      vertex -7.39206 -8.80951 38
      vertex -8.67124 -10.334 40
    endloop
  endfacet
  facet normal 0.213311 0.676642 0.704737
    outer loop
      vertex -3.93323 -10.8065 38
      vertex -3 -11.1308 38.0289
      vertex -3 -11.1007 38
    endloop
  endfacet
  facet normal 0.213219 0.6764 0.704997
    outer loop
      vertex -3.93323 -10.8065 38
      vertex -4.60911 -12.678 40
      vertex -3 -11.1308 38.0289
    endloop
  endfacet
  facet normal 0.213158 0.676421 0.704995
    outer loop
      vertex -4.60911 -12.678 40
      vertex -3.93323 -10.8065 38
      vertex -4.61387 -12.6765 40
    endloop
  endfacet
  facet normal 0.598149 -0.381038 0.705002
    outer loop
      vertex -9.42025 6.59613 38
      vertex -11.0504 7.73757 40
      vertex -11.68 6.74923 40
    endloop
  endfacet
  facet normal 0.562648 -0.43174 0.705002
    outer loop
      vertex -9.42025 6.59613 38
      vertex -10.337 8.66728 40
      vertex -11.0504 7.73757 40
    endloop
  endfacet
  facet normal 0 -0.216418 0.976301
    outer loop
      vertex -14.6689 0.711752 7.3437
      vertex -11.4792 0.477532 7.29178
      vertex -11.4689 0.711752 7.3437
    endloop
  endfacet
  facet normal 0 -0.216418 0.976301
    outer loop
      vertex -11.4792 0.477532 7.29178
      vertex -14.6689 0.711752 7.3437
      vertex -14.6792 0.477532 7.29178
    endloop
  endfacet
  facet normal 0 -0.216418 0.976301
    outer loop
      vertex 14.6689 0.711752 7.3437
      vertex 11.4792 0.477532 7.29178
      vertex 14.6792 0.477532 7.29178
    endloop
  endfacet
  facet normal 0 -0.216418 0.976301
    outer loop
      vertex 11.4792 0.477532 7.29178
      vertex 14.6689 0.711752 7.3437
      vertex 11.4689 0.711752 7.3437
    endloop
  endfacet
  facet normal 0 -0.976301 0.216418
    outer loop
      vertex -11.1791 2.6563 9.28825
      vertex -14.4422 2.70822 9.52247
      vertex -14.4537 2.6563 9.28825
    endloop
  endfacet
  facet normal 0 -0.976301 0.216418
    outer loop
      vertex -14.4422 2.70822 9.52247
      vertex -11.1791 2.6563 9.28825
      vertex -11.1676 2.70822 9.52247
    endloop
  endfacet
  facet normal 0 -0.976301 0.216418
    outer loop
      vertex 11.1791 2.6563 9.28825
      vertex 14.4422 2.70822 9.52247
      vertex 11.1676 2.70822 9.52247
    endloop
  endfacet
  facet normal 0 -0.976301 0.216418
    outer loop
      vertex 14.4422 2.70822 9.52247
      vertex 11.1791 2.6563 9.28825
      vertex 14.4537 2.6563 9.28825
    endloop
  endfacet
  facet normal 0 -0.537304 0.843388
    outer loop
      vertex -14.6051 1.57733 7.74733
      vertex -11.4072 1.375 7.61843
      vertex -11.3805 1.57733 7.74733
    endloop
  endfacet
  facet normal 0 -0.537304 0.843388
    outer loop
      vertex -11.4072 1.375 7.61843
      vertex -14.6051 1.57733 7.74733
      vertex -14.6317 1.375 7.61843
    endloop
  endfacet
  facet normal 0 -0.537304 0.843388
    outer loop
      vertex 14.6051 1.57733 7.74733
      vertex 11.4072 1.375 7.61843
      vertex 14.6317 1.375 7.61843
    endloop
  endfacet
  facet normal 0 -0.537304 0.843388
    outer loop
      vertex 11.4072 1.375 7.61843
      vertex 14.6051 1.57733 7.74733
      vertex 11.3805 1.57733 7.74733
    endloop
  endfacet
  facet normal 0 -0.843352 -0.537361
    outer loop
      vertex -14.4992 2.38157 11.375
      vertex -11.2686 2.25267 11.5773
      vertex -14.5162 2.25267 11.5773
    endloop
  endfacet
  facet normal 0 -0.843352 -0.537361
    outer loop
      vertex -11.2686 2.25267 11.5773
      vertex -14.4992 2.38157 11.375
      vertex -11.24 2.38157 11.375
    endloop
  endfacet
  facet normal -0 -0.843352 -0.537361
    outer loop
      vertex 14.4992 2.38157 11.375
      vertex 11.2686 2.25267 11.5773
      vertex 11.24 2.38157 11.375
    endloop
  endfacet
  facet normal 0 -0.843352 -0.537361
    outer loop
      vertex 11.2686 2.25267 11.5773
      vertex 14.4992 2.38157 11.375
      vertex 14.5162 2.25267 11.5773
    endloop
  endfacet
  facet normal 0 -0.0436006 0.999049
    outer loop
      vertex -14.6895 0.239677 7.26046
      vertex -11.5 0 7.25
      vertex -11.4895 0.239677 7.26046
    endloop
  endfacet
  facet normal 0 -0.0436006 0.999049
    outer loop
      vertex -11.5 0 7.25
      vertex -14.6895 0.239677 7.26046
      vertex -14.7 0 7.25
    endloop
  endfacet
  facet normal 0 -0.0436006 0.999049
    outer loop
      vertex 14.6895 0.239677 7.26046
      vertex 11.5 0 7.25
      vertex 14.7 0 7.25
    endloop
  endfacet
  facet normal 0 -0.0436006 0.999049
    outer loop
      vertex 11.5 0 7.25
      vertex 14.6895 0.239677 7.26046
      vertex 11.4895 0.239677 7.26046
    endloop
  endfacet
  facet normal 0 0.793344 0.608774
    outer loop
      vertex -11.301 -2.10662 8.23233
      vertex -14.5162 -2.25267 8.42266
      vertex -11.2686 -2.25267 8.42266
    endloop
  endfacet
  facet normal 0 0.793344 0.608774
    outer loop
      vertex -14.5162 -2.25267 8.42266
      vertex -11.301 -2.10662 8.23233
      vertex -14.5354 -2.10662 8.23233
    endloop
  endfacet
  facet normal -0 0.793344 0.608774
    outer loop
      vertex 11.301 -2.10662 8.23233
      vertex 14.5162 -2.25267 8.42266
      vertex 14.5354 -2.10662 8.23233
    endloop
  endfacet
  facet normal 0 0.793344 0.608774
    outer loop
      vertex 14.5162 -2.25267 8.42266
      vertex 11.301 -2.10662 8.23233
      vertex 11.2686 -2.25267 8.42266
    endloop
  endfacet
  facet normal 0 -0.300549 -0.953766
    outer loop
      vertex -11.4689 0.711752 12.6563
      vertex -14.6589 0.940555 12.5842
      vertex -11.4589 0.940555 12.5842
    endloop
  endfacet
  facet normal 0 -0.300549 -0.953766
    outer loop
      vertex -14.6589 0.940555 12.5842
      vertex -11.4689 0.711752 12.6563
      vertex -14.6689 0.711752 12.6563
    endloop
  endfacet
  facet normal 0 -0.300549 -0.953766
    outer loop
      vertex 11.4689 0.711752 12.6563
      vertex 14.6589 0.940555 12.5842
      vertex 14.6689 0.711752 12.6563
    endloop
  endfacet
  facet normal -0 -0.300549 -0.953766
    outer loop
      vertex 14.6589 0.940555 12.5842
      vertex 11.4689 0.711752 12.6563
      vertex 11.4589 0.940555 12.5842
    endloop
  endfacet
  facet normal 0 -0.382995 -0.923751
    outer loop
      vertex -11.4562 1.00229 12.5586
      vertex -14.6493 1.1622 12.4923
      vertex -11.4352 1.1622 12.4923
    endloop
  endfacet
  facet normal -3.1117e-06 -0.383048 -0.923729
    outer loop
      vertex -11.4589 0.940555 12.5842
      vertex -14.6493 1.1622 12.4923
      vertex -11.4562 1.00229 12.5586
    endloop
  endfacet
  facet normal 0 -0.383009 -0.923744
    outer loop
      vertex -14.6493 1.1622 12.4923
      vertex -11.4589 0.940555 12.5842
      vertex -14.6589 0.940555 12.5842
    endloop
  endfacet
  facet normal 0 -0.383009 -0.923744
    outer loop
      vertex 11.4589 0.940555 12.5842
      vertex 14.6493 1.1622 12.4923
      vertex 14.6589 0.940555 12.5842
    endloop
  endfacet
  facet normal 3.1117e-06 -0.383048 -0.923729
    outer loop
      vertex 11.4562 1.00229 12.5586
      vertex 14.6493 1.1622 12.4923
      vertex 11.4589 0.940555 12.5842
    endloop
  endfacet
  facet normal -0 -0.382995 -0.923751
    outer loop
      vertex 14.6493 1.1622 12.4923
      vertex 11.4562 1.00229 12.5586
      vertex 11.4352 1.1622 12.4923
    endloop
  endfacet
  facet normal 0 0.608885 -0.793259
    outer loop
      vertex -14.58 -1.76767 12.1066
      vertex -11.3805 -1.57733 12.2527
      vertex -11.3555 -1.76767 12.1066
    endloop
  endfacet
  facet normal 0 0.608885 -0.793259
    outer loop
      vertex -11.3805 -1.57733 12.2527
      vertex -14.58 -1.76767 12.1066
      vertex -14.6051 -1.57733 12.2527
    endloop
  endfacet
  facet normal 0 0.608885 -0.793259
    outer loop
      vertex 14.58 -1.76767 12.1066
      vertex 11.3805 -1.57733 12.2527
      vertex 14.6051 -1.57733 12.2527
    endloop
  endfacet
  facet normal 0 0.608885 -0.793259
    outer loop
      vertex 11.3805 -1.57733 12.2527
      vertex 14.58 -1.76767 12.1066
      vertex 11.3555 -1.76767 12.1066
    endloop
  endfacet
  facet normal 0 -0.991441 0.130553
    outer loop
      vertex -11.1676 2.70822 9.52247
      vertex -14.4352 2.73954 9.76032
      vertex -14.4422 2.70822 9.52247
    endloop
  endfacet
  facet normal 0 -0.991441 0.130553
    outer loop
      vertex -14.4352 2.73954 9.76032
      vertex -11.1676 2.70822 9.52247
      vertex -11.1607 2.73954 9.76032
    endloop
  endfacet
  facet normal 0 -0.991441 0.130553
    outer loop
      vertex 11.1676 2.70822 9.52247
      vertex 14.4352 2.73954 9.76032
      vertex 11.1607 2.73954 9.76032
    endloop
  endfacet
  facet normal 0 -0.991441 0.130553
    outer loop
      vertex 14.4352 2.73954 9.76032
      vertex 11.1676 2.70822 9.52247
      vertex 14.4422 2.70822 9.52247
    endloop
  endfacet
  facet normal 0 0.887005 0.46176
    outer loop
      vertex -11.24 -2.38157 8.625
      vertex -14.4846 -2.49235 8.8378
      vertex -11.2155 -2.49235 8.8378
    endloop
  endfacet
  facet normal 0 0.887005 0.46176
    outer loop
      vertex -14.4846 -2.49235 8.8378
      vertex -11.24 -2.38157 8.625
      vertex -14.4992 -2.38157 8.625
    endloop
  endfacet
  facet normal -0 0.887005 0.46176
    outer loop
      vertex 11.24 -2.38157 8.625
      vertex 14.4846 -2.49235 8.8378
      vertex 14.4992 -2.38157 8.625
    endloop
  endfacet
  facet normal 0 0.887005 0.46176
    outer loop
      vertex 14.4846 -2.49235 8.8378
      vertex 11.24 -2.38157 8.625
      vertex 11.2155 -2.49235 8.8378
    endloop
  endfacet
  facet normal 0 0.608754 0.793359
    outer loop
      vertex -11.3805 -1.57733 7.74733
      vertex -14.58 -1.76767 7.89338
      vertex -11.3555 -1.76767 7.89338
    endloop
  endfacet
  facet normal 0 0.608754 0.793359
    outer loop
      vertex -14.58 -1.76767 7.89338
      vertex -11.3805 -1.57733 7.74733
      vertex -14.6051 -1.57733 7.74733
    endloop
  endfacet
  facet normal -0 0.608754 0.793359
    outer loop
      vertex 11.3805 -1.57733 7.74733
      vertex 14.58 -1.76767 7.89338
      vertex 14.6051 -1.57733 7.74733
    endloop
  endfacet
  facet normal 0 0.608754 0.793359
    outer loop
      vertex 14.58 -1.76767 7.89338
      vertex 11.3805 -1.57733 7.74733
      vertex 11.3555 -1.76767 7.89338
    endloop
  endfacet
  facet normal 0 -0.675609 0.73726
    outer loop
      vertex -14.5567 1.94454 8.05546
      vertex -11.3555 1.76767 7.89338
      vertex -11.3322 1.94454 8.05546
    endloop
  endfacet
  facet normal 0 -0.675609 0.73726
    outer loop
      vertex -11.3555 1.76767 7.89338
      vertex -14.5567 1.94454 8.05546
      vertex -14.58 1.76767 7.89338
    endloop
  endfacet
  facet normal 0 -0.675609 0.73726
    outer loop
      vertex 14.5567 1.94454 8.05546
      vertex 11.3555 1.76767 7.89338
      vertex 14.58 1.76767 7.89338
    endloop
  endfacet
  facet normal 0 -0.675609 0.73726
    outer loop
      vertex 11.3555 1.76767 7.89338
      vertex 14.5567 1.94454 8.05546
      vertex 11.3322 1.94454 8.05546
    endloop
  endfacet
  facet normal 0 -0.887005 0.46176
    outer loop
      vertex -11.24 2.38157 8.625
      vertex -14.4846 2.49235 8.8378
      vertex -14.4992 2.38157 8.625
    endloop
  endfacet
  facet normal 0 -0.887005 0.46176
    outer loop
      vertex -14.4846 2.49235 8.8378
      vertex -11.24 2.38157 8.625
      vertex -11.2155 2.49235 8.8378
    endloop
  endfacet
  facet normal 0 -0.887005 0.46176
    outer loop
      vertex 11.24 2.38157 8.625
      vertex 14.4846 2.49235 8.8378
      vertex 11.2155 2.49235 8.8378
    endloop
  endfacet
  facet normal 0 -0.887005 0.46176
    outer loop
      vertex 14.4846 2.49235 8.8378
      vertex 11.24 2.38157 8.625
      vertex 14.4992 2.38157 8.625
    endloop
  endfacet
  facet normal 0 -0.793452 -0.608633
    outer loop
      vertex -14.5162 2.25267 11.5773
      vertex -11.301 2.10662 11.7677
      vertex -14.5354 2.10662 11.7677
    endloop
  endfacet
  facet normal 0 -0.793452 -0.608633
    outer loop
      vertex -11.301 2.10662 11.7677
      vertex -14.5162 2.25267 11.5773
      vertex -11.2686 2.25267 11.5773
    endloop
  endfacet
  facet normal -0 -0.793452 -0.608633
    outer loop
      vertex 14.5162 2.25267 11.5773
      vertex 11.301 2.10662 11.7677
      vertex 11.2686 2.25267 11.5773
    endloop
  endfacet
  facet normal 0 -0.793452 -0.608633
    outer loop
      vertex 11.301 2.10662 11.7677
      vertex 14.5162 2.25267 11.5773
      vertex 14.5354 2.10662 11.7677
    endloop
  endfacet
  facet normal 0 -0.887005 -0.46176
    outer loop
      vertex -14.4846 2.49235 11.1622
      vertex -11.24 2.38157 11.375
      vertex -14.4992 2.38157 11.375
    endloop
  endfacet
  facet normal 0 -0.887005 -0.46176
    outer loop
      vertex -11.24 2.38157 11.375
      vertex -14.4846 2.49235 11.1622
      vertex -11.2155 2.49235 11.1622
    endloop
  endfacet
  facet normal -0 -0.887005 -0.46176
    outer loop
      vertex 14.4846 2.49235 11.1622
      vertex 11.24 2.38157 11.375
      vertex 11.2155 2.49235 11.1622
    endloop
  endfacet
  facet normal 0 -0.887005 -0.46176
    outer loop
      vertex 11.24 2.38157 11.375
      vertex 14.4846 2.49235 11.1622
      vertex 14.4992 2.38157 11.375
    endloop
  endfacet
  facet normal -2.98492e-06 -0.923904 0.382624
    outer loop
      vertex -11.2155 2.49235 8.8378
      vertex -14.4697 2.58415 9.05944
      vertex -14.4767 2.55263 8.98333
    endloop
  endfacet
  facet normal 0 -0.923881 0.382681
    outer loop
      vertex -11.2155 2.49235 8.8378
      vertex -14.4767 2.55263 8.98333
      vertex -14.4846 2.49235 8.8378
    endloop
  endfacet
  facet normal 0 -0.923889 0.382661
    outer loop
      vertex -14.4697 2.58415 9.05944
      vertex -11.2155 2.49235 8.8378
      vertex -11.1951 2.58415 9.05944
    endloop
  endfacet
  facet normal 0 -0.923889 0.382661
    outer loop
      vertex 11.2155 2.49235 8.8378
      vertex 14.4697 2.58415 9.05944
      vertex 11.1951 2.58415 9.05944
    endloop
  endfacet
  facet normal 2.98492e-06 -0.923904 0.382624
    outer loop
      vertex 14.4697 2.58415 9.05944
      vertex 11.2155 2.49235 8.8378
      vertex 14.4767 2.55263 8.98333
    endloop
  endfacet
  facet normal 0 -0.923881 0.382681
    outer loop
      vertex 14.4767 2.55263 8.98333
      vertex 11.2155 2.49235 8.8378
      vertex 14.4846 2.49235 8.8378
    endloop
  endfacet
  facet normal -1.95396e-05 0.737303 -0.675562
    outer loop
      vertex -14.5354 -2.10662 11.7677
      vertex -11.3322 -1.94454 11.9445
      vertex -11.3253 -1.99695 11.8873
    endloop
  endfacet
  facet normal 0 0.737042 -0.675847
    outer loop
      vertex -14.5354 -2.10662 11.7677
      vertex -11.3253 -1.99695 11.8873
      vertex -11.301 -2.10662 11.7677
    endloop
  endfacet
  facet normal 0 0.737126 -0.675755
    outer loop
      vertex -11.3322 -1.94454 11.9445
      vertex -14.5354 -2.10662 11.7677
      vertex -14.5567 -1.94454 11.9445
    endloop
  endfacet
  facet normal 0 0.737126 -0.675755
    outer loop
      vertex 14.5354 -2.10662 11.7677
      vertex 11.3322 -1.94454 11.9445
      vertex 14.5567 -1.94454 11.9445
    endloop
  endfacet
  facet normal 1.95396e-05 0.737303 -0.675562
    outer loop
      vertex 11.3322 -1.94454 11.9445
      vertex 14.5354 -2.10662 11.7677
      vertex 11.3253 -1.99695 11.8873
    endloop
  endfacet
  facet normal 0 0.737042 -0.675847
    outer loop
      vertex 11.3253 -1.99695 11.8873
      vertex 14.5354 -2.10662 11.7677
      vertex 11.301 -2.10662 11.7677
    endloop
  endfacet
  facet normal 0 -0.382649 0.923894
    outer loop
      vertex -14.6493 1.1622 7.50765
      vertex -11.4562 1.00229 7.44142
      vertex -11.4352 1.1622 7.50765
    endloop
  endfacet
  facet normal -8.36469e-06 -0.382792 0.923835
    outer loop
      vertex -14.6493 1.1622 7.50765
      vertex -11.4589 0.940555 7.41584
      vertex -11.4562 1.00229 7.44142
    endloop
  endfacet
  facet normal 0 -0.382689 0.923877
    outer loop
      vertex -11.4589 0.940555 7.41584
      vertex -14.6493 1.1622 7.50765
      vertex -14.6589 0.940555 7.41584
    endloop
  endfacet
  facet normal 0 -0.382689 0.923877
    outer loop
      vertex 14.6493 1.1622 7.50765
      vertex 11.4589 0.940555 7.41584
      vertex 14.6589 0.940555 7.41584
    endloop
  endfacet
  facet normal 8.36469e-06 -0.382792 0.923835
    outer loop
      vertex 14.6493 1.1622 7.50765
      vertex 11.4562 1.00229 7.44142
      vertex 11.4589 0.940555 7.41584
    endloop
  endfacet
  facet normal 0 -0.382649 0.923894
    outer loop
      vertex 11.4562 1.00229 7.44142
      vertex 14.6493 1.1622 7.50765
      vertex 11.4352 1.1622 7.50765
    endloop
  endfacet
  facet normal 0 0.887005 -0.46176
    outer loop
      vertex -14.4846 -2.49235 11.1622
      vertex -11.24 -2.38157 11.375
      vertex -11.2155 -2.49235 11.1622
    endloop
  endfacet
  facet normal 0 0.887005 -0.46176
    outer loop
      vertex -11.24 -2.38157 11.375
      vertex -14.4846 -2.49235 11.1622
      vertex -14.4992 -2.38157 11.375
    endloop
  endfacet
  facet normal 0 0.887005 -0.46176
    outer loop
      vertex 14.4846 -2.49235 11.1622
      vertex 11.24 -2.38157 11.375
      vertex 14.4992 -2.38157 11.375
    endloop
  endfacet
  facet normal 0 0.887005 -0.46176
    outer loop
      vertex 11.24 -2.38157 11.375
      vertex 14.4846 -2.49235 11.1622
      vertex 11.2155 -2.49235 11.1622
    endloop
  endfacet
  facet normal 0 -0.843401 0.537285
    outer loop
      vertex -11.2686 2.25267 8.42266
      vertex -14.4992 2.38157 8.625
      vertex -14.5162 2.25267 8.42266
    endloop
  endfacet
  facet normal 0 -0.843401 0.537285
    outer loop
      vertex -14.4992 2.38157 8.625
      vertex -11.2686 2.25267 8.42266
      vertex -11.24 2.38157 8.625
    endloop
  endfacet
  facet normal 0 -0.843401 0.537285
    outer loop
      vertex 11.2686 2.25267 8.42266
      vertex 14.4992 2.38157 8.625
      vertex 11.24 2.38157 8.625
    endloop
  endfacet
  facet normal 0 -0.843401 0.537285
    outer loop
      vertex 14.4992 2.38157 8.625
      vertex 11.2686 2.25267 8.42266
      vertex 14.5162 2.25267 8.42266
    endloop
  endfacet
  facet normal 0 0.0436006 0.999049
    outer loop
      vertex -11.5 0 7.25
      vertex -14.6895 -0.239677 7.26046
      vertex -11.4895 -0.239677 7.26046
    endloop
  endfacet
  facet normal 0 0.0436006 0.999049
    outer loop
      vertex -14.6895 -0.239677 7.26046
      vertex -11.5 0 7.25
      vertex -14.7 0 7.25
    endloop
  endfacet
  facet normal -0 0.0436006 0.999049
    outer loop
      vertex 11.5 0 7.25
      vertex 14.6895 -0.239677 7.26046
      vertex 14.7 0 7.25
    endloop
  endfacet
  facet normal 0 0.0436006 0.999049
    outer loop
      vertex 14.6895 -0.239677 7.26046
      vertex 11.5 0 7.25
      vertex 11.4895 -0.239677 7.26046
    endloop
  endfacet
  facet normal 0 0.382649 0.923894
    outer loop
      vertex -11.4562 -1.00229 7.44142
      vertex -14.6493 -1.1622 7.50765
      vertex -11.4352 -1.1622 7.50765
    endloop
  endfacet
  facet normal -8.36469e-06 0.382792 0.923835
    outer loop
      vertex -11.4589 -0.940555 7.41584
      vertex -14.6493 -1.1622 7.50765
      vertex -11.4562 -1.00229 7.44142
    endloop
  endfacet
  facet normal 0 0.382689 0.923877
    outer loop
      vertex -14.6493 -1.1622 7.50765
      vertex -11.4589 -0.940555 7.41584
      vertex -14.6589 -0.940555 7.41584
    endloop
  endfacet
  facet normal -0 0.382689 0.923877
    outer loop
      vertex 11.4589 -0.940555 7.41584
      vertex 14.6493 -1.1622 7.50765
      vertex 14.6589 -0.940555 7.41584
    endloop
  endfacet
  facet normal 8.36469e-06 0.382792 0.923835
    outer loop
      vertex 11.4562 -1.00229 7.44142
      vertex 14.6493 -1.1622 7.50765
      vertex 11.4589 -0.940555 7.41584
    endloop
  endfacet
  facet normal 0 0.382649 0.923894
    outer loop
      vertex 14.6493 -1.1622 7.50765
      vertex 11.4562 -1.00229 7.44142
      vertex 11.4352 -1.1622 7.50765
    endloop
  endfacet
  facet normal 0 0.216339 -0.976318
    outer loop
      vertex -14.6689 -0.711752 12.6563
      vertex -11.4792 -0.477532 12.7082
      vertex -11.4689 -0.711752 12.6563
    endloop
  endfacet
  facet normal 0 0.216339 -0.976318
    outer loop
      vertex -11.4792 -0.477532 12.7082
      vertex -14.6689 -0.711752 12.6563
      vertex -14.6792 -0.477532 12.7082
    endloop
  endfacet
  facet normal 0 0.216339 -0.976318
    outer loop
      vertex 14.6689 -0.711752 12.6563
      vertex 11.4792 -0.477532 12.7082
      vertex 14.6792 -0.477532 12.7082
    endloop
  endfacet
  facet normal 0 0.216339 -0.976318
    outer loop
      vertex 11.4792 -0.477532 12.7082
      vertex 14.6689 -0.711752 12.6563
      vertex 11.4689 -0.711752 12.6563
    endloop
  endfacet
  facet normal 0 0.382995 -0.923751
    outer loop
      vertex -14.6493 -1.1622 12.4923
      vertex -11.4562 -1.00229 12.5586
      vertex -11.4352 -1.1622 12.4923
    endloop
  endfacet
  facet normal -3.1117e-06 0.383048 -0.923729
    outer loop
      vertex -14.6493 -1.1622 12.4923
      vertex -11.4589 -0.940555 12.5842
      vertex -11.4562 -1.00229 12.5586
    endloop
  endfacet
  facet normal 0 0.383009 -0.923744
    outer loop
      vertex -11.4589 -0.940555 12.5842
      vertex -14.6493 -1.1622 12.4923
      vertex -14.6589 -0.940555 12.5842
    endloop
  endfacet
  facet normal 0 0.383009 -0.923744
    outer loop
      vertex 14.6493 -1.1622 12.4923
      vertex 11.4589 -0.940555 12.5842
      vertex 14.6589 -0.940555 12.5842
    endloop
  endfacet
  facet normal 3.1117e-06 0.383048 -0.923729
    outer loop
      vertex 14.6493 -1.1622 12.4923
      vertex 11.4562 -1.00229 12.5586
      vertex 11.4589 -0.940555 12.5842
    endloop
  endfacet
  facet normal 0 0.382995 -0.923751
    outer loop
      vertex 11.4562 -1.00229 12.5586
      vertex 14.6493 -1.1622 12.4923
      vertex 11.4352 -1.1622 12.4923
    endloop
  endfacet
  facet normal 0 -0.13055 0.991442
    outer loop
      vertex -14.6792 0.477532 7.29178
      vertex -11.4895 0.239677 7.26046
      vertex -11.4792 0.477532 7.29178
    endloop
  endfacet
  facet normal 0 -0.13055 0.991442
    outer loop
      vertex -11.4895 0.239677 7.26046
      vertex -14.6792 0.477532 7.29178
      vertex -14.6895 0.239677 7.26046
    endloop
  endfacet
  facet normal 0 -0.13055 0.991442
    outer loop
      vertex 14.6792 0.477532 7.29178
      vertex 11.4895 0.239677 7.26046
      vertex 14.6895 0.239677 7.26046
    endloop
  endfacet
  facet normal 0 -0.13055 0.991442
    outer loop
      vertex 11.4895 0.239677 7.26046
      vertex 14.6792 0.477532 7.29178
      vertex 11.4792 0.477532 7.29178
    endloop
  endfacet
  facet normal 0 -0.737267 0.675602
    outer loop
      vertex -14.5354 2.10662 8.23233
      vertex -11.3253 1.99695 8.11265
      vertex -11.301 2.10662 8.23233
    endloop
  endfacet
  facet normal 0 -0.73726 0.675609
    outer loop
      vertex -11.3322 1.94454 8.05546
      vertex -14.5354 2.10662 8.23233
      vertex -14.5567 1.94454 8.05546
    endloop
  endfacet
  facet normal 1.60513e-06 -0.737245 0.675625
    outer loop
      vertex -14.5354 2.10662 8.23233
      vertex -11.3322 1.94454 8.05546
      vertex -11.3253 1.99695 8.11265
    endloop
  endfacet
  facet normal 0 -0.737267 0.675602
    outer loop
      vertex 11.3253 1.99695 8.11265
      vertex 14.5354 2.10662 8.23233
      vertex 11.301 2.10662 8.23233
    endloop
  endfacet
  facet normal -1.60513e-06 -0.737245 0.675625
    outer loop
      vertex 11.3322 1.94454 8.05546
      vertex 14.5354 2.10662 8.23233
      vertex 11.3253 1.99695 8.11265
    endloop
  endfacet
  facet normal 0 -0.73726 0.675609
    outer loop
      vertex 14.5354 2.10662 8.23233
      vertex 11.3322 1.94454 8.05546
      vertex 14.5567 1.94454 8.05546
    endloop
  endfacet
  facet normal 0 0.300549 -0.953766
    outer loop
      vertex -14.6589 -0.940555 12.5842
      vertex -11.4689 -0.711752 12.6563
      vertex -11.4589 -0.940555 12.5842
    endloop
  endfacet
  facet normal 0 0.300549 -0.953766
    outer loop
      vertex -11.4689 -0.711752 12.6563
      vertex -14.6589 -0.940555 12.5842
      vertex -14.6689 -0.711752 12.6563
    endloop
  endfacet
  facet normal 0 0.300549 -0.953766
    outer loop
      vertex 14.6589 -0.940555 12.5842
      vertex 11.4689 -0.711752 12.6563
      vertex 14.6689 -0.711752 12.6563
    endloop
  endfacet
  facet normal 0 0.300549 -0.953766
    outer loop
      vertex 11.4689 -0.711752 12.6563
      vertex 14.6589 -0.940555 12.5842
      vertex 11.4589 -0.940555 12.5842
    endloop
  endfacet
  facet normal 0 0.991441 0.130553
    outer loop
      vertex -11.1676 -2.70822 9.52247
      vertex -14.4352 -2.73954 9.76032
      vertex -11.1607 -2.73954 9.76032
    endloop
  endfacet
  facet normal 0 0.991441 0.130553
    outer loop
      vertex -14.4352 -2.73954 9.76032
      vertex -11.1676 -2.70822 9.52247
      vertex -14.4422 -2.70822 9.52247
    endloop
  endfacet
  facet normal -0 0.991441 0.130553
    outer loop
      vertex 11.1676 -2.70822 9.52247
      vertex 14.4352 -2.73954 9.76032
      vertex 14.4422 -2.70822 9.52247
    endloop
  endfacet
  facet normal 0 0.991441 0.130553
    outer loop
      vertex 14.4352 -2.73954 9.76032
      vertex 11.1676 -2.70822 9.52247
      vertex 11.1607 -2.73954 9.76032
    endloop
  endfacet
  facet normal 0 0.675655 -0.737218
    outer loop
      vertex -14.5567 -1.94454 11.9445
      vertex -11.3555 -1.76767 12.1066
      vertex -11.3322 -1.94454 11.9445
    endloop
  endfacet
  facet normal 0 0.675655 -0.737218
    outer loop
      vertex -11.3555 -1.76767 12.1066
      vertex -14.5567 -1.94454 11.9445
      vertex -14.58 -1.76767 12.1066
    endloop
  endfacet
  facet normal 0 0.675655 -0.737218
    outer loop
      vertex 14.5567 -1.94454 11.9445
      vertex 11.3555 -1.76767 12.1066
      vertex 14.58 -1.76767 12.1066
    endloop
  endfacet
  facet normal 0 0.675655 -0.737218
    outer loop
      vertex 11.3555 -1.76767 12.1066
      vertex 14.5567 -1.94454 11.9445
      vertex 11.3322 -1.94454 11.9445
    endloop
  endfacet
  facet normal 0 -0.537304 -0.843388
    outer loop
      vertex -11.4072 1.375 12.3816
      vertex -14.6051 1.57733 12.2527
      vertex -11.3805 1.57733 12.2527
    endloop
  endfacet
  facet normal 0 -0.537304 -0.843388
    outer loop
      vertex -14.6051 1.57733 12.2527
      vertex -11.4072 1.375 12.3816
      vertex -14.6317 1.375 12.3816
    endloop
  endfacet
  facet normal 0 -0.537304 -0.843388
    outer loop
      vertex 11.4072 1.375 12.3816
      vertex 14.6051 1.57733 12.2527
      vertex 14.6317 1.375 12.3816
    endloop
  endfacet
  facet normal -0 -0.537304 -0.843388
    outer loop
      vertex 14.6051 1.57733 12.2527
      vertex 11.4072 1.375 12.3816
      vertex 11.3805 1.57733 12.2527
    endloop
  endfacet
  facet normal 0 0.216418 0.976301
    outer loop
      vertex -11.4792 -0.477532 7.29178
      vertex -14.6689 -0.711752 7.3437
      vertex -11.4689 -0.711752 7.3437
    endloop
  endfacet
  facet normal 0 0.216418 0.976301
    outer loop
      vertex -14.6689 -0.711752 7.3437
      vertex -11.4792 -0.477532 7.29178
      vertex -14.6792 -0.477532 7.29178
    endloop
  endfacet
  facet normal -0 0.216418 0.976301
    outer loop
      vertex 11.4792 -0.477532 7.29178
      vertex 14.6689 -0.711752 7.3437
      vertex 14.6792 -0.477532 7.29178
    endloop
  endfacet
  facet normal 0 0.216418 0.976301
    outer loop
      vertex 14.6689 -0.711752 7.3437
      vertex 11.4792 -0.477532 7.29178
      vertex 11.4689 -0.711752 7.3437
    endloop
  endfacet
  facet normal 0 0.13055 0.991442
    outer loop
      vertex -11.4895 -0.239677 7.26046
      vertex -14.6792 -0.477532 7.29178
      vertex -11.4792 -0.477532 7.29178
    endloop
  endfacet
  facet normal 0 0.13055 0.991442
    outer loop
      vertex -14.6792 -0.477532 7.29178
      vertex -11.4895 -0.239677 7.26046
      vertex -14.6895 -0.239677 7.26046
    endloop
  endfacet
  facet normal -0 0.13055 0.991442
    outer loop
      vertex 11.4895 -0.239677 7.26046
      vertex 14.6792 -0.477532 7.29178
      vertex 14.6895 -0.239677 7.26046
    endloop
  endfacet
  facet normal 0 0.13055 0.991442
    outer loop
      vertex 14.6792 -0.477532 7.29178
      vertex 11.4895 -0.239677 7.26046
      vertex 11.4792 -0.477532 7.29178
    endloop
  endfacet
  facet normal 0 -0.953705 -0.300742
    outer loop
      vertex -14.4537 2.6563 10.7118
      vertex -11.1951 2.58415 10.9406
      vertex -14.4697 2.58415 10.9406
    endloop
  endfacet
  facet normal 0 -0.953705 -0.300742
    outer loop
      vertex -11.1951 2.58415 10.9406
      vertex -14.4537 2.6563 10.7118
      vertex -11.1791 2.6563 10.7118
    endloop
  endfacet
  facet normal -0 -0.953705 -0.300742
    outer loop
      vertex 14.4537 2.6563 10.7118
      vertex 11.1951 2.58415 10.9406
      vertex 11.1791 2.6563 10.7118
    endloop
  endfacet
  facet normal 0 -0.953705 -0.300742
    outer loop
      vertex 11.1951 2.58415 10.9406
      vertex 14.4537 2.6563 10.7118
      vertex 14.4697 2.58415 10.9406
    endloop
  endfacet
  facet normal 0 0.999049 0.0436
    outer loop
      vertex -11.1607 -2.73954 9.76032
      vertex -14.4329 -2.75 10
      vertex -11.1583 -2.75 10
    endloop
  endfacet
  facet normal 0 0.999049 0.0436
    outer loop
      vertex -14.4329 -2.75 10
      vertex -11.1607 -2.73954 9.76032
      vertex -14.4352 -2.73954 9.76032
    endloop
  endfacet
  facet normal -0 0.999049 0.0436
    outer loop
      vertex 11.1607 -2.73954 9.76032
      vertex 14.4329 -2.75 10
      vertex 14.4352 -2.73954 9.76032
    endloop
  endfacet
  facet normal 0 0.999049 0.0436
    outer loop
      vertex 14.4329 -2.75 10
      vertex 11.1607 -2.73954 9.76032
      vertex 11.1583 -2.75 10
    endloop
  endfacet
  facet normal 0 -0.976316 -0.216348
    outer loop
      vertex -14.4422 2.70822 10.4775
      vertex -11.1791 2.6563 10.7118
      vertex -14.4537 2.6563 10.7118
    endloop
  endfacet
  facet normal 0 -0.976316 -0.216348
    outer loop
      vertex -11.1791 2.6563 10.7118
      vertex -14.4422 2.70822 10.4775
      vertex -11.1676 2.70822 10.4775
    endloop
  endfacet
  facet normal -0 -0.976316 -0.216348
    outer loop
      vertex 14.4422 2.70822 10.4775
      vertex 11.1791 2.6563 10.7118
      vertex 11.1676 2.70822 10.4775
    endloop
  endfacet
  facet normal 0 -0.976316 -0.216348
    outer loop
      vertex 11.1791 2.6563 10.7118
      vertex 14.4422 2.70822 10.4775
      vertex 14.4537 2.6563 10.7118
    endloop
  endfacet
  facet normal 0 0.46176 0.887005
    outer loop
      vertex -11.4352 -1.1622 7.50765
      vertex -14.6317 -1.375 7.61843
      vertex -11.4072 -1.375 7.61843
    endloop
  endfacet
  facet normal -0 0.46176 0.887005
    outer loop
      vertex -14.6493 -1.1622 7.50765
      vertex -14.6317 -1.375 7.61843
      vertex -11.4352 -1.1622 7.50765
    endloop
  endfacet
  facet normal 0.00112058 0.461832 0.886967
    outer loop
      vertex -14.6317 -1.375 7.61843
      vertex -14.6493 -1.1622 7.50765
      vertex -14.6441 -1.28119 7.5696
    endloop
  endfacet
  facet normal -0.00112058 0.461832 0.886967
    outer loop
      vertex 14.6493 -1.1622 7.50765
      vertex 14.6317 -1.375 7.61843
      vertex 14.6441 -1.28119 7.5696
    endloop
  endfacet
  facet normal -0 0.46176 0.887005
    outer loop
      vertex 11.4352 -1.1622 7.50765
      vertex 14.6317 -1.375 7.61843
      vertex 14.6493 -1.1622 7.50765
    endloop
  endfacet
  facet normal 0 0.46176 0.887005
    outer loop
      vertex 14.6317 -1.375 7.61843
      vertex 11.4352 -1.1622 7.50765
      vertex 11.4072 -1.375 7.61843
    endloop
  endfacet
  facet normal 0 0.461497 -0.887142
    outer loop
      vertex -14.6317 -1.375 12.3816
      vertex -11.4352 -1.1622 12.4923
      vertex -11.4072 -1.375 12.3816
    endloop
  endfacet
  facet normal 0.000114074 0.461505 -0.887138
    outer loop
      vertex -14.6493 -1.1622 12.4923
      vertex -14.6317 -1.375 12.3816
      vertex -14.6441 -1.28119 12.4304
    endloop
  endfacet
  facet normal 0 0.461497 -0.887142
    outer loop
      vertex -14.6317 -1.375 12.3816
      vertex -14.6493 -1.1622 12.4923
      vertex -11.4352 -1.1622 12.4923
    endloop
  endfacet
  facet normal -0.000114074 0.461505 -0.887138
    outer loop
      vertex 14.6317 -1.375 12.3816
      vertex 14.6493 -1.1622 12.4923
      vertex 14.6441 -1.28119 12.4304
    endloop
  endfacet
  facet normal 0 0.461497 -0.887142
    outer loop
      vertex 14.6317 -1.375 12.3816
      vertex 11.4352 -1.1622 12.4923
      vertex 14.6493 -1.1622 12.4923
    endloop
  endfacet
  facet normal 0 0.461497 -0.887142
    outer loop
      vertex 11.4352 -1.1622 12.4923
      vertex 14.6317 -1.375 12.3816
      vertex 11.4072 -1.375 12.3816
    endloop
  endfacet
  facet normal 0 0.976316 -0.216348
    outer loop
      vertex -14.4422 -2.70822 10.4775
      vertex -11.1791 -2.6563 10.7118
      vertex -11.1676 -2.70822 10.4775
    endloop
  endfacet
  facet normal 0 0.976316 -0.216348
    outer loop
      vertex -11.1791 -2.6563 10.7118
      vertex -14.4422 -2.70822 10.4775
      vertex -14.4537 -2.6563 10.7118
    endloop
  endfacet
  facet normal 0 0.976316 -0.216348
    outer loop
      vertex 14.4422 -2.70822 10.4775
      vertex 11.1791 -2.6563 10.7118
      vertex 14.4537 -2.6563 10.7118
    endloop
  endfacet
  facet normal 0 0.976316 -0.216348
    outer loop
      vertex 11.1791 -2.6563 10.7118
      vertex 14.4422 -2.70822 10.4775
      vertex 11.1676 -2.70822 10.4775
    endloop
  endfacet
  facet normal 0 -0.461497 -0.887142
    outer loop
      vertex -11.4352 1.1622 12.4923
      vertex -14.6317 1.375 12.3816
      vertex -11.4072 1.375 12.3816
    endloop
  endfacet
  facet normal 0 -0.461497 -0.887142
    outer loop
      vertex -14.6493 1.1622 12.4923
      vertex -14.6317 1.375 12.3816
      vertex -11.4352 1.1622 12.4923
    endloop
  endfacet
  facet normal 0.000114074 -0.461505 -0.887138
    outer loop
      vertex -14.6317 1.375 12.3816
      vertex -14.6493 1.1622 12.4923
      vertex -14.6441 1.28119 12.4304
    endloop
  endfacet
  facet normal -0.000114074 -0.461505 -0.887138
    outer loop
      vertex 14.6493 1.1622 12.4923
      vertex 14.6317 1.375 12.3816
      vertex 14.6441 1.28119 12.4304
    endloop
  endfacet
  facet normal 0 -0.461497 -0.887142
    outer loop
      vertex 11.4352 1.1622 12.4923
      vertex 14.6317 1.375 12.3816
      vertex 14.6493 1.1622 12.4923
    endloop
  endfacet
  facet normal -0 -0.461497 -0.887142
    outer loop
      vertex 14.6317 1.375 12.3816
      vertex 11.4352 1.1622 12.4923
      vertex 11.4072 1.375 12.3816
    endloop
  endfacet
  facet normal 0 0.953705 -0.300742
    outer loop
      vertex -14.4537 -2.6563 10.7118
      vertex -11.1951 -2.58415 10.9406
      vertex -11.1791 -2.6563 10.7118
    endloop
  endfacet
  facet normal 0 0.953705 -0.300742
    outer loop
      vertex -11.1951 -2.58415 10.9406
      vertex -14.4537 -2.6563 10.7118
      vertex -14.4697 -2.58415 10.9406
    endloop
  endfacet
  facet normal 0 0.953705 -0.300742
    outer loop
      vertex 14.4537 -2.6563 10.7118
      vertex 11.1951 -2.58415 10.9406
      vertex 14.4697 -2.58415 10.9406
    endloop
  endfacet
  facet normal 0 0.953705 -0.300742
    outer loop
      vertex 11.1951 -2.58415 10.9406
      vertex 14.4537 -2.6563 10.7118
      vertex 11.1791 -2.6563 10.7118
    endloop
  endfacet
  facet normal 0 -0.793344 0.608774
    outer loop
      vertex -11.301 2.10662 8.23233
      vertex -14.5162 2.25267 8.42266
      vertex -14.5354 2.10662 8.23233
    endloop
  endfacet
  facet normal 0 -0.793344 0.608774
    outer loop
      vertex -14.5162 2.25267 8.42266
      vertex -11.301 2.10662 8.23233
      vertex -11.2686 2.25267 8.42266
    endloop
  endfacet
  facet normal 0 -0.793344 0.608774
    outer loop
      vertex 11.301 2.10662 8.23233
      vertex 14.5162 2.25267 8.42266
      vertex 11.2686 2.25267 8.42266
    endloop
  endfacet
  facet normal 0 -0.793344 0.608774
    outer loop
      vertex 14.5162 2.25267 8.42266
      vertex 11.301 2.10662 8.23233
      vertex 14.5354 2.10662 8.23233
    endloop
  endfacet
  facet normal 0 -0.300701 0.953719
    outer loop
      vertex -14.6589 0.940555 7.41584
      vertex -11.4689 0.711752 7.3437
      vertex -11.4589 0.940555 7.41584
    endloop
  endfacet
  facet normal 0 -0.300701 0.953719
    outer loop
      vertex -11.4689 0.711752 7.3437
      vertex -14.6589 0.940555 7.41584
      vertex -14.6689 0.711752 7.3437
    endloop
  endfacet
  facet normal 0 -0.300701 0.953719
    outer loop
      vertex 14.6589 0.940555 7.41584
      vertex 11.4689 0.711752 7.3437
      vertex 14.6689 0.711752 7.3437
    endloop
  endfacet
  facet normal 0 -0.300701 0.953719
    outer loop
      vertex 11.4689 0.711752 7.3437
      vertex 14.6589 0.940555 7.41584
      vertex 11.4589 0.940555 7.41584
    endloop
  endfacet
  facet normal 0 -0.46176 0.887005
    outer loop
      vertex -14.6317 1.375 7.61843
      vertex -11.4352 1.1622 7.50765
      vertex -11.4072 1.375 7.61843
    endloop
  endfacet
  facet normal 0.00112058 -0.461832 0.886967
    outer loop
      vertex -14.6493 1.1622 7.50765
      vertex -14.6317 1.375 7.61843
      vertex -14.6441 1.28119 7.5696
    endloop
  endfacet
  facet normal 0 -0.46176 0.887005
    outer loop
      vertex -14.6317 1.375 7.61843
      vertex -14.6493 1.1622 7.50765
      vertex -11.4352 1.1622 7.50765
    endloop
  endfacet
  facet normal -0.00112058 -0.461832 0.886967
    outer loop
      vertex 14.6317 1.375 7.61843
      vertex 14.6493 1.1622 7.50765
      vertex 14.6441 1.28119 7.5696
    endloop
  endfacet
  facet normal 0 -0.46176 0.887005
    outer loop
      vertex 14.6317 1.375 7.61843
      vertex 11.4352 1.1622 7.50765
      vertex 14.6493 1.1622 7.50765
    endloop
  endfacet
  facet normal 0 -0.46176 0.887005
    outer loop
      vertex 11.4352 1.1622 7.50765
      vertex 14.6317 1.375 7.61843
      vertex 11.4072 1.375 7.61843
    endloop
  endfacet
  facet normal 0 0.537304 0.843388
    outer loop
      vertex -11.4072 -1.375 7.61843
      vertex -14.6051 -1.57733 7.74733
      vertex -11.3805 -1.57733 7.74733
    endloop
  endfacet
  facet normal 0 0.537304 0.843388
    outer loop
      vertex -14.6051 -1.57733 7.74733
      vertex -11.4072 -1.375 7.61843
      vertex -14.6317 -1.375 7.61843
    endloop
  endfacet
  facet normal -0 0.537304 0.843388
    outer loop
      vertex 11.4072 -1.375 7.61843
      vertex 14.6051 -1.57733 7.74733
      vertex 14.6317 -1.375 7.61843
    endloop
  endfacet
  facet normal 0 0.537304 0.843388
    outer loop
      vertex 14.6051 -1.57733 7.74733
      vertex 11.4072 -1.375 7.61843
      vertex 11.3805 -1.57733 7.74733
    endloop
  endfacet
  facet normal 0 0.675609 0.73726
    outer loop
      vertex -11.3555 -1.76767 7.89338
      vertex -14.5567 -1.94454 8.05546
      vertex -11.3322 -1.94454 8.05546
    endloop
  endfacet
  facet normal 0 0.675609 0.73726
    outer loop
      vertex -14.5567 -1.94454 8.05546
      vertex -11.3555 -1.76767 7.89338
      vertex -14.58 -1.76767 7.89338
    endloop
  endfacet
  facet normal -0 0.675609 0.73726
    outer loop
      vertex 11.3555 -1.76767 7.89338
      vertex 14.5567 -1.94454 8.05546
      vertex 14.58 -1.76767 7.89338
    endloop
  endfacet
  facet normal 0 0.675609 0.73726
    outer loop
      vertex 14.5567 -1.94454 8.05546
      vertex 11.3555 -1.76767 7.89338
      vertex 11.3322 -1.94454 8.05546
    endloop
  endfacet
  facet normal 0 -0.737126 -0.675755
    outer loop
      vertex -14.5354 2.10662 11.7677
      vertex -11.3322 1.94454 11.9445
      vertex -14.5567 1.94454 11.9445
    endloop
  endfacet
  facet normal -1.95396e-05 -0.737303 -0.675562
    outer loop
      vertex -11.3322 1.94454 11.9445
      vertex -14.5354 2.10662 11.7677
      vertex -11.3253 1.99695 11.8873
    endloop
  endfacet
  facet normal 0 -0.737042 -0.675847
    outer loop
      vertex -11.3253 1.99695 11.8873
      vertex -14.5354 2.10662 11.7677
      vertex -11.301 2.10662 11.7677
    endloop
  endfacet
  facet normal 1.95396e-05 -0.737303 -0.675562
    outer loop
      vertex 14.5354 2.10662 11.7677
      vertex 11.3322 1.94454 11.9445
      vertex 11.3253 1.99695 11.8873
    endloop
  endfacet
  facet normal -0 -0.737042 -0.675847
    outer loop
      vertex 14.5354 2.10662 11.7677
      vertex 11.3253 1.99695 11.8873
      vertex 11.301 2.10662 11.7677
    endloop
  endfacet
  facet normal 0 -0.737126 -0.675755
    outer loop
      vertex 11.3322 1.94454 11.9445
      vertex 14.5354 2.10662 11.7677
      vertex 14.5567 1.94454 11.9445
    endloop
  endfacet
  facet normal 0 -0.923853 -0.382748
    outer loop
      vertex -14.4767 2.55263 11.0167
      vertex -11.2155 2.49235 11.1622
      vertex -14.4846 2.49235 11.1622
    endloop
  endfacet
  facet normal -4.25618e-06 -0.923886 -0.382667
    outer loop
      vertex -14.4697 2.58415 10.9406
      vertex -11.2155 2.49235 11.1622
      vertex -14.4767 2.55263 11.0167
    endloop
  endfacet
  facet normal 0 -0.923864 -0.38272
    outer loop
      vertex -11.2155 2.49235 11.1622
      vertex -14.4697 2.58415 10.9406
      vertex -11.1951 2.58415 10.9406
    endloop
  endfacet
  facet normal 0 -0.923853 -0.382748
    outer loop
      vertex 11.2155 2.49235 11.1622
      vertex 14.4767 2.55263 11.0167
      vertex 14.4846 2.49235 11.1622
    endloop
  endfacet
  facet normal -0 -0.923864 -0.38272
    outer loop
      vertex 14.4697 2.58415 10.9406
      vertex 11.2155 2.49235 11.1622
      vertex 11.1951 2.58415 10.9406
    endloop
  endfacet
  facet normal 4.25618e-06 -0.923886 -0.382667
    outer loop
      vertex 11.2155 2.49235 11.1622
      vertex 14.4697 2.58415 10.9406
      vertex 14.4767 2.55263 11.0167
    endloop
  endfacet
  facet normal 0 0.130468 -0.991453
    outer loop
      vertex -14.6792 -0.477532 12.7082
      vertex -11.4895 -0.239677 12.7395
      vertex -11.4792 -0.477532 12.7082
    endloop
  endfacet
  facet normal 0 0.130468 -0.991453
    outer loop
      vertex -11.4895 -0.239677 12.7395
      vertex -14.6792 -0.477532 12.7082
      vertex -14.6895 -0.239677 12.7395
    endloop
  endfacet
  facet normal 0 0.130468 -0.991453
    outer loop
      vertex 14.6792 -0.477532 12.7082
      vertex 11.4895 -0.239677 12.7395
      vertex 14.6895 -0.239677 12.7395
    endloop
  endfacet
  facet normal 0 0.130468 -0.991453
    outer loop
      vertex 11.4895 -0.239677 12.7395
      vertex 14.6792 -0.477532 12.7082
      vertex 11.4792 -0.477532 12.7082
    endloop
  endfacet
  facet normal 0 0.043767 -0.999042
    outer loop
      vertex -14.6895 -0.239677 12.7395
      vertex -11.5 0 12.75
      vertex -11.4895 -0.239677 12.7395
    endloop
  endfacet
  facet normal 0 0.043767 -0.999042
    outer loop
      vertex -11.5 0 12.75
      vertex -14.6895 -0.239677 12.7395
      vertex -14.7 0 12.75
    endloop
  endfacet
  facet normal 0 0.043767 -0.999042
    outer loop
      vertex 14.6895 -0.239677 12.7395
      vertex 11.5 0 12.75
      vertex 14.7 0 12.75
    endloop
  endfacet
  facet normal 0 0.043767 -0.999042
    outer loop
      vertex 11.5 0 12.75
      vertex 14.6895 -0.239677 12.7395
      vertex 11.4895 -0.239677 12.7395
    endloop
  endfacet
  facet normal 0 -0.999049 -0.0435964
    outer loop
      vertex -14.4329 2.75 10
      vertex -11.1607 2.73954 10.2397
      vertex -14.4352 2.73954 10.2397
    endloop
  endfacet
  facet normal 0 -0.999049 -0.0435964
    outer loop
      vertex -11.1607 2.73954 10.2397
      vertex -14.4329 2.75 10
      vertex -11.1583 2.75 10
    endloop
  endfacet
  facet normal -0 -0.999049 -0.0435964
    outer loop
      vertex 14.4329 2.75 10
      vertex 11.1607 2.73954 10.2397
      vertex 11.1583 2.75 10
    endloop
  endfacet
  facet normal 0 -0.999049 -0.0435964
    outer loop
      vertex 11.1607 2.73954 10.2397
      vertex 14.4329 2.75 10
      vertex 14.4352 2.73954 10.2397
    endloop
  endfacet
  facet normal 0 -0.675655 -0.737218
    outer loop
      vertex -11.3555 1.76767 12.1066
      vertex -14.5567 1.94454 11.9445
      vertex -11.3322 1.94454 11.9445
    endloop
  endfacet
  facet normal 0 -0.675655 -0.737218
    outer loop
      vertex -14.5567 1.94454 11.9445
      vertex -11.3555 1.76767 12.1066
      vertex -14.58 1.76767 12.1066
    endloop
  endfacet
  facet normal 0 -0.675655 -0.737218
    outer loop
      vertex 11.3555 1.76767 12.1066
      vertex 14.5567 1.94454 11.9445
      vertex 14.58 1.76767 12.1066
    endloop
  endfacet
  facet normal -0 -0.675655 -0.737218
    outer loop
      vertex 14.5567 1.94454 11.9445
      vertex 11.3555 1.76767 12.1066
      vertex 11.3322 1.94454 11.9445
    endloop
  endfacet
  facet normal 0 0.843401 0.537285
    outer loop
      vertex -11.2686 -2.25267 8.42266
      vertex -14.4992 -2.38157 8.625
      vertex -11.24 -2.38157 8.625
    endloop
  endfacet
  facet normal 0 0.843401 0.537285
    outer loop
      vertex -14.4992 -2.38157 8.625
      vertex -11.2686 -2.25267 8.42266
      vertex -14.5162 -2.25267 8.42266
    endloop
  endfacet
  facet normal -0 0.843401 0.537285
    outer loop
      vertex 11.2686 -2.25267 8.42266
      vertex 14.4992 -2.38157 8.625
      vertex 14.5162 -2.25267 8.42266
    endloop
  endfacet
  facet normal 0 0.843401 0.537285
    outer loop
      vertex 14.4992 -2.38157 8.625
      vertex 11.2686 -2.25267 8.42266
      vertex 11.24 -2.38157 8.625
    endloop
  endfacet
  facet normal 0 0.923889 0.382661
    outer loop
      vertex -11.2155 -2.49235 8.8378
      vertex -14.4697 -2.58415 9.05944
      vertex -11.1951 -2.58415 9.05944
    endloop
  endfacet
  facet normal -2.98492e-06 0.923904 0.382624
    outer loop
      vertex -14.4697 -2.58415 9.05944
      vertex -11.2155 -2.49235 8.8378
      vertex -14.4767 -2.55263 8.98333
    endloop
  endfacet
  facet normal 0 0.923881 0.382681
    outer loop
      vertex -14.4767 -2.55263 8.98333
      vertex -11.2155 -2.49235 8.8378
      vertex -14.4846 -2.49235 8.8378
    endloop
  endfacet
  facet normal 2.98492e-06 0.923904 0.382624
    outer loop
      vertex 11.2155 -2.49235 8.8378
      vertex 14.4697 -2.58415 9.05944
      vertex 14.4767 -2.55263 8.98333
    endloop
  endfacet
  facet normal -0 0.923881 0.382681
    outer loop
      vertex 11.2155 -2.49235 8.8378
      vertex 14.4767 -2.55263 8.98333
      vertex 14.4846 -2.49235 8.8378
    endloop
  endfacet
  facet normal 0 0.923889 0.382661
    outer loop
      vertex 14.4697 -2.58415 9.05944
      vertex 11.2155 -2.49235 8.8378
      vertex 11.1951 -2.58415 9.05944
    endloop
  endfacet
  facet normal 0 0.953709 0.30073
    outer loop
      vertex -11.1951 -2.58415 9.05944
      vertex -14.4537 -2.6563 9.28825
      vertex -11.1791 -2.6563 9.28825
    endloop
  endfacet
  facet normal 0 0.953709 0.30073
    outer loop
      vertex -14.4537 -2.6563 9.28825
      vertex -11.1951 -2.58415 9.05944
      vertex -14.4697 -2.58415 9.05944
    endloop
  endfacet
  facet normal -0 0.953709 0.30073
    outer loop
      vertex 11.1951 -2.58415 9.05944
      vertex 14.4537 -2.6563 9.28825
      vertex 14.4697 -2.58415 9.05944
    endloop
  endfacet
  facet normal 0 0.953709 0.30073
    outer loop
      vertex 14.4537 -2.6563 9.28825
      vertex 11.1951 -2.58415 9.05944
      vertex 11.1791 -2.6563 9.28825
    endloop
  endfacet
  facet normal 0 -0.999049 0.0436
    outer loop
      vertex -11.1607 2.73954 9.76032
      vertex -14.4329 2.75 10
      vertex -14.4352 2.73954 9.76032
    endloop
  endfacet
  facet normal 0 -0.999049 0.0436
    outer loop
      vertex -14.4329 2.75 10
      vertex -11.1607 2.73954 9.76032
      vertex -11.1583 2.75 10
    endloop
  endfacet
  facet normal 0 -0.999049 0.0436
    outer loop
      vertex 11.1607 2.73954 9.76032
      vertex 14.4329 2.75 10
      vertex 11.1583 2.75 10
    endloop
  endfacet
  facet normal 0 -0.999049 0.0436
    outer loop
      vertex 14.4329 2.75 10
      vertex 11.1607 2.73954 9.76032
      vertex 14.4352 2.73954 9.76032
    endloop
  endfacet
  facet normal 0 0.991438 -0.13058
    outer loop
      vertex -14.4352 -2.73954 10.2397
      vertex -11.1676 -2.70822 10.4775
      vertex -11.1607 -2.73954 10.2397
    endloop
  endfacet
  facet normal 0 0.991438 -0.13058
    outer loop
      vertex -11.1676 -2.70822 10.4775
      vertex -14.4352 -2.73954 10.2397
      vertex -14.4422 -2.70822 10.4775
    endloop
  endfacet
  facet normal 0 0.991438 -0.13058
    outer loop
      vertex 14.4352 -2.73954 10.2397
      vertex 11.1676 -2.70822 10.4775
      vertex 14.4422 -2.70822 10.4775
    endloop
  endfacet
  facet normal 0 0.991438 -0.13058
    outer loop
      vertex 11.1676 -2.70822 10.4775
      vertex 14.4352 -2.73954 10.2397
      vertex 11.1607 -2.73954 10.2397
    endloop
  endfacet
  facet normal 0 -0.953709 0.30073
    outer loop
      vertex -11.1951 2.58415 9.05944
      vertex -14.4537 2.6563 9.28825
      vertex -14.4697 2.58415 9.05944
    endloop
  endfacet
  facet normal 0 -0.953709 0.30073
    outer loop
      vertex -14.4537 2.6563 9.28825
      vertex -11.1951 2.58415 9.05944
      vertex -11.1791 2.6563 9.28825
    endloop
  endfacet
  facet normal 0 -0.953709 0.30073
    outer loop
      vertex 11.1951 2.58415 9.05944
      vertex 14.4537 2.6563 9.28825
      vertex 11.1791 2.6563 9.28825
    endloop
  endfacet
  facet normal 0 -0.953709 0.30073
    outer loop
      vertex 14.4537 2.6563 9.28825
      vertex 11.1951 2.58415 9.05944
      vertex 14.4697 2.58415 9.05944
    endloop
  endfacet
  facet normal 0 -0.608885 -0.793259
    outer loop
      vertex -11.3805 1.57733 12.2527
      vertex -14.58 1.76767 12.1066
      vertex -11.3555 1.76767 12.1066
    endloop
  endfacet
  facet normal 0 -0.608885 -0.793259
    outer loop
      vertex -14.58 1.76767 12.1066
      vertex -11.3805 1.57733 12.2527
      vertex -14.6051 1.57733 12.2527
    endloop
  endfacet
  facet normal 0 -0.608885 -0.793259
    outer loop
      vertex 11.3805 1.57733 12.2527
      vertex 14.58 1.76767 12.1066
      vertex 14.6051 1.57733 12.2527
    endloop
  endfacet
  facet normal -0 -0.608885 -0.793259
    outer loop
      vertex 14.58 1.76767 12.1066
      vertex 11.3805 1.57733 12.2527
      vertex 11.3555 1.76767 12.1066
    endloop
  endfacet
  facet normal 0 0.976301 0.216418
    outer loop
      vertex -11.1791 -2.6563 9.28825
      vertex -14.4422 -2.70822 9.52247
      vertex -11.1676 -2.70822 9.52247
    endloop
  endfacet
  facet normal 0 0.976301 0.216418
    outer loop
      vertex -14.4422 -2.70822 9.52247
      vertex -11.1791 -2.6563 9.28825
      vertex -14.4537 -2.6563 9.28825
    endloop
  endfacet
  facet normal -0 0.976301 0.216418
    outer loop
      vertex 11.1791 -2.6563 9.28825
      vertex 14.4422 -2.70822 9.52247
      vertex 14.4537 -2.6563 9.28825
    endloop
  endfacet
  facet normal 0 0.976301 0.216418
    outer loop
      vertex 14.4422 -2.70822 9.52247
      vertex 11.1791 -2.6563 9.28825
      vertex 11.1676 -2.70822 9.52247
    endloop
  endfacet
  facet normal 0 0.300701 0.953719
    outer loop
      vertex -11.4689 -0.711752 7.3437
      vertex -14.6589 -0.940555 7.41584
      vertex -11.4589 -0.940555 7.41584
    endloop
  endfacet
  facet normal 0 0.300701 0.953719
    outer loop
      vertex -14.6589 -0.940555 7.41584
      vertex -11.4689 -0.711752 7.3437
      vertex -14.6689 -0.711752 7.3437
    endloop
  endfacet
  facet normal -0 0.300701 0.953719
    outer loop
      vertex 11.4689 -0.711752 7.3437
      vertex 14.6589 -0.940555 7.41584
      vertex 14.6689 -0.711752 7.3437
    endloop
  endfacet
  facet normal 0 0.300701 0.953719
    outer loop
      vertex 14.6589 -0.940555 7.41584
      vertex 11.4689 -0.711752 7.3437
      vertex 11.4589 -0.940555 7.41584
    endloop
  endfacet
  facet normal 0 -0.991438 -0.13058
    outer loop
      vertex -14.4352 2.73954 10.2397
      vertex -11.1676 2.70822 10.4775
      vertex -14.4422 2.70822 10.4775
    endloop
  endfacet
  facet normal 0 -0.991438 -0.13058
    outer loop
      vertex -11.1676 2.70822 10.4775
      vertex -14.4352 2.73954 10.2397
      vertex -11.1607 2.73954 10.2397
    endloop
  endfacet
  facet normal -0 -0.991438 -0.13058
    outer loop
      vertex 14.4352 2.73954 10.2397
      vertex 11.1676 2.70822 10.4775
      vertex 11.1607 2.73954 10.2397
    endloop
  endfacet
  facet normal 0 -0.991438 -0.13058
    outer loop
      vertex 11.1676 2.70822 10.4775
      vertex 14.4352 2.73954 10.2397
      vertex 14.4422 2.70822 10.4775
    endloop
  endfacet
  facet normal 0 -0.608754 0.793359
    outer loop
      vertex -14.58 1.76767 7.89338
      vertex -11.3805 1.57733 7.74733
      vertex -11.3555 1.76767 7.89338
    endloop
  endfacet
  facet normal 0 -0.608754 0.793359
    outer loop
      vertex -11.3805 1.57733 7.74733
      vertex -14.58 1.76767 7.89338
      vertex -14.6051 1.57733 7.74733
    endloop
  endfacet
  facet normal 0 -0.608754 0.793359
    outer loop
      vertex 14.58 1.76767 7.89338
      vertex 11.3805 1.57733 7.74733
      vertex 14.6051 1.57733 7.74733
    endloop
  endfacet
  facet normal 0 -0.608754 0.793359
    outer loop
      vertex 11.3805 1.57733 7.74733
      vertex 14.58 1.76767 7.89338
      vertex 11.3555 1.76767 7.89338
    endloop
  endfacet
  facet normal 0 0.537304 -0.843388
    outer loop
      vertex -14.6051 -1.57733 12.2527
      vertex -11.4072 -1.375 12.3816
      vertex -11.3805 -1.57733 12.2527
    endloop
  endfacet
  facet normal 0 0.537304 -0.843388
    outer loop
      vertex -11.4072 -1.375 12.3816
      vertex -14.6051 -1.57733 12.2527
      vertex -14.6317 -1.375 12.3816
    endloop
  endfacet
  facet normal 0 0.537304 -0.843388
    outer loop
      vertex 14.6051 -1.57733 12.2527
      vertex 11.4072 -1.375 12.3816
      vertex 14.6317 -1.375 12.3816
    endloop
  endfacet
  facet normal 0 0.537304 -0.843388
    outer loop
      vertex 11.4072 -1.375 12.3816
      vertex 14.6051 -1.57733 12.2527
      vertex 11.3805 -1.57733 12.2527
    endloop
  endfacet
  facet normal 0 -0.130468 -0.991453
    outer loop
      vertex -11.4895 0.239677 12.7395
      vertex -14.6792 0.477532 12.7082
      vertex -11.4792 0.477532 12.7082
    endloop
  endfacet
  facet normal 0 -0.130468 -0.991453
    outer loop
      vertex -14.6792 0.477532 12.7082
      vertex -11.4895 0.239677 12.7395
      vertex -14.6895 0.239677 12.7395
    endloop
  endfacet
  facet normal 0 -0.130468 -0.991453
    outer loop
      vertex 11.4895 0.239677 12.7395
      vertex 14.6792 0.477532 12.7082
      vertex 14.6895 0.239677 12.7395
    endloop
  endfacet
  facet normal -0 -0.130468 -0.991453
    outer loop
      vertex 14.6792 0.477532 12.7082
      vertex 11.4895 0.239677 12.7395
      vertex 11.4792 0.477532 12.7082
    endloop
  endfacet
  facet normal 0 0.999049 -0.0435964
    outer loop
      vertex -14.4329 -2.75 10
      vertex -11.1607 -2.73954 10.2397
      vertex -11.1583 -2.75 10
    endloop
  endfacet
  facet normal 0 0.999049 -0.0435964
    outer loop
      vertex -11.1607 -2.73954 10.2397
      vertex -14.4329 -2.75 10
      vertex -14.4352 -2.73954 10.2397
    endloop
  endfacet
  facet normal 0 0.999049 -0.0435964
    outer loop
      vertex 14.4329 -2.75 10
      vertex 11.1607 -2.73954 10.2397
      vertex 14.4352 -2.73954 10.2397
    endloop
  endfacet
  facet normal 0 0.999049 -0.0435964
    outer loop
      vertex 11.1607 -2.73954 10.2397
      vertex 14.4329 -2.75 10
      vertex 11.1583 -2.75 10
    endloop
  endfacet
  facet normal 0 0.843352 -0.537361
    outer loop
      vertex -14.4992 -2.38157 11.375
      vertex -11.2686 -2.25267 11.5773
      vertex -11.24 -2.38157 11.375
    endloop
  endfacet
  facet normal 0 0.843352 -0.537361
    outer loop
      vertex -11.2686 -2.25267 11.5773
      vertex -14.4992 -2.38157 11.375
      vertex -14.5162 -2.25267 11.5773
    endloop
  endfacet
  facet normal 0 0.843352 -0.537361
    outer loop
      vertex 14.4992 -2.38157 11.375
      vertex 11.2686 -2.25267 11.5773
      vertex 14.5162 -2.25267 11.5773
    endloop
  endfacet
  facet normal 0 0.843352 -0.537361
    outer loop
      vertex 11.2686 -2.25267 11.5773
      vertex 14.4992 -2.38157 11.375
      vertex 11.24 -2.38157 11.375
    endloop
  endfacet
  facet normal 0 0.793452 -0.608633
    outer loop
      vertex -14.5162 -2.25267 11.5773
      vertex -11.301 -2.10662 11.7677
      vertex -11.2686 -2.25267 11.5773
    endloop
  endfacet
  facet normal 0 0.793452 -0.608633
    outer loop
      vertex -11.301 -2.10662 11.7677
      vertex -14.5162 -2.25267 11.5773
      vertex -14.5354 -2.10662 11.7677
    endloop
  endfacet
  facet normal 0 0.793452 -0.608633
    outer loop
      vertex 14.5162 -2.25267 11.5773
      vertex 11.301 -2.10662 11.7677
      vertex 14.5354 -2.10662 11.7677
    endloop
  endfacet
  facet normal 0 0.793452 -0.608633
    outer loop
      vertex 11.301 -2.10662 11.7677
      vertex 14.5162 -2.25267 11.5773
      vertex 11.2686 -2.25267 11.5773
    endloop
  endfacet
  facet normal 0 -0.043767 -0.999042
    outer loop
      vertex -11.5 0 12.75
      vertex -14.6895 0.239677 12.7395
      vertex -11.4895 0.239677 12.7395
    endloop
  endfacet
  facet normal 0 -0.043767 -0.999042
    outer loop
      vertex -14.6895 0.239677 12.7395
      vertex -11.5 0 12.75
      vertex -14.7 0 12.75
    endloop
  endfacet
  facet normal 0 -0.043767 -0.999042
    outer loop
      vertex 11.5 0 12.75
      vertex 14.6895 0.239677 12.7395
      vertex 14.7 0 12.75
    endloop
  endfacet
  facet normal -0 -0.043767 -0.999042
    outer loop
      vertex 14.6895 0.239677 12.7395
      vertex 11.5 0 12.75
      vertex 11.4895 0.239677 12.7395
    endloop
  endfacet
  facet normal 0 0.923853 -0.382748
    outer loop
      vertex -11.2155 -2.49235 11.1622
      vertex -14.4767 -2.55263 11.0167
      vertex -14.4846 -2.49235 11.1622
    endloop
  endfacet
  facet normal 0 0.923864 -0.38272
    outer loop
      vertex -14.4697 -2.58415 10.9406
      vertex -11.2155 -2.49235 11.1622
      vertex -11.1951 -2.58415 10.9406
    endloop
  endfacet
  facet normal -4.25618e-06 0.923886 -0.382667
    outer loop
      vertex -11.2155 -2.49235 11.1622
      vertex -14.4697 -2.58415 10.9406
      vertex -14.4767 -2.55263 11.0167
    endloop
  endfacet
  facet normal 0 0.923853 -0.382748
    outer loop
      vertex 14.4767 -2.55263 11.0167
      vertex 11.2155 -2.49235 11.1622
      vertex 14.4846 -2.49235 11.1622
    endloop
  endfacet
  facet normal 4.25618e-06 0.923886 -0.382667
    outer loop
      vertex 14.4697 -2.58415 10.9406
      vertex 11.2155 -2.49235 11.1622
      vertex 14.4767 -2.55263 11.0167
    endloop
  endfacet
  facet normal 0 0.923864 -0.38272
    outer loop
      vertex 11.2155 -2.49235 11.1622
      vertex 14.4697 -2.58415 10.9406
      vertex 11.1951 -2.58415 10.9406
    endloop
  endfacet
  facet normal 0 -0.216339 -0.976318
    outer loop
      vertex -11.4792 0.477532 12.7082
      vertex -14.6689 0.711752 12.6563
      vertex -11.4689 0.711752 12.6563
    endloop
  endfacet
  facet normal 0 -0.216339 -0.976318
    outer loop
      vertex -14.6689 0.711752 12.6563
      vertex -11.4792 0.477532 12.7082
      vertex -14.6792 0.477532 12.7082
    endloop
  endfacet
  facet normal 0 -0.216339 -0.976318
    outer loop
      vertex 11.4792 0.477532 12.7082
      vertex 14.6689 0.711752 12.6563
      vertex 14.6792 0.477532 12.7082
    endloop
  endfacet
  facet normal -0 -0.216339 -0.976318
    outer loop
      vertex 14.6689 0.711752 12.6563
      vertex 11.4792 0.477532 12.7082
      vertex 11.4689 0.711752 12.6563
    endloop
  endfacet
  facet normal 0 0.737267 0.675602
    outer loop
      vertex -11.3253 -1.99695 8.11265
      vertex -14.5354 -2.10662 8.23233
      vertex -11.301 -2.10662 8.23233
    endloop
  endfacet
  facet normal 1.60513e-06 0.737245 0.675625
    outer loop
      vertex -11.3322 -1.94454 8.05546
      vertex -14.5354 -2.10662 8.23233
      vertex -11.3253 -1.99695 8.11265
    endloop
  endfacet
  facet normal 0 0.73726 0.675609
    outer loop
      vertex -14.5354 -2.10662 8.23233
      vertex -11.3322 -1.94454 8.05546
      vertex -14.5567 -1.94454 8.05546
    endloop
  endfacet
  facet normal 0 0.737267 0.675602
    outer loop
      vertex 14.5354 -2.10662 8.23233
      vertex 11.3253 -1.99695 8.11265
      vertex 11.301 -2.10662 8.23233
    endloop
  endfacet
  facet normal -0 0.73726 0.675609
    outer loop
      vertex 11.3322 -1.94454 8.05546
      vertex 14.5354 -2.10662 8.23233
      vertex 14.5567 -1.94454 8.05546
    endloop
  endfacet
  facet normal -1.60513e-06 0.737245 0.675625
    outer loop
      vertex 14.5354 -2.10662 8.23233
      vertex 11.3322 -1.94454 8.05546
      vertex 11.3253 -1.99695 8.11265
    endloop
  endfacet
  facet normal 1 -0 0
    outer loop
      vertex 3 35.0392 33.0491
      vertex 3 37.0419 33.0413
      vertex 3 35.1143 33.2305
    endloop
  endfacet
  facet normal 1 0 0
    outer loop
      vertex 3 37.0419 33.0413
      vertex 3 35.0392 33.0491
      vertex 3 37.1671 32.0899
    endloop
  endfacet
  facet normal 1 -0 0
    outer loop
      vertex 3 34.9486 32.875
      vertex 3 37.1671 32.0899
      vertex 3 35.0392 33.0491
    endloop
  endfacet
  facet normal 1 -0 0
    outer loop
      vertex 3 34.8431 32.7095
      vertex 3 37.1671 32.0899
      vertex 3 34.9486 32.875
    endloop
  endfacet
  facet normal 1 -0 0
    outer loop
      vertex 3 34.7236 32.5537
      vertex 3 37.1671 32.0899
      vertex 3 34.8431 32.7095
    endloop
  endfacet
  facet normal 1 -0 0
    outer loop
      vertex 3 34.591 32.409
      vertex 3 37.1671 32.0899
      vertex 3 34.7236 32.5537
    endloop
  endfacet
  facet normal 1 0 0
    outer loop
      vertex 3 37.1671 32.0899
      vertex 3 34.591 32.409
      vertex 3 37.3748 31.153
    endloop
  endfacet
  facet normal 1 -0 0
    outer loop
      vertex 3 34.4463 32.2764
      vertex 3 37.3748 31.153
      vertex 3 34.591 32.409
    endloop
  endfacet
  facet normal 1 -0 0
    outer loop
      vertex 3 34.2905 32.1569
      vertex 3 37.3748 31.153
      vertex 3 34.4463 32.2764
    endloop
  endfacet
  facet normal 1 -0 0
    outer loop
      vertex 3 34.125 32.0514
      vertex 3 37.3748 31.153
      vertex 3 34.2905 32.1569
    endloop
  endfacet
  facet normal 1 -0 0
    outer loop
      vertex 3 33.9509 31.9608
      vertex 3 37.3748 31.153
      vertex 3 34.125 32.0514
    endloop
  endfacet
  facet normal 1 -0 0
    outer loop
      vertex 3 33.7695 31.8857
      vertex 3 37.3748 31.153
      vertex 3 33.9509 31.9608
    endloop
  endfacet
  facet normal 1 0 0
    outer loop
      vertex 3 37.3748 31.153
      vertex 3 33.7695 31.8857
      vertex 3 35.9471 25.117
    endloop
  endfacet
  facet normal 1 -0 0
    outer loop
      vertex 3 33.5823 31.8267
      vertex 3 35.9471 25.117
      vertex 3 33.7695 31.8857
    endloop
  endfacet
  facet normal 1 -0 0
    outer loop
      vertex 3 33.3907 31.7842
      vertex 3 35.9471 25.117
      vertex 3 33.5823 31.8267
    endloop
  endfacet
  facet normal 1 -0 0
    outer loop
      vertex 3 33.1961 31.7586
      vertex 3 35.9471 25.117
      vertex 3 33.3907 31.7842
    endloop
  endfacet
  facet normal 1 0 0
    outer loop
      vertex 3 35.9471 25.117
      vertex 3 33.1961 31.7586
      vertex 3 35.8024 24.9844
    endloop
  endfacet
  facet normal 1 -0 0
    outer loop
      vertex 3 33 31.75
      vertex 3 35.8024 24.9844
      vertex 3 33.1961 31.7586
    endloop
  endfacet
  facet normal 1 -0 0
    outer loop
      vertex 3 20.1733 27.4177
      vertex 3 35.8024 24.9844
      vertex 3 33 31.75
    endloop
  endfacet
  facet normal 1 0 0
    outer loop
      vertex 3 35.8024 24.9844
      vertex 3 20.1143 27.2305
      vertex 3 26.61 15.792
    endloop
  endfacet
  facet normal 1 -0 0
    outer loop
      vertex 3 20.0392 27.0491
      vertex 3 26.61 15.792
      vertex 3 20.1143 27.2305
    endloop
  endfacet
  facet normal 1 -0 0
    outer loop
      vertex 3 19.9486 26.875
      vertex 3 26.61 15.792
      vertex 3 20.0392 27.0491
    endloop
  endfacet
  facet normal 1 -0 0
    outer loop
      vertex 3 19.8431 26.7095
      vertex 3 26.61 15.792
      vertex 3 19.9486 26.875
    endloop
  endfacet
  facet normal 1 -0 0
    outer loop
      vertex 3 19.7236 26.5537
      vertex 3 26.61 15.792
      vertex 3 19.8431 26.7095
    endloop
  endfacet
  facet normal 1 0 0
    outer loop
      vertex 3 35.8024 24.9844
      vertex 3 20.1733 27.4177
      vertex 3 20.1143 27.2305
    endloop
  endfacet
  facet normal 1 0 0
    outer loop
      vertex 3 20.1733 27.4177
      vertex 3 33 31.75
      vertex 3 20.2158 27.6093
    endloop
  endfacet
  facet normal 1 0 0
    outer loop
      vertex 3 20.2158 27.6093
      vertex 3 33 31.75
      vertex 3 20.2414 27.8039
    endloop
  endfacet
  facet normal 1 0 0
    outer loop
      vertex 3 20.2414 27.8039
      vertex 3 33 31.75
      vertex 3 20.25 28
    endloop
  endfacet
  facet normal 1 0 0
    outer loop
      vertex 3 20.25 28
      vertex 3 33 31.75
      vertex 3 20.25 31.75
    endloop
  endfacet
  facet normal 1 0 0
    outer loop
      vertex 3 41.6907 24.9893
      vertex 3 39.6348 23.5895
      vertex 3 39.6434 23.3934
    endloop
  endfacet
  facet normal 1 0 0
    outer loop
      vertex 3 40.9293 25.5735
      vertex 3 39.6092 23.7841
      vertex 3 39.6348 23.5895
    endloop
  endfacet
  facet normal 1 0 0
    outer loop
      vertex 3 38.6839 25.2365
      vertex 3 40.2218 26.2218
      vertex 3 39.5735 26.9293
    endloop
  endfacet
  facet normal 1 0 0
    outer loop
      vertex 3 40.9293 25.5735
      vertex 3 39.5667 23.9757
      vertex 3 39.6092 23.7841
    endloop
  endfacet
  facet normal 1 0 0
    outer loop
      vertex 3 40.9293 25.5735
      vertex 3 39.5077 24.1629
      vertex 3 39.5667 23.9757
    endloop
  endfacet
  facet normal 1 0 0
    outer loop
      vertex 3 40.9293 25.5735
      vertex 3 39.4326 24.3443
      vertex 3 39.5077 24.1629
    endloop
  endfacet
  facet normal 1 0 0
    outer loop
      vertex 3 40.9293 25.5735
      vertex 3 39.342 24.5184
      vertex 3 39.4326 24.3443
    endloop
  endfacet
  facet normal 1 0 0
    outer loop
      vertex 3 40.9293 25.5735
      vertex 3 39.2365 24.6839
      vertex 3 39.342 24.5184
    endloop
  endfacet
  facet normal 1 0 0
    outer loop
      vertex 3 40.2218 26.2218
      vertex 3 39.117 24.8397
      vertex 3 39.2365 24.6839
    endloop
  endfacet
  facet normal 1 0 0
    outer loop
      vertex 3 38.1629 25.5077
      vertex 3 39.5735 26.9293
      vertex 3 38.9893 27.6907
    endloop
  endfacet
  facet normal 1 0 0
    outer loop
      vertex 3 40.2218 26.2218
      vertex 3 38.9844 24.9844
      vertex 3 39.117 24.8397
    endloop
  endfacet
  facet normal 1 0 0
    outer loop
      vertex 3 40.2218 26.2218
      vertex 3 38.8397 25.117
      vertex 3 38.9844 24.9844
    endloop
  endfacet
  facet normal 1 0 0
    outer loop
      vertex 3 40.2218 26.2218
      vertex 3 38.6839 25.2365
      vertex 3 38.8397 25.117
    endloop
  endfacet
  facet normal 1 0 0
    outer loop
      vertex 3 39.5735 26.9293
      vertex 3 38.5184 25.342
      vertex 3 38.6839 25.2365
    endloop
  endfacet
  facet normal 1 0 0
    outer loop
      vertex 3 37.3934 25.6434
      vertex 3 38.9893 27.6907
      vertex 3 38.4737 28.5
    endloop
  endfacet
  facet normal 1 0 0
    outer loop
      vertex 3 39.5735 26.9293
      vertex 3 38.3443 25.4326
      vertex 3 38.5184 25.342
    endloop
  endfacet
  facet normal 1 0 0
    outer loop
      vertex 3 39.5735 26.9293
      vertex 3 38.1629 25.5077
      vertex 3 38.3443 25.4326
    endloop
  endfacet
  facet normal 1 0 0
    outer loop
      vertex 3 36.8111 25.5667
      vertex 3 38.4737 28.5
      vertex 3 38.0306 29.3512
    endloop
  endfacet
  facet normal 1 0 0
    outer loop
      vertex 3 38.9893 27.6907
      vertex 3 37.9757 25.5667
      vertex 3 38.1629 25.5077
    endloop
  endfacet
  facet normal 1 0 0
    outer loop
      vertex 3 38.9893 27.6907
      vertex 3 37.7841 25.6092
      vertex 3 37.9757 25.5667
    endloop
  endfacet
  facet normal 1 0 0
    outer loop
      vertex 3 36.2684 25.342
      vertex 3 38.0306 29.3512
      vertex 3 37.6634 30.2378
    endloop
  endfacet
  facet normal 1 0 0
    outer loop
      vertex 3 38.9893 27.6907
      vertex 3 37.5895 25.6348
      vertex 3 37.7841 25.6092
    endloop
  endfacet
  facet normal 1 0 0
    outer loop
      vertex 3 38.9893 27.6907
      vertex 3 37.3934 25.6434
      vertex 3 37.5895 25.6348
    endloop
  endfacet
  facet normal 1 0 0
    outer loop
      vertex 3 35.9471 25.117
      vertex 3 37.6634 30.2378
      vertex 3 37.3748 31.153
    endloop
  endfacet
  facet normal 1 0 0
    outer loop
      vertex 3 38.4737 28.5
      vertex 3 37.1973 25.6348
      vertex 3 37.3934 25.6434
    endloop
  endfacet
  facet normal 1 0 0
    outer loop
      vertex 3 37 34
      vertex 3 35.2158 33.6093
      vertex 3 37.0419 33.0413
    endloop
  endfacet
  facet normal 1 0 0
    outer loop
      vertex 3 35.2158 33.6093
      vertex 3 37 34
      vertex 3 35.2414 33.8039
    endloop
  endfacet
  facet normal 1 0 0
    outer loop
      vertex 3 38.4737 28.5
      vertex 3 37.0027 25.6092
      vertex 3 37.1973 25.6348
    endloop
  endfacet
  facet normal 1 0 0
    outer loop
      vertex 3 35.2414 33.8039
      vertex 3 37 34
      vertex 3 35.25 34
    endloop
  endfacet
  facet normal 1 0 -0
    outer loop
      vertex 3 34.9486 35.125
      vertex 3 37.1671 35.9101
      vertex 3 34.8431 35.2905
    endloop
  endfacet
  facet normal 1 -0 0
    outer loop
      vertex 3 35.1733 33.4177
      vertex 3 37.0419 33.0413
      vertex 3 35.2158 33.6093
    endloop
  endfacet
  facet normal 1 0 0
    outer loop
      vertex 3 34.125 35.9486
      vertex 3 36.8111 42.4333
      vertex 3 36.6239 42.4923
    endloop
  endfacet
  facet normal 1 0 0
    outer loop
      vertex 3 38.4737 28.5
      vertex 3 36.8111 25.5667
      vertex 3 37.0027 25.6092
    endloop
  endfacet
  facet normal 1 0 0
    outer loop
      vertex 3 33.9509 36.0392
      vertex 3 36.6239 42.4923
      vertex 3 36.4425 42.5674
    endloop
  endfacet
  facet normal 1 0 0
    outer loop
      vertex 3 38.0306 29.3512
      vertex 3 36.6239 25.5077
      vertex 3 36.8111 25.5667
    endloop
  endfacet
  facet normal 1 0 0
    outer loop
      vertex 3 33.7695 36.1143
      vertex 3 36.4425 42.5674
      vertex 3 36.2684 42.658
    endloop
  endfacet
  facet normal 1 0 0
    outer loop
      vertex 3 38.0306 29.3512
      vertex 3 36.4425 25.4326
      vertex 3 36.6239 25.5077
    endloop
  endfacet
  facet normal 1 0 0
    outer loop
      vertex 3 33.5823 36.1733
      vertex 3 36.2684 42.658
      vertex 3 36.1029 42.7635
    endloop
  endfacet
  facet normal 1 0 0
    outer loop
      vertex 3 38.0306 29.3512
      vertex 3 36.2684 25.342
      vertex 3 36.4425 25.4326
    endloop
  endfacet
  facet normal 1 0 0
    outer loop
      vertex 3 33.3907 36.2158
      vertex 3 36.1029 42.7635
      vertex 3 35.9471 42.883
    endloop
  endfacet
  facet normal 1 0 0
    outer loop
      vertex 3 37.6634 30.2378
      vertex 3 36.1029 25.2365
      vertex 3 36.2684 25.342
    endloop
  endfacet
  facet normal 1 0 0
    outer loop
      vertex 3 33.1961 36.2414
      vertex 3 35.9471 42.883
      vertex 3 35.8024 43.0156
    endloop
  endfacet
  facet normal 1 0 0
    outer loop
      vertex 3 37.6634 30.2378
      vertex 3 35.9471 25.117
      vertex 3 36.1029 25.2365
    endloop
  endfacet
  facet normal 1 -0 0
    outer loop
      vertex 3 35.1143 33.2305
      vertex 3 37.0419 33.0413
      vertex 3 35.1733 33.4177
    endloop
  endfacet
  facet normal 1 0 0
    outer loop
      vertex 3 37 34
      vertex 3 35.2414 34.1961
      vertex 3 35.25 34
    endloop
  endfacet
  facet normal 1 0 0
    outer loop
      vertex 3 37 34
      vertex 3 35.2158 34.3907
      vertex 3 35.2414 34.1961
    endloop
  endfacet
  facet normal 1 0 0
    outer loop
      vertex 3 37.0419 34.9587
      vertex 3 35.2158 34.3907
      vertex 3 37 34
    endloop
  endfacet
  facet normal 1 0 -0
    outer loop
      vertex 3 35.2158 34.3907
      vertex 3 37.0419 34.9587
      vertex 3 35.1733 34.5823
    endloop
  endfacet
  facet normal 1 0 -0
    outer loop
      vertex 3 35.1733 34.5823
      vertex 3 37.0419 34.9587
      vertex 3 35.1143 34.7695
    endloop
  endfacet
  facet normal 1 0 -0
    outer loop
      vertex 3 35.1143 34.7695
      vertex 3 37.0419 34.9587
      vertex 3 35.0392 34.9509
    endloop
  endfacet
  facet normal 1 0 -0
    outer loop
      vertex 3 35.0392 34.9509
      vertex 3 37.0419 34.9587
      vertex 3 34.9486 35.125
    endloop
  endfacet
  facet normal 1 0 0
    outer loop
      vertex 3 37.1671 35.9101
      vertex 3 34.9486 35.125
      vertex 3 37.0419 34.9587
    endloop
  endfacet
  facet normal 1 0 0
    outer loop
      vertex 3 36.8111 42.4333
      vertex 3 34.591 35.591
      vertex 3 34.7236 35.4463
    endloop
  endfacet
  facet normal 1 0 0
    outer loop
      vertex 3 36.8111 42.4333
      vertex 3 34.4463 35.7236
      vertex 3 34.591 35.591
    endloop
  endfacet
  facet normal 1 0 0
    outer loop
      vertex 3 36.8111 42.4333
      vertex 3 34.2905 35.8431
      vertex 3 34.4463 35.7236
    endloop
  endfacet
  facet normal 1 0 0
    outer loop
      vertex 3 36.8111 42.4333
      vertex 3 34.125 35.9486
      vertex 3 34.2905 35.8431
    endloop
  endfacet
  facet normal 1 0 0
    outer loop
      vertex 3 36.6239 42.4923
      vertex 3 33.9509 36.0392
      vertex 3 34.125 35.9486
    endloop
  endfacet
  facet normal 1 0 0
    outer loop
      vertex 3 36.4425 42.5674
      vertex 3 33.7695 36.1143
      vertex 3 33.9509 36.0392
    endloop
  endfacet
  facet normal 1 0 0
    outer loop
      vertex 3 36.2684 42.658
      vertex 3 33.5823 36.1733
      vertex 3 33.7695 36.1143
    endloop
  endfacet
  facet normal 1 0 0
    outer loop
      vertex 3 36.1029 42.7635
      vertex 3 33.3907 36.2158
      vertex 3 33.5823 36.1733
    endloop
  endfacet
  facet normal 1 0 0
    outer loop
      vertex 3 35.9471 42.883
      vertex 3 33.1961 36.2414
      vertex 3 33.3907 36.2158
    endloop
  endfacet
  facet normal 1 0 0
    outer loop
      vertex 3 35.8024 43.0156
      vertex 3 33 36.25
      vertex 3 33.1961 36.2414
    endloop
  endfacet
  facet normal 1 0 0
    outer loop
      vertex 3 20.2414 40.1961
      vertex 3 35.8024 43.0156
      vertex 3 26.61 52.208
    endloop
  endfacet
  facet normal 1 0 0
    outer loop
      vertex 3 20.2414 40.1961
      vertex 3 26.61 52.208
      vertex 3 26.4774 52.3527
    endloop
  endfacet
  facet normal 1 0 0
    outer loop
      vertex 3 20.2414 40.1961
      vertex 3 26.4774 52.3527
      vertex 3 26.3579 52.5084
    endloop
  endfacet
  facet normal 1 0 0
    outer loop
      vertex 3 20.2414 40.1961
      vertex 3 26.3579 52.5084
      vertex 3 26.2525 52.674
    endloop
  endfacet
  facet normal 1 0 0
    outer loop
      vertex 3 20.2414 40.1961
      vertex 3 26.2525 52.674
      vertex 3 26.1618 52.8481
    endloop
  endfacet
  facet normal 1 0 0
    outer loop
      vertex 3 20.2414 40.1961
      vertex 3 26.1618 52.8481
      vertex 3 26.0867 53.0294
    endloop
  endfacet
  facet normal 1 0 0
    outer loop
      vertex 3 17.4177 42.1733
      vertex 3 25.9596 53.6029
      vertex 3 25.951 53.799
    endloop
  endfacet
  facet normal 1 0 0
    outer loop
      vertex 3 20.2414 40.1961
      vertex 3 25.9852 53.4083
      vertex 3 25.9596 53.6029
    endloop
  endfacet
  facet normal 1 0 0
    outer loop
      vertex 3 20.2414 40.1961
      vertex 3 26.0277 53.2166
      vertex 3 25.9852 53.4083
    endloop
  endfacet
  facet normal 1 0 0
    outer loop
      vertex 3 20.2414 40.1961
      vertex 3 26.0867 53.0294
      vertex 3 26.0277 53.2166
    endloop
  endfacet
  facet normal 1 0 0
    outer loop
      vertex 3 35.8024 43.0156
      vertex 3 20.2414 40.1961
      vertex 3 33 36.25
    endloop
  endfacet
  facet normal 1 0 0
    outer loop
      vertex 3 33 36.25
      vertex 3 20.25 40
      vertex 3 20.25 36.25
    endloop
  endfacet
  facet normal 1 -0 0
    outer loop
      vertex 3 39.5667 44.0243
      vertex 3 41.6907 43.0107
      vertex 3 39.6092 44.2159
    endloop
  endfacet
  facet normal 1 0 0
    outer loop
      vertex 3 41.6907 43.0107
      vertex 3 39.5667 44.0243
      vertex 3 40.9293 42.4265
    endloop
  endfacet
  facet normal 1 -0 0
    outer loop
      vertex 3 39.5077 43.8371
      vertex 3 40.9293 42.4265
      vertex 3 39.5667 44.0243
    endloop
  endfacet
  facet normal 1 -0 0
    outer loop
      vertex 3 39.4326 43.6557
      vertex 3 40.9293 42.4265
      vertex 3 39.5077 43.8371
    endloop
  endfacet
  facet normal 1 -0 0
    outer loop
      vertex 3 39.342 43.4816
      vertex 3 40.9293 42.4265
      vertex 3 39.4326 43.6557
    endloop
  endfacet
  facet normal 1 -0 0
    outer loop
      vertex 3 39.2365 43.3161
      vertex 3 40.9293 42.4265
      vertex 3 39.342 43.4816
    endloop
  endfacet
  facet normal 1 0 0
    outer loop
      vertex 3 40.9293 42.4265
      vertex 3 39.2365 43.3161
      vertex 3 40.2218 41.7782
    endloop
  endfacet
  facet normal 1 -0 0
    outer loop
      vertex 3 39.117 43.1603
      vertex 3 40.2218 41.7782
      vertex 3 39.2365 43.3161
    endloop
  endfacet
  facet normal 1 -0 0
    outer loop
      vertex 3 38.9844 43.0156
      vertex 3 40.2218 41.7782
      vertex 3 39.117 43.1603
    endloop
  endfacet
  facet normal 1 -0 0
    outer loop
      vertex 3 38.8397 42.883
      vertex 3 40.2218 41.7782
      vertex 3 38.9844 43.0156
    endloop
  endfacet
  facet normal 1 -0 0
    outer loop
      vertex 3 38.6839 42.7635
      vertex 3 40.2218 41.7782
      vertex 3 38.8397 42.883
    endloop
  endfacet
  facet normal 1 0 0
    outer loop
      vertex 3 40.2218 41.7782
      vertex 3 38.6839 42.7635
      vertex 3 39.5735 41.0707
    endloop
  endfacet
  facet normal 1 -0 0
    outer loop
      vertex 3 38.5184 42.658
      vertex 3 39.5735 41.0707
      vertex 3 38.6839 42.7635
    endloop
  endfacet
  facet normal 1 -0 0
    outer loop
      vertex 3 38.3443 42.5674
      vertex 3 39.5735 41.0707
      vertex 3 38.5184 42.658
    endloop
  endfacet
  facet normal 1 -0 0
    outer loop
      vertex 3 38.1629 42.4923
      vertex 3 39.5735 41.0707
      vertex 3 38.3443 42.5674
    endloop
  endfacet
  facet normal 1 0 0
    outer loop
      vertex 3 39.5735 41.0707
      vertex 3 38.1629 42.4923
      vertex 3 38.9893 40.3093
    endloop
  endfacet
  facet normal 1 -0 0
    outer loop
      vertex 3 37.9757 42.4333
      vertex 3 38.9893 40.3093
      vertex 3 38.1629 42.4923
    endloop
  endfacet
  facet normal 1 -0 0
    outer loop
      vertex 3 37.7841 42.3908
      vertex 3 38.9893 40.3093
      vertex 3 37.9757 42.4333
    endloop
  endfacet
  facet normal 1 -0 0
    outer loop
      vertex 3 37.5895 42.3652
      vertex 3 38.9893 40.3093
      vertex 3 37.7841 42.3908
    endloop
  endfacet
  facet normal 1 -0 0
    outer loop
      vertex 3 37.3934 42.3566
      vertex 3 38.9893 40.3093
      vertex 3 37.5895 42.3652
    endloop
  endfacet
  facet normal 1 0 0
    outer loop
      vertex 3 38.9893 40.3093
      vertex 3 37.3934 42.3566
      vertex 3 38.4737 39.5
    endloop
  endfacet
  facet normal 1 0 0
    outer loop
      vertex 3 37.1973 42.3652
      vertex 3 38.4737 39.5
      vertex 3 37.3934 42.3566
    endloop
  endfacet
  facet normal 1 0 0
    outer loop
      vertex 3 37.0027 42.3908
      vertex 3 38.4737 39.5
      vertex 3 37.1973 42.3652
    endloop
  endfacet
  facet normal 1 0 0
    outer loop
      vertex 3 36.8111 42.4333
      vertex 3 38.4737 39.5
      vertex 3 37.0027 42.3908
    endloop
  endfacet
  facet normal 1 0 0
    outer loop
      vertex 3 38.4737 39.5
      vertex 3 36.8111 42.4333
      vertex 3 38.0306 38.6488
    endloop
  endfacet
  facet normal 1 0 0
    outer loop
      vertex 3 38.0306 38.6488
      vertex 3 36.8111 42.4333
      vertex 3 37.6634 37.7622
    endloop
  endfacet
  facet normal 1 0 0
    outer loop
      vertex 3 34.7236 35.4463
      vertex 3 37.6634 37.7622
      vertex 3 36.8111 42.4333
    endloop
  endfacet
  facet normal 1 0 0
    outer loop
      vertex 3 37.6634 37.7622
      vertex 3 34.7236 35.4463
      vertex 3 37.3748 36.847
    endloop
  endfacet
  facet normal 1 0 0
    outer loop
      vertex 3 37.3748 36.847
      vertex 3 34.7236 35.4463
      vertex 3 37.1671 35.9101
    endloop
  endfacet
  facet normal 1 0 -0
    outer loop
      vertex 3 34.8431 35.2905
      vertex 3 37.1671 35.9101
      vertex 3 34.7236 35.4463
    endloop
  endfacet
  facet normal 1 0 0
    outer loop
      vertex 3 56.883 21.9471
      vertex 3 50.2414 19.1961
      vertex 3 50.25 19
    endloop
  endfacet
  facet normal 1 0 0
    outer loop
      vertex 3 51.7622 23.6634
      vertex 3 50.2158 19.3907
      vertex 3 50.2414 19.1961
    endloop
  endfacet
  facet normal 1 0 0
    outer loop
      vertex 3 51.7622 23.6634
      vertex 3 50.1733 19.5823
      vertex 3 50.2158 19.3907
    endloop
  endfacet
  facet normal 1 0 0
    outer loop
      vertex 3 51.7622 23.6634
      vertex 3 50.1143 19.7695
      vertex 3 50.1733 19.5823
    endloop
  endfacet
  facet normal 1 0 0
    outer loop
      vertex 3 51.7622 23.6634
      vertex 3 50.0392 19.9509
      vertex 3 50.1143 19.7695
    endloop
  endfacet
  facet normal 1 0 0
    outer loop
      vertex 3 51.7622 23.6634
      vertex 3 49.9486 20.125
      vertex 3 50.0392 19.9509
    endloop
  endfacet
  facet normal 1 0 0
    outer loop
      vertex 3 49.591 20.591
      vertex 3 50.847 23.3748
      vertex 3 49.9101 23.1671
    endloop
  endfacet
  facet normal 1 0 0
    outer loop
      vertex 3 50.847 23.3748
      vertex 3 49.8431 20.2905
      vertex 3 49.9486 20.125
    endloop
  endfacet
  facet normal 1 0 0
    outer loop
      vertex 3 50.847 23.3748
      vertex 3 49.7236 20.4463
      vertex 3 49.8431 20.2905
    endloop
  endfacet
  facet normal 1 0 0
    outer loop
      vertex 3 50.847 23.3748
      vertex 3 49.591 20.591
      vertex 3 49.7236 20.4463
    endloop
  endfacet
  facet normal 1 0 0
    outer loop
      vertex 3 49.9101 23.1671
      vertex 3 49.4463 20.7236
      vertex 3 49.591 20.591
    endloop
  endfacet
  facet normal 1 0 0
    outer loop
      vertex 3 49.9101 23.1671
      vertex 3 49.2905 20.8431
      vertex 3 49.4463 20.7236
    endloop
  endfacet
  facet normal 1 0 0
    outer loop
      vertex 3 49.9101 23.1671
      vertex 3 49.125 20.9486
      vertex 3 49.2905 20.8431
    endloop
  endfacet
  facet normal 1 -0 0
    outer loop
      vertex 3 48.9587 23.0419
      vertex 3 49.125 20.9486
      vertex 3 49.9101 23.1671
    endloop
  endfacet
  facet normal 1 0 0
    outer loop
      vertex 3 48.9587 23.0419
      vertex 3 48.9509 21.0392
      vertex 3 49.125 20.9486
    endloop
  endfacet
  facet normal 1 0 0
    outer loop
      vertex 3 48.9587 23.0419
      vertex 3 48.7695 21.1143
      vertex 3 48.9509 21.0392
    endloop
  endfacet
  facet normal 1 0 0
    outer loop
      vertex 3 48.9587 23.0419
      vertex 3 48.5823 21.1733
      vertex 3 48.7695 21.1143
    endloop
  endfacet
  facet normal 1 0 0
    outer loop
      vertex 3 48.9587 23.0419
      vertex 3 48.3907 21.2158
      vertex 3 48.5823 21.1733
    endloop
  endfacet
  facet normal 1 -0 0
    outer loop
      vertex 3 48 23
      vertex 3 48.3907 21.2158
      vertex 3 48.9587 23.0419
    endloop
  endfacet
  facet normal 1 0 0
    outer loop
      vertex 3 48.3907 21.2158
      vertex 3 48 23
      vertex 3 48.1961 21.2414
    endloop
  endfacet
  facet normal 1 0 0
    outer loop
      vertex 3 48 23
      vertex 3 48 21.25
      vertex 3 48.1961 21.2414
    endloop
  endfacet
  facet normal 1 0 0
    outer loop
      vertex 3 48 23
      vertex 3 47.8039 21.2414
      vertex 3 48 21.25
    endloop
  endfacet
  facet normal 1 0 0
    outer loop
      vertex 3 48 23
      vertex 3 47.6093 21.2158
      vertex 3 47.8039 21.2414
    endloop
  endfacet
  facet normal 1 0 0
    outer loop
      vertex 3 47.0413 23.0419
      vertex 3 47.6093 21.2158
      vertex 3 48 23
    endloop
  endfacet
  facet normal 1 0 0
    outer loop
      vertex 3 47.6093 21.2158
      vertex 3 47.0413 23.0419
      vertex 3 47.4177 21.1733
    endloop
  endfacet
  facet normal 1 0 0
    outer loop
      vertex 3 47.4177 21.1733
      vertex 3 47.0413 23.0419
      vertex 3 47.2305 21.1143
    endloop
  endfacet
  facet normal 1 0 0
    outer loop
      vertex 3 47.2305 21.1143
      vertex 3 47.0413 23.0419
      vertex 3 47.0491 21.0392
    endloop
  endfacet
  facet normal 1 0 0
    outer loop
      vertex 3 47.0413 23.0419
      vertex 3 46.875 20.9486
      vertex 3 47.0491 21.0392
    endloop
  endfacet
  facet normal 1 0 0
    outer loop
      vertex 3 46.0899 23.1671
      vertex 3 46.875 20.9486
      vertex 3 47.0413 23.0419
    endloop
  endfacet
  facet normal 1 0 0
    outer loop
      vertex 3 46.875 20.9486
      vertex 3 46.0899 23.1671
      vertex 3 46.7095 20.8431
    endloop
  endfacet
  facet normal 1 0 0
    outer loop
      vertex 3 46.7095 20.8431
      vertex 3 46.0899 23.1671
      vertex 3 46.5537 20.7236
    endloop
  endfacet
  facet normal 1 0 0
    outer loop
      vertex 3 46.5537 20.7236
      vertex 3 46.0899 23.1671
      vertex 3 46.409 20.591
    endloop
  endfacet
  facet normal 1 0 0
    outer loop
      vertex 3 45.153 23.3748
      vertex 3 46.409 20.591
      vertex 3 46.0899 23.1671
    endloop
  endfacet
  facet normal 1 0 0
    outer loop
      vertex 3 46.409 20.591
      vertex 3 45.153 23.3748
      vertex 3 46.2764 20.4463
    endloop
  endfacet
  facet normal 1 0 0
    outer loop
      vertex 3 46.2764 20.4463
      vertex 3 45.153 23.3748
      vertex 3 46.1569 20.2905
    endloop
  endfacet
  facet normal 1 0 0
    outer loop
      vertex 3 46.1569 20.2905
      vertex 3 45.153 23.3748
      vertex 3 46.0514 20.125
    endloop
  endfacet
  facet normal 1 0 0
    outer loop
      vertex 3 44.2378 23.6634
      vertex 3 46.0514 20.125
      vertex 3 45.153 23.3748
    endloop
  endfacet
  facet normal 1 0 0
    outer loop
      vertex 3 46.0514 20.125
      vertex 3 44.2378 23.6634
      vertex 3 45.9608 19.9509
    endloop
  endfacet
  facet normal 1 0 0
    outer loop
      vertex 3 45.9608 19.9509
      vertex 3 44.2378 23.6634
      vertex 3 45.8857 19.7695
    endloop
  endfacet
  facet normal 1 0 0
    outer loop
      vertex 3 45.8857 19.7695
      vertex 3 44.2378 23.6634
      vertex 3 45.8267 19.5823
    endloop
  endfacet
  facet normal 1 -0 0
    outer loop
      vertex 3 39.2365 22.1029
      vertex 3 45.7842 19.3907
      vertex 3 39.342 22.2684
    endloop
  endfacet
  facet normal 1 0 0
    outer loop
      vertex 3 45.8267 19.5823
      vertex 3 39.342 22.2684
      vertex 3 45.7842 19.3907
    endloop
  endfacet
  facet normal 1 -0 0
    outer loop
      vertex 3 39.342 22.2684
      vertex 3 45.8267 19.5823
      vertex 3 44.2378 23.6634
    endloop
  endfacet
  facet normal 1 0 0
    outer loop
      vertex 3 56.7635 45.8971
      vertex 3 50.2158 48.6093
      vertex 3 56.658 45.7316
    endloop
  endfacet
  facet normal 1 -0 0
    outer loop
      vertex 3 50.1733 48.4177
      vertex 3 56.658 45.7316
      vertex 3 50.2158 48.6093
    endloop
  endfacet
  facet normal 1 0 0
    outer loop
      vertex 3 56.658 45.7316
      vertex 3 50.1733 48.4177
      vertex 3 51.7622 44.3366
    endloop
  endfacet
  facet normal 1 -0 0
    outer loop
      vertex 3 50.1143 48.2305
      vertex 3 51.7622 44.3366
      vertex 3 50.1733 48.4177
    endloop
  endfacet
  facet normal 1 -0 0
    outer loop
      vertex 3 50.0392 48.0491
      vertex 3 51.7622 44.3366
      vertex 3 50.1143 48.2305
    endloop
  endfacet
  facet normal 1 -0 0
    outer loop
      vertex 3 49.9486 47.875
      vertex 3 51.7622 44.3366
      vertex 3 50.0392 48.0491
    endloop
  endfacet
  facet normal 1 0 0
    outer loop
      vertex 3 51.7622 44.3366
      vertex 3 49.9486 47.875
      vertex 3 50.847 44.6252
    endloop
  endfacet
  facet normal 1 -0 0
    outer loop
      vertex 3 49.8431 47.7095
      vertex 3 50.847 44.6252
      vertex 3 49.9486 47.875
    endloop
  endfacet
  facet normal 1 -0 0
    outer loop
      vertex 3 49.7236 47.5537
      vertex 3 50.847 44.6252
      vertex 3 49.8431 47.7095
    endloop
  endfacet
  facet normal 1 -0 0
    outer loop
      vertex 3 49.591 47.409
      vertex 3 50.847 44.6252
      vertex 3 49.7236 47.5537
    endloop
  endfacet
  facet normal 1 0 0
    outer loop
      vertex 3 50.847 44.6252
      vertex 3 49.591 47.409
      vertex 3 49.9101 44.8329
    endloop
  endfacet
  facet normal 1 -0 0
    outer loop
      vertex 3 49.4463 47.2764
      vertex 3 49.9101 44.8329
      vertex 3 49.591 47.409
    endloop
  endfacet
  facet normal 1 -0 0
    outer loop
      vertex 3 49.2905 47.1569
      vertex 3 49.9101 44.8329
      vertex 3 49.4463 47.2764
    endloop
  endfacet
  facet normal 1 -0 0
    outer loop
      vertex 3 49.125 47.0514
      vertex 3 49.9101 44.8329
      vertex 3 49.2905 47.1569
    endloop
  endfacet
  facet normal 1 0 0
    outer loop
      vertex 3 49.125 47.0514
      vertex 3 48.9587 44.9581
      vertex 3 49.9101 44.8329
    endloop
  endfacet
  facet normal 1 -0 0
    outer loop
      vertex 3 48.9509 46.9608
      vertex 3 48.9587 44.9581
      vertex 3 49.125 47.0514
    endloop
  endfacet
  facet normal 1 -0 0
    outer loop
      vertex 3 48.7695 46.8857
      vertex 3 48.9587 44.9581
      vertex 3 48.9509 46.9608
    endloop
  endfacet
  facet normal 1 -0 0
    outer loop
      vertex 3 48.5823 46.8267
      vertex 3 48.9587 44.9581
      vertex 3 48.7695 46.8857
    endloop
  endfacet
  facet normal 1 -0 0
    outer loop
      vertex 3 48.3907 46.7842
      vertex 3 48.9587 44.9581
      vertex 3 48.5823 46.8267
    endloop
  endfacet
  facet normal 1 0 0
    outer loop
      vertex 3 48 45
      vertex 3 48.3907 46.7842
      vertex 3 48.1961 46.7586
    endloop
  endfacet
  facet normal 1 0 0
    outer loop
      vertex 3 48 45
      vertex 3 48.1961 46.7586
      vertex 3 48 46.75
    endloop
  endfacet
  facet normal 1 0 0
    outer loop
      vertex 3 48.3907 46.7842
      vertex 3 48 45
      vertex 3 48.9587 44.9581
    endloop
  endfacet
  facet normal 1 0 0
    outer loop
      vertex 3 47.8039 46.7586
      vertex 3 48 45
      vertex 3 48 46.75
    endloop
  endfacet
  facet normal 1 0 0
    outer loop
      vertex 3 47.6093 46.7842
      vertex 3 48 45
      vertex 3 47.8039 46.7586
    endloop
  endfacet
  facet normal 1 0 0
    outer loop
      vertex 3 47.0413 44.9581
      vertex 3 47.6093 46.7842
      vertex 3 47.4177 46.8267
    endloop
  endfacet
  facet normal 1 0 0
    outer loop
      vertex 3 47.0413 44.9581
      vertex 3 47.4177 46.8267
      vertex 3 47.2305 46.8857
    endloop
  endfacet
  facet normal 1 0 0
    outer loop
      vertex 3 47.0413 44.9581
      vertex 3 47.2305 46.8857
      vertex 3 47.0491 46.9608
    endloop
  endfacet
  facet normal 1 0 0
    outer loop
      vertex 3 47.6093 46.7842
      vertex 3 47.0413 44.9581
      vertex 3 48 45
    endloop
  endfacet
  facet normal 1 0 0
    outer loop
      vertex 3 46.875 47.0514
      vertex 3 47.0413 44.9581
      vertex 3 47.0491 46.9608
    endloop
  endfacet
  facet normal 1 0 0
    outer loop
      vertex 3 46.0899 44.8329
      vertex 3 46.875 47.0514
      vertex 3 46.7095 47.1569
    endloop
  endfacet
  facet normal 1 0 0
    outer loop
      vertex 3 46.0899 44.8329
      vertex 3 46.7095 47.1569
      vertex 3 46.5537 47.2764
    endloop
  endfacet
  facet normal 1 0 0
    outer loop
      vertex 3 46.0899 44.8329
      vertex 3 46.5537 47.2764
      vertex 3 46.409 47.409
    endloop
  endfacet
  facet normal 1 0 0
    outer loop
      vertex 3 45.153 44.6252
      vertex 3 46.409 47.409
      vertex 3 46.2764 47.5537
    endloop
  endfacet
  facet normal 1 0 0
    outer loop
      vertex 3 45.153 44.6252
      vertex 3 46.2764 47.5537
      vertex 3 46.1569 47.7095
    endloop
  endfacet
  facet normal 1 0 0
    outer loop
      vertex 3 46.875 47.0514
      vertex 3 46.0899 44.8329
      vertex 3 47.0413 44.9581
    endloop
  endfacet
  facet normal 1 0 0
    outer loop
      vertex 3 45.153 44.6252
      vertex 3 46.1569 47.7095
      vertex 3 46.0514 47.875
    endloop
  endfacet
  facet normal 1 0 0
    outer loop
      vertex 3 44.2378 44.3366
      vertex 3 46.0514 47.875
      vertex 3 45.9608 48.0491
    endloop
  endfacet
  facet normal 1 0 0
    outer loop
      vertex 3 44.2378 44.3366
      vertex 3 45.9608 48.0491
      vertex 3 45.8857 48.2305
    endloop
  endfacet
  facet normal 1 0 0
    outer loop
      vertex 3 44.2378 44.3366
      vertex 3 45.8857 48.2305
      vertex 3 45.8267 48.4177
    endloop
  endfacet
  facet normal 1 0 0
    outer loop
      vertex 3 39.342 45.7316
      vertex 3 45.8267 48.4177
      vertex 3 45.7842 48.6093
    endloop
  endfacet
  facet normal 1 0 0
    outer loop
      vertex 3 39.2365 45.8971
      vertex 3 45.7842 48.6093
      vertex 3 45.7586 48.8039
    endloop
  endfacet
  facet normal 1 0 0
    outer loop
      vertex 3 46.409 47.409
      vertex 3 45.153 44.6252
      vertex 3 46.0899 44.8329
    endloop
  endfacet
  facet normal 1 0 0
    outer loop
      vertex 3 39.117 46.0529
      vertex 3 45.7586 48.8039
      vertex 3 45.75 49
    endloop
  endfacet
  facet normal 1 0 0
    outer loop
      vertex 3 61.7095 32.1569
      vertex 3 58.9973 25.6092
      vertex 3 59.1889 25.5667
    endloop
  endfacet
  facet normal 1 0 0
    outer loop
      vertex 3 61.1569 32.7095
      vertex 3 58.8329 32.0899
      vertex 3 61.2764 32.5537
    endloop
  endfacet
  facet normal 1 0 0
    outer loop
      vertex 3 58.6252 31.153
      vertex 3 61.2764 32.5537
      vertex 3 58.8329 32.0899
    endloop
  endfacet
  facet normal 1 0 0
    outer loop
      vertex 3 58.3366 30.2378
      vertex 3 61.2764 32.5537
      vertex 3 58.6252 31.153
    endloop
  endfacet
  facet normal 1 0 0
    outer loop
      vertex 3 61.2764 32.5537
      vertex 3 58.3366 30.2378
      vertex 3 58.9973 25.6092
    endloop
  endfacet
  facet normal 1 -0 0
    outer loop
      vertex 3 57.9694 29.3512
      vertex 3 58.9973 25.6092
      vertex 3 58.3366 30.2378
    endloop
  endfacet
  facet normal 1 -0 0
    outer loop
      vertex 3 57.5263 28.5
      vertex 3 58.9973 25.6092
      vertex 3 57.9694 29.3512
    endloop
  endfacet
  facet normal 1 0 0
    outer loop
      vertex 3 58.9973 25.6092
      vertex 3 57.5263 28.5
      vertex 3 58.8027 25.6348
    endloop
  endfacet
  facet normal 1 0 0
    outer loop
      vertex 3 58.8027 25.6348
      vertex 3 57.5263 28.5
      vertex 3 58.6066 25.6434
    endloop
  endfacet
  facet normal 1 -0 0
    outer loop
      vertex 3 57.0107 27.6907
      vertex 3 58.6066 25.6434
      vertex 3 57.5263 28.5
    endloop
  endfacet
  facet normal 1 0 0
    outer loop
      vertex 3 58.6066 25.6434
      vertex 3 57.0107 27.6907
      vertex 3 58.4105 25.6348
    endloop
  endfacet
  facet normal 1 0 0
    outer loop
      vertex 3 58.4105 25.6348
      vertex 3 57.0107 27.6907
      vertex 3 58.2159 25.6092
    endloop
  endfacet
  facet normal 1 0 0
    outer loop
      vertex 3 58.2159 25.6092
      vertex 3 57.0107 27.6907
      vertex 3 58.0243 25.5667
    endloop
  endfacet
  facet normal 1 0 0
    outer loop
      vertex 3 58.0243 25.5667
      vertex 3 57.0107 27.6907
      vertex 3 57.8371 25.5077
    endloop
  endfacet
  facet normal 1 -0 0
    outer loop
      vertex 3 56.4265 26.9293
      vertex 3 57.8371 25.5077
      vertex 3 57.0107 27.6907
    endloop
  endfacet
  facet normal 1 0 0
    outer loop
      vertex 3 57.8371 25.5077
      vertex 3 56.4265 26.9293
      vertex 3 57.6557 25.4326
    endloop
  endfacet
  facet normal 1 0 0
    outer loop
      vertex 3 57.6557 25.4326
      vertex 3 56.4265 26.9293
      vertex 3 57.4816 25.342
    endloop
  endfacet
  facet normal 1 0 0
    outer loop
      vertex 3 57.4816 25.342
      vertex 3 56.4265 26.9293
      vertex 3 57.3161 25.2365
    endloop
  endfacet
  facet normal 1 -0 0
    outer loop
      vertex 3 55.7782 26.2218
      vertex 3 57.3161 25.2365
      vertex 3 56.4265 26.9293
    endloop
  endfacet
  facet normal 1 0 0
    outer loop
      vertex 3 57.3161 25.2365
      vertex 3 55.7782 26.2218
      vertex 3 57.1603 25.117
    endloop
  endfacet
  facet normal 1 0 0
    outer loop
      vertex 3 57.1603 25.117
      vertex 3 55.7782 26.2218
      vertex 3 57.0156 24.9844
    endloop
  endfacet
  facet normal 1 0 0
    outer loop
      vertex 3 57.0156 24.9844
      vertex 3 55.7782 26.2218
      vertex 3 56.883 24.8397
    endloop
  endfacet
  facet normal 1 0 0
    outer loop
      vertex 3 56.883 24.8397
      vertex 3 55.7782 26.2218
      vertex 3 56.7635 24.6839
    endloop
  endfacet
  facet normal 1 -0 0
    outer loop
      vertex 3 55.0707 25.5735
      vertex 3 56.7635 24.6839
      vertex 3 55.7782 26.2218
    endloop
  endfacet
  facet normal 1 0 0
    outer loop
      vertex 3 56.7635 24.6839
      vertex 3 55.0707 25.5735
      vertex 3 56.658 24.5184
    endloop
  endfacet
  facet normal 1 0 0
    outer loop
      vertex 3 56.658 24.5184
      vertex 3 55.0707 25.5735
      vertex 3 56.5674 24.3443
    endloop
  endfacet
  facet normal 1 0 0
    outer loop
      vertex 3 56.5674 24.3443
      vertex 3 55.0707 25.5735
      vertex 3 56.4923 24.1629
    endloop
  endfacet
  facet normal 1 0 0
    outer loop
      vertex 3 56.4923 24.1629
      vertex 3 55.0707 25.5735
      vertex 3 56.4333 23.9757
    endloop
  endfacet
  facet normal 1 -0 0
    outer loop
      vertex 3 54.3093 24.9893
      vertex 3 56.4333 23.9757
      vertex 3 55.0707 25.5735
    endloop
  endfacet
  facet normal 1 0 0
    outer loop
      vertex 3 56.4333 23.9757
      vertex 3 54.3093 24.9893
      vertex 3 56.3908 23.7841
    endloop
  endfacet
  facet normal 1 -0 0
    outer loop
      vertex 3 63 31.75
      vertex 3 75.75 28
      vertex 3 75.75 31.75
    endloop
  endfacet
  facet normal 1 0 0
    outer loop
      vertex 3 75.75 28
      vertex 3 70.0404 14.3971
      vertex 3 70.049 14.201
    endloop
  endfacet
  facet normal 1 0 0
    outer loop
      vertex 3 75.75 28
      vertex 3 70.0148 14.5917
      vertex 3 70.0404 14.3971
    endloop
  endfacet
  facet normal 1 0 0
    outer loop
      vertex 3 75.75 28
      vertex 3 69.9723 14.7834
      vertex 3 70.0148 14.5917
    endloop
  endfacet
  facet normal 1 0 0
    outer loop
      vertex 3 75.75 28
      vertex 3 69.9133 14.9706
      vertex 3 69.9723 14.7834
    endloop
  endfacet
  facet normal 1 0 0
    outer loop
      vertex 3 75.75 28
      vertex 3 69.8382 15.1519
      vertex 3 69.9133 14.9706
    endloop
  endfacet
  facet normal 1 0 0
    outer loop
      vertex 3 75.75 28
      vertex 3 69.7475 15.326
      vertex 3 69.8382 15.1519
    endloop
  endfacet
  facet normal 1 0 0
    outer loop
      vertex 3 75.75 28
      vertex 3 69.6421 15.4916
      vertex 3 69.7475 15.326
    endloop
  endfacet
  facet normal 1 0 0
    outer loop
      vertex 3 75.75 28
      vertex 3 69.5226 15.6473
      vertex 3 69.6421 15.4916
    endloop
  endfacet
  facet normal 1 0 0
    outer loop
      vertex 3 75.75 28
      vertex 3 69.39 15.792
      vertex 3 69.5226 15.6473
    endloop
  endfacet
  facet normal 1 0 0
    outer loop
      vertex 3 75.75 28
      vertex 3 63 31.75
      vertex 3 60.1976 24.9844
    endloop
  endfacet
  facet normal 1 0 0
    outer loop
      vertex 3 60.1976 24.9844
      vertex 3 63 31.75
      vertex 3 62.8039 31.7586
    endloop
  endfacet
  facet normal 1 0 0
    outer loop
      vertex 3 60.0529 25.117
      vertex 3 62.8039 31.7586
      vertex 3 62.6093 31.7842
    endloop
  endfacet
  facet normal 1 0 0
    outer loop
      vertex 3 59.8971 25.2365
      vertex 3 62.6093 31.7842
      vertex 3 62.4177 31.8267
    endloop
  endfacet
  facet normal 1 0 0
    outer loop
      vertex 3 59.7316 25.342
      vertex 3 62.4177 31.8267
      vertex 3 62.2305 31.8857
    endloop
  endfacet
  facet normal 1 0 0
    outer loop
      vertex 3 59.5575 25.4326
      vertex 3 62.2305 31.8857
      vertex 3 62.0491 31.9608
    endloop
  endfacet
  facet normal 1 0 0
    outer loop
      vertex 3 59.3761 25.5077
      vertex 3 62.0491 31.9608
      vertex 3 61.875 32.0514
    endloop
  endfacet
  facet normal 1 0 0
    outer loop
      vertex 3 59.1889 25.5667
      vertex 3 61.875 32.0514
      vertex 3 61.7095 32.1569
    endloop
  endfacet
  facet normal 1 0 0
    outer loop
      vertex 3 58.9973 25.6092
      vertex 3 61.7095 32.1569
      vertex 3 61.5537 32.2764
    endloop
  endfacet
  facet normal 1 0 0
    outer loop
      vertex 3 58.9973 25.6092
      vertex 3 61.5537 32.2764
      vertex 3 61.409 32.409
    endloop
  endfacet
  facet normal 1 0 0
    outer loop
      vertex 3 58.9973 25.6092
      vertex 3 61.409 32.409
      vertex 3 61.2764 32.5537
    endloop
  endfacet
  facet normal 1 0 0
    outer loop
      vertex 3 58.8329 32.0899
      vertex 3 61.0514 32.875
      vertex 3 58.9581 33.0413
    endloop
  endfacet
  facet normal 1 0 0
    outer loop
      vertex 3 60.9608 33.0491
      vertex 3 58.9581 33.0413
      vertex 3 61.0514 32.875
    endloop
  endfacet
  facet normal 1 0 0
    outer loop
      vertex 3 60.8857 33.2305
      vertex 3 58.9581 33.0413
      vertex 3 60.9608 33.0491
    endloop
  endfacet
  facet normal 1 0 0
    outer loop
      vertex 3 60.8267 34.5823
      vertex 3 58.9581 34.9587
      vertex 3 60.7842 34.3907
    endloop
  endfacet
  facet normal 1 0 0
    outer loop
      vertex 3 75.75 28
      vertex 3 60.1976 24.9844
      vertex 3 69.39 15.792
    endloop
  endfacet
  facet normal 1 0 0
    outer loop
      vertex 3 60.8267 33.4177
      vertex 3 58.9581 33.0413
      vertex 3 60.8857 33.2305
    endloop
  endfacet
  facet normal 1 0 0
    outer loop
      vertex 3 60.7842 33.6093
      vertex 3 58.9581 33.0413
      vertex 3 60.8267 33.4177
    endloop
  endfacet
  facet normal 1 0 0
    outer loop
      vertex 3 58.9581 33.0413
      vertex 3 60.7842 33.6093
      vertex 3 59 34
    endloop
  endfacet
  facet normal 1 0 0
    outer loop
      vertex 3 59 34
      vertex 3 60.7842 33.6093
      vertex 3 60.7586 33.8039
    endloop
  endfacet
  facet normal 1 0 -0
    outer loop
      vertex 3 59 34
      vertex 3 60.7842 34.3907
      vertex 3 58.9581 34.9587
    endloop
  endfacet
  facet normal 1 0 0
    outer loop
      vertex 3 58.6252 36.847
      vertex 3 60.1976 43.0156
      vertex 3 60.0529 42.883
    endloop
  endfacet
  facet normal 1 0 0
    outer loop
      vertex 3 61.0514 32.875
      vertex 3 58.8329 32.0899
      vertex 3 61.1569 32.7095
    endloop
  endfacet
  facet normal 1 0 0
    outer loop
      vertex 3 58.3366 37.7622
      vertex 3 60.0529 42.883
      vertex 3 59.8971 42.7635
    endloop
  endfacet
  facet normal 1 0 0
    outer loop
      vertex 3 62.8039 31.7586
      vertex 3 60.0529 25.117
      vertex 3 60.1976 24.9844
    endloop
  endfacet
  facet normal 1 0 0
    outer loop
      vertex 3 58.3366 37.7622
      vertex 3 59.8971 42.7635
      vertex 3 59.7316 42.658
    endloop
  endfacet
  facet normal 1 0 0
    outer loop
      vertex 3 62.6093 31.7842
      vertex 3 59.8971 25.2365
      vertex 3 60.0529 25.117
    endloop
  endfacet
  facet normal 1 0 0
    outer loop
      vertex 3 57.9694 38.6488
      vertex 3 59.7316 42.658
      vertex 3 59.5575 42.5674
    endloop
  endfacet
  facet normal 1 0 0
    outer loop
      vertex 3 62.4177 31.8267
      vertex 3 59.7316 25.342
      vertex 3 59.8971 25.2365
    endloop
  endfacet
  facet normal 1 0 0
    outer loop
      vertex 3 57.9694 38.6488
      vertex 3 59.5575 42.5674
      vertex 3 59.3761 42.4923
    endloop
  endfacet
  facet normal 1 0 0
    outer loop
      vertex 3 62.2305 31.8857
      vertex 3 59.5575 25.4326
      vertex 3 59.7316 25.342
    endloop
  endfacet
  facet normal 1 0 0
    outer loop
      vertex 3 57.9694 38.6488
      vertex 3 59.3761 42.4923
      vertex 3 59.1889 42.4333
    endloop
  endfacet
  facet normal 1 0 0
    outer loop
      vertex 3 62.0491 31.9608
      vertex 3 59.3761 25.5077
      vertex 3 59.5575 25.4326
    endloop
  endfacet
  facet normal 1 0 0
    outer loop
      vertex 3 61.875 32.0514
      vertex 3 59.1889 25.5667
      vertex 3 59.3761 25.5077
    endloop
  endfacet
  facet normal 1 0 0
    outer loop
      vertex 3 57.5263 39.5
      vertex 3 59.1889 42.4333
      vertex 3 58.9973 42.3908
    endloop
  endfacet
  facet normal 1 0 0
    outer loop
      vertex 3 60.75 34
      vertex 3 59 34
      vertex 3 60.7586 33.8039
    endloop
  endfacet
  facet normal 1 0 0
    outer loop
      vertex 3 60.7586 34.1961
      vertex 3 59 34
      vertex 3 60.75 34
    endloop
  endfacet
  facet normal 1 0 0
    outer loop
      vertex 3 57.5263 39.5
      vertex 3 58.9973 42.3908
      vertex 3 58.8027 42.3652
    endloop
  endfacet
  facet normal 1 0 0
    outer loop
      vertex 3 60.7842 34.3907
      vertex 3 59 34
      vertex 3 60.7586 34.1961
    endloop
  endfacet
  facet normal 1 0 0
    outer loop
      vertex 3 57.5263 39.5
      vertex 3 58.8027 42.3652
      vertex 3 58.6066 42.3566
    endloop
  endfacet
  facet normal 1 0 0
    outer loop
      vertex 3 57.0107 40.3093
      vertex 3 58.6066 42.3566
      vertex 3 58.4105 42.3652
    endloop
  endfacet
  facet normal 1 0 0
    outer loop
      vertex 3 60.0529 42.883
      vertex 3 58.3366 37.7622
      vertex 3 58.6252 36.847
    endloop
  endfacet
  facet normal 1 0 0
    outer loop
      vertex 3 57.0107 40.3093
      vertex 3 58.4105 42.3652
      vertex 3 58.2159 42.3908
    endloop
  endfacet
  facet normal 1 0 0
    outer loop
      vertex 3 57.0107 40.3093
      vertex 3 58.2159 42.3908
      vertex 3 58.0243 42.4333
    endloop
  endfacet
  facet normal 1 0 0
    outer loop
      vertex 3 59.7316 42.658
      vertex 3 57.9694 38.6488
      vertex 3 58.3366 37.7622
    endloop
  endfacet
  facet normal 1 0 0
    outer loop
      vertex 3 57.0107 40.3093
      vertex 3 58.0243 42.4333
      vertex 3 57.8371 42.4923
    endloop
  endfacet
  facet normal 1 0 0
    outer loop
      vertex 3 56.4265 41.0707
      vertex 3 57.8371 42.4923
      vertex 3 57.6557 42.5674
    endloop
  endfacet
  facet normal 1 0 0
    outer loop
      vertex 3 59.1889 42.4333
      vertex 3 57.5263 39.5
      vertex 3 57.9694 38.6488
    endloop
  endfacet
  facet normal 1 0 0
    outer loop
      vertex 3 56.4265 41.0707
      vertex 3 57.6557 42.5674
      vertex 3 57.4816 42.658
    endloop
  endfacet
  facet normal 1 0 0
    outer loop
      vertex 3 56.4265 41.0707
      vertex 3 57.4816 42.658
      vertex 3 57.3161 42.7635
    endloop
  endfacet
  facet normal 1 0 0
    outer loop
      vertex 3 55.7782 41.7782
      vertex 3 57.3161 42.7635
      vertex 3 57.1603 42.883
    endloop
  endfacet
  facet normal 1 0 0
    outer loop
      vertex 3 55.7782 41.7782
      vertex 3 57.1603 42.883
      vertex 3 57.0156 43.0156
    endloop
  endfacet
  facet normal 1 0 0
    outer loop
      vertex 3 58.6066 42.3566
      vertex 3 57.0107 40.3093
      vertex 3 57.5263 39.5
    endloop
  endfacet
  facet normal 1 0 0
    outer loop
      vertex 3 55.7782 41.7782
      vertex 3 57.0156 43.0156
      vertex 3 56.883 43.1603
    endloop
  endfacet
  facet normal 1 0 0
    outer loop
      vertex 3 55.7782 41.7782
      vertex 3 56.883 43.1603
      vertex 3 56.7635 43.3161
    endloop
  endfacet
  facet normal 1 0 0
    outer loop
      vertex 3 55.0707 42.4265
      vertex 3 56.7635 43.3161
      vertex 3 56.658 43.4816
    endloop
  endfacet
  facet normal 1 0 0
    outer loop
      vertex 3 55.0707 42.4265
      vertex 3 56.658 43.4816
      vertex 3 56.5674 43.6557
    endloop
  endfacet
  facet normal 1 0 0
    outer loop
      vertex 3 55.0707 42.4265
      vertex 3 56.5674 43.6557
      vertex 3 56.4923 43.8371
    endloop
  endfacet
  facet normal 1 0 0
    outer loop
      vertex 3 55.0707 42.4265
      vertex 3 56.4923 43.8371
      vertex 3 56.4333 44.0243
    endloop
  endfacet
  facet normal 1 0 0
    outer loop
      vertex 3 57.8371 42.4923
      vertex 3 56.4265 41.0707
      vertex 3 57.0107 40.3093
    endloop
  endfacet
  facet normal 1 0 0
    outer loop
      vertex 3 54.3093 43.0107
      vertex 3 56.4333 44.0243
      vertex 3 56.3908 44.2159
    endloop
  endfacet
  facet normal 1 0 0
    outer loop
      vertex 3 54.3093 43.0107
      vertex 3 56.3908 44.2159
      vertex 3 56.3652 44.4105
    endloop
  endfacet
  facet normal 1 0 0
    outer loop
      vertex 3 54.3093 43.0107
      vertex 3 56.3652 44.4105
      vertex 3 56.3566 44.6066
    endloop
  endfacet
  facet normal 1 0 0
    outer loop
      vertex 3 57.3161 42.7635
      vertex 3 55.7782 41.7782
      vertex 3 56.4265 41.0707
    endloop
  endfacet
  facet normal 1 0 0
    outer loop
      vertex 3 83 69
      vertex 3 80.25 40
      vertex 3 83 0
    endloop
  endfacet
  facet normal 1 0 0
    outer loop
      vertex 3 83 69
      vertex 3 80.2414 40.1961
      vertex 3 80.25 40
    endloop
  endfacet
  facet normal 1 0 0
    outer loop
      vertex 3 83 69
      vertex 3 80.2158 40.3907
      vertex 3 80.2414 40.1961
    endloop
  endfacet
  facet normal 1 0 0
    outer loop
      vertex 3 83 69
      vertex 3 80.1733 40.5823
      vertex 3 80.2158 40.3907
    endloop
  endfacet
  facet normal 1 0 0
    outer loop
      vertex 3 83 69
      vertex 3 80.1143 40.7695
      vertex 3 80.1733 40.5823
    endloop
  endfacet
  facet normal 1 0 0
    outer loop
      vertex 3 83 69
      vertex 3 80.0392 40.9509
      vertex 3 80.1143 40.7695
    endloop
  endfacet
  facet normal 1 0 0
    outer loop
      vertex 3 83 69
      vertex 3 79.9486 41.125
      vertex 3 80.0392 40.9509
    endloop
  endfacet
  facet normal 1 0 0
    outer loop
      vertex 3 83 69
      vertex 3 79.8431 41.2905
      vertex 3 79.9486 41.125
    endloop
  endfacet
  facet normal 1 0 0
    outer loop
      vertex 3 83 69
      vertex 3 79.7236 41.4463
      vertex 3 79.8431 41.2905
    endloop
  endfacet
  facet normal 1 0 0
    outer loop
      vertex 3 83 69
      vertex 3 79.591 41.591
      vertex 3 79.7236 41.4463
    endloop
  endfacet
  facet normal 1 0 0
    outer loop
      vertex 3 83 69
      vertex 3 79.4463 41.7236
      vertex 3 79.591 41.591
    endloop
  endfacet
  facet normal 1 0 0
    outer loop
      vertex 3 83 69
      vertex 3 79.2905 41.8431
      vertex 3 79.4463 41.7236
    endloop
  endfacet
  facet normal 1 0 0
    outer loop
      vertex 3 83 69
      vertex 3 79.125 41.9486
      vertex 3 79.2905 41.8431
    endloop
  endfacet
  facet normal 1 0 0
    outer loop
      vertex 3 83 69
      vertex 3 78.9509 42.0392
      vertex 3 79.125 41.9486
    endloop
  endfacet
  facet normal 1 0 0
    outer loop
      vertex 3 83 69
      vertex 3 78.7695 42.1143
      vertex 3 78.9509 42.0392
    endloop
  endfacet
  facet normal 1 -0 0
    outer loop
      vertex 3 70.0404 53.9951
      vertex 3 78.7695 42.1143
      vertex 3 83 69
    endloop
  endfacet
  facet normal 1 -0 -0
    outer loop
      vertex 3 70.049 53.799
      vertex 3 78.7695 42.1143
      vertex 3 70.0404 53.9951
    endloop
  endfacet
  facet normal 1 0 0
    outer loop
      vertex 3 78.7695 42.1143
      vertex 3 70.049 53.799
      vertex 3 78.5823 42.1733
    endloop
  endfacet
  facet normal 1 -0 0
    outer loop
      vertex 3 70.0404 53.6029
      vertex 3 78.5823 42.1733
      vertex 3 70.049 53.799
    endloop
  endfacet
  facet normal 1 0 0
    outer loop
      vertex 3 78.5823 42.1733
      vertex 3 70.0404 53.6029
      vertex 3 78.3907 42.2158
    endloop
  endfacet
  facet normal 1 -0 0
    outer loop
      vertex 3 70.0148 53.4083
      vertex 3 78.3907 42.2158
      vertex 3 70.0404 53.6029
    endloop
  endfacet
  facet normal 1 0 0
    outer loop
      vertex 3 78.3907 42.2158
      vertex 3 70.0148 53.4083
      vertex 3 78.1961 42.2414
    endloop
  endfacet
  facet normal 1 -0 0
    outer loop
      vertex 3 69.9723 53.2166
      vertex 3 78.1961 42.2414
      vertex 3 70.0148 53.4083
    endloop
  endfacet
  facet normal 1 -0 0
    outer loop
      vertex 3 69.9133 53.0294
      vertex 3 78 42.25
      vertex 3 69.9723 53.2166
    endloop
  endfacet
  facet normal 1 0 0
    outer loop
      vertex 3 78 42.25
      vertex 3 69.9133 53.0294
      vertex 3 77.8039 42.2414
    endloop
  endfacet
  facet normal 1 -0 0
    outer loop
      vertex 3 69.8382 52.8481
      vertex 3 77.8039 42.2414
      vertex 3 69.9133 53.0294
    endloop
  endfacet
  facet normal 1 0 0
    outer loop
      vertex 3 77.8039 42.2414
      vertex 3 69.8382 52.8481
      vertex 3 77.6093 42.2158
    endloop
  endfacet
  facet normal 1 -0 0
    outer loop
      vertex 3 69.7475 52.674
      vertex 3 77.6093 42.2158
      vertex 3 69.8382 52.8481
    endloop
  endfacet
  facet normal 1 0 0
    outer loop
      vertex 3 77.6093 42.2158
      vertex 3 69.7475 52.674
      vertex 3 77.4177 42.1733
    endloop
  endfacet
  facet normal 1 -0 0
    outer loop
      vertex 3 69.6421 52.5084
      vertex 3 77.4177 42.1733
      vertex 3 69.7475 52.674
    endloop
  endfacet
  facet normal 1 0 0
    outer loop
      vertex 3 77.4177 42.1733
      vertex 3 69.6421 52.5084
      vertex 3 77.2305 42.1143
    endloop
  endfacet
  facet normal 1 -0 0
    outer loop
      vertex 3 69.5226 52.3527
      vertex 3 77.2305 42.1143
      vertex 3 69.6421 52.5084
    endloop
  endfacet
  facet normal 1 0 0
    outer loop
      vertex 3 77.2305 42.1143
      vertex 3 69.5226 52.3527
      vertex 3 77.0491 42.0392
    endloop
  endfacet
  facet normal 1 -0 0
    outer loop
      vertex 3 69.39 52.208
      vertex 3 77.0491 42.0392
      vertex 3 69.5226 52.3527
    endloop
  endfacet
  facet normal 1 0 0
    outer loop
      vertex 3 76.409 41.591
      vertex 3 69.39 52.208
      vertex 3 76.2764 41.4463
    endloop
  endfacet
  facet normal 1 0 0
    outer loop
      vertex 3 76.5537 41.7236
      vertex 3 69.39 52.208
      vertex 3 76.409 41.591
    endloop
  endfacet
  facet normal 1 0 0
    outer loop
      vertex 3 76.7095 41.8431
      vertex 3 69.39 52.208
      vertex 3 76.5537 41.7236
    endloop
  endfacet
  facet normal 1 0 0
    outer loop
      vertex 3 76.875 41.9486
      vertex 3 69.39 52.208
      vertex 3 76.7095 41.8431
    endloop
  endfacet
  facet normal 1 0 0
    outer loop
      vertex 3 77.0491 42.0392
      vertex 3 69.39 52.208
      vertex 3 76.875 41.9486
    endloop
  endfacet
  facet normal 1 0 0
    outer loop
      vertex 3 78.1961 42.2414
      vertex 3 69.9723 53.2166
      vertex 3 78 42.25
    endloop
  endfacet
  facet normal 1 0 0
    outer loop
      vertex 3 83 69
      vertex 3 70.0148 54.1897
      vertex 3 70.0404 53.9951
    endloop
  endfacet
  facet normal 1 0 0
    outer loop
      vertex 3 83 69
      vertex 3 69.9723 54.3813
      vertex 3 70.0148 54.1897
    endloop
  endfacet
  facet normal 1 0 0
    outer loop
      vertex 3 83 69
      vertex 3 69.9133 54.5685
      vertex 3 69.9723 54.3813
    endloop
  endfacet
  facet normal 1 0 0
    outer loop
      vertex 3 83 69
      vertex 3 69.8382 54.7499
      vertex 3 69.9133 54.5685
    endloop
  endfacet
  facet normal 1 0 0
    outer loop
      vertex 3 83 69
      vertex 3 69.7475 54.924
      vertex 3 69.8382 54.7499
    endloop
  endfacet
  facet normal 1 0 0
    outer loop
      vertex 3 83 69
      vertex 3 69.6421 55.0895
      vertex 3 69.7475 54.924
    endloop
  endfacet
  facet normal 1 0 0
    outer loop
      vertex 3 83 69
      vertex 3 69.5226 55.2453
      vertex 3 69.6421 55.0895
    endloop
  endfacet
  facet normal 1 0 0
    outer loop
      vertex 3 83 69
      vertex 3 69.39 55.39
      vertex 3 69.5226 55.2453
    endloop
  endfacet
  facet normal 1 0 0
    outer loop
      vertex 3 83 69
      vertex 3 69.2453 55.5226
      vertex 3 69.39 55.39
    endloop
  endfacet
  facet normal 1 0 0
    outer loop
      vertex 3 83 69
      vertex 3 69.0895 55.6421
      vertex 3 69.2453 55.5226
    endloop
  endfacet
  facet normal 1 0 0
    outer loop
      vertex 3 83 69
      vertex 3 68.924 55.7475
      vertex 3 69.0895 55.6421
    endloop
  endfacet
  facet normal 1 0 0
    outer loop
      vertex 3 83 69
      vertex 3 68.7499 55.8382
      vertex 3 68.924 55.7475
    endloop
  endfacet
  facet normal 1 0 0
    outer loop
      vertex 3 83 69
      vertex 3 68.5685 55.9133
      vertex 3 68.7499 55.8382
    endloop
  endfacet
  facet normal 1 0 0
    outer loop
      vertex 3 83 69
      vertex 3 68.3813 55.9723
      vertex 3 68.5685 55.9133
    endloop
  endfacet
  facet normal 1 0 0
    outer loop
      vertex 3 83 69
      vertex 3 68.1897 56.0148
      vertex 3 68.3813 55.9723
    endloop
  endfacet
  facet normal 1 0 0
    outer loop
      vertex 3 83 69
      vertex 3 67.9951 56.0404
      vertex 3 68.1897 56.0148
    endloop
  endfacet
  facet normal 1 0 0
    outer loop
      vertex 3 83 69
      vertex 3 67.799 56.049
      vertex 3 67.9951 56.0404
    endloop
  endfacet
  facet normal 1 0 0
    outer loop
      vertex 3 83 69
      vertex 3 67.6029 56.0404
      vertex 3 67.799 56.049
    endloop
  endfacet
  facet normal 1 0 0
    outer loop
      vertex 3 83 69
      vertex 3 67.4083 56.0148
      vertex 3 67.6029 56.0404
    endloop
  endfacet
  facet normal 1 -0 0
    outer loop
      vertex 3 49.8431 63.2905
      vertex 3 67.4083 56.0148
      vertex 3 83 69
    endloop
  endfacet
  facet normal 1 0 0
    outer loop
      vertex 3 67.4083 56.0148
      vertex 3 49.8431 63.2905
      vertex 3 67.2166 55.9723
    endloop
  endfacet
  facet normal 1 -0 -0
    outer loop
      vertex 3 49.9486 63.125
      vertex 3 67.2166 55.9723
      vertex 3 49.8431 63.2905
    endloop
  endfacet
  facet normal 1 0 0
    outer loop
      vertex 3 67.2166 55.9723
      vertex 3 49.9486 63.125
      vertex 3 67.0294 55.9133
    endloop
  endfacet
  facet normal 1 -0 -0
    outer loop
      vertex 3 50.0392 62.9509
      vertex 3 67.0294 55.9133
      vertex 3 49.9486 63.125
    endloop
  endfacet
  facet normal 1 0 0
    outer loop
      vertex 3 67.0294 55.9133
      vertex 3 50.0392 62.9509
      vertex 3 66.8481 55.8382
    endloop
  endfacet
  facet normal 1 0 0
    outer loop
      vertex 3 53.5 43.5263
      vertex 3 56.3566 44.6066
      vertex 3 56.3652 44.8027
    endloop
  endfacet
  facet normal 1 0 0
    outer loop
      vertex 3 53.5 43.5263
      vertex 3 56.3652 44.8027
      vertex 3 56.3908 44.9973
    endloop
  endfacet
  facet normal 1 0 0
    outer loop
      vertex 3 56.7635 43.3161
      vertex 3 55.0707 42.4265
      vertex 3 55.7782 41.7782
    endloop
  endfacet
  facet normal 1 0 0
    outer loop
      vertex 3 53.5 43.5263
      vertex 3 56.3908 44.9973
      vertex 3 56.4333 45.1889
    endloop
  endfacet
  facet normal 1 0 0
    outer loop
      vertex 3 52.6488 43.9694
      vertex 3 56.4333 45.1889
      vertex 3 56.4923 45.3761
    endloop
  endfacet
  facet normal 1 0 0
    outer loop
      vertex 3 52.6488 43.9694
      vertex 3 56.4923 45.3761
      vertex 3 56.5674 45.5575
    endloop
  endfacet
  facet normal 1 0 0
    outer loop
      vertex 3 56.4333 44.0243
      vertex 3 54.3093 43.0107
      vertex 3 55.0707 42.4265
    endloop
  endfacet
  facet normal 1 0 0
    outer loop
      vertex 3 52.6488 43.9694
      vertex 3 56.5674 45.5575
      vertex 3 56.658 45.7316
    endloop
  endfacet
  facet normal 1 0 0
    outer loop
      vertex 3 56.883 46.0529
      vertex 3 50.2414 48.8039
      vertex 3 56.7635 45.8971
    endloop
  endfacet
  facet normal 1 -0 0
    outer loop
      vertex 3 50.2414 48.8039
      vertex 3 56.883 46.0529
      vertex 3 50.25 49
    endloop
  endfacet
  facet normal 1 0 0
    outer loop
      vertex 3 56.3566 44.6066
      vertex 3 53.5 43.5263
      vertex 3 54.3093 43.0107
    endloop
  endfacet
  facet normal 1 0 0
    outer loop
      vertex 3 50.25 49
      vertex 3 56.883 46.0529
      vertex 3 57.0156 46.1976
    endloop
  endfacet
  facet normal 1 0 0
    outer loop
      vertex 3 50.25 62
      vertex 3 57.0156 46.1976
      vertex 3 66.208 55.39
    endloop
  endfacet
  facet normal 1 0 0
    outer loop
      vertex 3 56.4333 45.1889
      vertex 3 52.6488 43.9694
      vertex 3 53.5 43.5263
    endloop
  endfacet
  facet normal 1 0 0
    outer loop
      vertex 3 50.25 62
      vertex 3 66.208 55.39
      vertex 3 66.3527 55.5226
    endloop
  endfacet
  facet normal 1 0 0
    outer loop
      vertex 3 56.658 45.7316
      vertex 3 51.7622 44.3366
      vertex 3 52.6488 43.9694
    endloop
  endfacet
  facet normal 1 -0 -0
    outer loop
      vertex 3 50.1143 62.7695
      vertex 3 66.8481 55.8382
      vertex 3 50.0392 62.9509
    endloop
  endfacet
  facet normal 1 -0 0
    outer loop
      vertex 3 50.25 49
      vertex 3 57.0156 46.1976
      vertex 3 50.25 62
    endloop
  endfacet
  facet normal 1 -0 0
    outer loop
      vertex 3 50.2158 48.6093
      vertex 3 56.7635 45.8971
      vertex 3 50.2414 48.8039
    endloop
  endfacet
  facet normal 1 0 0
    outer loop
      vertex 3 66.3527 55.5226
      vertex 3 50.2414 62.1961
      vertex 3 50.25 62
    endloop
  endfacet
  facet normal 1 0 0
    outer loop
      vertex 3 66.3527 55.5226
      vertex 3 50.2158 62.3907
      vertex 3 50.2414 62.1961
    endloop
  endfacet
  facet normal 1 0 0
    outer loop
      vertex 3 66.5084 55.6421
      vertex 3 50.2158 62.3907
      vertex 3 66.3527 55.5226
    endloop
  endfacet
  facet normal 1 -0 -0
    outer loop
      vertex 3 50.2158 62.3907
      vertex 3 66.5084 55.6421
      vertex 3 50.1733 62.5823
    endloop
  endfacet
  facet normal 1 0 0
    outer loop
      vertex 3 66.674 55.7475
      vertex 3 50.1733 62.5823
      vertex 3 66.5084 55.6421
    endloop
  endfacet
  facet normal 1 -0 -0
    outer loop
      vertex 3 50.1733 62.5823
      vertex 3 66.674 55.7475
      vertex 3 50.1143 62.7695
    endloop
  endfacet
  facet normal 1 0 0
    outer loop
      vertex 3 66.8481 55.8382
      vertex 3 50.1143 62.7695
      vertex 3 66.674 55.7475
    endloop
  endfacet
  facet normal 1 0 0
    outer loop
      vertex 3 83 69
      vertex 3 49.7236 63.4463
      vertex 3 49.8431 63.2905
    endloop
  endfacet
  facet normal 1 0 0
    outer loop
      vertex 3 83 69
      vertex 3 49.591 63.591
      vertex 3 49.7236 63.4463
    endloop
  endfacet
  facet normal 1 0 0
    outer loop
      vertex 3 83 69
      vertex 3 49.4463 63.7236
      vertex 3 49.591 63.591
    endloop
  endfacet
  facet normal 1 0 0
    outer loop
      vertex 3 83 69
      vertex 3 49.2905 63.8431
      vertex 3 49.4463 63.7236
    endloop
  endfacet
  facet normal 1 0 0
    outer loop
      vertex 3 83 69
      vertex 3 49.125 63.9486
      vertex 3 49.2905 63.8431
    endloop
  endfacet
  facet normal 1 0 0
    outer loop
      vertex 3 83 69
      vertex 3 48.9509 64.0392
      vertex 3 49.125 63.9486
    endloop
  endfacet
  facet normal 1 0 0
    outer loop
      vertex 3 83 69
      vertex 3 48.7695 64.1143
      vertex 3 48.9509 64.0392
    endloop
  endfacet
  facet normal 1 0 0
    outer loop
      vertex 3 83 69
      vertex 3 48.5823 64.1733
      vertex 3 48.7695 64.1143
    endloop
  endfacet
  facet normal 1 0 0
    outer loop
      vertex 3 83 69
      vertex 3 48.3907 64.2158
      vertex 3 48.5823 64.1733
    endloop
  endfacet
  facet normal 1 0 0
    outer loop
      vertex 3 83 69
      vertex 3 48.1961 64.2414
      vertex 3 48.3907 64.2158
    endloop
  endfacet
  facet normal 1 0 0
    outer loop
      vertex 3 83 69
      vertex 3 48 64.25
      vertex 3 48.1961 64.2414
    endloop
  endfacet
  facet normal 1 -0 0
    outer loop
      vertex 3 11.1007 69
      vertex 3 48 64.25
      vertex 3 83 69
    endloop
  endfacet
  facet normal 1 0 0
    outer loop
      vertex 3 48 64.25
      vertex 3 11.1007 69
      vertex 3 47.8039 64.2414
    endloop
  endfacet
  facet normal 1 0 0
    outer loop
      vertex 3 38.9844 46.1976
      vertex 3 45.75 49
      vertex 3 45.75 62
    endloop
  endfacet
  facet normal 1 0 -0
    outer loop
      vertex 3 39.117 46.0529
      vertex 3 45.75 49
      vertex 3 38.9844 46.1976
    endloop
  endfacet
  facet normal 1 0 0
    outer loop
      vertex 3 29.792 55.39
      vertex 3 45.75 62
      vertex 3 45.7586 62.1961
    endloop
  endfacet
  facet normal 1 0 0
    outer loop
      vertex 3 45.7586 48.8039
      vertex 3 39.117 46.0529
      vertex 3 39.2365 45.8971
    endloop
  endfacet
  facet normal 1 0 0
    outer loop
      vertex 3 29.6473 55.5226
      vertex 3 45.7586 62.1961
      vertex 3 45.7842 62.3907
    endloop
  endfacet
  facet normal 1 0 0
    outer loop
      vertex 3 46.0514 47.875
      vertex 3 44.2378 44.3366
      vertex 3 45.153 44.6252
    endloop
  endfacet
  facet normal 1 0 0
    outer loop
      vertex 3 45.8267 48.4177
      vertex 3 39.342 45.7316
      vertex 3 44.2378 44.3366
    endloop
  endfacet
  facet normal 1 -0 -0
    outer loop
      vertex 3 39.5077 45.3761
      vertex 3 43.3512 43.9694
      vertex 3 39.4326 45.5575
    endloop
  endfacet
  facet normal 1 0 0
    outer loop
      vertex 3 29.4916 55.6421
      vertex 3 45.7842 62.3907
      vertex 3 45.8267 62.5823
    endloop
  endfacet
  facet normal 1 -0 -0
    outer loop
      vertex 3 39.6092 44.9973
      vertex 3 42.5 43.5263
      vertex 3 39.5667 45.1889
    endloop
  endfacet
  facet normal 1 -0 0
    outer loop
      vertex 3 39.6348 44.4105
      vertex 3 41.6907 43.0107
      vertex 3 39.6434 44.6066
    endloop
  endfacet
  facet normal 1 0 0
    outer loop
      vertex 3 29.326 55.7475
      vertex 3 45.8267 62.5823
      vertex 3 45.8857 62.7695
    endloop
  endfacet
  facet normal 1 -0 0
    outer loop
      vertex 3 39.6092 44.2159
      vertex 3 41.6907 43.0107
      vertex 3 39.6348 44.4105
    endloop
  endfacet
  facet normal 1 0 0
    outer loop
      vertex 3 42.5 43.5263
      vertex 3 39.6434 44.6066
      vertex 3 41.6907 43.0107
    endloop
  endfacet
  facet normal 1 -0 -0
    outer loop
      vertex 3 39.6434 44.6066
      vertex 3 42.5 43.5263
      vertex 3 39.6348 44.8027
    endloop
  endfacet
  facet normal 1 -0 -0
    outer loop
      vertex 3 39.6348 44.8027
      vertex 3 42.5 43.5263
      vertex 3 39.6092 44.9973
    endloop
  endfacet
  facet normal 1 0 0
    outer loop
      vertex 3 43.3512 43.9694
      vertex 3 39.5667 45.1889
      vertex 3 42.5 43.5263
    endloop
  endfacet
  facet normal 1 -0 -0
    outer loop
      vertex 3 39.5667 45.1889
      vertex 3 43.3512 43.9694
      vertex 3 39.5077 45.3761
    endloop
  endfacet
  facet normal 1 -0 -0
    outer loop
      vertex 3 39.4326 45.5575
      vertex 3 43.3512 43.9694
      vertex 3 39.342 45.7316
    endloop
  endfacet
  facet normal 1 0 0
    outer loop
      vertex 3 44.2378 44.3366
      vertex 3 39.342 45.7316
      vertex 3 43.3512 43.9694
    endloop
  endfacet
  facet normal 1 0 0
    outer loop
      vertex 3 45.7842 48.6093
      vertex 3 39.2365 45.8971
      vertex 3 39.342 45.7316
    endloop
  endfacet
  facet normal 1 0 0
    outer loop
      vertex 3 29.1519 55.8382
      vertex 3 45.8857 62.7695
      vertex 3 45.9608 62.9509
    endloop
  endfacet
  facet normal 1 0 0
    outer loop
      vertex 3 45.75 62
      vertex 3 29.792 55.39
      vertex 3 38.9844 46.1976
    endloop
  endfacet
  facet normal 1 0 0
    outer loop
      vertex 3 28.9706 55.9133
      vertex 3 45.9608 62.9509
      vertex 3 46.0514 63.125
    endloop
  endfacet
  facet normal 1 0 0
    outer loop
      vertex 3 28.7834 55.9723
      vertex 3 46.0514 63.125
      vertex 3 46.1569 63.2905
    endloop
  endfacet
  facet normal 1 0 0
    outer loop
      vertex 3 28.5917 56.0148
      vertex 3 46.1569 63.2905
      vertex 3 46.2764 63.4463
    endloop
  endfacet
  facet normal 1 0 0
    outer loop
      vertex 3 11.1007 69
      vertex 3 46.2764 63.4463
      vertex 3 46.409 63.591
    endloop
  endfacet
  facet normal 1 0 0
    outer loop
      vertex 3 11.1007 69
      vertex 3 46.409 63.591
      vertex 3 46.5537 63.7236
    endloop
  endfacet
  facet normal 1 0 0
    outer loop
      vertex 3 11.1007 69
      vertex 3 46.5537 63.7236
      vertex 3 46.7095 63.8431
    endloop
  endfacet
  facet normal 1 0 0
    outer loop
      vertex 3 11.1007 69
      vertex 3 46.7095 63.8431
      vertex 3 46.875 63.9486
    endloop
  endfacet
  facet normal 1 0 0
    outer loop
      vertex 3 11.1007 69
      vertex 3 46.875 63.9486
      vertex 3 47.0491 64.0392
    endloop
  endfacet
  facet normal 1 0 0
    outer loop
      vertex 3 45.7586 62.1961
      vertex 3 29.6473 55.5226
      vertex 3 29.792 55.39
    endloop
  endfacet
  facet normal 1 0 0
    outer loop
      vertex 3 45.7842 62.3907
      vertex 3 29.4916 55.6421
      vertex 3 29.6473 55.5226
    endloop
  endfacet
  facet normal 1 0 0
    outer loop
      vertex 3 45.8267 62.5823
      vertex 3 29.326 55.7475
      vertex 3 29.4916 55.6421
    endloop
  endfacet
  facet normal 1 0 0
    outer loop
      vertex 3 45.8857 62.7695
      vertex 3 29.1519 55.8382
      vertex 3 29.326 55.7475
    endloop
  endfacet
  facet normal 1 0 0
    outer loop
      vertex 3 45.9608 62.9509
      vertex 3 28.9706 55.9133
      vertex 3 29.1519 55.8382
    endloop
  endfacet
  facet normal 1 0 0
    outer loop
      vertex 3 46.0514 63.125
      vertex 3 28.7834 55.9723
      vertex 3 28.9706 55.9133
    endloop
  endfacet
  facet normal 1 0 0
    outer loop
      vertex 3 46.1569 63.2905
      vertex 3 28.5917 56.0148
      vertex 3 28.7834 55.9723
    endloop
  endfacet
  facet normal 1 0 0
    outer loop
      vertex 3 46.2764 63.4463
      vertex 3 28.3971 56.0404
      vertex 3 28.5917 56.0148
    endloop
  endfacet
  facet normal 1 0 0
    outer loop
      vertex 3 46.2764 63.4463
      vertex 3 11.1007 69
      vertex 3 28.3971 56.0404
    endloop
  endfacet
  facet normal 1 0 0
    outer loop
      vertex 3 28.3971 56.0404
      vertex 3 11.1007 69
      vertex 3 28.201 56.049
    endloop
  endfacet
  facet normal 1 0 0
    outer loop
      vertex 3 28.201 56.049
      vertex 3 11.1007 69
      vertex 3 28.0049 56.0404
    endloop
  endfacet
  facet normal 1 0 0
    outer loop
      vertex 3 28.0049 56.0404
      vertex 3 11.1007 69
      vertex 3 27.8103 56.0148
    endloop
  endfacet
  facet normal 1 0 0
    outer loop
      vertex 3 27.8103 56.0148
      vertex 3 11.1007 69
      vertex 3 27.6187 55.9723
    endloop
  endfacet
  facet normal 1 0 0
    outer loop
      vertex 3 11.1007 69
      vertex 3 47.0491 64.0392
      vertex 3 47.2305 64.1143
    endloop
  endfacet
  facet normal 1 0 0
    outer loop
      vertex 3 17.2305 42.1143
      vertex 3 25.951 53.799
      vertex 3 25.9596 53.9951
    endloop
  endfacet
  facet normal 1 0 0
    outer loop
      vertex 3 11.1007 69
      vertex 3 25.9596 53.9951
      vertex 3 25.9852 54.1897
    endloop
  endfacet
  facet normal 1 0 0
    outer loop
      vertex 3 11.1007 69
      vertex 3 25.9852 54.1897
      vertex 3 26.0277 54.3813
    endloop
  endfacet
  facet normal 1 0 0
    outer loop
      vertex 3 11.1007 69
      vertex 3 26.0277 54.3813
      vertex 3 26.0867 54.5685
    endloop
  endfacet
  facet normal 1 0 0
    outer loop
      vertex 3 33 36.25
      vertex 3 20.2414 40.1961
      vertex 3 20.25 40
    endloop
  endfacet
  facet normal 1 0 0
    outer loop
      vertex 3 25.9596 53.6029
      vertex 3 20.2158 40.3907
      vertex 3 20.2414 40.1961
    endloop
  endfacet
  facet normal 1 0 0
    outer loop
      vertex 3 25.9596 53.6029
      vertex 3 20.1733 40.5823
      vertex 3 20.2158 40.3907
    endloop
  endfacet
  facet normal 1 0 0
    outer loop
      vertex 3 11.1007 69
      vertex 3 26.0867 54.5685
      vertex 3 26.1618 54.7499
    endloop
  endfacet
  facet normal 1 0 0
    outer loop
      vertex 3 25.9596 53.6029
      vertex 3 20.1143 40.7695
      vertex 3 20.1733 40.5823
    endloop
  endfacet
  facet normal 1 0 0
    outer loop
      vertex 3 25.9596 53.6029
      vertex 3 20.0392 40.9509
      vertex 3 20.1143 40.7695
    endloop
  endfacet
  facet normal 1 0 0
    outer loop
      vertex 3 25.9596 53.6029
      vertex 3 19.9486 41.125
      vertex 3 20.0392 40.9509
    endloop
  endfacet
  facet normal 1 0 0
    outer loop
      vertex 3 25.9596 53.6029
      vertex 3 19.8431 41.2905
      vertex 3 19.9486 41.125
    endloop
  endfacet
  facet normal 1 0 0
    outer loop
      vertex 3 25.9596 53.6029
      vertex 3 19.7236 41.4463
      vertex 3 19.8431 41.2905
    endloop
  endfacet
  facet normal 1 0 0
    outer loop
      vertex 3 25.9596 53.6029
      vertex 3 19.591 41.591
      vertex 3 19.7236 41.4463
    endloop
  endfacet
  facet normal 1 0 0
    outer loop
      vertex 3 25.9596 53.6029
      vertex 3 19.4463 41.7236
      vertex 3 19.591 41.591
    endloop
  endfacet
  facet normal 1 0 0
    outer loop
      vertex 3 25.9596 53.6029
      vertex 3 19.2905 41.8431
      vertex 3 19.4463 41.7236
    endloop
  endfacet
  facet normal 1 0 0
    outer loop
      vertex 3 11.1007 69
      vertex 3 26.1618 54.7499
      vertex 3 26.2525 54.924
    endloop
  endfacet
  facet normal 1 0 0
    outer loop
      vertex 3 25.9596 53.6029
      vertex 3 19.125 41.9486
      vertex 3 19.2905 41.8431
    endloop
  endfacet
  facet normal 1 0 0
    outer loop
      vertex 3 25.9596 53.6029
      vertex 3 18.9509 42.0392
      vertex 3 19.125 41.9486
    endloop
  endfacet
  facet normal 1 0 0
    outer loop
      vertex 3 25.9596 53.6029
      vertex 3 18.7695 42.1143
      vertex 3 18.9509 42.0392
    endloop
  endfacet
  facet normal 1 0 0
    outer loop
      vertex 3 25.9596 53.6029
      vertex 3 18.5823 42.1733
      vertex 3 18.7695 42.1143
    endloop
  endfacet
  facet normal 1 0 0
    outer loop
      vertex 3 25.9596 53.6029
      vertex 3 18.3907 42.2158
      vertex 3 18.5823 42.1733
    endloop
  endfacet
  facet normal 1 0 0
    outer loop
      vertex 3 25.9596 53.6029
      vertex 3 18.1961 42.2414
      vertex 3 18.3907 42.2158
    endloop
  endfacet
  facet normal 1 0 0
    outer loop
      vertex 3 25.9596 53.6029
      vertex 3 18 42.25
      vertex 3 18.1961 42.2414
    endloop
  endfacet
  facet normal 1 0 0
    outer loop
      vertex 3 11.1007 69
      vertex 3 26.2525 54.924
      vertex 3 26.3579 55.0895
    endloop
  endfacet
  facet normal 1 0 0
    outer loop
      vertex 3 25.9596 53.6029
      vertex 3 17.8039 42.2414
      vertex 3 18 42.25
    endloop
  endfacet
  facet normal 1 0 0
    outer loop
      vertex 3 25.9596 53.6029
      vertex 3 17.6093 42.2158
      vertex 3 17.8039 42.2414
    endloop
  endfacet
  facet normal 1 0 0
    outer loop
      vertex 3 25.9596 53.6029
      vertex 3 17.4177 42.1733
      vertex 3 17.6093 42.2158
    endloop
  endfacet
  facet normal 1 0 0
    outer loop
      vertex 3 25.951 53.799
      vertex 3 17.2305 42.1143
      vertex 3 17.4177 42.1733
    endloop
  endfacet
  facet normal 1 0 0
    outer loop
      vertex 3 25.9596 53.9951
      vertex 3 11.1007 69
      vertex 3 17.2305 42.1143
    endloop
  endfacet
  facet normal 1 0 0
    outer loop
      vertex 3 17.2305 42.1143
      vertex 3 11.1007 69
      vertex 3 17.0491 42.0392
    endloop
  endfacet
  facet normal 1 0 0
    outer loop
      vertex 3 17.0491 42.0392
      vertex 3 11.1007 69
      vertex 3 16.875 41.9486
    endloop
  endfacet
  facet normal 1 0 0
    outer loop
      vertex 3 16.875 41.9486
      vertex 3 11.1007 69
      vertex 3 16.7095 41.8431
    endloop
  endfacet
  facet normal 1 0 -0
    outer loop
      vertex 3 13.1393 40
      vertex 3 16.7095 41.8431
      vertex 3 11.1007 69
    endloop
  endfacet
  facet normal 1 0 0
    outer loop
      vertex 3 16.7095 41.8431
      vertex 3 13.1393 40
      vertex 3 16.5537 41.7236
    endloop
  endfacet
  facet normal 1 0 0
    outer loop
      vertex 3 16.5537 41.7236
      vertex 3 13.1393 40
      vertex 3 16.409 41.591
    endloop
  endfacet
  facet normal 1 0 0
    outer loop
      vertex 3 15.75 40
      vertex 3 14.3775 40
      vertex 3 15.75 28
    endloop
  endfacet
  facet normal 1 0 0
    outer loop
      vertex 3 15.7586 40.1961
      vertex 3 14.3775 40
      vertex 3 15.75 40
    endloop
  endfacet
  facet normal 1 0 0
    outer loop
      vertex 3 15.7842 40.3907
      vertex 3 14.3775 40
      vertex 3 15.7586 40.1961
    endloop
  endfacet
  facet normal 1 0 0
    outer loop
      vertex 3 15.8267 40.5823
      vertex 3 14.3775 40
      vertex 3 15.7842 40.3907
    endloop
  endfacet
  facet normal 1 0 0
    outer loop
      vertex 3 15.8857 40.7695
      vertex 3 14.3775 40
      vertex 3 15.8267 40.5823
    endloop
  endfacet
  facet normal 1 0 0
    outer loop
      vertex 3 15.9608 40.9509
      vertex 3 14.3775 40
      vertex 3 15.8857 40.7695
    endloop
  endfacet
  facet normal 1 0 0
    outer loop
      vertex 3 16.0514 41.125
      vertex 3 14.3775 40
      vertex 3 15.9608 40.9509
    endloop
  endfacet
  facet normal 1 0 0
    outer loop
      vertex 3 16.1569 41.2905
      vertex 3 14.3775 40
      vertex 3 16.0514 41.125
    endloop
  endfacet
  facet normal 1 0 0
    outer loop
      vertex 3 16.409 41.591
      vertex 3 13.1393 40
      vertex 3 16.2764 41.4463
    endloop
  endfacet
  facet normal 1 0 0
    outer loop
      vertex 3 11.1007 69
      vertex 3 26.3579 55.0895
      vertex 3 26.4774 55.2453
    endloop
  endfacet
  facet normal 1 0 0
    outer loop
      vertex 3 16.1569 41.2905
      vertex 3 13.1393 40
      vertex 3 14.3775 40
    endloop
  endfacet
  facet normal 1 0 0
    outer loop
      vertex 3 16.2764 41.4463
      vertex 3 13.1393 40
      vertex 3 16.1569 41.2905
    endloop
  endfacet
  facet normal 1 0 0
    outer loop
      vertex 3 13.1393 40
      vertex 3 11.1007 69
      vertex 3 12.4741 39.3467
    endloop
  endfacet
  facet normal 1 0 0
    outer loop
      vertex 3 12.4741 39.3467
      vertex 3 11.1007 69
      vertex 3 11.1962 38.0916
    endloop
  endfacet
  facet normal 1 0 0
    outer loop
      vertex 3 47.8039 64.2414
      vertex 3 11.1007 69
      vertex 3 47.6093 64.2158
    endloop
  endfacet
  facet normal 1 0 0
    outer loop
      vertex 3 11.1007 69
      vertex 3 47.4177 64.1733
      vertex 3 47.6093 64.2158
    endloop
  endfacet
  facet normal 1 0 0
    outer loop
      vertex 3 11.1007 69
      vertex 3 47.2305 64.1143
      vertex 3 47.4177 64.1733
    endloop
  endfacet
  facet normal 1 0 0
    outer loop
      vertex 3 27.6187 55.9723
      vertex 3 11.1007 69
      vertex 3 27.4315 55.9133
    endloop
  endfacet
  facet normal 1 0 0
    outer loop
      vertex 3 11.1007 69
      vertex 3 27.2501 55.8382
      vertex 3 27.4315 55.9133
    endloop
  endfacet
  facet normal 1 0 0
    outer loop
      vertex 3 11.1007 69
      vertex 3 27.076 55.7475
      vertex 3 27.2501 55.8382
    endloop
  endfacet
  facet normal 1 0 0
    outer loop
      vertex 3 11.1007 69
      vertex 3 26.9105 55.6421
      vertex 3 27.076 55.7475
    endloop
  endfacet
  facet normal 1 0 0
    outer loop
      vertex 3 11.1007 69
      vertex 3 26.7547 55.5226
      vertex 3 26.9105 55.6421
    endloop
  endfacet
  facet normal 1 0 0
    outer loop
      vertex 3 11.1007 69
      vertex 3 26.61 55.39
      vertex 3 26.7547 55.5226
    endloop
  endfacet
  facet normal 1 0 0
    outer loop
      vertex 3 11.1007 69
      vertex 3 26.4774 55.2453
      vertex 3 26.61 55.39
    endloop
  endfacet
  facet normal 1 0 0
    outer loop
      vertex 3 11.1962 38.0916
      vertex 3 11.1007 69
      vertex 3 11.1308 38.0289
    endloop
  endfacet
  facet normal 1 0 0
    outer loop
      vertex 3 11.1308 38.0289
      vertex 3 11.1007 69
      vertex 3 11.1007 38
    endloop
  endfacet
  facet normal 1 -0 0
    outer loop
      vertex 3 80.25 28
      vertex 3 83 0
      vertex 3 80.25 40
    endloop
  endfacet
  facet normal 1 -0 0
    outer loop
      vertex 3 80.2414 27.8039
      vertex 3 83 0
      vertex 3 80.25 28
    endloop
  endfacet
  facet normal 1 -0 0
    outer loop
      vertex 3 80.2158 27.6093
      vertex 3 83 0
      vertex 3 80.2414 27.8039
    endloop
  endfacet
  facet normal 1 -0 0
    outer loop
      vertex 3 80.1733 27.4177
      vertex 3 83 0
      vertex 3 80.2158 27.6093
    endloop
  endfacet
  facet normal 1 -0 0
    outer loop
      vertex 3 80.1143 27.2305
      vertex 3 83 0
      vertex 3 80.1733 27.4177
    endloop
  endfacet
  facet normal 1 -0 0
    outer loop
      vertex 3 80.0392 27.0491
      vertex 3 83 0
      vertex 3 80.1143 27.2305
    endloop
  endfacet
  facet normal 1 -0 0
    outer loop
      vertex 3 79.9486 26.875
      vertex 3 83 0
      vertex 3 80.0392 27.0491
    endloop
  endfacet
  facet normal 1 -0 0
    outer loop
      vertex 3 79.8431 26.7095
      vertex 3 83 0
      vertex 3 79.9486 26.875
    endloop
  endfacet
  facet normal 1 -0 0
    outer loop
      vertex 3 79.7236 26.5537
      vertex 3 83 0
      vertex 3 79.8431 26.7095
    endloop
  endfacet
  facet normal 1 -0 0
    outer loop
      vertex 3 79.591 26.409
      vertex 3 83 0
      vertex 3 79.7236 26.5537
    endloop
  endfacet
  facet normal 1 -0 0
    outer loop
      vertex 3 79.4463 26.2764
      vertex 3 83 0
      vertex 3 79.591 26.409
    endloop
  endfacet
  facet normal 1 -0 0
    outer loop
      vertex 3 79.2905 26.1569
      vertex 3 83 0
      vertex 3 79.4463 26.2764
    endloop
  endfacet
  facet normal 1 -0 0
    outer loop
      vertex 3 79.125 26.0514
      vertex 3 83 0
      vertex 3 79.2905 26.1569
    endloop
  endfacet
  facet normal 1 -0 0
    outer loop
      vertex 3 78.9509 25.9608
      vertex 3 83 0
      vertex 3 79.125 26.0514
    endloop
  endfacet
  facet normal 1 -0 0
    outer loop
      vertex 3 78.7695 25.8857
      vertex 3 83 0
      vertex 3 78.9509 25.9608
    endloop
  endfacet
  facet normal 1 0 0
    outer loop
      vertex 3 70.049 14.201
      vertex 3 78.7695 25.8857
      vertex 3 78.5823 25.8267
    endloop
  endfacet
  facet normal 1 0 0
    outer loop
      vertex 3 70.049 14.201
      vertex 3 78.5823 25.8267
      vertex 3 78.3907 25.7842
    endloop
  endfacet
  facet normal 1 0 0
    outer loop
      vertex 3 70.049 14.201
      vertex 3 78.3907 25.7842
      vertex 3 78.1961 25.7586
    endloop
  endfacet
  facet normal 1 0 0
    outer loop
      vertex 3 70.049 14.201
      vertex 3 78.1961 25.7586
      vertex 3 78 25.75
    endloop
  endfacet
  facet normal 1 0 0
    outer loop
      vertex 3 70.049 14.201
      vertex 3 78 25.75
      vertex 3 77.8039 25.7586
    endloop
  endfacet
  facet normal 1 0 0
    outer loop
      vertex 3 70.049 14.201
      vertex 3 77.8039 25.7586
      vertex 3 77.6093 25.7842
    endloop
  endfacet
  facet normal 1 0 0
    outer loop
      vertex 3 70.049 14.201
      vertex 3 77.6093 25.7842
      vertex 3 77.4177 25.8267
    endloop
  endfacet
  facet normal 1 0 0
    outer loop
      vertex 3 70.049 14.201
      vertex 3 77.4177 25.8267
      vertex 3 77.2305 25.8857
    endloop
  endfacet
  facet normal 1 0 0
    outer loop
      vertex 3 70.049 14.201
      vertex 3 77.2305 25.8857
      vertex 3 77.0491 25.9608
    endloop
  endfacet
  facet normal 1 0 0
    outer loop
      vertex 3 70.049 14.201
      vertex 3 77.0491 25.9608
      vertex 3 76.875 26.0514
    endloop
  endfacet
  facet normal 1 0 0
    outer loop
      vertex 3 70.049 14.201
      vertex 3 76.875 26.0514
      vertex 3 76.7095 26.1569
    endloop
  endfacet
  facet normal 1 0 0
    outer loop
      vertex 3 70.049 14.201
      vertex 3 76.7095 26.1569
      vertex 3 76.5537 26.2764
    endloop
  endfacet
  facet normal 1 0 0
    outer loop
      vertex 3 70.049 14.201
      vertex 3 76.5537 26.2764
      vertex 3 76.409 26.409
    endloop
  endfacet
  facet normal 1 0 0
    outer loop
      vertex 3 70.049 14.201
      vertex 3 76.409 26.409
      vertex 3 76.2764 26.5537
    endloop
  endfacet
  facet normal 1 0 0
    outer loop
      vertex 3 70.049 14.201
      vertex 3 76.2764 26.5537
      vertex 3 76.1569 26.7095
    endloop
  endfacet
  facet normal 1 0 0
    outer loop
      vertex 3 70.049 14.201
      vertex 3 76.1569 26.7095
      vertex 3 76.0514 26.875
    endloop
  endfacet
  facet normal 1 0 0
    outer loop
      vertex 3 70.049 14.201
      vertex 3 76.0514 26.875
      vertex 3 75.9608 27.0491
    endloop
  endfacet
  facet normal 1 0 0
    outer loop
      vertex 3 70.049 14.201
      vertex 3 75.9608 27.0491
      vertex 3 75.8857 27.2305
    endloop
  endfacet
  facet normal 1 0 0
    outer loop
      vertex 3 70.049 14.201
      vertex 3 75.8857 27.2305
      vertex 3 75.8267 27.4177
    endloop
  endfacet
  facet normal 1 0 0
    outer loop
      vertex 3 70.049 14.201
      vertex 3 75.7586 27.8039
      vertex 3 75.75 28
    endloop
  endfacet
  facet normal 1 0 0
    outer loop
      vertex 3 70.049 14.201
      vertex 3 75.7842 27.6093
      vertex 3 75.7586 27.8039
    endloop
  endfacet
  facet normal 1 0 0
    outer loop
      vertex 3 70.049 14.201
      vertex 3 75.8267 27.4177
      vertex 3 75.7842 27.6093
    endloop
  endfacet
  facet normal 1 0 0
    outer loop
      vertex 3 78.7695 25.8857
      vertex 3 70.049 14.201
      vertex 3 70.0404 14.0049
    endloop
  endfacet
  facet normal 1 0 0
    outer loop
      vertex 3 78.7695 25.8857
      vertex 3 70.0404 14.0049
      vertex 3 83 0
    endloop
  endfacet
  facet normal 1 -0 0
    outer loop
      vertex 3 70.0148 13.8103
      vertex 3 83 0
      vertex 3 70.0404 14.0049
    endloop
  endfacet
  facet normal 1 -0 0
    outer loop
      vertex 3 69.9723 13.6187
      vertex 3 83 0
      vertex 3 70.0148 13.8103
    endloop
  endfacet
  facet normal 1 -0 0
    outer loop
      vertex 3 69.9133 13.4315
      vertex 3 83 0
      vertex 3 69.9723 13.6187
    endloop
  endfacet
  facet normal 1 -0 0
    outer loop
      vertex 3 69.8382 13.2501
      vertex 3 83 0
      vertex 3 69.9133 13.4315
    endloop
  endfacet
  facet normal 1 -0 0
    outer loop
      vertex 3 69.7475 13.076
      vertex 3 83 0
      vertex 3 69.8382 13.2501
    endloop
  endfacet
  facet normal 1 -0 0
    outer loop
      vertex 3 69.6421 12.9105
      vertex 3 83 0
      vertex 3 69.7475 13.076
    endloop
  endfacet
  facet normal 1 -0 0
    outer loop
      vertex 3 69.5226 12.7547
      vertex 3 83 0
      vertex 3 69.6421 12.9105
    endloop
  endfacet
  facet normal 1 -0 0
    outer loop
      vertex 3 69.39 12.61
      vertex 3 83 0
      vertex 3 69.5226 12.7547
    endloop
  endfacet
  facet normal 1 -0 0
    outer loop
      vertex 3 69.2453 12.4774
      vertex 3 83 0
      vertex 3 69.39 12.61
    endloop
  endfacet
  facet normal 1 -0 0
    outer loop
      vertex 3 69.0895 12.3579
      vertex 3 83 0
      vertex 3 69.2453 12.4774
    endloop
  endfacet
  facet normal 1 -0 0
    outer loop
      vertex 3 68.924 12.2525
      vertex 3 83 0
      vertex 3 69.0895 12.3579
    endloop
  endfacet
  facet normal 1 -0 0
    outer loop
      vertex 3 68.7499 12.1618
      vertex 3 83 0
      vertex 3 68.924 12.2525
    endloop
  endfacet
  facet normal 1 -0 0
    outer loop
      vertex 3 68.5685 12.0867
      vertex 3 83 0
      vertex 3 68.7499 12.1618
    endloop
  endfacet
  facet normal 1 -0 0
    outer loop
      vertex 3 68.3813 12.0277
      vertex 3 83 0
      vertex 3 68.5685 12.0867
    endloop
  endfacet
  facet normal 1 -0 0
    outer loop
      vertex 3 68.1897 11.9852
      vertex 3 83 0
      vertex 3 68.3813 12.0277
    endloop
  endfacet
  facet normal 1 -0 0
    outer loop
      vertex 3 67.9951 11.9596
      vertex 3 83 0
      vertex 3 68.1897 11.9852
    endloop
  endfacet
  facet normal 1 -0 0
    outer loop
      vertex 3 67.799 11.951
      vertex 3 83 0
      vertex 3 67.9951 11.9596
    endloop
  endfacet
  facet normal 1 0 0
    outer loop
      vertex 3 67.6029 11.9596
      vertex 3 83 0
      vertex 3 67.799 11.951
    endloop
  endfacet
  facet normal 1 0 0
    outer loop
      vertex 3 67.4083 11.9852
      vertex 3 83 0
      vertex 3 67.6029 11.9596
    endloop
  endfacet
  facet normal 1 0 0
    outer loop
      vertex 3 49.8431 4.70945
      vertex 3 67.4083 11.9852
      vertex 3 67.2166 12.0277
    endloop
  endfacet
  facet normal 1 0 0
    outer loop
      vertex 3 49.9486 4.875
      vertex 3 67.2166 12.0277
      vertex 3 67.0294 12.0867
    endloop
  endfacet
  facet normal 1 0 0
    outer loop
      vertex 3 50.0392 5.04911
      vertex 3 67.0294 12.0867
      vertex 3 66.8481 12.1618
    endloop
  endfacet
  facet normal 1 0 0
    outer loop
      vertex 3 50.1143 5.23046
      vertex 3 66.8481 12.1618
      vertex 3 66.674 12.2525
    endloop
  endfacet
  facet normal 1 0 0
    outer loop
      vertex 3 50.1733 5.41766
      vertex 3 66.674 12.2525
      vertex 3 66.5084 12.3579
    endloop
  endfacet
  facet normal 1 0 0
    outer loop
      vertex 3 56.3908 23.7841
      vertex 3 54.3093 24.9893
      vertex 3 56.3652 23.5895
    endloop
  endfacet
  facet normal 1 0 0
    outer loop
      vertex 3 56.3652 23.5895
      vertex 3 54.3093 24.9893
      vertex 3 56.3566 23.3934
    endloop
  endfacet
  facet normal 1 -0 0
    outer loop
      vertex 3 53.5 24.4737
      vertex 3 56.3566 23.3934
      vertex 3 54.3093 24.9893
    endloop
  endfacet
  facet normal 1 0 0
    outer loop
      vertex 3 56.3566 23.3934
      vertex 3 53.5 24.4737
      vertex 3 56.3652 23.1973
    endloop
  endfacet
  facet normal 1 0 0
    outer loop
      vertex 3 56.3652 23.1973
      vertex 3 53.5 24.4737
      vertex 3 56.3908 23.0027
    endloop
  endfacet
  facet normal 1 0 0
    outer loop
      vertex 3 56.3908 23.0027
      vertex 3 53.5 24.4737
      vertex 3 56.4333 22.8111
    endloop
  endfacet
  facet normal 1 -0 0
    outer loop
      vertex 3 52.6488 24.0306
      vertex 3 56.4333 22.8111
      vertex 3 53.5 24.4737
    endloop
  endfacet
  facet normal 1 0 0
    outer loop
      vertex 3 56.4333 22.8111
      vertex 3 52.6488 24.0306
      vertex 3 56.4923 22.6239
    endloop
  endfacet
  facet normal 1 0 0
    outer loop
      vertex 3 56.4923 22.6239
      vertex 3 52.6488 24.0306
      vertex 3 56.5674 22.4425
    endloop
  endfacet
  facet normal 1 0 0
    outer loop
      vertex 3 56.5674 22.4425
      vertex 3 52.6488 24.0306
      vertex 3 56.658 22.2684
    endloop
  endfacet
  facet normal 1 -0 0
    outer loop
      vertex 3 51.7622 23.6634
      vertex 3 56.658 22.2684
      vertex 3 52.6488 24.0306
    endloop
  endfacet
  facet normal 1 0 0
    outer loop
      vertex 3 50.2414 19.1961
      vertex 3 56.658 22.2684
      vertex 3 51.7622 23.6634
    endloop
  endfacet
  facet normal 1 0 0
    outer loop
      vertex 3 50.2414 19.1961
      vertex 3 56.7635 22.1029
      vertex 3 56.658 22.2684
    endloop
  endfacet
  facet normal 1 0 0
    outer loop
      vertex 3 56.883 21.9471
      vertex 3 50.25 19
      vertex 3 57.0156 21.8024
    endloop
  endfacet
  facet normal 1 0 0
    outer loop
      vertex 3 57.0156 21.8024
      vertex 3 50.25 19
      vertex 3 66.208 12.61
    endloop
  endfacet
  facet normal 1 0 0
    outer loop
      vertex 3 50.2414 19.1961
      vertex 3 56.883 21.9471
      vertex 3 56.7635 22.1029
    endloop
  endfacet
  facet normal 1 0 0
    outer loop
      vertex 3 50.25 6
      vertex 3 66.208 12.61
      vertex 3 50.25 19
    endloop
  endfacet
  facet normal 1 0 0
    outer loop
      vertex 3 49.9486 20.125
      vertex 3 51.7622 23.6634
      vertex 3 50.847 23.3748
    endloop
  endfacet
  facet normal 1 0 0
    outer loop
      vertex 3 66.208 12.61
      vertex 3 50.25 6
      vertex 3 66.3527 12.4774
    endloop
  endfacet
  facet normal 1 0 0
    outer loop
      vertex 3 50.2414 5.8039
      vertex 3 66.3527 12.4774
      vertex 3 50.25 6
    endloop
  endfacet
  facet normal 1 0 0
    outer loop
      vertex 3 66.3527 12.4774
      vertex 3 50.2414 5.8039
      vertex 3 66.5084 12.3579
    endloop
  endfacet
  facet normal 1 0 0
    outer loop
      vertex 3 50.2158 5.60929
      vertex 3 66.5084 12.3579
      vertex 3 50.2414 5.8039
    endloop
  endfacet
  facet normal 1 0 0
    outer loop
      vertex 3 50.1733 5.41766
      vertex 3 66.5084 12.3579
      vertex 3 50.2158 5.60929
    endloop
  endfacet
  facet normal 1 0 0
    outer loop
      vertex 3 66.674 12.2525
      vertex 3 50.1733 5.41766
      vertex 3 50.1143 5.23046
    endloop
  endfacet
  facet normal 1 0 0
    outer loop
      vertex 3 66.8481 12.1618
      vertex 3 50.1143 5.23046
      vertex 3 50.0392 5.04911
    endloop
  endfacet
  facet normal 1 0 0
    outer loop
      vertex 3 67.0294 12.0867
      vertex 3 50.0392 5.04911
      vertex 3 49.9486 4.875
    endloop
  endfacet
  facet normal 1 0 0
    outer loop
      vertex 3 67.2166 12.0277
      vertex 3 49.9486 4.875
      vertex 3 49.8431 4.70945
    endloop
  endfacet
  facet normal 1 0 0
    outer loop
      vertex 3 67.4083 11.9852
      vertex 3 49.8431 4.70945
      vertex 3 83 0
    endloop
  endfacet
  facet normal 1 -0 0
    outer loop
      vertex 3 49.7236 4.55373
      vertex 3 83 0
      vertex 3 49.8431 4.70945
    endloop
  endfacet
  facet normal 1 -0 0
    outer loop
      vertex 3 49.591 4.40901
      vertex 3 83 0
      vertex 3 49.7236 4.55373
    endloop
  endfacet
  facet normal 1 -0 0
    outer loop
      vertex 3 49.4463 4.2764
      vertex 3 83 0
      vertex 3 49.591 4.40901
    endloop
  endfacet
  facet normal 1 -0 0
    outer loop
      vertex 3 49.2905 4.15691
      vertex 3 83 0
      vertex 3 49.4463 4.2764
    endloop
  endfacet
  facet normal 1 -0 0
    outer loop
      vertex 3 49.125 4.05144
      vertex 3 83 0
      vertex 3 49.2905 4.15691
    endloop
  endfacet
  facet normal 1 -0 0
    outer loop
      vertex 3 48.9509 3.96081
      vertex 3 83 0
      vertex 3 49.125 4.05144
    endloop
  endfacet
  facet normal 1 -0 0
    outer loop
      vertex 3 48.7695 3.88569
      vertex 3 83 0
      vertex 3 48.9509 3.96081
    endloop
  endfacet
  facet normal 1 -0 0
    outer loop
      vertex 3 48.5823 3.82667
      vertex 3 83 0
      vertex 3 48.7695 3.88569
    endloop
  endfacet
  facet normal 1 -0 0
    outer loop
      vertex 3 48.3907 3.78418
      vertex 3 83 0
      vertex 3 48.5823 3.82667
    endloop
  endfacet
  facet normal 1 -0 0
    outer loop
      vertex 3 48.1961 3.75856
      vertex 3 83 0
      vertex 3 48.3907 3.78418
    endloop
  endfacet
  facet normal 1 -0 0
    outer loop
      vertex 3 48 3.75
      vertex 3 83 0
      vertex 3 48.1961 3.75856
    endloop
  endfacet
  facet normal 1 0 0
    outer loop
      vertex 3 14.3775 0
      vertex 3 48 3.75
      vertex 3 47.8039 3.75856
    endloop
  endfacet
  facet normal 1 0 0
    outer loop
      vertex 3 45.7842 19.3907
      vertex 3 39.2365 22.1029
      vertex 3 45.7586 19.1961
    endloop
  endfacet
  facet normal 1 0 0
    outer loop
      vertex 3 45.75 19
      vertex 3 38.9844 21.8024
      vertex 3 45.75 6
    endloop
  endfacet
  facet normal 1 0 0
    outer loop
      vertex 3 39.342 22.2684
      vertex 3 44.2378 23.6634
      vertex 3 43.3512 24.0306
    endloop
  endfacet
  facet normal 1 -0 0
    outer loop
      vertex 3 29.792 12.61
      vertex 3 45.75 6
      vertex 3 38.9844 21.8024
    endloop
  endfacet
  facet normal 1 0 0
    outer loop
      vertex 3 39.5667 22.8111
      vertex 3 43.3512 24.0306
      vertex 3 42.5 24.4737
    endloop
  endfacet
  facet normal 1 0 0
    outer loop
      vertex 3 39.6434 23.3934
      vertex 3 42.5 24.4737
      vertex 3 41.6907 24.9893
    endloop
  endfacet
  facet normal 1 0 0
    outer loop
      vertex 3 39.6348 23.5895
      vertex 3 41.6907 24.9893
      vertex 3 40.9293 25.5735
    endloop
  endfacet
  facet normal 1 0 0
    outer loop
      vertex 3 43.3512 24.0306
      vertex 3 39.5077 22.6239
      vertex 3 39.4326 22.4425
    endloop
  endfacet
  facet normal 1 0 0
    outer loop
      vertex 3 39.2365 24.6839
      vertex 3 40.9293 25.5735
      vertex 3 40.2218 26.2218
    endloop
  endfacet
  facet normal 1 0 0
    outer loop
      vertex 3 42.5 24.4737
      vertex 3 39.6434 23.3934
      vertex 3 39.6348 23.1973
    endloop
  endfacet
  facet normal 1 0 0
    outer loop
      vertex 3 42.5 24.4737
      vertex 3 39.6348 23.1973
      vertex 3 39.6092 23.0027
    endloop
  endfacet
  facet normal 1 0 0
    outer loop
      vertex 3 42.5 24.4737
      vertex 3 39.6092 23.0027
      vertex 3 39.5667 22.8111
    endloop
  endfacet
  facet normal 1 0 0
    outer loop
      vertex 3 43.3512 24.0306
      vertex 3 39.5667 22.8111
      vertex 3 39.5077 22.6239
    endloop
  endfacet
  facet normal 1 0 0
    outer loop
      vertex 3 43.3512 24.0306
      vertex 3 39.4326 22.4425
      vertex 3 39.342 22.2684
    endloop
  endfacet
  facet normal 1 -0 0
    outer loop
      vertex 3 39.117 21.9471
      vertex 3 45.7586 19.1961
      vertex 3 39.2365 22.1029
    endloop
  endfacet
  facet normal 1 0 0
    outer loop
      vertex 3 45.7586 19.1961
      vertex 3 39.117 21.9471
      vertex 3 45.75 19
    endloop
  endfacet
  facet normal 1 0 0
    outer loop
      vertex 3 45.75 19
      vertex 3 39.117 21.9471
      vertex 3 38.9844 21.8024
    endloop
  endfacet
  facet normal 1 0 0
    outer loop
      vertex 3 45.75 6
      vertex 3 29.792 12.61
      vertex 3 45.7586 5.8039
    endloop
  endfacet
  facet normal 1 -0 0
    outer loop
      vertex 3 29.6473 12.4774
      vertex 3 45.7586 5.8039
      vertex 3 29.792 12.61
    endloop
  endfacet
  facet normal 1 0 0
    outer loop
      vertex 3 45.7586 5.8039
      vertex 3 29.6473 12.4774
      vertex 3 45.7842 5.60929
    endloop
  endfacet
  facet normal 1 -0 0
    outer loop
      vertex 3 29.4916 12.3579
      vertex 3 45.7842 5.60929
      vertex 3 29.6473 12.4774
    endloop
  endfacet
  facet normal 1 0 0
    outer loop
      vertex 3 45.7842 5.60929
      vertex 3 29.4916 12.3579
      vertex 3 45.8267 5.41766
    endloop
  endfacet
  facet normal 1 -0 0
    outer loop
      vertex 3 29.326 12.2525
      vertex 3 45.8267 5.41766
      vertex 3 29.4916 12.3579
    endloop
  endfacet
  facet normal 1 0 0
    outer loop
      vertex 3 45.8267 5.41766
      vertex 3 29.326 12.2525
      vertex 3 45.8857 5.23046
    endloop
  endfacet
  facet normal 1 -0 0
    outer loop
      vertex 3 29.1519 12.1618
      vertex 3 45.8857 5.23046
      vertex 3 29.326 12.2525
    endloop
  endfacet
  facet normal 1 0 0
    outer loop
      vertex 3 45.8857 5.23046
      vertex 3 29.1519 12.1618
      vertex 3 45.9608 5.04911
    endloop
  endfacet
  facet normal 1 -0 0
    outer loop
      vertex 3 28.9706 12.0867
      vertex 3 45.9608 5.04911
      vertex 3 29.1519 12.1618
    endloop
  endfacet
  facet normal 1 0 0
    outer loop
      vertex 3 45.9608 5.04911
      vertex 3 28.9706 12.0867
      vertex 3 46.0514 4.875
    endloop
  endfacet
  facet normal 1 -0 0
    outer loop
      vertex 3 28.7834 12.0277
      vertex 3 46.0514 4.875
      vertex 3 28.9706 12.0867
    endloop
  endfacet
  facet normal 1 0 0
    outer loop
      vertex 3 46.0514 4.875
      vertex 3 28.7834 12.0277
      vertex 3 46.1569 4.70945
    endloop
  endfacet
  facet normal 1 -0 0
    outer loop
      vertex 3 28.5917 11.9852
      vertex 3 46.1569 4.70945
      vertex 3 28.7834 12.0277
    endloop
  endfacet
  facet normal 1 0 0
    outer loop
      vertex 3 14.3775 0
      vertex 3 46.1569 4.70945
      vertex 3 28.5917 11.9852
    endloop
  endfacet
  facet normal 1 0 0
    outer loop
      vertex 3 46.1569 4.70945
      vertex 3 14.3775 0
      vertex 3 46.2764 4.55373
    endloop
  endfacet
  facet normal 1 0 0
    outer loop
      vertex 3 46.2764 4.55373
      vertex 3 14.3775 0
      vertex 3 46.409 4.40901
    endloop
  endfacet
  facet normal 1 0 0
    outer loop
      vertex 3 46.409 4.40901
      vertex 3 14.3775 0
      vertex 3 46.5537 4.2764
    endloop
  endfacet
  facet normal 1 0 0
    outer loop
      vertex 3 46.5537 4.2764
      vertex 3 14.3775 0
      vertex 3 46.7095 4.15691
    endloop
  endfacet
  facet normal 1 0 0
    outer loop
      vertex 3 46.7095 4.15691
      vertex 3 14.3775 0
      vertex 3 46.875 4.05144
    endloop
  endfacet
  facet normal 1 0 0
    outer loop
      vertex 3 14.3775 0
      vertex 3 28.5917 11.9852
      vertex 3 28.3971 11.9596
    endloop
  endfacet
  facet normal 1 0 0
    outer loop
      vertex 3 14.3775 0
      vertex 3 28.3971 11.9596
      vertex 3 28.201 11.951
    endloop
  endfacet
  facet normal 1 0 0
    outer loop
      vertex 3 14.3775 0
      vertex 3 28.201 11.951
      vertex 3 28.0049 11.9596
    endloop
  endfacet
  facet normal 1 0 0
    outer loop
      vertex 3 14.3775 0
      vertex 3 28.0049 11.9596
      vertex 3 27.8103 11.9852
    endloop
  endfacet
  facet normal 1 0 0
    outer loop
      vertex 3 14.3775 0
      vertex 3 27.8103 11.9852
      vertex 3 27.6187 12.0277
    endloop
  endfacet
  facet normal 1 0 0
    outer loop
      vertex 3 14.3775 0
      vertex 3 27.6187 12.0277
      vertex 3 27.4315 12.0867
    endloop
  endfacet
  facet normal 1 0 0
    outer loop
      vertex 3 46.875 4.05144
      vertex 3 14.3775 0
      vertex 3 47.0491 3.96081
    endloop
  endfacet
  facet normal 1 0 0
    outer loop
      vertex 3 14.3775 0
      vertex 3 27.4315 12.0867
      vertex 3 27.2501 12.1618
    endloop
  endfacet
  facet normal 1 -0 0
    outer loop
      vertex 3 19.591 26.409
      vertex 3 26.61 15.792
      vertex 3 19.7236 26.5537
    endloop
  endfacet
  facet normal 1 -0 0
    outer loop
      vertex 3 19.4463 26.2764
      vertex 3 26.61 15.792
      vertex 3 19.591 26.409
    endloop
  endfacet
  facet normal 1 -0 0
    outer loop
      vertex 3 19.2905 26.1569
      vertex 3 26.61 15.792
      vertex 3 19.4463 26.2764
    endloop
  endfacet
  facet normal 1 -0 0
    outer loop
      vertex 3 19.125 26.0514
      vertex 3 26.61 15.792
      vertex 3 19.2905 26.1569
    endloop
  endfacet
  facet normal 1 -0 0
    outer loop
      vertex 3 18.9509 25.9608
      vertex 3 26.61 15.792
      vertex 3 19.125 26.0514
    endloop
  endfacet
  facet normal 1 0 0
    outer loop
      vertex 3 26.61 15.792
      vertex 3 18.9509 25.9608
      vertex 3 26.4774 15.6473
    endloop
  endfacet
  facet normal 1 -0 0
    outer loop
      vertex 3 18.7695 25.8857
      vertex 3 26.4774 15.6473
      vertex 3 18.9509 25.9608
    endloop
  endfacet
  facet normal 1 0 0
    outer loop
      vertex 3 26.4774 15.6473
      vertex 3 18.7695 25.8857
      vertex 3 26.3579 15.4916
    endloop
  endfacet
  facet normal 1 -0 0
    outer loop
      vertex 3 18.5823 25.8267
      vertex 3 26.3579 15.4916
      vertex 3 18.7695 25.8857
    endloop
  endfacet
  facet normal 1 0 0
    outer loop
      vertex 3 26.3579 15.4916
      vertex 3 18.5823 25.8267
      vertex 3 26.2525 15.326
    endloop
  endfacet
  facet normal 1 -0 0
    outer loop
      vertex 3 18.3907 25.7842
      vertex 3 26.2525 15.326
      vertex 3 18.5823 25.8267
    endloop
  endfacet
  facet normal 1 0 0
    outer loop
      vertex 3 26.2525 15.326
      vertex 3 18.3907 25.7842
      vertex 3 26.1618 15.1519
    endloop
  endfacet
  facet normal 1 -0 0
    outer loop
      vertex 3 18.1961 25.7586
      vertex 3 26.1618 15.1519
      vertex 3 18.3907 25.7842
    endloop
  endfacet
  facet normal 1 0 0
    outer loop
      vertex 3 26.1618 15.1519
      vertex 3 18.1961 25.7586
      vertex 3 26.0867 14.9706
    endloop
  endfacet
  facet normal 1 -0 0
    outer loop
      vertex 3 18 25.75
      vertex 3 26.0867 14.9706
      vertex 3 18.1961 25.7586
    endloop
  endfacet
  facet normal 1 0 0
    outer loop
      vertex 3 26.0867 14.9706
      vertex 3 18 25.75
      vertex 3 26.0277 14.7834
    endloop
  endfacet
  facet normal 1 0 0
    outer loop
      vertex 3 17.8039 25.7586
      vertex 3 26.0277 14.7834
      vertex 3 18 25.75
    endloop
  endfacet
  facet normal 1 0 0
    outer loop
      vertex 3 26.0277 14.7834
      vertex 3 17.8039 25.7586
      vertex 3 25.9852 14.5917
    endloop
  endfacet
  facet normal 1 0 0
    outer loop
      vertex 3 17.6093 25.7842
      vertex 3 25.9852 14.5917
      vertex 3 17.8039 25.7586
    endloop
  endfacet
  facet normal 1 0 0
    outer loop
      vertex 3 25.9852 14.5917
      vertex 3 17.6093 25.7842
      vertex 3 25.9596 14.3971
    endloop
  endfacet
  facet normal 1 0 0
    outer loop
      vertex 3 17.4177 25.8267
      vertex 3 25.9596 14.3971
      vertex 3 17.6093 25.7842
    endloop
  endfacet
  facet normal 1 0 0
    outer loop
      vertex 3 25.9596 14.3971
      vertex 3 17.4177 25.8267
      vertex 3 25.951 14.201
    endloop
  endfacet
  facet normal 1 0 0
    outer loop
      vertex 3 17.2305 25.8857
      vertex 3 25.951 14.201
      vertex 3 17.4177 25.8267
    endloop
  endfacet
  facet normal 1 0 0
    outer loop
      vertex 3 25.951 14.201
      vertex 3 17.2305 25.8857
      vertex 3 25.9596 14.0049
    endloop
  endfacet
  facet normal 1 0 0
    outer loop
      vertex 3 14.3775 0
      vertex 3 25.9596 14.0049
      vertex 3 17.2305 25.8857
    endloop
  endfacet
  facet normal 1 0 0
    outer loop
      vertex 3 25.9596 14.0049
      vertex 3 14.3775 0
      vertex 3 25.9852 13.8103
    endloop
  endfacet
  facet normal 1 0 0
    outer loop
      vertex 3 25.9852 13.8103
      vertex 3 14.3775 0
      vertex 3 26.0277 13.6187
    endloop
  endfacet
  facet normal 1 0 0
    outer loop
      vertex 3 26.0277 13.6187
      vertex 3 14.3775 0
      vertex 3 26.0867 13.4315
    endloop
  endfacet
  facet normal 1 0 0
    outer loop
      vertex 3 26.0867 13.4315
      vertex 3 14.3775 0
      vertex 3 26.1618 13.2501
    endloop
  endfacet
  facet normal 1 0 0
    outer loop
      vertex 3 26.1618 13.2501
      vertex 3 14.3775 0
      vertex 3 26.2525 13.076
    endloop
  endfacet
  facet normal 1 0 0
    outer loop
      vertex 3 14.3775 0
      vertex 3 17.2305 25.8857
      vertex 3 17.0491 25.9608
    endloop
  endfacet
  facet normal 1 0 0
    outer loop
      vertex 3 14.3775 0
      vertex 3 17.0491 25.9608
      vertex 3 16.875 26.0514
    endloop
  endfacet
  facet normal 1 0 0
    outer loop
      vertex 3 14.3775 0
      vertex 3 16.875 26.0514
      vertex 3 16.7095 26.1569
    endloop
  endfacet
  facet normal 1 0 0
    outer loop
      vertex 3 14.3775 0
      vertex 3 16.7095 26.1569
      vertex 3 16.5537 26.2764
    endloop
  endfacet
  facet normal 1 0 0
    outer loop
      vertex 3 14.3775 0
      vertex 3 16.5537 26.2764
      vertex 3 16.409 26.409
    endloop
  endfacet
  facet normal 1 0 0
    outer loop
      vertex 3 14.3775 0
      vertex 3 16.409 26.409
      vertex 3 16.2764 26.5537
    endloop
  endfacet
  facet normal 1 0 0
    outer loop
      vertex 3 14.3775 0
      vertex 3 16.2764 26.5537
      vertex 3 16.1569 26.7095
    endloop
  endfacet
  facet normal 1 0 0
    outer loop
      vertex 3 14.3775 40
      vertex 3 15.7586 27.8039
      vertex 3 15.75 28
    endloop
  endfacet
  facet normal 1 0 0
    outer loop
      vertex 3 48 3.75
      vertex 3 14.3775 0
      vertex 3 83 0
    endloop
  endfacet
  facet normal 1 0 0
    outer loop
      vertex 3 47.6093 3.78418
      vertex 3 14.3775 0
      vertex 3 47.8039 3.75856
    endloop
  endfacet
  facet normal 1 0 0
    outer loop
      vertex 3 47.4177 3.82667
      vertex 3 14.3775 0
      vertex 3 47.6093 3.78418
    endloop
  endfacet
  facet normal 1 0 0
    outer loop
      vertex 3 47.2305 3.88569
      vertex 3 14.3775 0
      vertex 3 47.4177 3.82667
    endloop
  endfacet
  facet normal 1 0 0
    outer loop
      vertex 3 47.0491 3.96081
      vertex 3 14.3775 0
      vertex 3 47.2305 3.88569
    endloop
  endfacet
  facet normal 1 0 0
    outer loop
      vertex 3 27.076 12.2525
      vertex 3 14.3775 0
      vertex 3 27.2501 12.1618
    endloop
  endfacet
  facet normal 1 0 0
    outer loop
      vertex 3 26.9105 12.3579
      vertex 3 14.3775 0
      vertex 3 27.076 12.2525
    endloop
  endfacet
  facet normal 1 0 0
    outer loop
      vertex 3 26.7547 12.4774
      vertex 3 14.3775 0
      vertex 3 26.9105 12.3579
    endloop
  endfacet
  facet normal 1 0 0
    outer loop
      vertex 3 26.61 12.61
      vertex 3 14.3775 0
      vertex 3 26.7547 12.4774
    endloop
  endfacet
  facet normal 1 0 0
    outer loop
      vertex 3 26.4774 12.7547
      vertex 3 14.3775 0
      vertex 3 26.61 12.61
    endloop
  endfacet
  facet normal 1 0 0
    outer loop
      vertex 3 26.3579 12.9105
      vertex 3 14.3775 0
      vertex 3 26.4774 12.7547
    endloop
  endfacet
  facet normal 1 0 0
    outer loop
      vertex 3 26.2525 13.076
      vertex 3 14.3775 0
      vertex 3 26.3579 12.9105
    endloop
  endfacet
  facet normal 1 0 0
    outer loop
      vertex 3 16.0514 26.875
      vertex 3 14.3775 0
      vertex 3 16.1569 26.7095
    endloop
  endfacet
  facet normal 1 0 0
    outer loop
      vertex 3 15.9608 27.0491
      vertex 3 14.3775 0
      vertex 3 16.0514 26.875
    endloop
  endfacet
  facet normal 1 0 0
    outer loop
      vertex 3 15.8857 27.2305
      vertex 3 14.3775 0
      vertex 3 15.9608 27.0491
    endloop
  endfacet
  facet normal 1 0 0
    outer loop
      vertex 3 15.8267 27.4177
      vertex 3 14.3775 0
      vertex 3 15.8857 27.2305
    endloop
  endfacet
  facet normal 1 0 0
    outer loop
      vertex 3 15.7842 27.6093
      vertex 3 14.3775 0
      vertex 3 15.8267 27.4177
    endloop
  endfacet
  facet normal 1 0 0
    outer loop
      vertex 3 15.7586 27.8039
      vertex 3 14.3775 0
      vertex 3 15.7842 27.6093
    endloop
  endfacet
  facet normal 1 0 0
    outer loop
      vertex 3 14.3775 0
      vertex 3 15.7586 27.8039
      vertex 3 14.3775 40
    endloop
  endfacet
  facet normal 1 0 0
    outer loop
      vertex 3 76.2764 41.4463
      vertex 3 69.39 52.208
      vertex 3 76.1569 41.2905
    endloop
  endfacet
  facet normal 1 0 0
    outer loop
      vertex 3 76.1569 41.2905
      vertex 3 69.39 52.208
      vertex 3 76.0514 41.125
    endloop
  endfacet
  facet normal 1 0 0
    outer loop
      vertex 3 76.0514 41.125
      vertex 3 69.39 52.208
      vertex 3 75.9608 40.9509
    endloop
  endfacet
  facet normal 1 0 0
    outer loop
      vertex 3 75.9608 40.9509
      vertex 3 69.39 52.208
      vertex 3 75.8857 40.7695
    endloop
  endfacet
  facet normal 1 -0 0
    outer loop
      vertex 3 60.1976 43.0156
      vertex 3 75.8857 40.7695
      vertex 3 69.39 52.208
    endloop
  endfacet
  facet normal 1 0 0
    outer loop
      vertex 3 75.8857 40.7695
      vertex 3 60.1976 43.0156
      vertex 3 75.8267 40.5823
    endloop
  endfacet
  facet normal 1 0 -0
    outer loop
      vertex 3 63 36.25
      vertex 3 75.8267 40.5823
      vertex 3 60.1976 43.0156
    endloop
  endfacet
  facet normal 1 0 0
    outer loop
      vertex 3 75.8267 40.5823
      vertex 3 63 36.25
      vertex 3 75.7842 40.3907
    endloop
  endfacet
  facet normal 1 0 0
    outer loop
      vertex 3 75.7842 40.3907
      vertex 3 63 36.25
      vertex 3 75.7586 40.1961
    endloop
  endfacet
  facet normal 1 0 0
    outer loop
      vertex 3 75.7586 40.1961
      vertex 3 63 36.25
      vertex 3 75.75 40
    endloop
  endfacet
  facet normal 1 0 0
    outer loop
      vertex 3 75.75 40
      vertex 3 63 36.25
      vertex 3 75.75 36.25
    endloop
  endfacet
  facet normal 1 0 0
    outer loop
      vertex 3 63 36.25
      vertex 3 60.1976 43.0156
      vertex 3 62.8039 36.2414
    endloop
  endfacet
  facet normal 1 0 0
    outer loop
      vertex 3 62.8039 36.2414
      vertex 3 60.1976 43.0156
      vertex 3 62.6093 36.2158
    endloop
  endfacet
  facet normal 1 0 0
    outer loop
      vertex 3 62.6093 36.2158
      vertex 3 60.1976 43.0156
      vertex 3 62.4177 36.1733
    endloop
  endfacet
  facet normal 1 0 0
    outer loop
      vertex 3 62.4177 36.1733
      vertex 3 60.1976 43.0156
      vertex 3 62.2305 36.1143
    endloop
  endfacet
  facet normal 1 -0 0
    outer loop
      vertex 3 58.6252 36.847
      vertex 3 62.2305 36.1143
      vertex 3 60.1976 43.0156
    endloop
  endfacet
  facet normal 1 0 0
    outer loop
      vertex 3 62.2305 36.1143
      vertex 3 58.6252 36.847
      vertex 3 62.0491 36.0392
    endloop
  endfacet
  facet normal 1 0 0
    outer loop
      vertex 3 62.0491 36.0392
      vertex 3 58.6252 36.847
      vertex 3 61.875 35.9486
    endloop
  endfacet
  facet normal 1 0 0
    outer loop
      vertex 3 61.875 35.9486
      vertex 3 58.6252 36.847
      vertex 3 61.7095 35.8431
    endloop
  endfacet
  facet normal 1 0 0
    outer loop
      vertex 3 61.7095 35.8431
      vertex 3 58.6252 36.847
      vertex 3 61.5537 35.7236
    endloop
  endfacet
  facet normal 1 0 0
    outer loop
      vertex 3 61.5537 35.7236
      vertex 3 58.6252 36.847
      vertex 3 61.409 35.591
    endloop
  endfacet
  facet normal 1 -0 -0
    outer loop
      vertex 3 58.8329 35.9101
      vertex 3 61.409 35.591
      vertex 3 58.6252 36.847
    endloop
  endfacet
  facet normal 1 0 0
    outer loop
      vertex 3 61.409 35.591
      vertex 3 58.8329 35.9101
      vertex 3 61.2764 35.4463
    endloop
  endfacet
  facet normal 1 0 0
    outer loop
      vertex 3 60.8857 34.7695
      vertex 3 58.9581 34.9587
      vertex 3 60.8267 34.5823
    endloop
  endfacet
  facet normal 1 0 0
    outer loop
      vertex 3 60.9608 34.9509
      vertex 3 58.9581 34.9587
      vertex 3 60.8857 34.7695
    endloop
  endfacet
  facet normal 1 -0 -0
    outer loop
      vertex 3 58.9581 34.9587
      vertex 3 60.9608 34.9509
      vertex 3 58.8329 35.9101
    endloop
  endfacet
  facet normal 1 0 0
    outer loop
      vertex 3 61.0514 35.125
      vertex 3 58.8329 35.9101
      vertex 3 60.9608 34.9509
    endloop
  endfacet
  facet normal 1 0 0
    outer loop
      vertex 3 61.1569 35.2905
      vertex 3 58.8329 35.9101
      vertex 3 61.0514 35.125
    endloop
  endfacet
  facet normal 1 0 0
    outer loop
      vertex 3 61.2764 35.4463
      vertex 3 58.8329 35.9101
      vertex 3 61.1569 35.2905
    endloop
  endfacet
  facet normal 1 0 0
    outer loop
      vertex 3 -11.1007 69
      vertex 3 -11.1308 38.0289
      vertex 3 -11.1007 38
    endloop
  endfacet
  facet normal 1 0 0
    outer loop
      vertex 3 -11.1007 69
      vertex 3 -11.1962 38.0916
      vertex 3 -11.1308 38.0289
    endloop
  endfacet
  facet normal 1 0 0
    outer loop
      vertex 3 -11.1007 69
      vertex 3 -12.4741 39.3467
      vertex 3 -11.1962 38.0916
    endloop
  endfacet
  facet normal 1 0 0
    outer loop
      vertex 3 -11.1007 69
      vertex 3 -13.1393 40
      vertex 3 -12.4741 39.3467
    endloop
  endfacet
  facet normal 1 -0 0
    outer loop
      vertex 3 -14.7 69
      vertex 3 -13.1393 40
      vertex 3 -11.1007 69
    endloop
  endfacet
  facet normal 1 0 0
    outer loop
      vertex 3 -13.1393 40
      vertex 3 -14.7 69
      vertex 3 -14.3775 40
    endloop
  endfacet
  facet normal 1 0 0
    outer loop
      vertex 3 -14.7 0
      vertex 3 -14.3775 40
      vertex 3 -14.7 69
    endloop
  endfacet
  facet normal 1 0 0
    outer loop
      vertex 3 -14.3775 40
      vertex 3 -14.7 0
      vertex 3 -14.3775 0
    endloop
  endfacet
  facet normal 0 0 1
    outer loop
      vertex 3 83 69
      vertex 2.97642 11.1081 69
      vertex 3 11.1007 69
    endloop
  endfacet
  facet normal 0 0 1
    outer loop
      vertex 3 83 69
      vertex 1.99695 11.3253 69
      vertex 2.97642 11.1081 69
    endloop
  endfacet
  facet normal 0 0 1
    outer loop
      vertex 3 83 69
      vertex 1.00229 11.4562 69
      vertex 1.99695 11.3253 69
    endloop
  endfacet
  facet normal 0 0 1
    outer loop
      vertex 3 83 69
      vertex 0 11.5 69
      vertex 1.00229 11.4562 69
    endloop
  endfacet
  facet normal -0 0 1
    outer loop
      vertex -3 83 69
      vertex 0 11.5 69
      vertex 3 83 69
    endloop
  endfacet
  facet normal 0 0 1
    outer loop
      vertex 0 11.5 69
      vertex -3 83 69
      vertex -1.00229 11.4562 69
    endloop
  endfacet
  facet normal 0 0 1
    outer loop
      vertex -1.00229 11.4562 69
      vertex -3 83 69
      vertex -1.99695 11.3253 69
    endloop
  endfacet
  facet normal 0 0 1
    outer loop
      vertex -1.99695 11.3253 69
      vertex -3 83 69
      vertex -2.97642 11.1081 69
    endloop
  endfacet
  facet normal 0 0 1
    outer loop
      vertex -2.97642 11.1081 69
      vertex -3 83 69
      vertex -3 11.1007 69
    endloop
  endfacet
  facet normal -0 0 1
    outer loop
      vertex 2.97642 -11.1081 69
      vertex 3 -14.7 69
      vertex 3 -11.1007 69
    endloop
  endfacet
  facet normal -0 0 1
    outer loop
      vertex 1.99695 -11.3253 69
      vertex 3 -14.7 69
      vertex 2.97642 -11.1081 69
    endloop
  endfacet
  facet normal -0 0 1
    outer loop
      vertex 1.00229 -11.4562 69
      vertex 3 -14.7 69
      vertex 1.99695 -11.3253 69
    endloop
  endfacet
  facet normal -0 0 1
    outer loop
      vertex 0 -11.5 69
      vertex 3 -14.7 69
      vertex 1.00229 -11.4562 69
    endloop
  endfacet
  facet normal 0 0 1
    outer loop
      vertex -3 -14.7 69
      vertex 0 -11.5 69
      vertex -1.00229 -11.4562 69
    endloop
  endfacet
  facet normal 0 0 1
    outer loop
      vertex -3 -14.7 69
      vertex -1.00229 -11.4562 69
      vertex -1.99695 -11.3253 69
    endloop
  endfacet
  facet normal 0 0 1
    outer loop
      vertex -3 -14.7 69
      vertex -1.99695 -11.3253 69
      vertex -2.97642 -11.1081 69
    endloop
  endfacet
  facet normal 0 0 1
    outer loop
      vertex -3 -14.7 69
      vertex -2.97642 -11.1081 69
      vertex -3 -11.1007 69
    endloop
  endfacet
  facet normal 0 0 1
    outer loop
      vertex 0 -11.5 69
      vertex -3 -14.7 69
      vertex 3 -14.7 69
    endloop
  endfacet
  facet normal -1 0 0
    outer loop
      vertex -3 35.0392 34.9509
      vertex -3 37.0419 34.9587
      vertex -3 35.1143 34.7695
    endloop
  endfacet
  facet normal -1 -0 0
    outer loop
      vertex -3 37.0419 34.9587
      vertex -3 35.0392 34.9509
      vertex -3 37.1671 35.9101
    endloop
  endfacet
  facet normal -1 0 0
    outer loop
      vertex -3 34.9486 35.125
      vertex -3 37.1671 35.9101
      vertex -3 35.0392 34.9509
    endloop
  endfacet
  facet normal -1 0 0
    outer loop
      vertex -3 34.8431 35.2905
      vertex -3 37.1671 35.9101
      vertex -3 34.9486 35.125
    endloop
  endfacet
  facet normal -1 0 0
    outer loop
      vertex -3 34.7236 35.4463
      vertex -3 37.1671 35.9101
      vertex -3 34.8431 35.2905
    endloop
  endfacet
  facet normal -1 0 0
    outer loop
      vertex -3 34.591 35.591
      vertex -3 37.1671 35.9101
      vertex -3 34.7236 35.4463
    endloop
  endfacet
  facet normal -1 -0 0
    outer loop
      vertex -3 37.1671 35.9101
      vertex -3 34.591 35.591
      vertex -3 37.3748 36.847
    endloop
  endfacet
  facet normal -1 0 0
    outer loop
      vertex -3 34.4463 35.7236
      vertex -3 37.3748 36.847
      vertex -3 34.591 35.591
    endloop
  endfacet
  facet normal -1 0 0
    outer loop
      vertex -3 34.2905 35.8431
      vertex -3 37.3748 36.847
      vertex -3 34.4463 35.7236
    endloop
  endfacet
  facet normal -1 0 0
    outer loop
      vertex -3 34.125 35.9486
      vertex -3 37.3748 36.847
      vertex -3 34.2905 35.8431
    endloop
  endfacet
  facet normal -1 0 0
    outer loop
      vertex -3 33.9509 36.0392
      vertex -3 37.3748 36.847
      vertex -3 34.125 35.9486
    endloop
  endfacet
  facet normal -1 0 0
    outer loop
      vertex -3 33.7695 36.1143
      vertex -3 37.3748 36.847
      vertex -3 33.9509 36.0392
    endloop
  endfacet
  facet normal -1 -0 0
    outer loop
      vertex -3 37.3748 36.847
      vertex -3 33.7695 36.1143
      vertex -3 35.9471 42.883
    endloop
  endfacet
  facet normal -1 0 0
    outer loop
      vertex -3 33.5823 36.1733
      vertex -3 35.9471 42.883
      vertex -3 33.7695 36.1143
    endloop
  endfacet
  facet normal -1 0 0
    outer loop
      vertex -3 33.3907 36.2158
      vertex -3 35.9471 42.883
      vertex -3 33.5823 36.1733
    endloop
  endfacet
  facet normal -1 0 0
    outer loop
      vertex -3 33.1961 36.2414
      vertex -3 35.9471 42.883
      vertex -3 33.3907 36.2158
    endloop
  endfacet
  facet normal -1 -0 0
    outer loop
      vertex -3 35.9471 42.883
      vertex -3 33.1961 36.2414
      vertex -3 35.8024 43.0156
    endloop
  endfacet
  facet normal -1 0 0
    outer loop
      vertex -3 33 36.25
      vertex -3 35.8024 43.0156
      vertex -3 33.1961 36.2414
    endloop
  endfacet
  facet normal -1 0 0
    outer loop
      vertex -3 20.1733 40.5823
      vertex -3 35.8024 43.0156
      vertex -3 33 36.25
    endloop
  endfacet
  facet normal -1 -0 0
    outer loop
      vertex -3 35.8024 43.0156
      vertex -3 20.1143 40.7695
      vertex -3 26.61 52.208
    endloop
  endfacet
  facet normal -1 0 0
    outer loop
      vertex -3 20.0392 40.9509
      vertex -3 26.61 52.208
      vertex -3 20.1143 40.7695
    endloop
  endfacet
  facet normal -1 0 0
    outer loop
      vertex -3 19.9486 41.125
      vertex -3 26.61 52.208
      vertex -3 20.0392 40.9509
    endloop
  endfacet
  facet normal -1 0 0
    outer loop
      vertex -3 19.8431 41.2905
      vertex -3 26.61 52.208
      vertex -3 19.9486 41.125
    endloop
  endfacet
  facet normal -1 0 0
    outer loop
      vertex -3 19.7236 41.4463
      vertex -3 26.61 52.208
      vertex -3 19.8431 41.2905
    endloop
  endfacet
  facet normal -1 0 0
    outer loop
      vertex -3 35.8024 43.0156
      vertex -3 20.1733 40.5823
      vertex -3 20.1143 40.7695
    endloop
  endfacet
  facet normal -1 0 0
    outer loop
      vertex -3 20.1733 40.5823
      vertex -3 33 36.25
      vertex -3 20.2158 40.3907
    endloop
  endfacet
  facet normal -1 0 0
    outer loop
      vertex -3 20.2158 40.3907
      vertex -3 33 36.25
      vertex -3 20.2414 40.1961
    endloop
  endfacet
  facet normal -1 0 0
    outer loop
      vertex -3 20.2414 40.1961
      vertex -3 33 36.25
      vertex -3 20.25 40
    endloop
  endfacet
  facet normal -1 0 0
    outer loop
      vertex -3 20.25 40
      vertex -3 33 36.25
      vertex -3 20.25 36.25
    endloop
  endfacet
  facet normal -1 0 0
    outer loop
      vertex -3 41.6907 43.0107
      vertex -3 39.6348 44.4105
      vertex -3 39.6434 44.6066
    endloop
  endfacet
  facet normal -1 0 0
    outer loop
      vertex -3 40.9293 42.4265
      vertex -3 39.6092 44.2159
      vertex -3 39.6348 44.4105
    endloop
  endfacet
  facet normal -1 0 0
    outer loop
      vertex -3 38.6839 42.7635
      vertex -3 40.2218 41.7782
      vertex -3 39.5735 41.0707
    endloop
  endfacet
  facet normal -1 0 0
    outer loop
      vertex -3 40.9293 42.4265
      vertex -3 39.5667 44.0243
      vertex -3 39.6092 44.2159
    endloop
  endfacet
  facet normal -1 0 0
    outer loop
      vertex -3 40.9293 42.4265
      vertex -3 39.5077 43.8371
      vertex -3 39.5667 44.0243
    endloop
  endfacet
  facet normal -1 0 0
    outer loop
      vertex -3 40.9293 42.4265
      vertex -3 39.4326 43.6557
      vertex -3 39.5077 43.8371
    endloop
  endfacet
  facet normal -1 0 0
    outer loop
      vertex -3 40.9293 42.4265
      vertex -3 39.342 43.4816
      vertex -3 39.4326 43.6557
    endloop
  endfacet
  facet normal -1 0 0
    outer loop
      vertex -3 40.9293 42.4265
      vertex -3 39.2365 43.3161
      vertex -3 39.342 43.4816
    endloop
  endfacet
  facet normal -1 0 0
    outer loop
      vertex -3 40.2218 41.7782
      vertex -3 39.117 43.1603
      vertex -3 39.2365 43.3161
    endloop
  endfacet
  facet normal -1 0 0
    outer loop
      vertex -3 38.1629 42.4923
      vertex -3 39.5735 41.0707
      vertex -3 38.9893 40.3093
    endloop
  endfacet
  facet normal -1 0 0
    outer loop
      vertex -3 40.2218 41.7782
      vertex -3 38.9844 43.0156
      vertex -3 39.117 43.1603
    endloop
  endfacet
  facet normal -1 0 0
    outer loop
      vertex -3 40.2218 41.7782
      vertex -3 38.8397 42.883
      vertex -3 38.9844 43.0156
    endloop
  endfacet
  facet normal -1 0 0
    outer loop
      vertex -3 40.2218 41.7782
      vertex -3 38.6839 42.7635
      vertex -3 38.8397 42.883
    endloop
  endfacet
  facet normal -1 0 0
    outer loop
      vertex -3 39.5735 41.0707
      vertex -3 38.5184 42.658
      vertex -3 38.6839 42.7635
    endloop
  endfacet
  facet normal -1 0 0
    outer loop
      vertex -3 37.3934 42.3566
      vertex -3 38.9893 40.3093
      vertex -3 38.4737 39.5
    endloop
  endfacet
  facet normal -1 0 0
    outer loop
      vertex -3 39.5735 41.0707
      vertex -3 38.3443 42.5674
      vertex -3 38.5184 42.658
    endloop
  endfacet
  facet normal -1 0 0
    outer loop
      vertex -3 39.5735 41.0707
      vertex -3 38.1629 42.4923
      vertex -3 38.3443 42.5674
    endloop
  endfacet
  facet normal -1 0 0
    outer loop
      vertex -3 36.8111 42.4333
      vertex -3 38.4737 39.5
      vertex -3 38.0306 38.6488
    endloop
  endfacet
  facet normal -1 0 0
    outer loop
      vertex -3 38.9893 40.3093
      vertex -3 37.9757 42.4333
      vertex -3 38.1629 42.4923
    endloop
  endfacet
  facet normal -1 0 0
    outer loop
      vertex -3 38.9893 40.3093
      vertex -3 37.7841 42.3908
      vertex -3 37.9757 42.4333
    endloop
  endfacet
  facet normal -1 0 0
    outer loop
      vertex -3 36.2684 42.658
      vertex -3 38.0306 38.6488
      vertex -3 37.6634 37.7622
    endloop
  endfacet
  facet normal -1 0 0
    outer loop
      vertex -3 38.9893 40.3093
      vertex -3 37.5895 42.3652
      vertex -3 37.7841 42.3908
    endloop
  endfacet
  facet normal -1 0 0
    outer loop
      vertex -3 38.9893 40.3093
      vertex -3 37.3934 42.3566
      vertex -3 37.5895 42.3652
    endloop
  endfacet
  facet normal -1 0 0
    outer loop
      vertex -3 35.9471 42.883
      vertex -3 37.6634 37.7622
      vertex -3 37.3748 36.847
    endloop
  endfacet
  facet normal -1 0 0
    outer loop
      vertex -3 38.4737 39.5
      vertex -3 37.1973 42.3652
      vertex -3 37.3934 42.3566
    endloop
  endfacet
  facet normal -1 0 0
    outer loop
      vertex -3 37 34
      vertex -3 35.2158 34.3907
      vertex -3 37.0419 34.9587
    endloop
  endfacet
  facet normal -1 0 0
    outer loop
      vertex -3 35.2158 34.3907
      vertex -3 37 34
      vertex -3 35.2414 34.1961
    endloop
  endfacet
  facet normal -1 0 0
    outer loop
      vertex -3 38.4737 39.5
      vertex -3 37.0027 42.3908
      vertex -3 37.1973 42.3652
    endloop
  endfacet
  facet normal -1 0 0
    outer loop
      vertex -3 35.2414 34.1961
      vertex -3 37 34
      vertex -3 35.25 34
    endloop
  endfacet
  facet normal -1 0 -0
    outer loop
      vertex -3 34.9486 32.875
      vertex -3 37.1671 32.0899
      vertex -3 34.8431 32.7095
    endloop
  endfacet
  facet normal -1 0 0
    outer loop
      vertex -3 35.1733 34.5823
      vertex -3 37.0419 34.9587
      vertex -3 35.2158 34.3907
    endloop
  endfacet
  facet normal -1 0 0
    outer loop
      vertex -3 34.125 32.0514
      vertex -3 36.8111 25.5667
      vertex -3 36.6239 25.5077
    endloop
  endfacet
  facet normal -1 0 0
    outer loop
      vertex -3 38.4737 39.5
      vertex -3 36.8111 42.4333
      vertex -3 37.0027 42.3908
    endloop
  endfacet
  facet normal -1 0 0
    outer loop
      vertex -3 33.9509 31.9608
      vertex -3 36.6239 25.5077
      vertex -3 36.4425 25.4326
    endloop
  endfacet
  facet normal -1 0 0
    outer loop
      vertex -3 38.0306 38.6488
      vertex -3 36.6239 42.4923
      vertex -3 36.8111 42.4333
    endloop
  endfacet
  facet normal -1 0 0
    outer loop
      vertex -3 33.7695 31.8857
      vertex -3 36.4425 25.4326
      vertex -3 36.2684 25.342
    endloop
  endfacet
  facet normal -1 0 0
    outer loop
      vertex -3 38.0306 38.6488
      vertex -3 36.4425 42.5674
      vertex -3 36.6239 42.4923
    endloop
  endfacet
  facet normal -1 0 0
    outer loop
      vertex -3 33.5823 31.8267
      vertex -3 36.2684 25.342
      vertex -3 36.1029 25.2365
    endloop
  endfacet
  facet normal -1 0 0
    outer loop
      vertex -3 38.0306 38.6488
      vertex -3 36.2684 42.658
      vertex -3 36.4425 42.5674
    endloop
  endfacet
  facet normal -1 0 0
    outer loop
      vertex -3 33.3907 31.7842
      vertex -3 36.1029 25.2365
      vertex -3 35.9471 25.117
    endloop
  endfacet
  facet normal -1 0 0
    outer loop
      vertex -3 37.6634 37.7622
      vertex -3 36.1029 42.7635
      vertex -3 36.2684 42.658
    endloop
  endfacet
  facet normal -1 0 0
    outer loop
      vertex -3 33.1961 31.7586
      vertex -3 35.9471 25.117
      vertex -3 35.8024 24.9844
    endloop
  endfacet
  facet normal -1 0 0
    outer loop
      vertex -3 37.6634 37.7622
      vertex -3 35.9471 42.883
      vertex -3 36.1029 42.7635
    endloop
  endfacet
  facet normal -1 0 0
    outer loop
      vertex -3 35.1143 34.7695
      vertex -3 37.0419 34.9587
      vertex -3 35.1733 34.5823
    endloop
  endfacet
  facet normal -1 -0 0
    outer loop
      vertex -3 37 34
      vertex -3 35.2414 33.8039
      vertex -3 35.25 34
    endloop
  endfacet
  facet normal -1 0 0
    outer loop
      vertex -3 37 34
      vertex -3 35.2158 33.6093
      vertex -3 35.2414 33.8039
    endloop
  endfacet
  facet normal -1 0 0
    outer loop
      vertex -3 37.0419 33.0413
      vertex -3 35.2158 33.6093
      vertex -3 37 34
    endloop
  endfacet
  facet normal -1 0 -0
    outer loop
      vertex -3 35.2158 33.6093
      vertex -3 37.0419 33.0413
      vertex -3 35.1733 33.4177
    endloop
  endfacet
  facet normal -1 0 -0
    outer loop
      vertex -3 35.1733 33.4177
      vertex -3 37.0419 33.0413
      vertex -3 35.1143 33.2305
    endloop
  endfacet
  facet normal -1 0 -0
    outer loop
      vertex -3 35.1143 33.2305
      vertex -3 37.0419 33.0413
      vertex -3 35.0392 33.0491
    endloop
  endfacet
  facet normal -1 0 -0
    outer loop
      vertex -3 35.0392 33.0491
      vertex -3 37.0419 33.0413
      vertex -3 34.9486 32.875
    endloop
  endfacet
  facet normal -1 0 0
    outer loop
      vertex -3 37.1671 32.0899
      vertex -3 34.9486 32.875
      vertex -3 37.0419 33.0413
    endloop
  endfacet
  facet normal -1 0 0
    outer loop
      vertex -3 36.8111 25.5667
      vertex -3 34.591 32.409
      vertex -3 34.7236 32.5537
    endloop
  endfacet
  facet normal -1 0 0
    outer loop
      vertex -3 36.8111 25.5667
      vertex -3 34.4463 32.2764
      vertex -3 34.591 32.409
    endloop
  endfacet
  facet normal -1 0 0
    outer loop
      vertex -3 36.8111 25.5667
      vertex -3 34.2905 32.1569
      vertex -3 34.4463 32.2764
    endloop
  endfacet
  facet normal -1 0 0
    outer loop
      vertex -3 36.8111 25.5667
      vertex -3 34.125 32.0514
      vertex -3 34.2905 32.1569
    endloop
  endfacet
  facet normal -1 0 0
    outer loop
      vertex -3 36.6239 25.5077
      vertex -3 33.9509 31.9608
      vertex -3 34.125 32.0514
    endloop
  endfacet
  facet normal -1 0 0
    outer loop
      vertex -3 36.4425 25.4326
      vertex -3 33.7695 31.8857
      vertex -3 33.9509 31.9608
    endloop
  endfacet
  facet normal -1 0 0
    outer loop
      vertex -3 36.2684 25.342
      vertex -3 33.5823 31.8267
      vertex -3 33.7695 31.8857
    endloop
  endfacet
  facet normal -1 0 0
    outer loop
      vertex -3 36.1029 25.2365
      vertex -3 33.3907 31.7842
      vertex -3 33.5823 31.8267
    endloop
  endfacet
  facet normal -1 0 0
    outer loop
      vertex -3 35.9471 25.117
      vertex -3 33.1961 31.7586
      vertex -3 33.3907 31.7842
    endloop
  endfacet
  facet normal -1 0 0
    outer loop
      vertex -3 35.8024 24.9844
      vertex -3 33 31.75
      vertex -3 33.1961 31.7586
    endloop
  endfacet
  facet normal -1 0 0
    outer loop
      vertex -3 20.2414 27.8039
      vertex -3 35.8024 24.9844
      vertex -3 26.61 15.792
    endloop
  endfacet
  facet normal -1 0 0
    outer loop
      vertex -3 20.2414 27.8039
      vertex -3 26.61 15.792
      vertex -3 26.4774 15.6473
    endloop
  endfacet
  facet normal -1 0 0
    outer loop
      vertex -3 20.2414 27.8039
      vertex -3 26.4774 15.6473
      vertex -3 26.3579 15.4916
    endloop
  endfacet
  facet normal -1 0 0
    outer loop
      vertex -3 20.2414 27.8039
      vertex -3 26.3579 15.4916
      vertex -3 26.2525 15.326
    endloop
  endfacet
  facet normal -1 0 0
    outer loop
      vertex -3 20.2414 27.8039
      vertex -3 26.2525 15.326
      vertex -3 26.1618 15.1519
    endloop
  endfacet
  facet normal -1 0 0
    outer loop
      vertex -3 20.2414 27.8039
      vertex -3 26.1618 15.1519
      vertex -3 26.0867 14.9706
    endloop
  endfacet
  facet normal -1 0 0
    outer loop
      vertex -3 17.4177 25.8267
      vertex -3 25.9596 14.3971
      vertex -3 25.951 14.201
    endloop
  endfacet
  facet normal -1 0 0
    outer loop
      vertex -3 20.2414 27.8039
      vertex -3 25.9852 14.5917
      vertex -3 25.9596 14.3971
    endloop
  endfacet
  facet normal -1 0 0
    outer loop
      vertex -3 20.2414 27.8039
      vertex -3 26.0277 14.7834
      vertex -3 25.9852 14.5917
    endloop
  endfacet
  facet normal -1 0 0
    outer loop
      vertex -3 20.2414 27.8039
      vertex -3 26.0867 14.9706
      vertex -3 26.0277 14.7834
    endloop
  endfacet
  facet normal -1 0 0
    outer loop
      vertex -3 35.8024 24.9844
      vertex -3 20.2414 27.8039
      vertex -3 33 31.75
    endloop
  endfacet
  facet normal -1 -0 0
    outer loop
      vertex -3 33 31.75
      vertex -3 20.25 28
      vertex -3 20.25 31.75
    endloop
  endfacet
  facet normal -1 0 0
    outer loop
      vertex -3 39.5667 23.9757
      vertex -3 41.6907 24.9893
      vertex -3 39.6092 23.7841
    endloop
  endfacet
  facet normal -1 -0 0
    outer loop
      vertex -3 41.6907 24.9893
      vertex -3 39.5667 23.9757
      vertex -3 40.9293 25.5735
    endloop
  endfacet
  facet normal -1 0 0
    outer loop
      vertex -3 39.5077 24.1629
      vertex -3 40.9293 25.5735
      vertex -3 39.5667 23.9757
    endloop
  endfacet
  facet normal -1 0 0
    outer loop
      vertex -3 39.4326 24.3443
      vertex -3 40.9293 25.5735
      vertex -3 39.5077 24.1629
    endloop
  endfacet
  facet normal -1 0 0
    outer loop
      vertex -3 39.342 24.5184
      vertex -3 40.9293 25.5735
      vertex -3 39.4326 24.3443
    endloop
  endfacet
  facet normal -1 0 0
    outer loop
      vertex -3 39.2365 24.6839
      vertex -3 40.9293 25.5735
      vertex -3 39.342 24.5184
    endloop
  endfacet
  facet normal -1 -0 0
    outer loop
      vertex -3 40.9293 25.5735
      vertex -3 39.2365 24.6839
      vertex -3 40.2218 26.2218
    endloop
  endfacet
  facet normal -1 0 0
    outer loop
      vertex -3 39.117 24.8397
      vertex -3 40.2218 26.2218
      vertex -3 39.2365 24.6839
    endloop
  endfacet
  facet normal -1 0 0
    outer loop
      vertex -3 38.9844 24.9844
      vertex -3 40.2218 26.2218
      vertex -3 39.117 24.8397
    endloop
  endfacet
  facet normal -1 0 0
    outer loop
      vertex -3 38.8397 25.117
      vertex -3 40.2218 26.2218
      vertex -3 38.9844 24.9844
    endloop
  endfacet
  facet normal -1 0 0
    outer loop
      vertex -3 38.6839 25.2365
      vertex -3 40.2218 26.2218
      vertex -3 38.8397 25.117
    endloop
  endfacet
  facet normal -1 -0 0
    outer loop
      vertex -3 40.2218 26.2218
      vertex -3 38.6839 25.2365
      vertex -3 39.5735 26.9293
    endloop
  endfacet
  facet normal -1 0 0
    outer loop
      vertex -3 38.5184 25.342
      vertex -3 39.5735 26.9293
      vertex -3 38.6839 25.2365
    endloop
  endfacet
  facet normal -1 0 0
    outer loop
      vertex -3 38.3443 25.4326
      vertex -3 39.5735 26.9293
      vertex -3 38.5184 25.342
    endloop
  endfacet
  facet normal -1 0 0
    outer loop
      vertex -3 38.1629 25.5077
      vertex -3 39.5735 26.9293
      vertex -3 38.3443 25.4326
    endloop
  endfacet
  facet normal -1 -0 0
    outer loop
      vertex -3 39.5735 26.9293
      vertex -3 38.1629 25.5077
      vertex -3 38.9893 27.6907
    endloop
  endfacet
  facet normal -1 0 0
    outer loop
      vertex -3 37.9757 25.5667
      vertex -3 38.9893 27.6907
      vertex -3 38.1629 25.5077
    endloop
  endfacet
  facet normal -1 0 0
    outer loop
      vertex -3 37.7841 25.6092
      vertex -3 38.9893 27.6907
      vertex -3 37.9757 25.5667
    endloop
  endfacet
  facet normal -1 0 0
    outer loop
      vertex -3 37.5895 25.6348
      vertex -3 38.9893 27.6907
      vertex -3 37.7841 25.6092
    endloop
  endfacet
  facet normal -1 0 0
    outer loop
      vertex -3 37.3934 25.6434
      vertex -3 38.9893 27.6907
      vertex -3 37.5895 25.6348
    endloop
  endfacet
  facet normal -1 -0 0
    outer loop
      vertex -3 38.9893 27.6907
      vertex -3 37.3934 25.6434
      vertex -3 38.4737 28.5
    endloop
  endfacet
  facet normal -1 0 0
    outer loop
      vertex -3 37.1973 25.6348
      vertex -3 38.4737 28.5
      vertex -3 37.3934 25.6434
    endloop
  endfacet
  facet normal -1 0 0
    outer loop
      vertex -3 37.0027 25.6092
      vertex -3 38.4737 28.5
      vertex -3 37.1973 25.6348
    endloop
  endfacet
  facet normal -1 0 0
    outer loop
      vertex -3 36.8111 25.5667
      vertex -3 38.4737 28.5
      vertex -3 37.0027 25.6092
    endloop
  endfacet
  facet normal -1 -0 0
    outer loop
      vertex -3 38.4737 28.5
      vertex -3 36.8111 25.5667
      vertex -3 38.0306 29.3512
    endloop
  endfacet
  facet normal -1 -0 0
    outer loop
      vertex -3 38.0306 29.3512
      vertex -3 36.8111 25.5667
      vertex -3 37.6634 30.2378
    endloop
  endfacet
  facet normal -1 0 0
    outer loop
      vertex -3 34.7236 32.5537
      vertex -3 37.6634 30.2378
      vertex -3 36.8111 25.5667
    endloop
  endfacet
  facet normal -1 0 0
    outer loop
      vertex -3 37.6634 30.2378
      vertex -3 34.7236 32.5537
      vertex -3 37.3748 31.153
    endloop
  endfacet
  facet normal -1 0 0
    outer loop
      vertex -3 37.3748 31.153
      vertex -3 34.7236 32.5537
      vertex -3 37.1671 32.0899
    endloop
  endfacet
  facet normal -1 0 -0
    outer loop
      vertex -3 34.8431 32.7095
      vertex -3 37.1671 32.0899
      vertex -3 34.7236 32.5537
    endloop
  endfacet
  facet normal -1 0 0
    outer loop
      vertex -3 56.883 46.0529
      vertex -3 50.2414 48.8039
      vertex -3 50.25 49
    endloop
  endfacet
  facet normal -1 0 0
    outer loop
      vertex -3 51.7622 44.3366
      vertex -3 50.2158 48.6093
      vertex -3 50.2414 48.8039
    endloop
  endfacet
  facet normal -1 0 0
    outer loop
      vertex -3 51.7622 44.3366
      vertex -3 50.1733 48.4177
      vertex -3 50.2158 48.6093
    endloop
  endfacet
  facet normal -1 0 0
    outer loop
      vertex -3 51.7622 44.3366
      vertex -3 50.1143 48.2305
      vertex -3 50.1733 48.4177
    endloop
  endfacet
  facet normal -1 0 0
    outer loop
      vertex -3 51.7622 44.3366
      vertex -3 50.0392 48.0491
      vertex -3 50.1143 48.2305
    endloop
  endfacet
  facet normal -1 0 0
    outer loop
      vertex -3 51.7622 44.3366
      vertex -3 49.9486 47.875
      vertex -3 50.0392 48.0491
    endloop
  endfacet
  facet normal -1 0 0
    outer loop
      vertex -3 49.591 47.409
      vertex -3 50.847 44.6252
      vertex -3 49.9101 44.8329
    endloop
  endfacet
  facet normal -1 0 0
    outer loop
      vertex -3 50.847 44.6252
      vertex -3 49.8431 47.7095
      vertex -3 49.9486 47.875
    endloop
  endfacet
  facet normal -1 0 0
    outer loop
      vertex -3 50.847 44.6252
      vertex -3 49.7236 47.5537
      vertex -3 49.8431 47.7095
    endloop
  endfacet
  facet normal -1 0 0
    outer loop
      vertex -3 50.847 44.6252
      vertex -3 49.591 47.409
      vertex -3 49.7236 47.5537
    endloop
  endfacet
  facet normal -1 0 0
    outer loop
      vertex -3 49.9101 44.8329
      vertex -3 49.4463 47.2764
      vertex -3 49.591 47.409
    endloop
  endfacet
  facet normal -1 0 0
    outer loop
      vertex -3 49.9101 44.8329
      vertex -3 49.2905 47.1569
      vertex -3 49.4463 47.2764
    endloop
  endfacet
  facet normal -1 0 0
    outer loop
      vertex -3 49.9101 44.8329
      vertex -3 49.125 47.0514
      vertex -3 49.2905 47.1569
    endloop
  endfacet
  facet normal -1 0 0
    outer loop
      vertex -3 48.9587 44.9581
      vertex -3 49.125 47.0514
      vertex -3 49.9101 44.8329
    endloop
  endfacet
  facet normal -1 0 0
    outer loop
      vertex -3 48.9587 44.9581
      vertex -3 48.9509 46.9608
      vertex -3 49.125 47.0514
    endloop
  endfacet
  facet normal -1 0 0
    outer loop
      vertex -3 48.9587 44.9581
      vertex -3 48.7695 46.8857
      vertex -3 48.9509 46.9608
    endloop
  endfacet
  facet normal -1 0 0
    outer loop
      vertex -3 48.9587 44.9581
      vertex -3 48.5823 46.8267
      vertex -3 48.7695 46.8857
    endloop
  endfacet
  facet normal -1 0 0
    outer loop
      vertex -3 48.9587 44.9581
      vertex -3 48.3907 46.7842
      vertex -3 48.5823 46.8267
    endloop
  endfacet
  facet normal -1 0 0
    outer loop
      vertex -3 48 45
      vertex -3 48.3907 46.7842
      vertex -3 48.9587 44.9581
    endloop
  endfacet
  facet normal -1 0 0
    outer loop
      vertex -3 48.3907 46.7842
      vertex -3 48 45
      vertex -3 48.1961 46.7586
    endloop
  endfacet
  facet normal -1 0 0
    outer loop
      vertex -3 48 45
      vertex -3 48 46.75
      vertex -3 48.1961 46.7586
    endloop
  endfacet
  facet normal -1 0 0
    outer loop
      vertex -3 48 45
      vertex -3 47.8039 46.7586
      vertex -3 48 46.75
    endloop
  endfacet
  facet normal -1 0 0
    outer loop
      vertex -3 48 45
      vertex -3 47.6093 46.7842
      vertex -3 47.8039 46.7586
    endloop
  endfacet
  facet normal -1 0 0
    outer loop
      vertex -3 47.0413 44.9581
      vertex -3 47.6093 46.7842
      vertex -3 48 45
    endloop
  endfacet
  facet normal -1 -0 0
    outer loop
      vertex -3 47.6093 46.7842
      vertex -3 47.0413 44.9581
      vertex -3 47.4177 46.8267
    endloop
  endfacet
  facet normal -1 -0 0
    outer loop
      vertex -3 47.4177 46.8267
      vertex -3 47.0413 44.9581
      vertex -3 47.2305 46.8857
    endloop
  endfacet
  facet normal -1 -0 0
    outer loop
      vertex -3 47.2305 46.8857
      vertex -3 47.0413 44.9581
      vertex -3 47.0491 46.9608
    endloop
  endfacet
  facet normal -1 0 0
    outer loop
      vertex -3 47.0413 44.9581
      vertex -3 46.875 47.0514
      vertex -3 47.0491 46.9608
    endloop
  endfacet
  facet normal -1 0 0
    outer loop
      vertex -3 46.0899 44.8329
      vertex -3 46.875 47.0514
      vertex -3 47.0413 44.9581
    endloop
  endfacet
  facet normal -1 -0 0
    outer loop
      vertex -3 46.875 47.0514
      vertex -3 46.0899 44.8329
      vertex -3 46.7095 47.1569
    endloop
  endfacet
  facet normal -1 -0 0
    outer loop
      vertex -3 46.7095 47.1569
      vertex -3 46.0899 44.8329
      vertex -3 46.5537 47.2764
    endloop
  endfacet
  facet normal -1 -0 0
    outer loop
      vertex -3 46.5537 47.2764
      vertex -3 46.0899 44.8329
      vertex -3 46.409 47.409
    endloop
  endfacet
  facet normal -1 0 0
    outer loop
      vertex -3 45.153 44.6252
      vertex -3 46.409 47.409
      vertex -3 46.0899 44.8329
    endloop
  endfacet
  facet normal -1 -0 0
    outer loop
      vertex -3 46.409 47.409
      vertex -3 45.153 44.6252
      vertex -3 46.2764 47.5537
    endloop
  endfacet
  facet normal -1 -0 0
    outer loop
      vertex -3 46.2764 47.5537
      vertex -3 45.153 44.6252
      vertex -3 46.1569 47.7095
    endloop
  endfacet
  facet normal -1 -0 0
    outer loop
      vertex -3 46.1569 47.7095
      vertex -3 45.153 44.6252
      vertex -3 46.0514 47.875
    endloop
  endfacet
  facet normal -1 0 0
    outer loop
      vertex -3 44.2378 44.3366
      vertex -3 46.0514 47.875
      vertex -3 45.153 44.6252
    endloop
  endfacet
  facet normal -1 -0 0
    outer loop
      vertex -3 46.0514 47.875
      vertex -3 44.2378 44.3366
      vertex -3 45.9608 48.0491
    endloop
  endfacet
  facet normal -1 -0 0
    outer loop
      vertex -3 45.9608 48.0491
      vertex -3 44.2378 44.3366
      vertex -3 45.8857 48.2305
    endloop
  endfacet
  facet normal -1 -0 0
    outer loop
      vertex -3 45.8857 48.2305
      vertex -3 44.2378 44.3366
      vertex -3 45.8267 48.4177
    endloop
  endfacet
  facet normal -1 0 0
    outer loop
      vertex -3 39.2365 45.8971
      vertex -3 45.7842 48.6093
      vertex -3 39.342 45.7316
    endloop
  endfacet
  facet normal -1 -0 0
    outer loop
      vertex -3 45.8267 48.4177
      vertex -3 39.342 45.7316
      vertex -3 45.7842 48.6093
    endloop
  endfacet
  facet normal -1 0 0
    outer loop
      vertex -3 39.342 45.7316
      vertex -3 45.8267 48.4177
      vertex -3 44.2378 44.3366
    endloop
  endfacet
  facet normal -1 -0 0
    outer loop
      vertex -3 56.7635 22.1029
      vertex -3 50.2158 19.3907
      vertex -3 56.658 22.2684
    endloop
  endfacet
  facet normal -1 0 0
    outer loop
      vertex -3 50.1733 19.5823
      vertex -3 56.658 22.2684
      vertex -3 50.2158 19.3907
    endloop
  endfacet
  facet normal -1 -0 0
    outer loop
      vertex -3 56.658 22.2684
      vertex -3 50.1733 19.5823
      vertex -3 51.7622 23.6634
    endloop
  endfacet
  facet normal -1 0 0
    outer loop
      vertex -3 50.1143 19.7695
      vertex -3 51.7622 23.6634
      vertex -3 50.1733 19.5823
    endloop
  endfacet
  facet normal -1 0 0
    outer loop
      vertex -3 50.0392 19.9509
      vertex -3 51.7622 23.6634
      vertex -3 50.1143 19.7695
    endloop
  endfacet
  facet normal -1 0 0
    outer loop
      vertex -3 49.9486 20.125
      vertex -3 51.7622 23.6634
      vertex -3 50.0392 19.9509
    endloop
  endfacet
  facet normal -1 0 0
    outer loop
      vertex -3 51.7622 23.6634
      vertex -3 49.9486 20.125
      vertex -3 50.847 23.3748
    endloop
  endfacet
  facet normal -1 0 0
    outer loop
      vertex -3 49.8431 20.2905
      vertex -3 50.847 23.3748
      vertex -3 49.9486 20.125
    endloop
  endfacet
  facet normal -1 0 0
    outer loop
      vertex -3 49.7236 20.4463
      vertex -3 50.847 23.3748
      vertex -3 49.8431 20.2905
    endloop
  endfacet
  facet normal -1 0 0
    outer loop
      vertex -3 49.591 20.591
      vertex -3 50.847 23.3748
      vertex -3 49.7236 20.4463
    endloop
  endfacet
  facet normal -1 0 0
    outer loop
      vertex -3 50.847 23.3748
      vertex -3 49.591 20.591
      vertex -3 49.9101 23.1671
    endloop
  endfacet
  facet normal -1 0 0
    outer loop
      vertex -3 49.4463 20.7236
      vertex -3 49.9101 23.1671
      vertex -3 49.591 20.591
    endloop
  endfacet
  facet normal -1 0 0
    outer loop
      vertex -3 49.2905 20.8431
      vertex -3 49.9101 23.1671
      vertex -3 49.4463 20.7236
    endloop
  endfacet
  facet normal -1 0 0
    outer loop
      vertex -3 49.125 20.9486
      vertex -3 49.9101 23.1671
      vertex -3 49.2905 20.8431
    endloop
  endfacet
  facet normal -1 0 0
    outer loop
      vertex -3 49.125 20.9486
      vertex -3 48.9587 23.0419
      vertex -3 49.9101 23.1671
    endloop
  endfacet
  facet normal -1 0 0
    outer loop
      vertex -3 48.9509 21.0392
      vertex -3 48.9587 23.0419
      vertex -3 49.125 20.9486
    endloop
  endfacet
  facet normal -1 0 0
    outer loop
      vertex -3 48.7695 21.1143
      vertex -3 48.9587 23.0419
      vertex -3 48.9509 21.0392
    endloop
  endfacet
  facet normal -1 0 0
    outer loop
      vertex -3 48.5823 21.1733
      vertex -3 48.9587 23.0419
      vertex -3 48.7695 21.1143
    endloop
  endfacet
  facet normal -1 0 0
    outer loop
      vertex -3 48.3907 21.2158
      vertex -3 48.9587 23.0419
      vertex -3 48.5823 21.1733
    endloop
  endfacet
  facet normal -1 0 0
    outer loop
      vertex -3 48 23
      vertex -3 48.3907 21.2158
      vertex -3 48.1961 21.2414
    endloop
  endfacet
  facet normal -1 0 0
    outer loop
      vertex -3 48 23
      vertex -3 48.1961 21.2414
      vertex -3 48 21.25
    endloop
  endfacet
  facet normal -1 0 0
    outer loop
      vertex -3 48.3907 21.2158
      vertex -3 48 23
      vertex -3 48.9587 23.0419
    endloop
  endfacet
  facet normal -1 0 0
    outer loop
      vertex -3 47.8039 21.2414
      vertex -3 48 23
      vertex -3 48 21.25
    endloop
  endfacet
  facet normal -1 0 0
    outer loop
      vertex -3 47.6093 21.2158
      vertex -3 48 23
      vertex -3 47.8039 21.2414
    endloop
  endfacet
  facet normal -1 0 0
    outer loop
      vertex -3 47.0413 23.0419
      vertex -3 47.6093 21.2158
      vertex -3 47.4177 21.1733
    endloop
  endfacet
  facet normal -1 0 0
    outer loop
      vertex -3 47.0413 23.0419
      vertex -3 47.4177 21.1733
      vertex -3 47.2305 21.1143
    endloop
  endfacet
  facet normal -1 0 0
    outer loop
      vertex -3 47.0413 23.0419
      vertex -3 47.2305 21.1143
      vertex -3 47.0491 21.0392
    endloop
  endfacet
  facet normal -1 0 0
    outer loop
      vertex -3 47.6093 21.2158
      vertex -3 47.0413 23.0419
      vertex -3 48 23
    endloop
  endfacet
  facet normal -1 0 0
    outer loop
      vertex -3 46.875 20.9486
      vertex -3 47.0413 23.0419
      vertex -3 47.0491 21.0392
    endloop
  endfacet
  facet normal -1 0 0
    outer loop
      vertex -3 46.0899 23.1671
      vertex -3 46.875 20.9486
      vertex -3 46.7095 20.8431
    endloop
  endfacet
  facet normal -1 0 0
    outer loop
      vertex -3 46.0899 23.1671
      vertex -3 46.7095 20.8431
      vertex -3 46.5537 20.7236
    endloop
  endfacet
  facet normal -1 0 0
    outer loop
      vertex -3 46.0899 23.1671
      vertex -3 46.5537 20.7236
      vertex -3 46.409 20.591
    endloop
  endfacet
  facet normal -1 0 0
    outer loop
      vertex -3 45.153 23.3748
      vertex -3 46.409 20.591
      vertex -3 46.2764 20.4463
    endloop
  endfacet
  facet normal -1 0 0
    outer loop
      vertex -3 45.153 23.3748
      vertex -3 46.2764 20.4463
      vertex -3 46.1569 20.2905
    endloop
  endfacet
  facet normal -1 0 0
    outer loop
      vertex -3 46.875 20.9486
      vertex -3 46.0899 23.1671
      vertex -3 47.0413 23.0419
    endloop
  endfacet
  facet normal -1 0 0
    outer loop
      vertex -3 45.153 23.3748
      vertex -3 46.1569 20.2905
      vertex -3 46.0514 20.125
    endloop
  endfacet
  facet normal -1 0 0
    outer loop
      vertex -3 44.2378 23.6634
      vertex -3 46.0514 20.125
      vertex -3 45.9608 19.9509
    endloop
  endfacet
  facet normal -1 0 0
    outer loop
      vertex -3 44.2378 23.6634
      vertex -3 45.9608 19.9509
      vertex -3 45.8857 19.7695
    endloop
  endfacet
  facet normal -1 0 0
    outer loop
      vertex -3 44.2378 23.6634
      vertex -3 45.8857 19.7695
      vertex -3 45.8267 19.5823
    endloop
  endfacet
  facet normal -1 0 0
    outer loop
      vertex -3 39.342 22.2684
      vertex -3 45.8267 19.5823
      vertex -3 45.7842 19.3907
    endloop
  endfacet
  facet normal -1 0 0
    outer loop
      vertex -3 39.2365 22.1029
      vertex -3 45.7842 19.3907
      vertex -3 45.7586 19.1961
    endloop
  endfacet
  facet normal -1 0 0
    outer loop
      vertex -3 46.409 20.591
      vertex -3 45.153 23.3748
      vertex -3 46.0899 23.1671
    endloop
  endfacet
  facet normal -1 0 0
    outer loop
      vertex -3 39.117 21.9471
      vertex -3 45.7586 19.1961
      vertex -3 45.75 19
    endloop
  endfacet
  facet normal -1 0 0
    outer loop
      vertex -3 61.7095 35.8431
      vertex -3 58.9973 42.3908
      vertex -3 59.1889 42.4333
    endloop
  endfacet
  facet normal -1 0 0
    outer loop
      vertex -3 61.1569 35.2905
      vertex -3 58.8329 35.9101
      vertex -3 61.2764 35.4463
    endloop
  endfacet
  facet normal -1 0 0
    outer loop
      vertex -3 58.6252 36.847
      vertex -3 61.2764 35.4463
      vertex -3 58.8329 35.9101
    endloop
  endfacet
  facet normal -1 0 0
    outer loop
      vertex -3 58.3366 37.7622
      vertex -3 61.2764 35.4463
      vertex -3 58.6252 36.847
    endloop
  endfacet
  facet normal -1 0 0
    outer loop
      vertex -3 61.2764 35.4463
      vertex -3 58.3366 37.7622
      vertex -3 58.9973 42.3908
    endloop
  endfacet
  facet normal -1 0 0
    outer loop
      vertex -3 57.9694 38.6488
      vertex -3 58.9973 42.3908
      vertex -3 58.3366 37.7622
    endloop
  endfacet
  facet normal -1 0 0
    outer loop
      vertex -3 57.5263 39.5
      vertex -3 58.9973 42.3908
      vertex -3 57.9694 38.6488
    endloop
  endfacet
  facet normal -1 0 0
    outer loop
      vertex -3 58.9973 42.3908
      vertex -3 57.5263 39.5
      vertex -3 58.8027 42.3652
    endloop
  endfacet
  facet normal -1 0 0
    outer loop
      vertex -3 58.8027 42.3652
      vertex -3 57.5263 39.5
      vertex -3 58.6066 42.3566
    endloop
  endfacet
  facet normal -1 0 0
    outer loop
      vertex -3 57.0107 40.3093
      vertex -3 58.6066 42.3566
      vertex -3 57.5263 39.5
    endloop
  endfacet
  facet normal -1 -0 0
    outer loop
      vertex -3 58.6066 42.3566
      vertex -3 57.0107 40.3093
      vertex -3 58.4105 42.3652
    endloop
  endfacet
  facet normal -1 -0 0
    outer loop
      vertex -3 58.4105 42.3652
      vertex -3 57.0107 40.3093
      vertex -3 58.2159 42.3908
    endloop
  endfacet
  facet normal -1 -0 0
    outer loop
      vertex -3 58.2159 42.3908
      vertex -3 57.0107 40.3093
      vertex -3 58.0243 42.4333
    endloop
  endfacet
  facet normal -1 -0 0
    outer loop
      vertex -3 58.0243 42.4333
      vertex -3 57.0107 40.3093
      vertex -3 57.8371 42.4923
    endloop
  endfacet
  facet normal -1 0 0
    outer loop
      vertex -3 56.4265 41.0707
      vertex -3 57.8371 42.4923
      vertex -3 57.0107 40.3093
    endloop
  endfacet
  facet normal -1 -0 0
    outer loop
      vertex -3 57.8371 42.4923
      vertex -3 56.4265 41.0707
      vertex -3 57.6557 42.5674
    endloop
  endfacet
  facet normal -1 -0 0
    outer loop
      vertex -3 57.6557 42.5674
      vertex -3 56.4265 41.0707
      vertex -3 57.4816 42.658
    endloop
  endfacet
  facet normal -1 -0 0
    outer loop
      vertex -3 57.4816 42.658
      vertex -3 56.4265 41.0707
      vertex -3 57.3161 42.7635
    endloop
  endfacet
  facet normal -1 0 0
    outer loop
      vertex -3 55.7782 41.7782
      vertex -3 57.3161 42.7635
      vertex -3 56.4265 41.0707
    endloop
  endfacet
  facet normal -1 -0 0
    outer loop
      vertex -3 57.3161 42.7635
      vertex -3 55.7782 41.7782
      vertex -3 57.1603 42.883
    endloop
  endfacet
  facet normal -1 -0 0
    outer loop
      vertex -3 57.1603 42.883
      vertex -3 55.7782 41.7782
      vertex -3 57.0156 43.0156
    endloop
  endfacet
  facet normal -1 -0 0
    outer loop
      vertex -3 57.0156 43.0156
      vertex -3 55.7782 41.7782
      vertex -3 56.883 43.1603
    endloop
  endfacet
  facet normal -1 -0 0
    outer loop
      vertex -3 56.883 43.1603
      vertex -3 55.7782 41.7782
      vertex -3 56.7635 43.3161
    endloop
  endfacet
  facet normal -1 0 0
    outer loop
      vertex -3 55.0707 42.4265
      vertex -3 56.7635 43.3161
      vertex -3 55.7782 41.7782
    endloop
  endfacet
  facet normal -1 -0 0
    outer loop
      vertex -3 56.7635 43.3161
      vertex -3 55.0707 42.4265
      vertex -3 56.658 43.4816
    endloop
  endfacet
  facet normal -1 -0 0
    outer loop
      vertex -3 56.658 43.4816
      vertex -3 55.0707 42.4265
      vertex -3 56.5674 43.6557
    endloop
  endfacet
  facet normal -1 -0 0
    outer loop
      vertex -3 56.5674 43.6557
      vertex -3 55.0707 42.4265
      vertex -3 56.4923 43.8371
    endloop
  endfacet
  facet normal -1 -0 0
    outer loop
      vertex -3 56.4923 43.8371
      vertex -3 55.0707 42.4265
      vertex -3 56.4333 44.0243
    endloop
  endfacet
  facet normal -1 0 0
    outer loop
      vertex -3 54.3093 43.0107
      vertex -3 56.4333 44.0243
      vertex -3 55.0707 42.4265
    endloop
  endfacet
  facet normal -1 -0 0
    outer loop
      vertex -3 56.4333 44.0243
      vertex -3 54.3093 43.0107
      vertex -3 56.3908 44.2159
    endloop
  endfacet
  facet normal -1 0 0
    outer loop
      vertex -3 63 36.25
      vertex -3 75.75 40
      vertex -3 75.75 36.25
    endloop
  endfacet
  facet normal -1 0 0
    outer loop
      vertex -3 75.75 40
      vertex -3 70.0404 53.6029
      vertex -3 70.049 53.799
    endloop
  endfacet
  facet normal -1 0 0
    outer loop
      vertex -3 75.75 40
      vertex -3 70.0148 53.4083
      vertex -3 70.0404 53.6029
    endloop
  endfacet
  facet normal -1 0 0
    outer loop
      vertex -3 75.75 40
      vertex -3 69.9723 53.2166
      vertex -3 70.0148 53.4083
    endloop
  endfacet
  facet normal -1 0 0
    outer loop
      vertex -3 75.75 40
      vertex -3 69.9133 53.0294
      vertex -3 69.9723 53.2166
    endloop
  endfacet
  facet normal -1 0 0
    outer loop
      vertex -3 75.75 40
      vertex -3 69.8382 52.8481
      vertex -3 69.9133 53.0294
    endloop
  endfacet
  facet normal -1 0 0
    outer loop
      vertex -3 75.75 40
      vertex -3 69.7475 52.674
      vertex -3 69.8382 52.8481
    endloop
  endfacet
  facet normal -1 0 0
    outer loop
      vertex -3 75.75 40
      vertex -3 69.6421 52.5084
      vertex -3 69.7475 52.674
    endloop
  endfacet
  facet normal -1 0 0
    outer loop
      vertex -3 75.75 40
      vertex -3 69.5226 52.3527
      vertex -3 69.6421 52.5084
    endloop
  endfacet
  facet normal -1 0 0
    outer loop
      vertex -3 75.75 40
      vertex -3 69.39 52.208
      vertex -3 69.5226 52.3527
    endloop
  endfacet
  facet normal -1 -0 0
    outer loop
      vertex -3 75.75 40
      vertex -3 63 36.25
      vertex -3 60.1976 43.0156
    endloop
  endfacet
  facet normal -1 0 0
    outer loop
      vertex -3 60.1976 43.0156
      vertex -3 63 36.25
      vertex -3 62.8039 36.2414
    endloop
  endfacet
  facet normal -1 0 0
    outer loop
      vertex -3 60.0529 42.883
      vertex -3 62.8039 36.2414
      vertex -3 62.6093 36.2158
    endloop
  endfacet
  facet normal -1 0 0
    outer loop
      vertex -3 59.8971 42.7635
      vertex -3 62.6093 36.2158
      vertex -3 62.4177 36.1733
    endloop
  endfacet
  facet normal -1 0 0
    outer loop
      vertex -3 59.7316 42.658
      vertex -3 62.4177 36.1733
      vertex -3 62.2305 36.1143
    endloop
  endfacet
  facet normal -1 0 0
    outer loop
      vertex -3 59.5575 42.5674
      vertex -3 62.2305 36.1143
      vertex -3 62.0491 36.0392
    endloop
  endfacet
  facet normal -1 0 0
    outer loop
      vertex -3 59.3761 42.4923
      vertex -3 62.0491 36.0392
      vertex -3 61.875 35.9486
    endloop
  endfacet
  facet normal -1 0 0
    outer loop
      vertex -3 59.1889 42.4333
      vertex -3 61.875 35.9486
      vertex -3 61.7095 35.8431
    endloop
  endfacet
  facet normal -1 0 0
    outer loop
      vertex -3 58.9973 42.3908
      vertex -3 61.7095 35.8431
      vertex -3 61.5537 35.7236
    endloop
  endfacet
  facet normal -1 0 0
    outer loop
      vertex -3 58.9973 42.3908
      vertex -3 61.5537 35.7236
      vertex -3 61.409 35.591
    endloop
  endfacet
  facet normal -1 0 0
    outer loop
      vertex -3 58.9973 42.3908
      vertex -3 61.409 35.591
      vertex -3 61.2764 35.4463
    endloop
  endfacet
  facet normal -1 0 0
    outer loop
      vertex -3 58.8329 35.9101
      vertex -3 61.0514 35.125
      vertex -3 58.9581 34.9587
    endloop
  endfacet
  facet normal -1 0 0
    outer loop
      vertex -3 60.9608 34.9509
      vertex -3 58.9581 34.9587
      vertex -3 61.0514 35.125
    endloop
  endfacet
  facet normal -1 0 0
    outer loop
      vertex -3 60.8857 34.7695
      vertex -3 58.9581 34.9587
      vertex -3 60.9608 34.9509
    endloop
  endfacet
  facet normal -1 -0 0
    outer loop
      vertex -3 60.8267 33.4177
      vertex -3 58.9581 33.0413
      vertex -3 60.7842 33.6093
    endloop
  endfacet
  facet normal -1 0 0
    outer loop
      vertex -3 75.75 40
      vertex -3 60.1976 43.0156
      vertex -3 69.39 52.208
    endloop
  endfacet
  facet normal -1 0 0
    outer loop
      vertex -3 60.8267 34.5823
      vertex -3 58.9581 34.9587
      vertex -3 60.8857 34.7695
    endloop
  endfacet
  facet normal -1 0 0
    outer loop
      vertex -3 60.7842 34.3907
      vertex -3 58.9581 34.9587
      vertex -3 60.8267 34.5823
    endloop
  endfacet
  facet normal -1 0 0
    outer loop
      vertex -3 58.9581 34.9587
      vertex -3 60.7842 34.3907
      vertex -3 59 34
    endloop
  endfacet
  facet normal -1 0 0
    outer loop
      vertex -3 59 34
      vertex -3 60.7842 34.3907
      vertex -3 60.7586 34.1961
    endloop
  endfacet
  facet normal -1 0 -0
    outer loop
      vertex -3 59 34
      vertex -3 60.7842 33.6093
      vertex -3 58.9581 33.0413
    endloop
  endfacet
  facet normal -1 0 0
    outer loop
      vertex -3 58.6252 31.153
      vertex -3 60.1976 24.9844
      vertex -3 60.0529 25.117
    endloop
  endfacet
  facet normal -1 0 0
    outer loop
      vertex -3 61.0514 35.125
      vertex -3 58.8329 35.9101
      vertex -3 61.1569 35.2905
    endloop
  endfacet
  facet normal -1 0 0
    outer loop
      vertex -3 58.3366 30.2378
      vertex -3 60.0529 25.117
      vertex -3 59.8971 25.2365
    endloop
  endfacet
  facet normal -1 0 0
    outer loop
      vertex -3 62.8039 36.2414
      vertex -3 60.0529 42.883
      vertex -3 60.1976 43.0156
    endloop
  endfacet
  facet normal -1 0 0
    outer loop
      vertex -3 58.3366 30.2378
      vertex -3 59.8971 25.2365
      vertex -3 59.7316 25.342
    endloop
  endfacet
  facet normal -1 0 0
    outer loop
      vertex -3 62.6093 36.2158
      vertex -3 59.8971 42.7635
      vertex -3 60.0529 42.883
    endloop
  endfacet
  facet normal -1 0 0
    outer loop
      vertex -3 57.9694 29.3512
      vertex -3 59.7316 25.342
      vertex -3 59.5575 25.4326
    endloop
  endfacet
  facet normal -1 0 0
    outer loop
      vertex -3 62.4177 36.1733
      vertex -3 59.7316 42.658
      vertex -3 59.8971 42.7635
    endloop
  endfacet
  facet normal -1 0 0
    outer loop
      vertex -3 57.9694 29.3512
      vertex -3 59.5575 25.4326
      vertex -3 59.3761 25.5077
    endloop
  endfacet
  facet normal -1 0 0
    outer loop
      vertex -3 62.2305 36.1143
      vertex -3 59.5575 42.5674
      vertex -3 59.7316 42.658
    endloop
  endfacet
  facet normal -1 0 0
    outer loop
      vertex -3 57.9694 29.3512
      vertex -3 59.3761 25.5077
      vertex -3 59.1889 25.5667
    endloop
  endfacet
  facet normal -1 0 0
    outer loop
      vertex -3 62.0491 36.0392
      vertex -3 59.3761 42.4923
      vertex -3 59.5575 42.5674
    endloop
  endfacet
  facet normal -1 0 0
    outer loop
      vertex -3 61.875 35.9486
      vertex -3 59.1889 42.4333
      vertex -3 59.3761 42.4923
    endloop
  endfacet
  facet normal -1 0 0
    outer loop
      vertex -3 57.5263 28.5
      vertex -3 59.1889 25.5667
      vertex -3 58.9973 25.6092
    endloop
  endfacet
  facet normal -1 0 0
    outer loop
      vertex -3 60.75 34
      vertex -3 59 34
      vertex -3 60.7586 34.1961
    endloop
  endfacet
  facet normal -1 0 0
    outer loop
      vertex -3 60.7586 33.8039
      vertex -3 59 34
      vertex -3 60.75 34
    endloop
  endfacet
  facet normal -1 0 0
    outer loop
      vertex -3 57.5263 28.5
      vertex -3 58.9973 25.6092
      vertex -3 58.8027 25.6348
    endloop
  endfacet
  facet normal -1 0 0
    outer loop
      vertex -3 60.7842 33.6093
      vertex -3 59 34
      vertex -3 60.7586 33.8039
    endloop
  endfacet
  facet normal -1 0 0
    outer loop
      vertex -3 57.5263 28.5
      vertex -3 58.8027 25.6348
      vertex -3 58.6066 25.6434
    endloop
  endfacet
  facet normal -1 0 0
    outer loop
      vertex -3 57.0107 27.6907
      vertex -3 58.6066 25.6434
      vertex -3 58.4105 25.6348
    endloop
  endfacet
  facet normal -1 0 0
    outer loop
      vertex -3 60.0529 25.117
      vertex -3 58.3366 30.2378
      vertex -3 58.6252 31.153
    endloop
  endfacet
  facet normal -1 0 0
    outer loop
      vertex -3 57.0107 27.6907
      vertex -3 58.4105 25.6348
      vertex -3 58.2159 25.6092
    endloop
  endfacet
  facet normal -1 0 0
    outer loop
      vertex -3 57.0107 27.6907
      vertex -3 58.2159 25.6092
      vertex -3 58.0243 25.5667
    endloop
  endfacet
  facet normal -1 0 0
    outer loop
      vertex -3 59.7316 25.342
      vertex -3 57.9694 29.3512
      vertex -3 58.3366 30.2378
    endloop
  endfacet
  facet normal -1 0 0
    outer loop
      vertex -3 57.0107 27.6907
      vertex -3 58.0243 25.5667
      vertex -3 57.8371 25.5077
    endloop
  endfacet
  facet normal -1 0 0
    outer loop
      vertex -3 56.4265 26.9293
      vertex -3 57.8371 25.5077
      vertex -3 57.6557 25.4326
    endloop
  endfacet
  facet normal -1 0 0
    outer loop
      vertex -3 59.1889 25.5667
      vertex -3 57.5263 28.5
      vertex -3 57.9694 29.3512
    endloop
  endfacet
  facet normal -1 0 0
    outer loop
      vertex -3 56.4265 26.9293
      vertex -3 57.6557 25.4326
      vertex -3 57.4816 25.342
    endloop
  endfacet
  facet normal -1 0 0
    outer loop
      vertex -3 56.4265 26.9293
      vertex -3 57.4816 25.342
      vertex -3 57.3161 25.2365
    endloop
  endfacet
  facet normal -1 0 0
    outer loop
      vertex -3 55.7782 26.2218
      vertex -3 57.3161 25.2365
      vertex -3 57.1603 25.117
    endloop
  endfacet
  facet normal -1 0 0
    outer loop
      vertex -3 55.7782 26.2218
      vertex -3 57.1603 25.117
      vertex -3 57.0156 24.9844
    endloop
  endfacet
  facet normal -1 0 0
    outer loop
      vertex -3 58.6066 25.6434
      vertex -3 57.0107 27.6907
      vertex -3 57.5263 28.5
    endloop
  endfacet
  facet normal -1 0 0
    outer loop
      vertex -3 55.7782 26.2218
      vertex -3 57.0156 24.9844
      vertex -3 56.883 24.8397
    endloop
  endfacet
  facet normal -1 0 0
    outer loop
      vertex -3 55.7782 26.2218
      vertex -3 56.883 24.8397
      vertex -3 56.7635 24.6839
    endloop
  endfacet
  facet normal -1 0 0
    outer loop
      vertex -3 55.0707 25.5735
      vertex -3 56.7635 24.6839
      vertex -3 56.658 24.5184
    endloop
  endfacet
  facet normal -1 0 0
    outer loop
      vertex -3 55.0707 25.5735
      vertex -3 56.658 24.5184
      vertex -3 56.5674 24.3443
    endloop
  endfacet
  facet normal -1 0 0
    outer loop
      vertex -3 55.0707 25.5735
      vertex -3 56.5674 24.3443
      vertex -3 56.4923 24.1629
    endloop
  endfacet
  facet normal -1 0 0
    outer loop
      vertex -3 55.0707 25.5735
      vertex -3 56.4923 24.1629
      vertex -3 56.4333 23.9757
    endloop
  endfacet
  facet normal -1 0 0
    outer loop
      vertex -3 57.8371 25.5077
      vertex -3 56.4265 26.9293
      vertex -3 57.0107 27.6907
    endloop
  endfacet
  facet normal -1 0 0
    outer loop
      vertex -3 54.3093 24.9893
      vertex -3 56.4333 23.9757
      vertex -3 56.3908 23.7841
    endloop
  endfacet
  facet normal -1 0 0
    outer loop
      vertex -3 54.3093 24.9893
      vertex -3 56.3908 23.7841
      vertex -3 56.3652 23.5895
    endloop
  endfacet
  facet normal -1 0 0
    outer loop
      vertex -3 54.3093 24.9893
      vertex -3 56.3652 23.5895
      vertex -3 56.3566 23.3934
    endloop
  endfacet
  facet normal -1 0 0
    outer loop
      vertex -3 57.3161 25.2365
      vertex -3 55.7782 26.2218
      vertex -3 56.4265 26.9293
    endloop
  endfacet
  facet normal -1 0 0
    outer loop
      vertex -3 83 0
      vertex -3 80.25 28
      vertex -3 83 69
    endloop
  endfacet
  facet normal -1 0 0
    outer loop
      vertex -3 83 0
      vertex -3 80.2414 27.8039
      vertex -3 80.25 28
    endloop
  endfacet
  facet normal -1 0 0
    outer loop
      vertex -3 83 0
      vertex -3 80.2158 27.6093
      vertex -3 80.2414 27.8039
    endloop
  endfacet
  facet normal -1 0 0
    outer loop
      vertex -3 83 0
      vertex -3 80.1733 27.4177
      vertex -3 80.2158 27.6093
    endloop
  endfacet
  facet normal -1 0 0
    outer loop
      vertex -3 83 0
      vertex -3 80.1143 27.2305
      vertex -3 80.1733 27.4177
    endloop
  endfacet
  facet normal -1 0 0
    outer loop
      vertex -3 83 0
      vertex -3 80.0392 27.0491
      vertex -3 80.1143 27.2305
    endloop
  endfacet
  facet normal -1 0 0
    outer loop
      vertex -3 83 0
      vertex -3 79.9486 26.875
      vertex -3 80.0392 27.0491
    endloop
  endfacet
  facet normal -1 0 0
    outer loop
      vertex -3 83 0
      vertex -3 79.8431 26.7095
      vertex -3 79.9486 26.875
    endloop
  endfacet
  facet normal -1 0 0
    outer loop
      vertex -3 83 0
      vertex -3 79.7236 26.5537
      vertex -3 79.8431 26.7095
    endloop
  endfacet
  facet normal -1 0 0
    outer loop
      vertex -3 83 0
      vertex -3 79.591 26.409
      vertex -3 79.7236 26.5537
    endloop
  endfacet
  facet normal -1 0 0
    outer loop
      vertex -3 83 0
      vertex -3 79.4463 26.2764
      vertex -3 79.591 26.409
    endloop
  endfacet
  facet normal -1 0 0
    outer loop
      vertex -3 83 0
      vertex -3 79.2905 26.1569
      vertex -3 79.4463 26.2764
    endloop
  endfacet
  facet normal -1 0 0
    outer loop
      vertex -3 83 0
      vertex -3 79.125 26.0514
      vertex -3 79.2905 26.1569
    endloop
  endfacet
  facet normal -1 0 0
    outer loop
      vertex -3 83 0
      vertex -3 78.9509 25.9608
      vertex -3 79.125 26.0514
    endloop
  endfacet
  facet normal -1 0 0
    outer loop
      vertex -3 83 0
      vertex -3 78.7695 25.8857
      vertex -3 78.9509 25.9608
    endloop
  endfacet
  facet normal -1 0 0
    outer loop
      vertex -3 70.0404 14.0049
      vertex -3 78.7695 25.8857
      vertex -3 83 0
    endloop
  endfacet
  facet normal -1 0 -0
    outer loop
      vertex -3 70.049 14.201
      vertex -3 78.7695 25.8857
      vertex -3 70.0404 14.0049
    endloop
  endfacet
  facet normal -1 0 0
    outer loop
      vertex -3 78.7695 25.8857
      vertex -3 70.049 14.201
      vertex -3 78.5823 25.8267
    endloop
  endfacet
  facet normal -1 0 0
    outer loop
      vertex -3 78.5823 25.8267
      vertex -3 70.0404 14.3971
      vertex -3 78.3907 25.7842
    endloop
  endfacet
  facet normal -1 0 0
    outer loop
      vertex -3 70.0148 14.5917
      vertex -3 78.3907 25.7842
      vertex -3 70.0404 14.3971
    endloop
  endfacet
  facet normal -1 0 0
    outer loop
      vertex -3 78.3907 25.7842
      vertex -3 70.0148 14.5917
      vertex -3 78.1961 25.7586
    endloop
  endfacet
  facet normal -1 0 0
    outer loop
      vertex -3 69.9723 14.7834
      vertex -3 78.1961 25.7586
      vertex -3 70.0148 14.5917
    endloop
  endfacet
  facet normal -1 0 0
    outer loop
      vertex -3 78.1961 25.7586
      vertex -3 69.9723 14.7834
      vertex -3 78 25.75
    endloop
  endfacet
  facet normal -1 0 0
    outer loop
      vertex -3 69.9133 14.9706
      vertex -3 78 25.75
      vertex -3 69.9723 14.7834
    endloop
  endfacet
  facet normal -1 -0 0
    outer loop
      vertex -3 78 25.75
      vertex -3 69.9133 14.9706
      vertex -3 77.8039 25.7586
    endloop
  endfacet
  facet normal -1 0 0
    outer loop
      vertex -3 69.8382 15.1519
      vertex -3 77.8039 25.7586
      vertex -3 69.9133 14.9706
    endloop
  endfacet
  facet normal -1 -0 0
    outer loop
      vertex -3 77.8039 25.7586
      vertex -3 69.8382 15.1519
      vertex -3 77.6093 25.7842
    endloop
  endfacet
  facet normal -1 0 0
    outer loop
      vertex -3 69.7475 15.326
      vertex -3 77.6093 25.7842
      vertex -3 69.8382 15.1519
    endloop
  endfacet
  facet normal -1 -0 0
    outer loop
      vertex -3 77.6093 25.7842
      vertex -3 69.7475 15.326
      vertex -3 77.4177 25.8267
    endloop
  endfacet
  facet normal -1 0 0
    outer loop
      vertex -3 69.6421 15.4916
      vertex -3 77.4177 25.8267
      vertex -3 69.7475 15.326
    endloop
  endfacet
  facet normal -1 -0 0
    outer loop
      vertex -3 77.4177 25.8267
      vertex -3 69.6421 15.4916
      vertex -3 77.2305 25.8857
    endloop
  endfacet
  facet normal -1 -0 0
    outer loop
      vertex -3 77.2305 25.8857
      vertex -3 69.5226 15.6473
      vertex -3 77.0491 25.9608
    endloop
  endfacet
  facet normal -1 0 0
    outer loop
      vertex -3 69.39 15.792
      vertex -3 77.0491 25.9608
      vertex -3 69.5226 15.6473
    endloop
  endfacet
  facet normal -1 -0 0
    outer loop
      vertex -3 77.0491 25.9608
      vertex -3 69.39 15.792
      vertex -3 76.875 26.0514
    endloop
  endfacet
  facet normal -1 -0 0
    outer loop
      vertex -3 76.409 26.409
      vertex -3 69.39 15.792
      vertex -3 76.2764 26.5537
    endloop
  endfacet
  facet normal -1 -0 0
    outer loop
      vertex -3 76.5537 26.2764
      vertex -3 69.39 15.792
      vertex -3 76.409 26.409
    endloop
  endfacet
  facet normal -1 -0 0
    outer loop
      vertex -3 76.7095 26.1569
      vertex -3 69.39 15.792
      vertex -3 76.5537 26.2764
    endloop
  endfacet
  facet normal -1 -0 0
    outer loop
      vertex -3 76.875 26.0514
      vertex -3 69.39 15.792
      vertex -3 76.7095 26.1569
    endloop
  endfacet
  facet normal -1 0 0
    outer loop
      vertex -3 69.5226 15.6473
      vertex -3 77.2305 25.8857
      vertex -3 69.6421 15.4916
    endloop
  endfacet
  facet normal -1 0 0
    outer loop
      vertex -3 70.0404 14.3971
      vertex -3 78.5823 25.8267
      vertex -3 70.049 14.201
    endloop
  endfacet
  facet normal -1 0 0
    outer loop
      vertex -3 83 0
      vertex -3 70.0148 13.8103
      vertex -3 70.0404 14.0049
    endloop
  endfacet
  facet normal -1 0 0
    outer loop
      vertex -3 83 0
      vertex -3 69.9723 13.6187
      vertex -3 70.0148 13.8103
    endloop
  endfacet
  facet normal -1 0 0
    outer loop
      vertex -3 83 0
      vertex -3 69.9133 13.4315
      vertex -3 69.9723 13.6187
    endloop
  endfacet
  facet normal -1 0 0
    outer loop
      vertex -3 83 0
      vertex -3 69.8382 13.2501
      vertex -3 69.9133 13.4315
    endloop
  endfacet
  facet normal -1 0 0
    outer loop
      vertex -3 83 0
      vertex -3 69.7475 13.076
      vertex -3 69.8382 13.2501
    endloop
  endfacet
  facet normal -1 0 0
    outer loop
      vertex -3 83 0
      vertex -3 69.6421 12.9105
      vertex -3 69.7475 13.076
    endloop
  endfacet
  facet normal -1 0 0
    outer loop
      vertex -3 83 0
      vertex -3 69.5226 12.7547
      vertex -3 69.6421 12.9105
    endloop
  endfacet
  facet normal -1 0 0
    outer loop
      vertex -3 83 0
      vertex -3 69.39 12.61
      vertex -3 69.5226 12.7547
    endloop
  endfacet
  facet normal -1 0 0
    outer loop
      vertex -3 83 0
      vertex -3 69.2453 12.4774
      vertex -3 69.39 12.61
    endloop
  endfacet
  facet normal -1 0 0
    outer loop
      vertex -3 83 0
      vertex -3 69.0895 12.3579
      vertex -3 69.2453 12.4774
    endloop
  endfacet
  facet normal -1 0 0
    outer loop
      vertex -3 83 0
      vertex -3 68.924 12.2525
      vertex -3 69.0895 12.3579
    endloop
  endfacet
  facet normal -1 0 0
    outer loop
      vertex -3 83 0
      vertex -3 68.7499 12.1618
      vertex -3 68.924 12.2525
    endloop
  endfacet
  facet normal -1 0 0
    outer loop
      vertex -3 83 0
      vertex -3 68.5685 12.0867
      vertex -3 68.7499 12.1618
    endloop
  endfacet
  facet normal -1 0 0
    outer loop
      vertex -3 83 0
      vertex -3 68.3813 12.0277
      vertex -3 68.5685 12.0867
    endloop
  endfacet
  facet normal -1 0 0
    outer loop
      vertex -3 83 0
      vertex -3 68.1897 11.9852
      vertex -3 68.3813 12.0277
    endloop
  endfacet
  facet normal -1 0 0
    outer loop
      vertex -3 83 0
      vertex -3 67.9951 11.9596
      vertex -3 68.1897 11.9852
    endloop
  endfacet
  facet normal -1 0 0
    outer loop
      vertex -3 83 0
      vertex -3 67.799 11.951
      vertex -3 67.9951 11.9596
    endloop
  endfacet
  facet normal -1 0 0
    outer loop
      vertex -3 83 0
      vertex -3 67.6029 11.9596
      vertex -3 67.799 11.951
    endloop
  endfacet
  facet normal -1 0 0
    outer loop
      vertex -3 83 0
      vertex -3 67.4083 11.9852
      vertex -3 67.6029 11.9596
    endloop
  endfacet
  facet normal -1 0 0
    outer loop
      vertex -3 49.8431 4.70945
      vertex -3 67.4083 11.9852
      vertex -3 83 0
    endloop
  endfacet
  facet normal -1 -0 0
    outer loop
      vertex -3 67.4083 11.9852
      vertex -3 49.8431 4.70945
      vertex -3 67.2166 12.0277
    endloop
  endfacet
  facet normal -1 0 -0
    outer loop
      vertex -3 49.9486 4.875
      vertex -3 67.2166 12.0277
      vertex -3 49.8431 4.70945
    endloop
  endfacet
  facet normal -1 -0 0
    outer loop
      vertex -3 67.2166 12.0277
      vertex -3 49.9486 4.875
      vertex -3 67.0294 12.0867
    endloop
  endfacet
  facet normal -1 0 -0
    outer loop
      vertex -3 50.0392 5.04911
      vertex -3 67.0294 12.0867
      vertex -3 49.9486 4.875
    endloop
  endfacet
  facet normal -1 0 0
    outer loop
      vertex -3 53.5 24.4737
      vertex -3 56.3566 23.3934
      vertex -3 56.3652 23.1973
    endloop
  endfacet
  facet normal -1 0 0
    outer loop
      vertex -3 53.5 24.4737
      vertex -3 56.3652 23.1973
      vertex -3 56.3908 23.0027
    endloop
  endfacet
  facet normal -1 0 0
    outer loop
      vertex -3 56.7635 24.6839
      vertex -3 55.0707 25.5735
      vertex -3 55.7782 26.2218
    endloop
  endfacet
  facet normal -1 0 0
    outer loop
      vertex -3 53.5 24.4737
      vertex -3 56.3908 23.0027
      vertex -3 56.4333 22.8111
    endloop
  endfacet
  facet normal -1 0 0
    outer loop
      vertex -3 52.6488 24.0306
      vertex -3 56.4333 22.8111
      vertex -3 56.4923 22.6239
    endloop
  endfacet
  facet normal -1 0 0
    outer loop
      vertex -3 52.6488 24.0306
      vertex -3 56.4923 22.6239
      vertex -3 56.5674 22.4425
    endloop
  endfacet
  facet normal -1 0 0
    outer loop
      vertex -3 56.4333 23.9757
      vertex -3 54.3093 24.9893
      vertex -3 55.0707 25.5735
    endloop
  endfacet
  facet normal -1 0 0
    outer loop
      vertex -3 52.6488 24.0306
      vertex -3 56.5674 22.4425
      vertex -3 56.658 22.2684
    endloop
  endfacet
  facet normal -1 -0 0
    outer loop
      vertex -3 56.883 21.9471
      vertex -3 50.2414 19.1961
      vertex -3 56.7635 22.1029
    endloop
  endfacet
  facet normal -1 0 0
    outer loop
      vertex -3 50.2414 19.1961
      vertex -3 56.883 21.9471
      vertex -3 50.25 19
    endloop
  endfacet
  facet normal -1 0 0
    outer loop
      vertex -3 56.3566 23.3934
      vertex -3 53.5 24.4737
      vertex -3 54.3093 24.9893
    endloop
  endfacet
  facet normal -1 0 0
    outer loop
      vertex -3 50.25 19
      vertex -3 56.883 21.9471
      vertex -3 57.0156 21.8024
    endloop
  endfacet
  facet normal -1 0 0
    outer loop
      vertex -3 50.25 6
      vertex -3 57.0156 21.8024
      vertex -3 66.208 12.61
    endloop
  endfacet
  facet normal -1 0 0
    outer loop
      vertex -3 56.4333 22.8111
      vertex -3 52.6488 24.0306
      vertex -3 53.5 24.4737
    endloop
  endfacet
  facet normal -1 0 0
    outer loop
      vertex -3 50.25 6
      vertex -3 66.208 12.61
      vertex -3 66.3527 12.4774
    endloop
  endfacet
  facet normal -1 0 0
    outer loop
      vertex -3 56.658 22.2684
      vertex -3 51.7622 23.6634
      vertex -3 52.6488 24.0306
    endloop
  endfacet
  facet normal -1 0 0
    outer loop
      vertex -3 50.2414 5.8039
      vertex -3 66.3527 12.4774
      vertex -3 66.5084 12.3579
    endloop
  endfacet
  facet normal -1 0 0
    outer loop
      vertex -3 50.25 19
      vertex -3 57.0156 21.8024
      vertex -3 50.25 6
    endloop
  endfacet
  facet normal -1 -0 0
    outer loop
      vertex -3 67.0294 12.0867
      vertex -3 50.0392 5.04911
      vertex -3 66.8481 12.1618
    endloop
  endfacet
  facet normal -1 0 0
    outer loop
      vertex -3 50.2158 19.3907
      vertex -3 56.7635 22.1029
      vertex -3 50.2414 19.1961
    endloop
  endfacet
  facet normal -1 0 0
    outer loop
      vertex -3 66.3527 12.4774
      vertex -3 50.2414 5.8039
      vertex -3 50.25 6
    endloop
  endfacet
  facet normal -1 0 0
    outer loop
      vertex -3 66.5084 12.3579
      vertex -3 50.2158 5.60929
      vertex -3 50.2414 5.8039
    endloop
  endfacet
  facet normal -1 0 0
    outer loop
      vertex -3 66.5084 12.3579
      vertex -3 50.1733 5.41766
      vertex -3 50.2158 5.60929
    endloop
  endfacet
  facet normal -1 -0 0
    outer loop
      vertex -3 66.674 12.2525
      vertex -3 50.1733 5.41766
      vertex -3 66.5084 12.3579
    endloop
  endfacet
  facet normal -1 0 -0
    outer loop
      vertex -3 50.1733 5.41766
      vertex -3 66.674 12.2525
      vertex -3 50.1143 5.23046
    endloop
  endfacet
  facet normal -1 -0 0
    outer loop
      vertex -3 66.8481 12.1618
      vertex -3 50.1143 5.23046
      vertex -3 66.674 12.2525
    endloop
  endfacet
  facet normal -1 0 -0
    outer loop
      vertex -3 50.1143 5.23046
      vertex -3 66.8481 12.1618
      vertex -3 50.0392 5.04911
    endloop
  endfacet
  facet normal -1 0 0
    outer loop
      vertex -3 83 0
      vertex -3 49.7236 4.55373
      vertex -3 49.8431 4.70945
    endloop
  endfacet
  facet normal -1 0 0
    outer loop
      vertex -3 83 0
      vertex -3 49.591 4.40901
      vertex -3 49.7236 4.55373
    endloop
  endfacet
  facet normal -1 0 0
    outer loop
      vertex -3 83 0
      vertex -3 49.4463 4.2764
      vertex -3 49.591 4.40901
    endloop
  endfacet
  facet normal -1 0 0
    outer loop
      vertex -3 83 0
      vertex -3 49.2905 4.15691
      vertex -3 49.4463 4.2764
    endloop
  endfacet
  facet normal -1 0 0
    outer loop
      vertex -3 83 0
      vertex -3 49.125 4.05144
      vertex -3 49.2905 4.15691
    endloop
  endfacet
  facet normal -1 0 0
    outer loop
      vertex -3 83 0
      vertex -3 48.9509 3.96081
      vertex -3 49.125 4.05144
    endloop
  endfacet
  facet normal -1 0 0
    outer loop
      vertex -3 83 0
      vertex -3 48.7695 3.88569
      vertex -3 48.9509 3.96081
    endloop
  endfacet
  facet normal -1 0 0
    outer loop
      vertex -3 83 0
      vertex -3 48.5823 3.82667
      vertex -3 48.7695 3.88569
    endloop
  endfacet
  facet normal -1 0 0
    outer loop
      vertex -3 83 0
      vertex -3 48.3907 3.78418
      vertex -3 48.5823 3.82667
    endloop
  endfacet
  facet normal -1 0 0
    outer loop
      vertex -3 83 0
      vertex -3 48.1961 3.75856
      vertex -3 48.3907 3.78418
    endloop
  endfacet
  facet normal -1 0 0
    outer loop
      vertex -3 83 0
      vertex -3 48 3.75
      vertex -3 48.1961 3.75856
    endloop
  endfacet
  facet normal -1 0 0
    outer loop
      vertex -3 14.3775 0
      vertex -3 48 3.75
      vertex -3 83 0
    endloop
  endfacet
  facet normal -1 0 0
    outer loop
      vertex -3 38.9844 21.8024
      vertex -3 45.75 19
      vertex -3 45.75 6
    endloop
  endfacet
  facet normal -1 0 -0
    outer loop
      vertex -3 39.117 21.9471
      vertex -3 45.75 19
      vertex -3 38.9844 21.8024
    endloop
  endfacet
  facet normal -1 0 0
    outer loop
      vertex -3 29.792 12.61
      vertex -3 45.75 6
      vertex -3 45.7586 5.8039
    endloop
  endfacet
  facet normal -1 0 0
    outer loop
      vertex -3 45.7586 19.1961
      vertex -3 39.117 21.9471
      vertex -3 39.2365 22.1029
    endloop
  endfacet
  facet normal -1 0 0
    outer loop
      vertex -3 29.6473 12.4774
      vertex -3 45.7586 5.8039
      vertex -3 45.7842 5.60929
    endloop
  endfacet
  facet normal -1 0 0
    outer loop
      vertex -3 46.0514 20.125
      vertex -3 44.2378 23.6634
      vertex -3 45.153 23.3748
    endloop
  endfacet
  facet normal -1 0 0
    outer loop
      vertex -3 45.8267 19.5823
      vertex -3 39.342 22.2684
      vertex -3 44.2378 23.6634
    endloop
  endfacet
  facet normal -1 0 -0
    outer loop
      vertex -3 39.5077 22.6239
      vertex -3 43.3512 24.0306
      vertex -3 39.4326 22.4425
    endloop
  endfacet
  facet normal -1 0 0
    outer loop
      vertex -3 29.4916 12.3579
      vertex -3 45.7842 5.60929
      vertex -3 45.8267 5.41766
    endloop
  endfacet
  facet normal -1 0 -0
    outer loop
      vertex -3 39.6092 23.0027
      vertex -3 42.5 24.4737
      vertex -3 39.5667 22.8111
    endloop
  endfacet
  facet normal -1 0 0
    outer loop
      vertex -3 39.6348 23.5895
      vertex -3 41.6907 24.9893
      vertex -3 39.6434 23.3934
    endloop
  endfacet
  facet normal -1 0 0
    outer loop
      vertex -3 29.326 12.2525
      vertex -3 45.8267 5.41766
      vertex -3 45.8857 5.23046
    endloop
  endfacet
  facet normal -1 0 0
    outer loop
      vertex -3 39.6092 23.7841
      vertex -3 41.6907 24.9893
      vertex -3 39.6348 23.5895
    endloop
  endfacet
  facet normal -1 -0 0
    outer loop
      vertex -3 42.5 24.4737
      vertex -3 39.6434 23.3934
      vertex -3 41.6907 24.9893
    endloop
  endfacet
  facet normal -1 0 -0
    outer loop
      vertex -3 39.6434 23.3934
      vertex -3 42.5 24.4737
      vertex -3 39.6348 23.1973
    endloop
  endfacet
  facet normal -1 0 -0
    outer loop
      vertex -3 39.6348 23.1973
      vertex -3 42.5 24.4737
      vertex -3 39.6092 23.0027
    endloop
  endfacet
  facet normal -1 -0 0
    outer loop
      vertex -3 43.3512 24.0306
      vertex -3 39.5667 22.8111
      vertex -3 42.5 24.4737
    endloop
  endfacet
  facet normal -1 0 -0
    outer loop
      vertex -3 39.5667 22.8111
      vertex -3 43.3512 24.0306
      vertex -3 39.5077 22.6239
    endloop
  endfacet
  facet normal -1 0 -0
    outer loop
      vertex -3 39.4326 22.4425
      vertex -3 43.3512 24.0306
      vertex -3 39.342 22.2684
    endloop
  endfacet
  facet normal -1 -0 0
    outer loop
      vertex -3 44.2378 23.6634
      vertex -3 39.342 22.2684
      vertex -3 43.3512 24.0306
    endloop
  endfacet
  facet normal -1 0 0
    outer loop
      vertex -3 45.7842 19.3907
      vertex -3 39.2365 22.1029
      vertex -3 39.342 22.2684
    endloop
  endfacet
  facet normal -1 0 0
    outer loop
      vertex -3 29.1519 12.1618
      vertex -3 45.8857 5.23046
      vertex -3 45.9608 5.04911
    endloop
  endfacet
  facet normal -1 0 0
    outer loop
      vertex -3 45.75 6
      vertex -3 29.792 12.61
      vertex -3 38.9844 21.8024
    endloop
  endfacet
  facet normal -1 0 0
    outer loop
      vertex -3 28.9706 12.0867
      vertex -3 45.9608 5.04911
      vertex -3 46.0514 4.875
    endloop
  endfacet
  facet normal -1 0 0
    outer loop
      vertex -3 28.7834 12.0277
      vertex -3 46.0514 4.875
      vertex -3 46.1569 4.70945
    endloop
  endfacet
  facet normal -1 0 0
    outer loop
      vertex -3 14.3775 0
      vertex -3 46.1569 4.70945
      vertex -3 46.2764 4.55373
    endloop
  endfacet
  facet normal -1 0 0
    outer loop
      vertex -3 14.3775 0
      vertex -3 46.2764 4.55373
      vertex -3 46.409 4.40901
    endloop
  endfacet
  facet normal -1 0 0
    outer loop
      vertex -3 14.3775 0
      vertex -3 46.409 4.40901
      vertex -3 46.5537 4.2764
    endloop
  endfacet
  facet normal -1 0 0
    outer loop
      vertex -3 14.3775 0
      vertex -3 46.5537 4.2764
      vertex -3 46.7095 4.15691
    endloop
  endfacet
  facet normal -1 0 0
    outer loop
      vertex -3 14.3775 0
      vertex -3 46.7095 4.15691
      vertex -3 46.875 4.05144
    endloop
  endfacet
  facet normal -1 0 0
    outer loop
      vertex -3 14.3775 0
      vertex -3 46.875 4.05144
      vertex -3 47.0491 3.96081
    endloop
  endfacet
  facet normal -1 0 0
    outer loop
      vertex -3 45.7586 5.8039
      vertex -3 29.6473 12.4774
      vertex -3 29.792 12.61
    endloop
  endfacet
  facet normal -1 0 0
    outer loop
      vertex -3 45.7842 5.60929
      vertex -3 29.4916 12.3579
      vertex -3 29.6473 12.4774
    endloop
  endfacet
  facet normal -1 0 0
    outer loop
      vertex -3 45.8267 5.41766
      vertex -3 29.326 12.2525
      vertex -3 29.4916 12.3579
    endloop
  endfacet
  facet normal -1 0 0
    outer loop
      vertex -3 45.8857 5.23046
      vertex -3 29.1519 12.1618
      vertex -3 29.326 12.2525
    endloop
  endfacet
  facet normal -1 0 0
    outer loop
      vertex -3 45.9608 5.04911
      vertex -3 28.9706 12.0867
      vertex -3 29.1519 12.1618
    endloop
  endfacet
  facet normal -1 0 0
    outer loop
      vertex -3 46.0514 4.875
      vertex -3 28.7834 12.0277
      vertex -3 28.9706 12.0867
    endloop
  endfacet
  facet normal -1 0 0
    outer loop
      vertex -3 46.1569 4.70945
      vertex -3 28.5917 11.9852
      vertex -3 28.7834 12.0277
    endloop
  endfacet
  facet normal -1 -0 0
    outer loop
      vertex -3 46.1569 4.70945
      vertex -3 14.3775 0
      vertex -3 28.5917 11.9852
    endloop
  endfacet
  facet normal -1 0 0
    outer loop
      vertex -3 28.5917 11.9852
      vertex -3 14.3775 0
      vertex -3 28.3971 11.9596
    endloop
  endfacet
  facet normal -1 0 0
    outer loop
      vertex -3 28.3971 11.9596
      vertex -3 14.3775 0
      vertex -3 28.201 11.951
    endloop
  endfacet
  facet normal -1 -0 0
    outer loop
      vertex -3 28.201 11.951
      vertex -3 14.3775 0
      vertex -3 28.0049 11.9596
    endloop
  endfacet
  facet normal -1 -0 0
    outer loop
      vertex -3 28.0049 11.9596
      vertex -3 14.3775 0
      vertex -3 27.8103 11.9852
    endloop
  endfacet
  facet normal -1 -0 0
    outer loop
      vertex -3 27.8103 11.9852
      vertex -3 14.3775 0
      vertex -3 27.6187 12.0277
    endloop
  endfacet
  facet normal -1 0 0
    outer loop
      vertex -3 14.3775 0
      vertex -3 47.0491 3.96081
      vertex -3 47.2305 3.88569
    endloop
  endfacet
  facet normal -1 -0 0
    outer loop
      vertex -3 27.6187 12.0277
      vertex -3 14.3775 0
      vertex -3 27.4315 12.0867
    endloop
  endfacet
  facet normal -1 0 0
    outer loop
      vertex -3 17.2305 25.8857
      vertex -3 25.951 14.201
      vertex -3 25.9596 14.0049
    endloop
  endfacet
  facet normal -1 0 0
    outer loop
      vertex -3 14.3775 0
      vertex -3 25.9596 14.0049
      vertex -3 25.9852 13.8103
    endloop
  endfacet
  facet normal -1 0 0
    outer loop
      vertex -3 14.3775 0
      vertex -3 25.9852 13.8103
      vertex -3 26.0277 13.6187
    endloop
  endfacet
  facet normal -1 0 0
    outer loop
      vertex -3 14.3775 0
      vertex -3 26.0277 13.6187
      vertex -3 26.0867 13.4315
    endloop
  endfacet
  facet normal -1 0 0
    outer loop
      vertex -3 33 31.75
      vertex -3 20.2414 27.8039
      vertex -3 20.25 28
    endloop
  endfacet
  facet normal -1 0 0
    outer loop
      vertex -3 25.9596 14.3971
      vertex -3 20.2158 27.6093
      vertex -3 20.2414 27.8039
    endloop
  endfacet
  facet normal -1 0 0
    outer loop
      vertex -3 25.9596 14.3971
      vertex -3 20.1733 27.4177
      vertex -3 20.2158 27.6093
    endloop
  endfacet
  facet normal -1 0 0
    outer loop
      vertex -3 14.3775 0
      vertex -3 26.0867 13.4315
      vertex -3 26.1618 13.2501
    endloop
  endfacet
  facet normal -1 0 0
    outer loop
      vertex -3 25.9596 14.3971
      vertex -3 20.1143 27.2305
      vertex -3 20.1733 27.4177
    endloop
  endfacet
  facet normal -1 0 0
    outer loop
      vertex -3 25.9596 14.3971
      vertex -3 20.0392 27.0491
      vertex -3 20.1143 27.2305
    endloop
  endfacet
  facet normal -1 0 0
    outer loop
      vertex -3 25.9596 14.3971
      vertex -3 19.9486 26.875
      vertex -3 20.0392 27.0491
    endloop
  endfacet
  facet normal -1 0 0
    outer loop
      vertex -3 25.9596 14.3971
      vertex -3 19.8431 26.7095
      vertex -3 19.9486 26.875
    endloop
  endfacet
  facet normal -1 0 0
    outer loop
      vertex -3 25.9596 14.3971
      vertex -3 19.7236 26.5537
      vertex -3 19.8431 26.7095
    endloop
  endfacet
  facet normal -1 0 0
    outer loop
      vertex -3 25.9596 14.3971
      vertex -3 19.591 26.409
      vertex -3 19.7236 26.5537
    endloop
  endfacet
  facet normal -1 0 0
    outer loop
      vertex -3 25.9596 14.3971
      vertex -3 19.4463 26.2764
      vertex -3 19.591 26.409
    endloop
  endfacet
  facet normal -1 0 0
    outer loop
      vertex -3 25.9596 14.3971
      vertex -3 19.2905 26.1569
      vertex -3 19.4463 26.2764
    endloop
  endfacet
  facet normal -1 0 0
    outer loop
      vertex -3 14.3775 0
      vertex -3 26.1618 13.2501
      vertex -3 26.2525 13.076
    endloop
  endfacet
  facet normal -1 0 0
    outer loop
      vertex -3 25.9596 14.3971
      vertex -3 19.125 26.0514
      vertex -3 19.2905 26.1569
    endloop
  endfacet
  facet normal -1 0 0
    outer loop
      vertex -3 25.9596 14.3971
      vertex -3 18.9509 25.9608
      vertex -3 19.125 26.0514
    endloop
  endfacet
  facet normal -1 0 0
    outer loop
      vertex -3 25.9596 14.3971
      vertex -3 18.7695 25.8857
      vertex -3 18.9509 25.9608
    endloop
  endfacet
  facet normal -1 0 0
    outer loop
      vertex -3 25.9596 14.3971
      vertex -3 18.5823 25.8267
      vertex -3 18.7695 25.8857
    endloop
  endfacet
  facet normal -1 0 0
    outer loop
      vertex -3 25.9596 14.3971
      vertex -3 18.3907 25.7842
      vertex -3 18.5823 25.8267
    endloop
  endfacet
  facet normal -1 0 0
    outer loop
      vertex -3 25.9596 14.3971
      vertex -3 18.1961 25.7586
      vertex -3 18.3907 25.7842
    endloop
  endfacet
  facet normal -1 0 0
    outer loop
      vertex -3 25.9596 14.3971
      vertex -3 18 25.75
      vertex -3 18.1961 25.7586
    endloop
  endfacet
  facet normal -1 0 0
    outer loop
      vertex -3 14.3775 0
      vertex -3 26.2525 13.076
      vertex -3 26.3579 12.9105
    endloop
  endfacet
  facet normal -1 0 0
    outer loop
      vertex -3 25.9596 14.3971
      vertex -3 17.8039 25.7586
      vertex -3 18 25.75
    endloop
  endfacet
  facet normal -1 0 0
    outer loop
      vertex -3 25.9596 14.3971
      vertex -3 17.6093 25.7842
      vertex -3 17.8039 25.7586
    endloop
  endfacet
  facet normal -1 0 0
    outer loop
      vertex -3 25.9596 14.3971
      vertex -3 17.4177 25.8267
      vertex -3 17.6093 25.7842
    endloop
  endfacet
  facet normal -1 0 0
    outer loop
      vertex -3 25.951 14.201
      vertex -3 17.2305 25.8857
      vertex -3 17.4177 25.8267
    endloop
  endfacet
  facet normal -1 -0 0
    outer loop
      vertex -3 25.9596 14.0049
      vertex -3 14.3775 0
      vertex -3 17.2305 25.8857
    endloop
  endfacet
  facet normal -1 -0 0
    outer loop
      vertex -3 17.2305 25.8857
      vertex -3 14.3775 0
      vertex -3 17.0491 25.9608
    endloop
  endfacet
  facet normal -1 -0 0
    outer loop
      vertex -3 17.0491 25.9608
      vertex -3 14.3775 0
      vertex -3 16.875 26.0514
    endloop
  endfacet
  facet normal -1 -0 0
    outer loop
      vertex -3 16.875 26.0514
      vertex -3 14.3775 0
      vertex -3 16.7095 26.1569
    endloop
  endfacet
  facet normal -1 -0 0
    outer loop
      vertex -3 16.7095 26.1569
      vertex -3 14.3775 0
      vertex -3 16.5537 26.2764
    endloop
  endfacet
  facet normal -1 -0 0
    outer loop
      vertex -3 16.5537 26.2764
      vertex -3 14.3775 0
      vertex -3 16.409 26.409
    endloop
  endfacet
  facet normal -1 -0 0
    outer loop
      vertex -3 16.409 26.409
      vertex -3 14.3775 0
      vertex -3 16.2764 26.5537
    endloop
  endfacet
  facet normal -1 0 0
    outer loop
      vertex -3 15.7586 27.8039
      vertex -3 14.3775 40
      vertex -3 15.75 28
    endloop
  endfacet
  facet normal -1 0 0
    outer loop
      vertex -3 14.3775 40
      vertex -3 15.7586 27.8039
      vertex -3 14.3775 0
    endloop
  endfacet
  facet normal -1 -0 0
    outer loop
      vertex -3 15.7842 27.6093
      vertex -3 14.3775 0
      vertex -3 15.7586 27.8039
    endloop
  endfacet
  facet normal -1 -0 0
    outer loop
      vertex -3 15.8267 27.4177
      vertex -3 14.3775 0
      vertex -3 15.7842 27.6093
    endloop
  endfacet
  facet normal -1 -0 0
    outer loop
      vertex -3 15.8857 27.2305
      vertex -3 14.3775 0
      vertex -3 15.8267 27.4177
    endloop
  endfacet
  facet normal -1 -0 0
    outer loop
      vertex -3 15.9608 27.0491
      vertex -3 14.3775 0
      vertex -3 15.8857 27.2305
    endloop
  endfacet
  facet normal -1 -0 0
    outer loop
      vertex -3 16.0514 26.875
      vertex -3 14.3775 0
      vertex -3 15.9608 27.0491
    endloop
  endfacet
  facet normal -1 -0 0
    outer loop
      vertex -3 16.1569 26.7095
      vertex -3 14.3775 0
      vertex -3 16.0514 26.875
    endloop
  endfacet
  facet normal -1 -0 0
    outer loop
      vertex -3 16.2764 26.5537
      vertex -3 14.3775 0
      vertex -3 16.1569 26.7095
    endloop
  endfacet
  facet normal -1 -0 0
    outer loop
      vertex -3 26.4774 12.7547
      vertex -3 14.3775 0
      vertex -3 26.3579 12.9105
    endloop
  endfacet
  facet normal -1 -0 0
    outer loop
      vertex -3 26.61 12.61
      vertex -3 14.3775 0
      vertex -3 26.4774 12.7547
    endloop
  endfacet
  facet normal -1 -0 0
    outer loop
      vertex -3 26.7547 12.4774
      vertex -3 14.3775 0
      vertex -3 26.61 12.61
    endloop
  endfacet
  facet normal -1 -0 0
    outer loop
      vertex -3 26.9105 12.3579
      vertex -3 14.3775 0
      vertex -3 26.7547 12.4774
    endloop
  endfacet
  facet normal -1 -0 0
    outer loop
      vertex -3 27.076 12.2525
      vertex -3 14.3775 0
      vertex -3 26.9105 12.3579
    endloop
  endfacet
  facet normal -1 -0 0
    outer loop
      vertex -3 27.2501 12.1618
      vertex -3 14.3775 0
      vertex -3 27.076 12.2525
    endloop
  endfacet
  facet normal -1 -0 0
    outer loop
      vertex -3 27.4315 12.0867
      vertex -3 14.3775 0
      vertex -3 27.2501 12.1618
    endloop
  endfacet
  facet normal -1 -0 0
    outer loop
      vertex -3 47.4177 3.82667
      vertex -3 14.3775 0
      vertex -3 47.2305 3.88569
    endloop
  endfacet
  facet normal -1 -0 0
    outer loop
      vertex -3 47.6093 3.78418
      vertex -3 14.3775 0
      vertex -3 47.4177 3.82667
    endloop
  endfacet
  facet normal -1 -0 0
    outer loop
      vertex -3 47.8039 3.75856
      vertex -3 14.3775 0
      vertex -3 47.6093 3.78418
    endloop
  endfacet
  facet normal -1 -0 0
    outer loop
      vertex -3 48 3.75
      vertex -3 14.3775 0
      vertex -3 47.8039 3.75856
    endloop
  endfacet
  facet normal -1 0 0
    outer loop
      vertex -3 80.25 40
      vertex -3 83 69
      vertex -3 80.25 28
    endloop
  endfacet
  facet normal -1 0 0
    outer loop
      vertex -3 80.2414 40.1961
      vertex -3 83 69
      vertex -3 80.25 40
    endloop
  endfacet
  facet normal -1 0 0
    outer loop
      vertex -3 80.2158 40.3907
      vertex -3 83 69
      vertex -3 80.2414 40.1961
    endloop
  endfacet
  facet normal -1 0 0
    outer loop
      vertex -3 80.1733 40.5823
      vertex -3 83 69
      vertex -3 80.2158 40.3907
    endloop
  endfacet
  facet normal -1 0 0
    outer loop
      vertex -3 80.1143 40.7695
      vertex -3 83 69
      vertex -3 80.1733 40.5823
    endloop
  endfacet
  facet normal -1 0 0
    outer loop
      vertex -3 80.0392 40.9509
      vertex -3 83 69
      vertex -3 80.1143 40.7695
    endloop
  endfacet
  facet normal -1 0 0
    outer loop
      vertex -3 79.9486 41.125
      vertex -3 83 69
      vertex -3 80.0392 40.9509
    endloop
  endfacet
  facet normal -1 0 0
    outer loop
      vertex -3 79.8431 41.2905
      vertex -3 83 69
      vertex -3 79.9486 41.125
    endloop
  endfacet
  facet normal -1 0 0
    outer loop
      vertex -3 79.7236 41.4463
      vertex -3 83 69
      vertex -3 79.8431 41.2905
    endloop
  endfacet
  facet normal -1 0 0
    outer loop
      vertex -3 79.591 41.591
      vertex -3 83 69
      vertex -3 79.7236 41.4463
    endloop
  endfacet
  facet normal -1 0 0
    outer loop
      vertex -3 79.4463 41.7236
      vertex -3 83 69
      vertex -3 79.591 41.591
    endloop
  endfacet
  facet normal -1 0 0
    outer loop
      vertex -3 79.2905 41.8431
      vertex -3 83 69
      vertex -3 79.4463 41.7236
    endloop
  endfacet
  facet normal -1 0 0
    outer loop
      vertex -3 79.125 41.9486
      vertex -3 83 69
      vertex -3 79.2905 41.8431
    endloop
  endfacet
  facet normal -1 0 0
    outer loop
      vertex -3 78.9509 42.0392
      vertex -3 83 69
      vertex -3 79.125 41.9486
    endloop
  endfacet
  facet normal -1 0 0
    outer loop
      vertex -3 78.7695 42.1143
      vertex -3 83 69
      vertex -3 78.9509 42.0392
    endloop
  endfacet
  facet normal -1 0 0
    outer loop
      vertex -3 70.049 53.799
      vertex -3 78.7695 42.1143
      vertex -3 78.5823 42.1733
    endloop
  endfacet
  facet normal -1 0 0
    outer loop
      vertex -3 70.049 53.799
      vertex -3 78.5823 42.1733
      vertex -3 78.3907 42.2158
    endloop
  endfacet
  facet normal -1 0 0
    outer loop
      vertex -3 70.049 53.799
      vertex -3 78.3907 42.2158
      vertex -3 78.1961 42.2414
    endloop
  endfacet
  facet normal -1 0 0
    outer loop
      vertex -3 70.049 53.799
      vertex -3 78.1961 42.2414
      vertex -3 78 42.25
    endloop
  endfacet
  facet normal -1 0 0
    outer loop
      vertex -3 70.049 53.799
      vertex -3 78 42.25
      vertex -3 77.8039 42.2414
    endloop
  endfacet
  facet normal -1 0 0
    outer loop
      vertex -3 70.049 53.799
      vertex -3 77.8039 42.2414
      vertex -3 77.6093 42.2158
    endloop
  endfacet
  facet normal -1 0 0
    outer loop
      vertex -3 70.049 53.799
      vertex -3 77.6093 42.2158
      vertex -3 77.4177 42.1733
    endloop
  endfacet
  facet normal -1 0 0
    outer loop
      vertex -3 70.049 53.799
      vertex -3 77.4177 42.1733
      vertex -3 77.2305 42.1143
    endloop
  endfacet
  facet normal -1 0 0
    outer loop
      vertex -3 70.049 53.799
      vertex -3 77.2305 42.1143
      vertex -3 77.0491 42.0392
    endloop
  endfacet
  facet normal -1 0 0
    outer loop
      vertex -3 70.049 53.799
      vertex -3 77.0491 42.0392
      vertex -3 76.875 41.9486
    endloop
  endfacet
  facet normal -1 0 0
    outer loop
      vertex -3 70.049 53.799
      vertex -3 76.875 41.9486
      vertex -3 76.7095 41.8431
    endloop
  endfacet
  facet normal -1 0 0
    outer loop
      vertex -3 70.049 53.799
      vertex -3 76.7095 41.8431
      vertex -3 76.5537 41.7236
    endloop
  endfacet
  facet normal -1 0 0
    outer loop
      vertex -3 70.049 53.799
      vertex -3 76.5537 41.7236
      vertex -3 76.409 41.591
    endloop
  endfacet
  facet normal -1 0 0
    outer loop
      vertex -3 70.049 53.799
      vertex -3 76.409 41.591
      vertex -3 76.2764 41.4463
    endloop
  endfacet
  facet normal -1 0 0
    outer loop
      vertex -3 70.049 53.799
      vertex -3 76.2764 41.4463
      vertex -3 76.1569 41.2905
    endloop
  endfacet
  facet normal -1 0 0
    outer loop
      vertex -3 70.049 53.799
      vertex -3 76.1569 41.2905
      vertex -3 76.0514 41.125
    endloop
  endfacet
  facet normal -1 0 0
    outer loop
      vertex -3 70.049 53.799
      vertex -3 76.0514 41.125
      vertex -3 75.9608 40.9509
    endloop
  endfacet
  facet normal -1 0 0
    outer loop
      vertex -3 70.049 53.799
      vertex -3 75.9608 40.9509
      vertex -3 75.8857 40.7695
    endloop
  endfacet
  facet normal -1 0 0
    outer loop
      vertex -3 70.049 53.799
      vertex -3 75.8857 40.7695
      vertex -3 75.8267 40.5823
    endloop
  endfacet
  facet normal -1 0 0
    outer loop
      vertex -3 70.049 53.799
      vertex -3 75.7586 40.1961
      vertex -3 75.75 40
    endloop
  endfacet
  facet normal -1 0 0
    outer loop
      vertex -3 70.049 53.799
      vertex -3 75.7842 40.3907
      vertex -3 75.7586 40.1961
    endloop
  endfacet
  facet normal -1 0 0
    outer loop
      vertex -3 70.049 53.799
      vertex -3 75.8267 40.5823
      vertex -3 75.7842 40.3907
    endloop
  endfacet
  facet normal -1 0 0
    outer loop
      vertex -3 78.7695 42.1143
      vertex -3 70.049 53.799
      vertex -3 70.0404 53.9951
    endloop
  endfacet
  facet normal -1 0 0
    outer loop
      vertex -3 78.7695 42.1143
      vertex -3 70.0404 53.9951
      vertex -3 83 69
    endloop
  endfacet
  facet normal -1 0 0
    outer loop
      vertex -3 70.0148 54.1897
      vertex -3 83 69
      vertex -3 70.0404 53.9951
    endloop
  endfacet
  facet normal -1 0 0
    outer loop
      vertex -3 69.9723 54.3813
      vertex -3 83 69
      vertex -3 70.0148 54.1897
    endloop
  endfacet
  facet normal -1 0 0
    outer loop
      vertex -3 69.9133 54.5685
      vertex -3 83 69
      vertex -3 69.9723 54.3813
    endloop
  endfacet
  facet normal -1 0 0
    outer loop
      vertex -3 69.8382 54.7499
      vertex -3 83 69
      vertex -3 69.9133 54.5685
    endloop
  endfacet
  facet normal -1 0 0
    outer loop
      vertex -3 69.7475 54.924
      vertex -3 83 69
      vertex -3 69.8382 54.7499
    endloop
  endfacet
  facet normal -1 0 0
    outer loop
      vertex -3 69.6421 55.0895
      vertex -3 83 69
      vertex -3 69.7475 54.924
    endloop
  endfacet
  facet normal -1 0 0
    outer loop
      vertex -3 69.5226 55.2453
      vertex -3 83 69
      vertex -3 69.6421 55.0895
    endloop
  endfacet
  facet normal -1 0 0
    outer loop
      vertex -3 69.39 55.39
      vertex -3 83 69
      vertex -3 69.5226 55.2453
    endloop
  endfacet
  facet normal -1 0 0
    outer loop
      vertex -3 69.2453 55.5226
      vertex -3 83 69
      vertex -3 69.39 55.39
    endloop
  endfacet
  facet normal -1 0 0
    outer loop
      vertex -3 69.0895 55.6421
      vertex -3 83 69
      vertex -3 69.2453 55.5226
    endloop
  endfacet
  facet normal -1 0 0
    outer loop
      vertex -3 68.924 55.7475
      vertex -3 83 69
      vertex -3 69.0895 55.6421
    endloop
  endfacet
  facet normal -1 0 0
    outer loop
      vertex -3 68.7499 55.8382
      vertex -3 83 69
      vertex -3 68.924 55.7475
    endloop
  endfacet
  facet normal -1 0 0
    outer loop
      vertex -3 68.5685 55.9133
      vertex -3 83 69
      vertex -3 68.7499 55.8382
    endloop
  endfacet
  facet normal -1 0 0
    outer loop
      vertex -3 68.3813 55.9723
      vertex -3 83 69
      vertex -3 68.5685 55.9133
    endloop
  endfacet
  facet normal -1 0 0
    outer loop
      vertex -3 68.1897 56.0148
      vertex -3 83 69
      vertex -3 68.3813 55.9723
    endloop
  endfacet
  facet normal -1 0 0
    outer loop
      vertex -3 67.9951 56.0404
      vertex -3 83 69
      vertex -3 68.1897 56.0148
    endloop
  endfacet
  facet normal -1 0 0
    outer loop
      vertex -3 67.799 56.049
      vertex -3 83 69
      vertex -3 67.9951 56.0404
    endloop
  endfacet
  facet normal -1 0 0
    outer loop
      vertex -3 67.6029 56.0404
      vertex -3 83 69
      vertex -3 67.799 56.049
    endloop
  endfacet
  facet normal -1 0 0
    outer loop
      vertex -3 67.4083 56.0148
      vertex -3 83 69
      vertex -3 67.6029 56.0404
    endloop
  endfacet
  facet normal -1 0 0
    outer loop
      vertex -3 49.8431 63.2905
      vertex -3 67.4083 56.0148
      vertex -3 67.2166 55.9723
    endloop
  endfacet
  facet normal -1 0 0
    outer loop
      vertex -3 49.9486 63.125
      vertex -3 67.2166 55.9723
      vertex -3 67.0294 55.9133
    endloop
  endfacet
  facet normal -1 0 0
    outer loop
      vertex -3 50.0392 62.9509
      vertex -3 67.0294 55.9133
      vertex -3 66.8481 55.8382
    endloop
  endfacet
  facet normal -1 0 0
    outer loop
      vertex -3 50.1143 62.7695
      vertex -3 66.8481 55.8382
      vertex -3 66.674 55.7475
    endloop
  endfacet
  facet normal -1 0 0
    outer loop
      vertex -3 50.1733 62.5823
      vertex -3 66.674 55.7475
      vertex -3 66.5084 55.6421
    endloop
  endfacet
  facet normal -1 0 0
    outer loop
      vertex -3 50.2158 62.3907
      vertex -3 66.5084 55.6421
      vertex -3 66.3527 55.5226
    endloop
  endfacet
  facet normal -1 -0 0
    outer loop
      vertex -3 56.3908 44.2159
      vertex -3 54.3093 43.0107
      vertex -3 56.3652 44.4105
    endloop
  endfacet
  facet normal -1 -0 0
    outer loop
      vertex -3 56.3652 44.4105
      vertex -3 54.3093 43.0107
      vertex -3 56.3566 44.6066
    endloop
  endfacet
  facet normal -1 0 0
    outer loop
      vertex -3 53.5 43.5263
      vertex -3 56.3566 44.6066
      vertex -3 54.3093 43.0107
    endloop
  endfacet
  facet normal -1 -0 0
    outer loop
      vertex -3 56.3566 44.6066
      vertex -3 53.5 43.5263
      vertex -3 56.3652 44.8027
    endloop
  endfacet
  facet normal -1 -0 0
    outer loop
      vertex -3 56.3652 44.8027
      vertex -3 53.5 43.5263
      vertex -3 56.3908 44.9973
    endloop
  endfacet
  facet normal -1 -0 0
    outer loop
      vertex -3 56.3908 44.9973
      vertex -3 53.5 43.5263
      vertex -3 56.4333 45.1889
    endloop
  endfacet
  facet normal -1 0 0
    outer loop
      vertex -3 52.6488 43.9694
      vertex -3 56.4333 45.1889
      vertex -3 53.5 43.5263
    endloop
  endfacet
  facet normal -1 -0 0
    outer loop
      vertex -3 56.4333 45.1889
      vertex -3 52.6488 43.9694
      vertex -3 56.4923 45.3761
    endloop
  endfacet
  facet normal -1 -0 0
    outer loop
      vertex -3 56.4923 45.3761
      vertex -3 52.6488 43.9694
      vertex -3 56.5674 45.5575
    endloop
  endfacet
  facet normal -1 -0 0
    outer loop
      vertex -3 56.5674 45.5575
      vertex -3 52.6488 43.9694
      vertex -3 56.658 45.7316
    endloop
  endfacet
  facet normal -1 0 0
    outer loop
      vertex -3 51.7622 44.3366
      vertex -3 56.658 45.7316
      vertex -3 52.6488 43.9694
    endloop
  endfacet
  facet normal -1 0 0
    outer loop
      vertex -3 50.2414 48.8039
      vertex -3 56.658 45.7316
      vertex -3 51.7622 44.3366
    endloop
  endfacet
  facet normal -1 0 0
    outer loop
      vertex -3 50.2414 48.8039
      vertex -3 56.7635 45.8971
      vertex -3 56.658 45.7316
    endloop
  endfacet
  facet normal -1 0 0
    outer loop
      vertex -3 56.883 46.0529
      vertex -3 50.25 49
      vertex -3 57.0156 46.1976
    endloop
  endfacet
  facet normal -1 0 0
    outer loop
      vertex -3 57.0156 46.1976
      vertex -3 50.25 49
      vertex -3 66.208 55.39
    endloop
  endfacet
  facet normal -1 0 0
    outer loop
      vertex -3 50.2414 48.8039
      vertex -3 56.883 46.0529
      vertex -3 56.7635 45.8971
    endloop
  endfacet
  facet normal -1 0 0
    outer loop
      vertex -3 50.25 62
      vertex -3 66.208 55.39
      vertex -3 50.25 49
    endloop
  endfacet
  facet normal -1 0 0
    outer loop
      vertex -3 49.9486 47.875
      vertex -3 51.7622 44.3366
      vertex -3 50.847 44.6252
    endloop
  endfacet
  facet normal -1 0 0
    outer loop
      vertex -3 66.208 55.39
      vertex -3 50.25 62
      vertex -3 66.3527 55.5226
    endloop
  endfacet
  facet normal -1 0 0
    outer loop
      vertex -3 50.2414 62.1961
      vertex -3 66.3527 55.5226
      vertex -3 50.25 62
    endloop
  endfacet
  facet normal -1 0 0
    outer loop
      vertex -3 50.2158 62.3907
      vertex -3 66.3527 55.5226
      vertex -3 50.2414 62.1961
    endloop
  endfacet
  facet normal -1 0 0
    outer loop
      vertex -3 66.5084 55.6421
      vertex -3 50.2158 62.3907
      vertex -3 50.1733 62.5823
    endloop
  endfacet
  facet normal -1 0 0
    outer loop
      vertex -3 66.674 55.7475
      vertex -3 50.1733 62.5823
      vertex -3 50.1143 62.7695
    endloop
  endfacet
  facet normal -1 0 0
    outer loop
      vertex -3 66.8481 55.8382
      vertex -3 50.1143 62.7695
      vertex -3 50.0392 62.9509
    endloop
  endfacet
  facet normal -1 0 0
    outer loop
      vertex -3 67.0294 55.9133
      vertex -3 50.0392 62.9509
      vertex -3 49.9486 63.125
    endloop
  endfacet
  facet normal -1 0 0
    outer loop
      vertex -3 67.2166 55.9723
      vertex -3 49.9486 63.125
      vertex -3 49.8431 63.2905
    endloop
  endfacet
  facet normal -1 0 0
    outer loop
      vertex -3 67.4083 56.0148
      vertex -3 49.8431 63.2905
      vertex -3 83 69
    endloop
  endfacet
  facet normal -1 0 0
    outer loop
      vertex -3 49.7236 63.4463
      vertex -3 83 69
      vertex -3 49.8431 63.2905
    endloop
  endfacet
  facet normal -1 0 0
    outer loop
      vertex -3 49.591 63.591
      vertex -3 83 69
      vertex -3 49.7236 63.4463
    endloop
  endfacet
  facet normal -1 0 0
    outer loop
      vertex -3 49.4463 63.7236
      vertex -3 83 69
      vertex -3 49.591 63.591
    endloop
  endfacet
  facet normal -1 0 0
    outer loop
      vertex -3 49.2905 63.8431
      vertex -3 83 69
      vertex -3 49.4463 63.7236
    endloop
  endfacet
  facet normal -1 0 0
    outer loop
      vertex -3 49.125 63.9486
      vertex -3 83 69
      vertex -3 49.2905 63.8431
    endloop
  endfacet
  facet normal -1 0 0
    outer loop
      vertex -3 48.9509 64.0392
      vertex -3 83 69
      vertex -3 49.125 63.9486
    endloop
  endfacet
  facet normal -1 0 0
    outer loop
      vertex -3 48.7695 64.1143
      vertex -3 83 69
      vertex -3 48.9509 64.0392
    endloop
  endfacet
  facet normal -1 0 0
    outer loop
      vertex -3 48.5823 64.1733
      vertex -3 83 69
      vertex -3 48.7695 64.1143
    endloop
  endfacet
  facet normal -1 0 0
    outer loop
      vertex -3 48.3907 64.2158
      vertex -3 83 69
      vertex -3 48.5823 64.1733
    endloop
  endfacet
  facet normal -1 0 0
    outer loop
      vertex -3 48.1961 64.2414
      vertex -3 83 69
      vertex -3 48.3907 64.2158
    endloop
  endfacet
  facet normal -1 0 0
    outer loop
      vertex -3 48 64.25
      vertex -3 83 69
      vertex -3 48.1961 64.2414
    endloop
  endfacet
  facet normal -1 0 0
    outer loop
      vertex -3 11.1007 69
      vertex -3 48 64.25
      vertex -3 47.8039 64.2414
    endloop
  endfacet
  facet normal -1 0 0
    outer loop
      vertex -3 11.1007 69
      vertex -3 47.8039 64.2414
      vertex -3 47.6093 64.2158
    endloop
  endfacet
  facet normal -1 -0 0
    outer loop
      vertex -3 45.7842 48.6093
      vertex -3 39.2365 45.8971
      vertex -3 45.7586 48.8039
    endloop
  endfacet
  facet normal -1 -0 0
    outer loop
      vertex -3 45.75 49
      vertex -3 38.9844 46.1976
      vertex -3 45.75 62
    endloop
  endfacet
  facet normal -1 0 0
    outer loop
      vertex -3 39.342 45.7316
      vertex -3 44.2378 44.3366
      vertex -3 43.3512 43.9694
    endloop
  endfacet
  facet normal -1 0 0
    outer loop
      vertex -3 29.792 55.39
      vertex -3 45.75 62
      vertex -3 38.9844 46.1976
    endloop
  endfacet
  facet normal -1 0 0
    outer loop
      vertex -3 39.5667 45.1889
      vertex -3 43.3512 43.9694
      vertex -3 42.5 43.5263
    endloop
  endfacet
  facet normal -1 0 0
    outer loop
      vertex -3 39.6434 44.6066
      vertex -3 42.5 43.5263
      vertex -3 41.6907 43.0107
    endloop
  endfacet
  facet normal -1 0 0
    outer loop
      vertex -3 39.6348 44.4105
      vertex -3 41.6907 43.0107
      vertex -3 40.9293 42.4265
    endloop
  endfacet
  facet normal -1 0 0
    outer loop
      vertex -3 43.3512 43.9694
      vertex -3 39.5077 45.3761
      vertex -3 39.4326 45.5575
    endloop
  endfacet
  facet normal -1 0 0
    outer loop
      vertex -3 39.2365 43.3161
      vertex -3 40.9293 42.4265
      vertex -3 40.2218 41.7782
    endloop
  endfacet
  facet normal -1 0 0
    outer loop
      vertex -3 42.5 43.5263
      vertex -3 39.6434 44.6066
      vertex -3 39.6348 44.8027
    endloop
  endfacet
  facet normal -1 0 0
    outer loop
      vertex -3 42.5 43.5263
      vertex -3 39.6348 44.8027
      vertex -3 39.6092 44.9973
    endloop
  endfacet
  facet normal -1 0 0
    outer loop
      vertex -3 42.5 43.5263
      vertex -3 39.6092 44.9973
      vertex -3 39.5667 45.1889
    endloop
  endfacet
  facet normal -1 0 0
    outer loop
      vertex -3 43.3512 43.9694
      vertex -3 39.5667 45.1889
      vertex -3 39.5077 45.3761
    endloop
  endfacet
  facet normal -1 0 0
    outer loop
      vertex -3 43.3512 43.9694
      vertex -3 39.4326 45.5575
      vertex -3 39.342 45.7316
    endloop
  endfacet
  facet normal -1 0 0
    outer loop
      vertex -3 39.117 46.0529
      vertex -3 45.7586 48.8039
      vertex -3 39.2365 45.8971
    endloop
  endfacet
  facet normal -1 -0 0
    outer loop
      vertex -3 45.7586 48.8039
      vertex -3 39.117 46.0529
      vertex -3 45.75 49
    endloop
  endfacet
  facet normal -1 0 0
    outer loop
      vertex -3 45.75 49
      vertex -3 39.117 46.0529
      vertex -3 38.9844 46.1976
    endloop
  endfacet
  facet normal -1 -0 0
    outer loop
      vertex -3 45.75 62
      vertex -3 29.792 55.39
      vertex -3 45.7586 62.1961
    endloop
  endfacet
  facet normal -1 0 0
    outer loop
      vertex -3 29.6473 55.5226
      vertex -3 45.7586 62.1961
      vertex -3 29.792 55.39
    endloop
  endfacet
  facet normal -1 -0 0
    outer loop
      vertex -3 45.7586 62.1961
      vertex -3 29.6473 55.5226
      vertex -3 45.7842 62.3907
    endloop
  endfacet
  facet normal -1 0 0
    outer loop
      vertex -3 29.4916 55.6421
      vertex -3 45.7842 62.3907
      vertex -3 29.6473 55.5226
    endloop
  endfacet
  facet normal -1 -0 0
    outer loop
      vertex -3 45.7842 62.3907
      vertex -3 29.4916 55.6421
      vertex -3 45.8267 62.5823
    endloop
  endfacet
  facet normal -1 0 0
    outer loop
      vertex -3 29.326 55.7475
      vertex -3 45.8267 62.5823
      vertex -3 29.4916 55.6421
    endloop
  endfacet
  facet normal -1 -0 0
    outer loop
      vertex -3 45.8267 62.5823
      vertex -3 29.326 55.7475
      vertex -3 45.8857 62.7695
    endloop
  endfacet
  facet normal -1 0 0
    outer loop
      vertex -3 29.1519 55.8382
      vertex -3 45.8857 62.7695
      vertex -3 29.326 55.7475
    endloop
  endfacet
  facet normal -1 -0 0
    outer loop
      vertex -3 45.8857 62.7695
      vertex -3 29.1519 55.8382
      vertex -3 45.9608 62.9509
    endloop
  endfacet
  facet normal -1 0 0
    outer loop
      vertex -3 28.9706 55.9133
      vertex -3 45.9608 62.9509
      vertex -3 29.1519 55.8382
    endloop
  endfacet
  facet normal -1 -0 0
    outer loop
      vertex -3 45.9608 62.9509
      vertex -3 28.9706 55.9133
      vertex -3 46.0514 63.125
    endloop
  endfacet
  facet normal -1 0 0
    outer loop
      vertex -3 28.7834 55.9723
      vertex -3 46.0514 63.125
      vertex -3 28.9706 55.9133
    endloop
  endfacet
  facet normal -1 -0 0
    outer loop
      vertex -3 46.0514 63.125
      vertex -3 28.7834 55.9723
      vertex -3 46.1569 63.2905
    endloop
  endfacet
  facet normal -1 0 0
    outer loop
      vertex -3 28.5917 56.0148
      vertex -3 46.1569 63.2905
      vertex -3 28.7834 55.9723
    endloop
  endfacet
  facet normal -1 -0 0
    outer loop
      vertex -3 46.1569 63.2905
      vertex -3 28.5917 56.0148
      vertex -3 46.2764 63.4463
    endloop
  endfacet
  facet normal -1 0 0
    outer loop
      vertex -3 28.3971 56.0404
      vertex -3 46.2764 63.4463
      vertex -3 28.5917 56.0148
    endloop
  endfacet
  facet normal -1 0 0
    outer loop
      vertex -3 11.1007 69
      vertex -3 46.2764 63.4463
      vertex -3 28.3971 56.0404
    endloop
  endfacet
  facet normal -1 0 0
    outer loop
      vertex -3 46.2764 63.4463
      vertex -3 11.1007 69
      vertex -3 46.409 63.591
    endloop
  endfacet
  facet normal -1 0 0
    outer loop
      vertex -3 46.409 63.591
      vertex -3 11.1007 69
      vertex -3 46.5537 63.7236
    endloop
  endfacet
  facet normal -1 0 0
    outer loop
      vertex -3 46.5537 63.7236
      vertex -3 11.1007 69
      vertex -3 46.7095 63.8431
    endloop
  endfacet
  facet normal -1 0 0
    outer loop
      vertex -3 46.7095 63.8431
      vertex -3 11.1007 69
      vertex -3 46.875 63.9486
    endloop
  endfacet
  facet normal -1 0 0
    outer loop
      vertex -3 11.1007 69
      vertex -3 28.3971 56.0404
      vertex -3 28.201 56.049
    endloop
  endfacet
  facet normal -1 0 0
    outer loop
      vertex -3 11.1007 69
      vertex -3 28.201 56.049
      vertex -3 28.0049 56.0404
    endloop
  endfacet
  facet normal -1 0 0
    outer loop
      vertex -3 11.1007 69
      vertex -3 28.0049 56.0404
      vertex -3 27.8103 56.0148
    endloop
  endfacet
  facet normal -1 0 0
    outer loop
      vertex -3 11.1007 69
      vertex -3 27.8103 56.0148
      vertex -3 27.6187 55.9723
    endloop
  endfacet
  facet normal -1 0 0
    outer loop
      vertex -3 11.1007 69
      vertex -3 27.6187 55.9723
      vertex -3 27.4315 55.9133
    endloop
  endfacet
  facet normal -1 0 0
    outer loop
      vertex -3 46.875 63.9486
      vertex -3 11.1007 69
      vertex -3 47.0491 64.0392
    endloop
  endfacet
  facet normal -1 0 0
    outer loop
      vertex -3 19.591 41.591
      vertex -3 26.61 52.208
      vertex -3 19.7236 41.4463
    endloop
  endfacet
  facet normal -1 0 0
    outer loop
      vertex -3 19.4463 41.7236
      vertex -3 26.61 52.208
      vertex -3 19.591 41.591
    endloop
  endfacet
  facet normal -1 0 0
    outer loop
      vertex -3 19.2905 41.8431
      vertex -3 26.61 52.208
      vertex -3 19.4463 41.7236
    endloop
  endfacet
  facet normal -1 0 0
    outer loop
      vertex -3 19.125 41.9486
      vertex -3 26.61 52.208
      vertex -3 19.2905 41.8431
    endloop
  endfacet
  facet normal -1 0 0
    outer loop
      vertex -3 18.9509 42.0392
      vertex -3 26.61 52.208
      vertex -3 19.125 41.9486
    endloop
  endfacet
  facet normal -1 -0 0
    outer loop
      vertex -3 26.61 52.208
      vertex -3 18.9509 42.0392
      vertex -3 26.4774 52.3527
    endloop
  endfacet
  facet normal -1 0 0
    outer loop
      vertex -3 18.7695 42.1143
      vertex -3 26.4774 52.3527
      vertex -3 18.9509 42.0392
    endloop
  endfacet
  facet normal -1 -0 0
    outer loop
      vertex -3 26.4774 52.3527
      vertex -3 18.7695 42.1143
      vertex -3 26.3579 52.5084
    endloop
  endfacet
  facet normal -1 0 0
    outer loop
      vertex -3 18.5823 42.1733
      vertex -3 26.3579 52.5084
      vertex -3 18.7695 42.1143
    endloop
  endfacet
  facet normal -1 -0 0
    outer loop
      vertex -3 26.3579 52.5084
      vertex -3 18.5823 42.1733
      vertex -3 26.2525 52.674
    endloop
  endfacet
  facet normal -1 0 0
    outer loop
      vertex -3 18.3907 42.2158
      vertex -3 26.2525 52.674
      vertex -3 18.5823 42.1733
    endloop
  endfacet
  facet normal -1 -0 0
    outer loop
      vertex -3 26.2525 52.674
      vertex -3 18.3907 42.2158
      vertex -3 26.1618 52.8481
    endloop
  endfacet
  facet normal -1 0 0
    outer loop
      vertex -3 18.1961 42.2414
      vertex -3 26.1618 52.8481
      vertex -3 18.3907 42.2158
    endloop
  endfacet
  facet normal -1 -0 0
    outer loop
      vertex -3 26.1618 52.8481
      vertex -3 18.1961 42.2414
      vertex -3 26.0867 53.0294
    endloop
  endfacet
  facet normal -1 0 0
    outer loop
      vertex -3 18 42.25
      vertex -3 26.0867 53.0294
      vertex -3 18.1961 42.2414
    endloop
  endfacet
  facet normal -1 -0 0
    outer loop
      vertex -3 26.0867 53.0294
      vertex -3 18 42.25
      vertex -3 26.0277 53.2166
    endloop
  endfacet
  facet normal -1 0 0
    outer loop
      vertex -3 17.8039 42.2414
      vertex -3 26.0277 53.2166
      vertex -3 18 42.25
    endloop
  endfacet
  facet normal -1 -0 0
    outer loop
      vertex -3 26.0277 53.2166
      vertex -3 17.8039 42.2414
      vertex -3 25.9852 53.4083
    endloop
  endfacet
  facet normal -1 0 0
    outer loop
      vertex -3 17.6093 42.2158
      vertex -3 25.9852 53.4083
      vertex -3 17.8039 42.2414
    endloop
  endfacet
  facet normal -1 -0 0
    outer loop
      vertex -3 25.9852 53.4083
      vertex -3 17.6093 42.2158
      vertex -3 25.9596 53.6029
    endloop
  endfacet
  facet normal -1 0 0
    outer loop
      vertex -3 17.4177 42.1733
      vertex -3 25.9596 53.6029
      vertex -3 17.6093 42.2158
    endloop
  endfacet
  facet normal -1 -0 0
    outer loop
      vertex -3 25.9596 53.6029
      vertex -3 17.4177 42.1733
      vertex -3 25.951 53.799
    endloop
  endfacet
  facet normal -1 0 0
    outer loop
      vertex -3 17.2305 42.1143
      vertex -3 25.951 53.799
      vertex -3 17.4177 42.1733
    endloop
  endfacet
  facet normal -1 -0 0
    outer loop
      vertex -3 25.951 53.799
      vertex -3 17.2305 42.1143
      vertex -3 25.9596 53.9951
    endloop
  endfacet
  facet normal -1 0 0
    outer loop
      vertex -3 11.1007 69
      vertex -3 25.9596 53.9951
      vertex -3 17.2305 42.1143
    endloop
  endfacet
  facet normal -1 0 0
    outer loop
      vertex -3 25.9596 53.9951
      vertex -3 11.1007 69
      vertex -3 25.9852 54.1897
    endloop
  endfacet
  facet normal -1 0 0
    outer loop
      vertex -3 25.9852 54.1897
      vertex -3 11.1007 69
      vertex -3 26.0277 54.3813
    endloop
  endfacet
  facet normal -1 0 0
    outer loop
      vertex -3 26.0277 54.3813
      vertex -3 11.1007 69
      vertex -3 26.0867 54.5685
    endloop
  endfacet
  facet normal -1 0 0
    outer loop
      vertex -3 26.0867 54.5685
      vertex -3 11.1007 69
      vertex -3 26.1618 54.7499
    endloop
  endfacet
  facet normal -1 0 0
    outer loop
      vertex -3 26.1618 54.7499
      vertex -3 11.1007 69
      vertex -3 26.2525 54.924
    endloop
  endfacet
  facet normal -1 0 0
    outer loop
      vertex -3 11.1007 69
      vertex -3 17.2305 42.1143
      vertex -3 17.0491 42.0392
    endloop
  endfacet
  facet normal -1 0 0
    outer loop
      vertex -3 11.1007 69
      vertex -3 17.0491 42.0392
      vertex -3 16.875 41.9486
    endloop
  endfacet
  facet normal -1 0 0
    outer loop
      vertex -3 11.1007 69
      vertex -3 16.875 41.9486
      vertex -3 16.7095 41.8431
    endloop
  endfacet
  facet normal -1 0 0
    outer loop
      vertex -3 13.1393 40
      vertex -3 16.7095 41.8431
      vertex -3 16.5537 41.7236
    endloop
  endfacet
  facet normal -1 0 0
    outer loop
      vertex -3 13.1393 40
      vertex -3 16.5537 41.7236
      vertex -3 16.409 41.591
    endloop
  endfacet
  facet normal -1 0 0
    outer loop
      vertex -3 13.1393 40
      vertex -3 16.409 41.591
      vertex -3 16.2764 41.4463
    endloop
  endfacet
  facet normal -1 0 0
    outer loop
      vertex -3 13.1393 40
      vertex -3 16.2764 41.4463
      vertex -3 16.1569 41.2905
    endloop
  endfacet
  facet normal -1 0 0
    outer loop
      vertex -3 15.75 28
      vertex -3 14.3775 40
      vertex -3 15.75 40
    endloop
  endfacet
  facet normal -1 0 0
    outer loop
      vertex -3 14.3775 40
      vertex -3 15.7586 40.1961
      vertex -3 15.75 40
    endloop
  endfacet
  facet normal -1 0 0
    outer loop
      vertex -3 14.3775 40
      vertex -3 15.7842 40.3907
      vertex -3 15.7586 40.1961
    endloop
  endfacet
  facet normal -1 0 0
    outer loop
      vertex -3 14.3775 40
      vertex -3 15.8267 40.5823
      vertex -3 15.7842 40.3907
    endloop
  endfacet
  facet normal -1 0 0
    outer loop
      vertex -3 14.3775 40
      vertex -3 15.8857 40.7695
      vertex -3 15.8267 40.5823
    endloop
  endfacet
  facet normal -1 0 0
    outer loop
      vertex -3 14.3775 40
      vertex -3 15.9608 40.9509
      vertex -3 15.8857 40.7695
    endloop
  endfacet
  facet normal -1 0 0
    outer loop
      vertex -3 14.3775 40
      vertex -3 16.0514 41.125
      vertex -3 15.9608 40.9509
    endloop
  endfacet
  facet normal -1 0 0
    outer loop
      vertex -3 14.3775 40
      vertex -3 16.1569 41.2905
      vertex -3 16.0514 41.125
    endloop
  endfacet
  facet normal -1 0 0
    outer loop
      vertex -3 13.1393 40
      vertex -3 16.1569 41.2905
      vertex -3 14.3775 40
    endloop
  endfacet
  facet normal -1 -0 0
    outer loop
      vertex -3 16.7095 41.8431
      vertex -3 13.1393 40
      vertex -3 11.1007 69
    endloop
  endfacet
  facet normal -1 0 0
    outer loop
      vertex -3 26.2525 54.924
      vertex -3 11.1007 69
      vertex -3 26.3579 55.0895
    endloop
  endfacet
  facet normal -1 0 0
    outer loop
      vertex -3 11.1007 69
      vertex -3 13.1393 40
      vertex -3 12.4741 39.3467
    endloop
  endfacet
  facet normal -1 0 0
    outer loop
      vertex -3 11.1007 69
      vertex -3 12.4741 39.3467
      vertex -3 11.1962 38.0916
    endloop
  endfacet
  facet normal -1 0 0
    outer loop
      vertex -3 11.1007 69
      vertex -3 11.1962 38.0916
      vertex -3 11.1308 38.0289
    endloop
  endfacet
  facet normal -1 0 0
    outer loop
      vertex -3 11.1007 69
      vertex -3 11.1308 38.0289
      vertex -3 11.1007 38
    endloop
  endfacet
  facet normal -1 0 0
    outer loop
      vertex -3 48 64.25
      vertex -3 11.1007 69
      vertex -3 83 69
    endloop
  endfacet
  facet normal -1 0 0
    outer loop
      vertex -3 47.4177 64.1733
      vertex -3 11.1007 69
      vertex -3 47.6093 64.2158
    endloop
  endfacet
  facet normal -1 0 0
    outer loop
      vertex -3 47.2305 64.1143
      vertex -3 11.1007 69
      vertex -3 47.4177 64.1733
    endloop
  endfacet
  facet normal -1 0 0
    outer loop
      vertex -3 47.0491 64.0392
      vertex -3 11.1007 69
      vertex -3 47.2305 64.1143
    endloop
  endfacet
  facet normal -1 0 0
    outer loop
      vertex -3 27.2501 55.8382
      vertex -3 11.1007 69
      vertex -3 27.4315 55.9133
    endloop
  endfacet
  facet normal -1 0 0
    outer loop
      vertex -3 27.076 55.7475
      vertex -3 11.1007 69
      vertex -3 27.2501 55.8382
    endloop
  endfacet
  facet normal -1 0 0
    outer loop
      vertex -3 26.9105 55.6421
      vertex -3 11.1007 69
      vertex -3 27.076 55.7475
    endloop
  endfacet
  facet normal -1 0 0
    outer loop
      vertex -3 26.7547 55.5226
      vertex -3 11.1007 69
      vertex -3 26.9105 55.6421
    endloop
  endfacet
  facet normal -1 0 0
    outer loop
      vertex -3 26.61 55.39
      vertex -3 11.1007 69
      vertex -3 26.7547 55.5226
    endloop
  endfacet
  facet normal -1 0 0
    outer loop
      vertex -3 26.4774 55.2453
      vertex -3 11.1007 69
      vertex -3 26.61 55.39
    endloop
  endfacet
  facet normal -1 0 0
    outer loop
      vertex -3 26.3579 55.0895
      vertex -3 11.1007 69
      vertex -3 26.4774 55.2453
    endloop
  endfacet
  facet normal -1 -0 0
    outer loop
      vertex -3 76.2764 26.5537
      vertex -3 69.39 15.792
      vertex -3 76.1569 26.7095
    endloop
  endfacet
  facet normal -1 -0 0
    outer loop
      vertex -3 76.1569 26.7095
      vertex -3 69.39 15.792
      vertex -3 76.0514 26.875
    endloop
  endfacet
  facet normal -1 -0 0
    outer loop
      vertex -3 76.0514 26.875
      vertex -3 69.39 15.792
      vertex -3 75.9608 27.0491
    endloop
  endfacet
  facet normal -1 -0 0
    outer loop
      vertex -3 75.9608 27.0491
      vertex -3 69.39 15.792
      vertex -3 75.8857 27.2305
    endloop
  endfacet
  facet normal -1 0 0
    outer loop
      vertex -3 60.1976 24.9844
      vertex -3 75.8857 27.2305
      vertex -3 69.39 15.792
    endloop
  endfacet
  facet normal -1 -0 0
    outer loop
      vertex -3 75.8857 27.2305
      vertex -3 60.1976 24.9844
      vertex -3 75.8267 27.4177
    endloop
  endfacet
  facet normal -1 0 -0
    outer loop
      vertex -3 63 31.75
      vertex -3 75.8267 27.4177
      vertex -3 60.1976 24.9844
    endloop
  endfacet
  facet normal -1 0 0
    outer loop
      vertex -3 75.8267 27.4177
      vertex -3 63 31.75
      vertex -3 75.7842 27.6093
    endloop
  endfacet
  facet normal -1 0 0
    outer loop
      vertex -3 75.7842 27.6093
      vertex -3 63 31.75
      vertex -3 75.7586 27.8039
    endloop
  endfacet
  facet normal -1 0 0
    outer loop
      vertex -3 75.7586 27.8039
      vertex -3 63 31.75
      vertex -3 75.75 28
    endloop
  endfacet
  facet normal -1 0 0
    outer loop
      vertex -3 75.75 28
      vertex -3 63 31.75
      vertex -3 75.75 31.75
    endloop
  endfacet
  facet normal -1 -0 0
    outer loop
      vertex -3 63 31.75
      vertex -3 60.1976 24.9844
      vertex -3 62.8039 31.7586
    endloop
  endfacet
  facet normal -1 -0 0
    outer loop
      vertex -3 62.8039 31.7586
      vertex -3 60.1976 24.9844
      vertex -3 62.6093 31.7842
    endloop
  endfacet
  facet normal -1 -0 0
    outer loop
      vertex -3 62.6093 31.7842
      vertex -3 60.1976 24.9844
      vertex -3 62.4177 31.8267
    endloop
  endfacet
  facet normal -1 -0 0
    outer loop
      vertex -3 62.4177 31.8267
      vertex -3 60.1976 24.9844
      vertex -3 62.2305 31.8857
    endloop
  endfacet
  facet normal -1 0 0
    outer loop
      vertex -3 58.6252 31.153
      vertex -3 62.2305 31.8857
      vertex -3 60.1976 24.9844
    endloop
  endfacet
  facet normal -1 -0 0
    outer loop
      vertex -3 62.2305 31.8857
      vertex -3 58.6252 31.153
      vertex -3 62.0491 31.9608
    endloop
  endfacet
  facet normal -1 -0 0
    outer loop
      vertex -3 62.0491 31.9608
      vertex -3 58.6252 31.153
      vertex -3 61.875 32.0514
    endloop
  endfacet
  facet normal -1 -0 0
    outer loop
      vertex -3 61.875 32.0514
      vertex -3 58.6252 31.153
      vertex -3 61.7095 32.1569
    endloop
  endfacet
  facet normal -1 -0 0
    outer loop
      vertex -3 61.7095 32.1569
      vertex -3 58.6252 31.153
      vertex -3 61.5537 32.2764
    endloop
  endfacet
  facet normal -1 -0 0
    outer loop
      vertex -3 61.5537 32.2764
      vertex -3 58.6252 31.153
      vertex -3 61.409 32.409
    endloop
  endfacet
  facet normal -1 0 -0
    outer loop
      vertex -3 58.8329 32.0899
      vertex -3 61.409 32.409
      vertex -3 58.6252 31.153
    endloop
  endfacet
  facet normal -1 -0 0
    outer loop
      vertex -3 61.409 32.409
      vertex -3 58.8329 32.0899
      vertex -3 61.2764 32.5537
    endloop
  endfacet
  facet normal -1 -0 0
    outer loop
      vertex -3 60.8857 33.2305
      vertex -3 58.9581 33.0413
      vertex -3 60.8267 33.4177
    endloop
  endfacet
  facet normal -1 -0 0
    outer loop
      vertex -3 60.9608 33.0491
      vertex -3 58.9581 33.0413
      vertex -3 60.8857 33.2305
    endloop
  endfacet
  facet normal -1 0 -0
    outer loop
      vertex -3 58.9581 33.0413
      vertex -3 60.9608 33.0491
      vertex -3 58.8329 32.0899
    endloop
  endfacet
  facet normal -1 -0 0
    outer loop
      vertex -3 61.0514 32.875
      vertex -3 58.8329 32.0899
      vertex -3 60.9608 33.0491
    endloop
  endfacet
  facet normal -1 -0 0
    outer loop
      vertex -3 61.1569 32.7095
      vertex -3 58.8329 32.0899
      vertex -3 61.0514 32.875
    endloop
  endfacet
  facet normal -1 -0 0
    outer loop
      vertex -3 61.2764 32.5537
      vertex -3 58.8329 32.0899
      vertex -3 61.1569 32.7095
    endloop
  endfacet
  facet normal -1 0 0
    outer loop
      vertex -3 -14.3775 0
      vertex -3 -14.7 0
      vertex -3 -14.3775 40
    endloop
  endfacet
  facet normal -1 0 0
    outer loop
      vertex -3 -11.1308 38.0289
      vertex -3 -11.1007 69
      vertex -3 -11.1007 38
    endloop
  endfacet
  facet normal -1 0 0
    outer loop
      vertex -3 -11.1962 38.0916
      vertex -3 -11.1007 69
      vertex -3 -11.1308 38.0289
    endloop
  endfacet
  facet normal -1 0 0
    outer loop
      vertex -3 -12.4741 39.3467
      vertex -3 -11.1007 69
      vertex -3 -11.1962 38.0916
    endloop
  endfacet
  facet normal -1 0 0
    outer loop
      vertex -3 -13.1393 40
      vertex -3 -11.1007 69
      vertex -3 -12.4741 39.3467
    endloop
  endfacet
  facet normal -1 0 0
    outer loop
      vertex -3 -14.7 69
      vertex -3 -13.1393 40
      vertex -3 -14.3775 40
    endloop
  endfacet
  facet normal -1 0 0
    outer loop
      vertex -3 -13.1393 40
      vertex -3 -14.7 69
      vertex -3 -11.1007 69
    endloop
  endfacet
  facet normal -1 0 0
    outer loop
      vertex -3 -14.7 69
      vertex -3 -14.3775 40
      vertex -3 -14.7 0
    endloop
  endfacet
  facet normal 0 1 -0
    outer loop
      vertex 3 83 0
      vertex -3 83 69
      vertex 3 83 69
    endloop
  endfacet
  facet normal 0 1 0
    outer loop
      vertex -3 83 69
      vertex 3 83 0
      vertex -3 83 0
    endloop
  endfacet
  facet normal 0 -1 0
    outer loop
      vertex -3 -14.7 0
      vertex 3 -14.7 69
      vertex -3 -14.7 69
    endloop
  endfacet
  facet normal 0 -1 -0
    outer loop
      vertex 3 -14.7 69
      vertex -3 -14.7 0
      vertex 3 -14.7 0
    endloop
  endfacet
  facet normal 0 -0.382604 0.923913
    outer loop
      vertex -3 48.9509 3.96081
      vertex 3 48.7695 3.88569
      vertex 3 48.9509 3.96081
    endloop
  endfacet
  facet normal 0 -0.382604 0.923913
    outer loop
      vertex 3 48.7695 3.88569
      vertex -3 48.9509 3.96081
      vertex -3 48.7695 3.88569
    endloop
  endfacet
  facet normal 0 -0.99904 -0.0438131
    outer loop
      vertex -3 50.25 19
      vertex 3 50.2414 19.1961
      vertex -3 50.2414 19.1961
    endloop
  endfacet
  facet normal 0 -0.99904 -0.0438131
    outer loop
      vertex 3 50.2414 19.1961
      vertex -3 50.25 19
      vertex 3 50.25 19
    endloop
  endfacet
  facet normal 0 -1 0
    outer loop
      vertex -3 50.25 6
      vertex 3 50.25 19
      vertex -3 50.25 19
    endloop
  endfacet
  facet normal 0 -1 -0
    outer loop
      vertex 3 50.25 19
      vertex -3 50.25 6
      vertex 3 50.25 6
    endloop
  endfacet
  facet normal 0 -0.675609 -0.73726
    outer loop
      vertex -3 49.4463 20.7236
      vertex 3 49.591 20.591
      vertex 3 49.4463 20.7236
    endloop
  endfacet
  facet normal -0 -0.675609 -0.73726
    outer loop
      vertex 3 49.591 20.591
      vertex -3 49.4463 20.7236
      vertex -3 49.591 20.591
    endloop
  endfacet
  facet normal 0 0.0438131 -0.99904
    outer loop
      vertex -3 47.8039 21.2414
      vertex 3 48 21.25
      vertex 3 47.8039 21.2414
    endloop
  endfacet
  facet normal 0 0.0438131 -0.99904
    outer loop
      vertex 3 48 21.25
      vertex -3 47.8039 21.2414
      vertex -3 48 21.25
    endloop
  endfacet
  facet normal 0 -0.923911 0.382607
    outer loop
      vertex -3 50.0392 5.04911
      vertex 3 50.1143 5.23046
      vertex -3 50.1143 5.23046
    endloop
  endfacet
  facet normal 0 -0.923911 0.382607
    outer loop
      vertex 3 50.1143 5.23046
      vertex -3 50.0392 5.04911
      vertex 3 50.0392 5.04911
    endloop
  endfacet
  facet normal 0 0.793324 0.608799
    outer loop
      vertex 3 46.2764 4.55373
      vertex -3 46.1569 4.70945
      vertex 3 46.1569 4.70945
    endloop
  endfacet
  facet normal 0 0.793324 0.608799
    outer loop
      vertex -3 46.1569 4.70945
      vertex 3 46.2764 4.55373
      vertex -3 46.2764 4.55373
    endloop
  endfacet
  facet normal 0 0.130428 -0.991458
    outer loop
      vertex -3 47.6093 21.2158
      vertex 3 47.8039 21.2414
      vertex 3 47.6093 21.2158
    endloop
  endfacet
  facet normal 0 0.130428 -0.991458
    outer loop
      vertex 3 47.8039 21.2414
      vertex -3 47.6093 21.2158
      vertex -3 47.8039 21.2414
    endloop
  endfacet
  facet normal 0 0.843242 -0.537535
    outer loop
      vertex 3 46.0514 20.125
      vertex -3 46.1569 20.2905
      vertex 3 46.1569 20.2905
    endloop
  endfacet
  facet normal 0 0.843242 -0.537535
    outer loop
      vertex -3 46.1569 20.2905
      vertex 3 46.0514 20.125
      vertex -3 46.0514 20.125
    endloop
  endfacet
  facet normal 0 -0.0438131 -0.99904
    outer loop
      vertex -3 48 21.25
      vertex 3 48.1961 21.2414
      vertex 3 48 21.25
    endloop
  endfacet
  facet normal -0 -0.0438131 -0.99904
    outer loop
      vertex 3 48.1961 21.2414
      vertex -3 48 21.25
      vertex -3 48.1961 21.2414
    endloop
  endfacet
  facet normal 0 -0.793324 0.608799
    outer loop
      vertex -3 49.7236 4.55373
      vertex 3 49.8431 4.70945
      vertex -3 49.8431 4.70945
    endloop
  endfacet
  facet normal 0 -0.793324 0.608799
    outer loop
      vertex 3 49.8431 4.70945
      vertex -3 49.7236 4.55373
      vertex 3 49.7236 4.55373
    endloop
  endfacet
  facet normal 0 -0.99904 0.0438131
    outer loop
      vertex -3 50.2414 5.8039
      vertex 3 50.25 6
      vertex -3 50.25 6
    endloop
  endfacet
  facet normal 0 -0.99904 0.0438131
    outer loop
      vertex 3 50.25 6
      vertex -3 50.2414 5.8039
      vertex 3 50.2414 5.8039
    endloop
  endfacet
  facet normal 0 -0.537426 0.843311
    outer loop
      vertex -3 49.2905 4.15691
      vertex 3 49.125 4.05144
      vertex 3 49.2905 4.15691
    endloop
  endfacet
  facet normal 0 -0.537426 0.843311
    outer loop
      vertex 3 49.125 4.05144
      vertex -3 49.2905 4.15691
      vertex -3 49.125 4.05144
    endloop
  endfacet
  facet normal -0 0.0436097 0.999049
    outer loop
      vertex -3 48 3.75
      vertex 3 47.8039 3.75856
      vertex 3 48 3.75
    endloop
  endfacet
  facet normal 0 0.0436097 0.999049
    outer loop
      vertex 3 47.8039 3.75856
      vertex -3 48 3.75
      vertex -3 47.8039 3.75856
    endloop
  endfacet
  facet normal 0 -0.300688 0.953723
    outer loop
      vertex -3 48.7695 3.88569
      vertex 3 48.5823 3.82667
      vertex 3 48.7695 3.88569
    endloop
  endfacet
  facet normal 0 -0.300688 0.953723
    outer loop
      vertex 3 48.5823 3.82667
      vertex -3 48.7695 3.88569
      vertex -3 48.5823 3.82667
    endloop
  endfacet
  facet normal 0 -0.130428 -0.991458
    outer loop
      vertex -3 48.1961 21.2414
      vertex 3 48.3907 21.2158
      vertex 3 48.1961 21.2414
    endloop
  endfacet
  facet normal -0 -0.130428 -0.991458
    outer loop
      vertex 3 48.3907 21.2158
      vertex -3 48.1961 21.2414
      vertex -3 48.3907 21.2158
    endloop
  endfacet
  facet normal 0 -0.843242 -0.537535
    outer loop
      vertex -3 49.9486 20.125
      vertex 3 49.8431 20.2905
      vertex -3 49.8431 20.2905
    endloop
  endfacet
  facet normal 0 -0.843242 -0.537535
    outer loop
      vertex 3 49.8431 20.2905
      vertex -3 49.9486 20.125
      vertex 3 49.9486 20.125
    endloop
  endfacet
  facet normal 0 0.216553 -0.976271
    outer loop
      vertex -3 47.4177 21.1733
      vertex 3 47.6093 21.2158
      vertex 3 47.4177 21.1733
    endloop
  endfacet
  facet normal 0 0.216553 -0.976271
    outer loop
      vertex 3 47.6093 21.2158
      vertex -3 47.4177 21.1733
      vertex -3 47.6093 21.2158
    endloop
  endfacet
  facet normal 0 0.537535 -0.843242
    outer loop
      vertex -3 46.7095 20.8431
      vertex 3 46.875 20.9486
      vertex 3 46.7095 20.8431
    endloop
  endfacet
  facet normal 0 0.537535 -0.843242
    outer loop
      vertex 3 46.875 20.9486
      vertex -3 46.7095 20.8431
      vertex -3 46.875 20.9486
    endloop
  endfacet
  facet normal 0 0.923949 -0.382517
    outer loop
      vertex 3 45.8857 19.7695
      vertex -3 45.9608 19.9509
      vertex 3 45.9608 19.9509
    endloop
  endfacet
  facet normal 0 0.923949 -0.382517
    outer loop
      vertex -3 45.9608 19.9509
      vertex 3 45.8857 19.7695
      vertex -3 45.8857 19.7695
    endloop
  endfacet
  facet normal 0 -0.976271 -0.216553
    outer loop
      vertex -3 50.2158 19.3907
      vertex 3 50.1733 19.5823
      vertex -3 50.1733 19.5823
    endloop
  endfacet
  facet normal 0 -0.976271 -0.216553
    outer loop
      vertex 3 50.1733 19.5823
      vertex -3 50.2158 19.3907
      vertex 3 50.2158 19.3907
    endloop
  endfacet
  facet normal 0 -0.461625 -0.887075
    outer loop
      vertex -3 48.9509 21.0392
      vertex 3 49.125 20.9486
      vertex 3 48.9509 21.0392
    endloop
  endfacet
  facet normal -0 -0.461625 -0.887075
    outer loop
      vertex 3 49.125 20.9486
      vertex -3 48.9509 21.0392
      vertex -3 49.125 20.9486
    endloop
  endfacet
  facet normal 0 0.887086 0.461605
    outer loop
      vertex 3 46.0514 4.875
      vertex -3 45.9608 5.04911
      vertex 3 45.9608 5.04911
    endloop
  endfacet
  facet normal 0 0.887086 0.461605
    outer loop
      vertex -3 45.9608 5.04911
      vertex 3 46.0514 4.875
      vertex -3 46.0514 4.875
    endloop
  endfacet
  facet normal 0 0.73726 -0.675609
    outer loop
      vertex 3 46.2764 20.4463
      vertex -3 46.409 20.591
      vertex 3 46.409 20.591
    endloop
  endfacet
  facet normal 0 0.73726 -0.675609
    outer loop
      vertex -3 46.409 20.591
      vertex 3 46.2764 20.4463
      vertex -3 46.2764 20.4463
    endloop
  endfacet
  facet normal 0 0.991458 -0.130428
    outer loop
      vertex 3 45.7586 19.1961
      vertex -3 45.7842 19.3907
      vertex 3 45.7842 19.3907
    endloop
  endfacet
  facet normal 0 0.991458 -0.130428
    outer loop
      vertex -3 45.7842 19.3907
      vertex 3 45.7586 19.1961
      vertex -3 45.7586 19.1961
    endloop
  endfacet
  facet normal 0 0.843315 0.537419
    outer loop
      vertex 3 46.1569 4.70945
      vertex -3 46.0514 4.875
      vertex 3 46.0514 4.875
    endloop
  endfacet
  facet normal 0 0.843315 0.537419
    outer loop
      vertex -3 46.0514 4.875
      vertex 3 46.1569 4.70945
      vertex -3 46.1569 4.70945
    endloop
  endfacet
  facet normal 0 0.300595 -0.953752
    outer loop
      vertex -3 47.2305 21.1143
      vertex 3 47.4177 21.1733
      vertex 3 47.2305 21.1143
    endloop
  endfacet
  facet normal 0 0.300595 -0.953752
    outer loop
      vertex 3 47.4177 21.1733
      vertex -3 47.2305 21.1143
      vertex -3 47.4177 21.1733
    endloop
  endfacet
  facet normal 0 -0.991459 0.130422
    outer loop
      vertex -3 50.2158 5.60929
      vertex 3 50.2414 5.8039
      vertex -3 50.2414 5.8039
    endloop
  endfacet
  facet normal 0 -0.991459 0.130422
    outer loop
      vertex 3 50.2414 5.8039
      vertex -3 50.2158 5.60929
      vertex 3 50.2158 5.60929
    endloop
  endfacet
  facet normal 0 0.737306 0.675559
    outer loop
      vertex 3 46.409 4.40901
      vertex -3 46.2764 4.55373
      vertex 3 46.2764 4.55373
    endloop
  endfacet
  facet normal 0 0.737306 0.675559
    outer loop
      vertex -3 46.2764 4.55373
      vertex 3 46.409 4.40901
      vertex -3 46.409 4.40901
    endloop
  endfacet
  facet normal 0 -0.608603 -0.793475
    outer loop
      vertex -3 49.2905 20.8431
      vertex 3 49.4463 20.7236
      vertex 3 49.2905 20.8431
    endloop
  endfacet
  facet normal -0 -0.608603 -0.793475
    outer loop
      vertex 3 49.4463 20.7236
      vertex -3 49.2905 20.8431
      vertex -3 49.4463 20.7236
    endloop
  endfacet
  facet normal -0 0.537426 0.843311
    outer loop
      vertex -3 46.875 4.05144
      vertex 3 46.7095 4.15691
      vertex 3 46.875 4.05144
    endloop
  endfacet
  facet normal 0 0.537426 0.843311
    outer loop
      vertex 3 46.7095 4.15691
      vertex -3 46.875 4.05144
      vertex -3 46.7095 4.15691
    endloop
  endfacet
  facet normal 0 0.461625 -0.887075
    outer loop
      vertex -3 46.875 20.9486
      vertex 3 47.0491 21.0392
      vertex 3 46.875 20.9486
    endloop
  endfacet
  facet normal 0 0.461625 -0.887075
    outer loop
      vertex 3 47.0491 21.0392
      vertex -3 46.875 20.9486
      vertex -3 47.0491 21.0392
    endloop
  endfacet
  facet normal 0 -0.991458 -0.130428
    outer loop
      vertex -3 50.2414 19.1961
      vertex 3 50.2158 19.3907
      vertex -3 50.2158 19.3907
    endloop
  endfacet
  facet normal 0 -0.991458 -0.130428
    outer loop
      vertex 3 50.2158 19.3907
      vertex -3 50.2414 19.1961
      vertex 3 50.2414 19.1961
    endloop
  endfacet
  facet normal 0 -0.793475 -0.608603
    outer loop
      vertex -3 49.8431 20.2905
      vertex 3 49.7236 20.4463
      vertex -3 49.7236 20.4463
    endloop
  endfacet
  facet normal 0 -0.793475 -0.608603
    outer loop
      vertex 3 49.7236 20.4463
      vertex -3 49.8431 20.2905
      vertex 3 49.8431 20.2905
    endloop
  endfacet
  facet normal 0 0.991459 0.130422
    outer loop
      vertex 3 45.7842 5.60929
      vertex -3 45.7586 5.8039
      vertex 3 45.7586 5.8039
    endloop
  endfacet
  facet normal 0 0.991459 0.130422
    outer loop
      vertex -3 45.7586 5.8039
      vertex 3 45.7842 5.60929
      vertex -3 45.7842 5.60929
    endloop
  endfacet
  facet normal 0 -0.953752 -0.300595
    outer loop
      vertex -3 50.1733 19.5823
      vertex 3 50.1143 19.7695
      vertex -3 50.1143 19.7695
    endloop
  endfacet
  facet normal 0 -0.953752 -0.300595
    outer loop
      vertex 3 50.1143 19.7695
      vertex -3 50.1733 19.5823
      vertex 3 50.1733 19.5823
    endloop
  endfacet
  facet normal 0 -0.382517 -0.923949
    outer loop
      vertex -3 48.7695 21.1143
      vertex 3 48.9509 21.0392
      vertex 3 48.7695 21.1143
    endloop
  endfacet
  facet normal -0 -0.382517 -0.923949
    outer loop
      vertex 3 48.9509 21.0392
      vertex -3 48.7695 21.1143
      vertex -3 48.9509 21.0392
    endloop
  endfacet
  facet normal 0 0.953752 -0.300595
    outer loop
      vertex 3 45.8267 19.5823
      vertex -3 45.8857 19.7695
      vertex 3 45.8857 19.7695
    endloop
  endfacet
  facet normal 0 0.953752 -0.300595
    outer loop
      vertex -3 45.8857 19.7695
      vertex 3 45.8267 19.5823
      vertex -3 45.8267 19.5823
    endloop
  endfacet
  facet normal 0 -0.923949 -0.382517
    outer loop
      vertex -3 50.1143 19.7695
      vertex 3 50.0392 19.9509
      vertex -3 50.0392 19.9509
    endloop
  endfacet
  facet normal 0 -0.923949 -0.382517
    outer loop
      vertex 3 50.0392 19.9509
      vertex -3 50.1143 19.7695
      vertex 3 50.1143 19.7695
    endloop
  endfacet
  facet normal 0 0.923911 0.382607
    outer loop
      vertex 3 45.9608 5.04911
      vertex -3 45.8857 5.23046
      vertex 3 45.8857 5.23046
    endloop
  endfacet
  facet normal 0 0.923911 0.382607
    outer loop
      vertex -3 45.8857 5.23046
      vertex 3 45.9608 5.04911
      vertex -3 45.9608 5.04911
    endloop
  endfacet
  facet normal 0 -0.0436097 0.999049
    outer loop
      vertex -3 48.1961 3.75856
      vertex 3 48 3.75
      vertex 3 48.1961 3.75856
    endloop
  endfacet
  facet normal 0 -0.0436097 0.999049
    outer loop
      vertex 3 48 3.75
      vertex -3 48.1961 3.75856
      vertex -3 48 3.75
    endloop
  endfacet
  facet normal -0 0.130528 0.991445
    outer loop
      vertex -3 47.8039 3.75856
      vertex 3 47.6093 3.78418
      vertex 3 47.8039 3.75856
    endloop
  endfacet
  facet normal 0 0.130528 0.991445
    outer loop
      vertex 3 47.6093 3.78418
      vertex -3 47.8039 3.75856
      vertex -3 47.6093 3.78418
    endloop
  endfacet
  facet normal 0 -0.537535 -0.843242
    outer loop
      vertex -3 49.125 20.9486
      vertex 3 49.2905 20.8431
      vertex 3 49.125 20.9486
    endloop
  endfacet
  facet normal -0 -0.537535 -0.843242
    outer loop
      vertex 3 49.2905 20.8431
      vertex -3 49.125 20.9486
      vertex -3 49.2905 20.8431
    endloop
  endfacet
  facet normal 0 -0.737306 0.675559
    outer loop
      vertex -3 49.591 4.40901
      vertex 3 49.7236 4.55373
      vertex -3 49.7236 4.55373
    endloop
  endfacet
  facet normal 0 -0.737306 0.675559
    outer loop
      vertex 3 49.7236 4.55373
      vertex -3 49.591 4.40901
      vertex 3 49.591 4.40901
    endloop
  endfacet
  facet normal -0 0.608571 0.7935
    outer loop
      vertex -3 46.7095 4.15691
      vertex 3 46.5537 4.2764
      vertex 3 46.7095 4.15691
    endloop
  endfacet
  facet normal 0 0.608571 0.7935
    outer loop
      vertex 3 46.5537 4.2764
      vertex -3 46.7095 4.15691
      vertex -3 46.5537 4.2764
    endloop
  endfacet
  facet normal 0 -0.300595 -0.953752
    outer loop
      vertex -3 48.5823 21.1733
      vertex 3 48.7695 21.1143
      vertex 3 48.5823 21.1733
    endloop
  endfacet
  facet normal -0 -0.300595 -0.953752
    outer loop
      vertex 3 48.7695 21.1143
      vertex -3 48.5823 21.1733
      vertex -3 48.7695 21.1143
    endloop
  endfacet
  facet normal 0 0.675609 -0.73726
    outer loop
      vertex -3 46.409 20.591
      vertex 3 46.5537 20.7236
      vertex 3 46.409 20.591
    endloop
  endfacet
  facet normal 0 0.675609 -0.73726
    outer loop
      vertex 3 46.5537 20.7236
      vertex -3 46.409 20.591
      vertex -3 46.5537 20.7236
    endloop
  endfacet
  facet normal -0 0.461746 0.887012
    outer loop
      vertex -3 47.0491 3.96081
      vertex 3 46.875 4.05144
      vertex 3 47.0491 3.96081
    endloop
  endfacet
  facet normal 0 0.461746 0.887012
    outer loop
      vertex 3 46.875 4.05144
      vertex -3 47.0491 3.96081
      vertex -3 46.875 4.05144
    endloop
  endfacet
  facet normal 0 0.99904 0.0438131
    outer loop
      vertex 3 45.7586 5.8039
      vertex -3 45.75 6
      vertex 3 45.75 6
    endloop
  endfacet
  facet normal 0 0.99904 0.0438131
    outer loop
      vertex -3 45.75 6
      vertex 3 45.7586 5.8039
      vertex -3 45.7586 5.8039
    endloop
  endfacet
  facet normal 0 -0.675637 0.737235
    outer loop
      vertex -3 49.591 4.40901
      vertex 3 49.4463 4.2764
      vertex 3 49.591 4.40901
    endloop
  endfacet
  facet normal 0 -0.675637 0.737235
    outer loop
      vertex 3 49.4463 4.2764
      vertex -3 49.591 4.40901
      vertex -3 49.4463 4.2764
    endloop
  endfacet
  facet normal 0 -0.461746 0.887012
    outer loop
      vertex -3 49.125 4.05144
      vertex 3 48.9509 3.96081
      vertex 3 49.125 4.05144
    endloop
  endfacet
  facet normal 0 -0.461746 0.887012
    outer loop
      vertex 3 48.9509 3.96081
      vertex -3 49.125 4.05144
      vertex -3 48.9509 3.96081
    endloop
  endfacet
  facet normal 0 -0.887075 -0.461625
    outer loop
      vertex -3 50.0392 19.9509
      vertex 3 49.9486 20.125
      vertex -3 49.9486 20.125
    endloop
  endfacet
  facet normal 0 -0.887075 -0.461625
    outer loop
      vertex 3 49.9486 20.125
      vertex -3 50.0392 19.9509
      vertex 3 50.0392 19.9509
    endloop
  endfacet
  facet normal 0 -0.608571 0.7935
    outer loop
      vertex -3 49.4463 4.2764
      vertex 3 49.2905 4.15691
      vertex 3 49.4463 4.2764
    endloop
  endfacet
  facet normal 0 -0.608571 0.7935
    outer loop
      vertex 3 49.2905 4.15691
      vertex -3 49.4463 4.2764
      vertex -3 49.2905 4.15691
    endloop
  endfacet
  facet normal 0 -0.73726 -0.675609
    outer loop
      vertex -3 49.7236 20.4463
      vertex 3 49.591 20.591
      vertex -3 49.591 20.591
    endloop
  endfacet
  facet normal 0 -0.73726 -0.675609
    outer loop
      vertex 3 49.591 20.591
      vertex -3 49.7236 20.4463
      vertex 3 49.7236 20.4463
    endloop
  endfacet
  facet normal 0 0.887075 -0.461625
    outer loop
      vertex 3 45.9608 19.9509
      vertex -3 46.0514 20.125
      vertex 3 46.0514 20.125
    endloop
  endfacet
  facet normal 0 0.887075 -0.461625
    outer loop
      vertex -3 46.0514 20.125
      vertex 3 45.9608 19.9509
      vertex -3 45.9608 19.9509
    endloop
  endfacet
  facet normal -0 0.216504 0.976282
    outer loop
      vertex -3 47.6093 3.78418
      vertex 3 47.4177 3.82667
      vertex 3 47.6093 3.78418
    endloop
  endfacet
  facet normal 0 0.216504 0.976282
    outer loop
      vertex 3 47.4177 3.82667
      vertex -3 47.6093 3.78418
      vertex -3 47.4177 3.82667
    endloop
  endfacet
  facet normal -0 0.300688 0.953723
    outer loop
      vertex -3 47.4177 3.82667
      vertex 3 47.2305 3.88569
      vertex 3 47.4177 3.82667
    endloop
  endfacet
  facet normal 0 0.300688 0.953723
    outer loop
      vertex 3 47.2305 3.88569
      vertex -3 47.4177 3.82667
      vertex -3 47.2305 3.88569
    endloop
  endfacet
  facet normal 0 -0.216553 -0.976271
    outer loop
      vertex -3 48.3907 21.2158
      vertex 3 48.5823 21.1733
      vertex 3 48.3907 21.2158
    endloop
  endfacet
  facet normal -0 -0.216553 -0.976271
    outer loop
      vertex 3 48.5823 21.1733
      vertex -3 48.3907 21.2158
      vertex -3 48.5823 21.1733
    endloop
  endfacet
  facet normal 0 0.793475 -0.608603
    outer loop
      vertex 3 46.1569 20.2905
      vertex -3 46.2764 20.4463
      vertex 3 46.2764 20.4463
    endloop
  endfacet
  facet normal 0 0.793475 -0.608603
    outer loop
      vertex -3 46.2764 20.4463
      vertex 3 46.1569 20.2905
      vertex -3 46.1569 20.2905
    endloop
  endfacet
  facet normal 0 -0.130528 0.991445
    outer loop
      vertex -3 48.3907 3.78418
      vertex 3 48.1961 3.75856
      vertex 3 48.3907 3.78418
    endloop
  endfacet
  facet normal 0 -0.130528 0.991445
    outer loop
      vertex 3 48.1961 3.75856
      vertex -3 48.3907 3.78418
      vertex -3 48.1961 3.75856
    endloop
  endfacet
  facet normal 0 -0.216504 0.976282
    outer loop
      vertex -3 48.5823 3.82667
      vertex 3 48.3907 3.78418
      vertex 3 48.5823 3.82667
    endloop
  endfacet
  facet normal 0 -0.216504 0.976282
    outer loop
      vertex 3 48.3907 3.78418
      vertex -3 48.5823 3.82667
      vertex -3 48.3907 3.78418
    endloop
  endfacet
  facet normal 0 -0.843315 0.537419
    outer loop
      vertex -3 49.8431 4.70945
      vertex 3 49.9486 4.875
      vertex -3 49.9486 4.875
    endloop
  endfacet
  facet normal 0 -0.843315 0.537419
    outer loop
      vertex 3 49.9486 4.875
      vertex -3 49.8431 4.70945
      vertex 3 49.8431 4.70945
    endloop
  endfacet
  facet normal -0 0.675637 0.737235
    outer loop
      vertex -3 46.5537 4.2764
      vertex 3 46.409 4.40901
      vertex 3 46.5537 4.2764
    endloop
  endfacet
  facet normal 0 0.675637 0.737235
    outer loop
      vertex 3 46.409 4.40901
      vertex -3 46.5537 4.2764
      vertex -3 46.409 4.40901
    endloop
  endfacet
  facet normal 0 0.382517 -0.923949
    outer loop
      vertex -3 47.0491 21.0392
      vertex 3 47.2305 21.1143
      vertex 3 47.0491 21.0392
    endloop
  endfacet
  facet normal 0 0.382517 -0.923949
    outer loop
      vertex 3 47.2305 21.1143
      vertex -3 47.0491 21.0392
      vertex -3 47.2305 21.1143
    endloop
  endfacet
  facet normal 0 -0.976278 0.21652
    outer loop
      vertex -3 50.1733 5.41766
      vertex 3 50.2158 5.60929
      vertex -3 50.2158 5.60929
    endloop
  endfacet
  facet normal 0 -0.976278 0.21652
    outer loop
      vertex 3 50.2158 5.60929
      vertex -3 50.1733 5.41766
      vertex 3 50.1733 5.41766
    endloop
  endfacet
  facet normal 0 -0.953752 0.300595
    outer loop
      vertex -3 50.1143 5.23046
      vertex 3 50.1733 5.41766
      vertex -3 50.1733 5.41766
    endloop
  endfacet
  facet normal 0 -0.953752 0.300595
    outer loop
      vertex 3 50.1733 5.41766
      vertex -3 50.1143 5.23046
      vertex 3 50.1143 5.23046
    endloop
  endfacet
  facet normal 0 0.99904 -0.0438131
    outer loop
      vertex 3 45.75 19
      vertex -3 45.7586 19.1961
      vertex 3 45.7586 19.1961
    endloop
  endfacet
  facet normal 0 0.99904 -0.0438131
    outer loop
      vertex -3 45.7586 19.1961
      vertex 3 45.75 19
      vertex -3 45.75 19
    endloop
  endfacet
  facet normal -0 0.382604 0.923913
    outer loop
      vertex -3 47.2305 3.88569
      vertex 3 47.0491 3.96081
      vertex 3 47.2305 3.88569
    endloop
  endfacet
  facet normal 0 0.382604 0.923913
    outer loop
      vertex 3 47.0491 3.96081
      vertex -3 47.2305 3.88569
      vertex -3 47.0491 3.96081
    endloop
  endfacet
  facet normal 0 -0.887086 0.461605
    outer loop
      vertex -3 49.9486 4.875
      vertex 3 50.0392 5.04911
      vertex -3 50.0392 5.04911
    endloop
  endfacet
  facet normal 0 -0.887086 0.461605
    outer loop
      vertex 3 50.0392 5.04911
      vertex -3 49.9486 4.875
      vertex 3 49.9486 4.875
    endloop
  endfacet
  facet normal 0 1 -0
    outer loop
      vertex 3 45.75 6
      vertex -3 45.75 19
      vertex 3 45.75 19
    endloop
  endfacet
  facet normal 0 1 0
    outer loop
      vertex -3 45.75 19
      vertex 3 45.75 6
      vertex -3 45.75 6
    endloop
  endfacet
  facet normal 0 0.953752 0.300595
    outer loop
      vertex 3 45.8857 5.23046
      vertex -3 45.8267 5.41766
      vertex 3 45.8267 5.41766
    endloop
  endfacet
  facet normal 0 0.953752 0.300595
    outer loop
      vertex -3 45.8267 5.41766
      vertex 3 45.8857 5.23046
      vertex -3 45.8857 5.23046
    endloop
  endfacet
  facet normal 0 0.976278 0.21652
    outer loop
      vertex 3 45.8267 5.41766
      vertex -3 45.7842 5.60929
      vertex 3 45.7842 5.60929
    endloop
  endfacet
  facet normal 0 0.976278 0.21652
    outer loop
      vertex -3 45.7842 5.60929
      vertex 3 45.8267 5.41766
      vertex -3 45.8267 5.41766
    endloop
  endfacet
  facet normal 0 0.976271 -0.216553
    outer loop
      vertex 3 45.7842 19.3907
      vertex -3 45.8267 19.5823
      vertex 3 45.8267 19.5823
    endloop
  endfacet
  facet normal 0 0.976271 -0.216553
    outer loop
      vertex -3 45.8267 19.5823
      vertex 3 45.7842 19.3907
      vertex -3 45.7842 19.3907
    endloop
  endfacet
  facet normal 0 0.608603 -0.793475
    outer loop
      vertex -3 46.5537 20.7236
      vertex 3 46.7095 20.8431
      vertex 3 46.5537 20.7236
    endloop
  endfacet
  facet normal 0 0.608603 -0.793475
    outer loop
      vertex 3 46.7095 20.8431
      vertex -3 46.5537 20.7236
      vertex -3 46.7095 20.8431
    endloop
  endfacet
  facet normal 0 -0.608603 0.793475
    outer loop
      vertex -3 69.2453 12.4774
      vertex 3 69.0895 12.3579
      vertex 3 69.2453 12.4774
    endloop
  endfacet
  facet normal 0 -0.608603 0.793475
    outer loop
      vertex 3 69.0895 12.3579
      vertex -3 69.2453 12.4774
      vertex -3 69.0895 12.3579
    endloop
  endfacet
  facet normal -0 0.0438131 0.99904
    outer loop
      vertex -3 67.799 11.951
      vertex 3 67.6029 11.9596
      vertex 3 67.799 11.951
    endloop
  endfacet
  facet normal 0 0.0438131 0.99904
    outer loop
      vertex 3 67.6029 11.9596
      vertex -3 67.799 11.951
      vertex -3 67.6029 11.9596
    endloop
  endfacet
  facet normal -0 0.382697 0.923874
    outer loop
      vertex -3 67.0294 12.0867
      vertex 3 66.8481 12.1618
      vertex 3 67.0294 12.0867
    endloop
  endfacet
  facet normal 0 0.382697 0.923874
    outer loop
      vertex 3 66.8481 12.1618
      vertex -3 67.0294 12.0867
      vertex -3 66.8481 12.1618
    endloop
  endfacet
  facet normal 0 -0.537535 -0.843242
    outer loop
      vertex -3 59.7316 25.342
      vertex 3 59.8971 25.2365
      vertex 3 59.7316 25.342
    endloop
  endfacet
  facet normal -0 -0.537535 -0.843242
    outer loop
      vertex 3 59.8971 25.2365
      vertex -3 59.7316 25.342
      vertex -3 59.8971 25.2365
    endloop
  endfacet
  facet normal 0 0.953752 -0.300595
    outer loop
      vertex 3 56.4333 23.9757
      vertex -3 56.4923 24.1629
      vertex 3 56.4923 24.1629
    endloop
  endfacet
  facet normal 0 0.953752 -0.300595
    outer loop
      vertex -3 56.4923 24.1629
      vertex 3 56.4333 23.9757
      vertex -3 56.4333 23.9757
    endloop
  endfacet
  facet normal 0 -0.976271 0.216553
    outer loop
      vertex -3 69.9723 13.6187
      vertex 3 70.0148 13.8103
      vertex -3 70.0148 13.8103
    endloop
  endfacet
  facet normal 0 -0.976271 0.216553
    outer loop
      vertex 3 70.0148 13.8103
      vertex -3 69.9723 13.6187
      vertex 3 69.9723 13.6187
    endloop
  endfacet
  facet normal 0 -0.953752 -0.300595
    outer loop
      vertex -3 69.9723 14.7834
      vertex 3 69.9133 14.9706
      vertex -3 69.9133 14.9706
    endloop
  endfacet
  facet normal 0 -0.953752 -0.300595
    outer loop
      vertex 3 69.9133 14.9706
      vertex -3 69.9723 14.7834
      vertex 3 69.9723 14.7834
    endloop
  endfacet
  facet normal 0 -0.675609 -0.73726
    outer loop
      vertex -3 60.0529 25.117
      vertex 3 60.1976 24.9844
      vertex 3 60.0529 25.117
    endloop
  endfacet
  facet normal -0 -0.675609 -0.73726
    outer loop
      vertex 3 60.1976 24.9844
      vertex -3 60.0529 25.117
      vertex -3 60.1976 24.9844
    endloop
  endfacet
  facet normal -0 0.462026 0.886866
    outer loop
      vertex -3 66.8481 12.1618
      vertex 3 66.674 12.2525
      vertex 3 66.8481 12.1618
    endloop
  endfacet
  facet normal 0 0.462026 0.886866
    outer loop
      vertex 3 66.674 12.2525
      vertex -3 66.8481 12.1618
      vertex -3 66.674 12.2525
    endloop
  endfacet
  facet normal 0 0.0438131 -0.99904
    outer loop
      vertex -3 58.4105 25.6348
      vertex 3 58.6066 25.6434
      vertex 3 58.4105 25.6348
    endloop
  endfacet
  facet normal 0 0.0438131 -0.99904
    outer loop
      vertex 3 58.6066 25.6434
      vertex -3 58.4105 25.6348
      vertex -3 58.6066 25.6434
    endloop
  endfacet
  facet normal 0 -0.73726 0.675609
    outer loop
      vertex -3 69.39 12.61
      vertex 3 69.5226 12.7547
      vertex -3 69.5226 12.7547
    endloop
  endfacet
  facet normal 0 -0.73726 0.675609
    outer loop
      vertex 3 69.5226 12.7547
      vertex -3 69.39 12.61
      vertex 3 69.39 12.61
    endloop
  endfacet
  facet normal 0 -0.886866 0.462026
    outer loop
      vertex -3 69.7475 13.076
      vertex 3 69.8382 13.2501
      vertex -3 69.8382 13.2501
    endloop
  endfacet
  facet normal 0 -0.886866 0.462026
    outer loop
      vertex 3 69.8382 13.2501
      vertex -3 69.7475 13.076
      vertex 3 69.7475 13.076
    endloop
  endfacet
  facet normal 0 -0.300595 -0.953752
    outer loop
      vertex -3 59.1889 25.5667
      vertex 3 59.3761 25.5077
      vertex 3 59.1889 25.5667
    endloop
  endfacet
  facet normal -0 -0.300595 -0.953752
    outer loop
      vertex 3 59.3761 25.5077
      vertex -3 59.1889 25.5667
      vertex -3 59.3761 25.5077
    endloop
  endfacet
  facet normal 0 -0.793286 -0.608849
    outer loop
      vertex -3 69.6421 15.4916
      vertex 3 69.5226 15.6473
      vertex -3 69.5226 15.6473
    endloop
  endfacet
  facet normal 0 -0.793286 -0.608849
    outer loop
      vertex 3 69.5226 15.6473
      vertex -3 69.6421 15.4916
      vertex 3 69.6421 15.4916
    endloop
  endfacet
  facet normal 0 -0.991458 -0.130428
    outer loop
      vertex -3 70.0404 14.3971
      vertex 3 70.0148 14.5917
      vertex -3 70.0148 14.5917
    endloop
  endfacet
  facet normal 0 -0.991458 -0.130428
    outer loop
      vertex 3 70.0148 14.5917
      vertex -3 70.0404 14.3971
      vertex 3 70.0404 14.3971
    endloop
  endfacet
  facet normal 0 0.887075 -0.461625
    outer loop
      vertex 3 56.5674 24.3443
      vertex -3 56.658 24.5184
      vertex 3 56.658 24.5184
    endloop
  endfacet
  facet normal 0 0.887075 -0.461625
    outer loop
      vertex -3 56.658 24.5184
      vertex 3 56.5674 24.3443
      vertex -3 56.5674 24.3443
    endloop
  endfacet
  facet normal 0 0.843242 -0.537535
    outer loop
      vertex 3 56.658 24.5184
      vertex -3 56.7635 24.6839
      vertex 3 56.7635 24.6839
    endloop
  endfacet
  facet normal 0 0.843242 -0.537535
    outer loop
      vertex -3 56.7635 24.6839
      vertex 3 56.658 24.5184
      vertex -3 56.658 24.5184
    endloop
  endfacet
  facet normal 0 -0.923949 0.382517
    outer loop
      vertex -3 69.8382 13.2501
      vertex 3 69.9133 13.4315
      vertex -3 69.9133 13.4315
    endloop
  endfacet
  facet normal 0 -0.923949 0.382517
    outer loop
      vertex 3 69.9133 13.4315
      vertex -3 69.8382 13.2501
      vertex 3 69.8382 13.2501
    endloop
  endfacet
  facet normal -0 0.608849 0.793286
    outer loop
      vertex -3 66.5084 12.3579
      vertex 3 66.3527 12.4774
      vertex 3 66.5084 12.3579
    endloop
  endfacet
  facet normal 0 0.608849 0.793286
    outer loop
      vertex 3 66.3527 12.4774
      vertex -3 66.5084 12.3579
      vertex -3 66.3527 12.4774
    endloop
  endfacet
  facet normal 0 0.73726 0.675609
    outer loop
      vertex 3 57.0156 21.8024
      vertex -3 56.883 21.9471
      vertex 3 56.883 21.9471
    endloop
  endfacet
  facet normal 0 0.73726 0.675609
    outer loop
      vertex -3 56.883 21.9471
      vertex 3 57.0156 21.8024
      vertex -3 57.0156 21.8024
    endloop
  endfacet
  facet normal 0 -0.382517 -0.923949
    outer loop
      vertex -3 59.3761 25.5077
      vertex 3 59.5575 25.4326
      vertex 3 59.3761 25.5077
    endloop
  endfacet
  facet normal -0 -0.382517 -0.923949
    outer loop
      vertex 3 59.5575 25.4326
      vertex -3 59.3761 25.5077
      vertex -3 59.5575 25.4326
    endloop
  endfacet
  facet normal 0 -0.608603 -0.793475
    outer loop
      vertex -3 59.8971 25.2365
      vertex 3 60.0529 25.117
      vertex 3 59.8971 25.2365
    endloop
  endfacet
  facet normal -0 -0.608603 -0.793475
    outer loop
      vertex 3 60.0529 25.117
      vertex -3 59.8971 25.2365
      vertex -3 60.0529 25.117
    endloop
  endfacet
  facet normal 0 0.608603 -0.793475
    outer loop
      vertex -3 57.1603 25.117
      vertex 3 57.3161 25.2365
      vertex 3 57.1603 25.117
    endloop
  endfacet
  facet normal 0 0.608603 -0.793475
    outer loop
      vertex 3 57.3161 25.2365
      vertex -3 57.1603 25.117
      vertex -3 57.3161 25.2365
    endloop
  endfacet
  facet normal 0 -0.216553 -0.976271
    outer loop
      vertex -3 58.9973 25.6092
      vertex 3 59.1889 25.5667
      vertex 3 58.9973 25.6092
    endloop
  endfacet
  facet normal -0 -0.216553 -0.976271
    outer loop
      vertex 3 59.1889 25.5667
      vertex -3 58.9973 25.6092
      vertex -3 59.1889 25.5667
    endloop
  endfacet
  facet normal 0 -0.99904 0.0438131
    outer loop
      vertex -3 70.0404 14.0049
      vertex 3 70.049 14.201
      vertex -3 70.049 14.201
    endloop
  endfacet
  facet normal 0 -0.99904 0.0438131
    outer loop
      vertex 3 70.049 14.201
      vertex -3 70.0404 14.0049
      vertex 3 70.0404 14.0049
    endloop
  endfacet
  facet normal 0 -0.130428 -0.991458
    outer loop
      vertex -3 58.8027 25.6348
      vertex 3 58.9973 25.6092
      vertex 3 58.8027 25.6348
    endloop
  endfacet
  facet normal -0 -0.130428 -0.991458
    outer loop
      vertex 3 58.9973 25.6092
      vertex -3 58.8027 25.6348
      vertex -3 58.9973 25.6092
    endloop
  endfacet
  facet normal 0 0.216553 -0.976271
    outer loop
      vertex -3 58.0243 25.5667
      vertex 3 58.2159 25.6092
      vertex 3 58.0243 25.5667
    endloop
  endfacet
  facet normal 0 0.216553 -0.976271
    outer loop
      vertex 3 58.2159 25.6092
      vertex -3 58.0243 25.5667
      vertex -3 58.2159 25.6092
    endloop
  endfacet
  facet normal 0 0.793475 0.608603
    outer loop
      vertex 3 56.883 21.9471
      vertex -3 56.7635 22.1029
      vertex 3 56.7635 22.1029
    endloop
  endfacet
  facet normal 0 0.793475 0.608603
    outer loop
      vertex -3 56.7635 22.1029
      vertex 3 56.883 21.9471
      vertex -3 56.883 21.9471
    endloop
  endfacet
  facet normal 0 -0.130428 0.991458
    outer loop
      vertex -3 68.1897 11.9852
      vertex 3 67.9951 11.9596
      vertex 3 68.1897 11.9852
    endloop
  endfacet
  facet normal 0 -0.130428 0.991458
    outer loop
      vertex 3 67.9951 11.9596
      vertex -3 68.1897 11.9852
      vertex -3 67.9951 11.9596
    endloop
  endfacet
  facet normal 0 -0.953752 0.300595
    outer loop
      vertex -3 69.9133 13.4315
      vertex 3 69.9723 13.6187
      vertex -3 69.9723 13.6187
    endloop
  endfacet
  facet normal 0 -0.953752 0.300595
    outer loop
      vertex 3 69.9723 13.6187
      vertex -3 69.9133 13.4315
      vertex 3 69.9133 13.4315
    endloop
  endfacet
  facet normal 0 0.130428 -0.991458
    outer loop
      vertex -3 58.2159 25.6092
      vertex 3 58.4105 25.6348
      vertex 3 58.2159 25.6092
    endloop
  endfacet
  facet normal 0 0.130428 -0.991458
    outer loop
      vertex 3 58.4105 25.6348
      vertex -3 58.2159 25.6092
      vertex -3 58.4105 25.6348
    endloop
  endfacet
  facet normal 0 -0.675609 0.73726
    outer loop
      vertex -3 69.39 12.61
      vertex 3 69.2453 12.4774
      vertex 3 69.39 12.61
    endloop
  endfacet
  facet normal 0 -0.675609 0.73726
    outer loop
      vertex 3 69.2453 12.4774
      vertex -3 69.39 12.61
      vertex -3 69.2453 12.4774
    endloop
  endfacet
  facet normal 0 0.382517 -0.923949
    outer loop
      vertex -3 57.6557 25.4326
      vertex 3 57.8371 25.5077
      vertex 3 57.6557 25.4326
    endloop
  endfacet
  facet normal 0 0.382517 -0.923949
    outer loop
      vertex 3 57.8371 25.5077
      vertex -3 57.6557 25.4326
      vertex -3 57.8371 25.5077
    endloop
  endfacet
  facet normal 0 -0.382517 0.923949
    outer loop
      vertex -3 68.7499 12.1618
      vertex 3 68.5685 12.0867
      vertex 3 68.7499 12.1618
    endloop
  endfacet
  facet normal 0 -0.382517 0.923949
    outer loop
      vertex 3 68.5685 12.0867
      vertex -3 68.7499 12.1618
      vertex -3 68.5685 12.0867
    endloop
  endfacet
  facet normal -0 0.300595 0.953752
    outer loop
      vertex -3 67.2166 12.0277
      vertex 3 67.0294 12.0867
      vertex 3 67.2166 12.0277
    endloop
  endfacet
  facet normal 0 0.300595 0.953752
    outer loop
      vertex 3 67.0294 12.0867
      vertex -3 67.2166 12.0277
      vertex -3 67.0294 12.0867
    endloop
  endfacet
  facet normal 0 -0.991458 0.130428
    outer loop
      vertex -3 70.0148 13.8103
      vertex 3 70.0404 14.0049
      vertex -3 70.0404 14.0049
    endloop
  endfacet
  facet normal 0 -0.991458 0.130428
    outer loop
      vertex 3 70.0404 14.0049
      vertex -3 70.0148 13.8103
      vertex 3 70.0148 13.8103
    endloop
  endfacet
  facet normal 0 0.991458 -0.130428
    outer loop
      vertex 3 56.3652 23.5895
      vertex -3 56.3908 23.7841
      vertex 3 56.3908 23.7841
    endloop
  endfacet
  facet normal 0 0.991458 -0.130428
    outer loop
      vertex -3 56.3908 23.7841
      vertex 3 56.3652 23.5895
      vertex -3 56.3652 23.5895
    endloop
  endfacet
  facet normal 0 -0.923874 -0.382697
    outer loop
      vertex -3 69.9133 14.9706
      vertex 3 69.8382 15.1519
      vertex -3 69.8382 15.1519
    endloop
  endfacet
  facet normal 0 -0.923874 -0.382697
    outer loop
      vertex 3 69.8382 15.1519
      vertex -3 69.9133 14.9706
      vertex 3 69.9133 14.9706
    endloop
  endfacet
  facet normal 0 -0.84362 -0.536941
    outer loop
      vertex -3 69.7475 15.326
      vertex 3 69.6421 15.4916
      vertex -3 69.6421 15.4916
    endloop
  endfacet
  facet normal 0 -0.84362 -0.536941
    outer loop
      vertex 3 69.6421 15.4916
      vertex -3 69.7475 15.326
      vertex 3 69.7475 15.326
    endloop
  endfacet
  facet normal 0 -0.73726 -0.675609
    outer loop
      vertex -3 69.5226 15.6473
      vertex 3 69.39 15.792
      vertex -3 69.39 15.792
    endloop
  endfacet
  facet normal 0 -0.73726 -0.675609
    outer loop
      vertex 3 69.39 15.792
      vertex -3 69.5226 15.6473
      vertex 3 69.5226 15.6473
    endloop
  endfacet
  facet normal -0 0.216445 0.976295
    outer loop
      vertex -3 67.4083 11.9852
      vertex 3 67.2166 12.0277
      vertex 3 67.4083 11.9852
    endloop
  endfacet
  facet normal 0 0.216445 0.976295
    outer loop
      vertex 3 67.2166 12.0277
      vertex -3 67.4083 11.9852
      vertex -3 67.2166 12.0277
    endloop
  endfacet
  facet normal 0 0.793475 -0.608603
    outer loop
      vertex 3 56.7635 24.6839
      vertex -3 56.883 24.8397
      vertex 3 56.883 24.8397
    endloop
  endfacet
  facet normal 0 0.793475 -0.608603
    outer loop
      vertex -3 56.883 24.8397
      vertex 3 56.7635 24.6839
      vertex -3 56.7635 24.6839
    endloop
  endfacet
  facet normal 0 0.887075 0.461625
    outer loop
      vertex 3 56.658 22.2684
      vertex -3 56.5674 22.4425
      vertex 3 56.5674 22.4425
    endloop
  endfacet
  facet normal 0 0.887075 0.461625
    outer loop
      vertex -3 56.5674 22.4425
      vertex 3 56.658 22.2684
      vertex -3 56.658 22.2684
    endloop
  endfacet
  facet normal 0 -0.707107 -0.707107
    outer loop
      vertex -3 69.39 15.792
      vertex 3 60.1976 24.9844
      vertex -3 60.1976 24.9844
    endloop
  endfacet
  facet normal 0 -0.707107 -0.707107
    outer loop
      vertex 3 60.1976 24.9844
      vertex -3 69.39 15.792
      vertex 3 69.39 15.792
    endloop
  endfacet
  facet normal -0 0.675609 0.73726
    outer loop
      vertex -3 66.3527 12.4774
      vertex 3 66.208 12.61
      vertex 3 66.3527 12.4774
    endloop
  endfacet
  facet normal 0 0.675609 0.73726
    outer loop
      vertex 3 66.208 12.61
      vertex -3 66.3527 12.4774
      vertex -3 66.208 12.61
    endloop
  endfacet
  facet normal 0 -0.976295 -0.216445
    outer loop
      vertex -3 70.0148 14.5917
      vertex 3 69.9723 14.7834
      vertex -3 69.9723 14.7834
    endloop
  endfacet
  facet normal 0 -0.976295 -0.216445
    outer loop
      vertex 3 69.9723 14.7834
      vertex -3 70.0148 14.5917
      vertex 3 70.0148 14.5917
    endloop
  endfacet
  facet normal 0 0.976271 -0.216553
    outer loop
      vertex 3 56.3908 23.7841
      vertex -3 56.4333 23.9757
      vertex 3 56.4333 23.9757
    endloop
  endfacet
  facet normal 0 0.976271 -0.216553
    outer loop
      vertex -3 56.4333 23.9757
      vertex 3 56.3908 23.7841
      vertex -3 56.3908 23.7841
    endloop
  endfacet
  facet normal 0 0.843242 0.537535
    outer loop
      vertex 3 56.7635 22.1029
      vertex -3 56.658 22.2684
      vertex 3 56.658 22.2684
    endloop
  endfacet
  facet normal 0 0.843242 0.537535
    outer loop
      vertex -3 56.658 22.2684
      vertex 3 56.7635 22.1029
      vertex -3 56.7635 22.1029
    endloop
  endfacet
  facet normal -0 0.536941 0.84362
    outer loop
      vertex -3 66.674 12.2525
      vertex 3 66.5084 12.3579
      vertex 3 66.674 12.2525
    endloop
  endfacet
  facet normal 0 0.536941 0.84362
    outer loop
      vertex 3 66.5084 12.3579
      vertex -3 66.674 12.2525
      vertex -3 66.5084 12.3579
    endloop
  endfacet
  facet normal 0 -0.0438131 -0.99904
    outer loop
      vertex -3 58.6066 25.6434
      vertex 3 58.8027 25.6348
      vertex 3 58.6066 25.6434
    endloop
  endfacet
  facet normal -0 -0.0438131 -0.99904
    outer loop
      vertex 3 58.8027 25.6348
      vertex -3 58.6066 25.6434
      vertex -3 58.8027 25.6348
    endloop
  endfacet
  facet normal 0 0.675609 -0.73726
    outer loop
      vertex -3 57.0156 24.9844
      vertex 3 57.1603 25.117
      vertex 3 57.0156 24.9844
    endloop
  endfacet
  facet normal 0 0.675609 -0.73726
    outer loop
      vertex 3 57.1603 25.117
      vertex -3 57.0156 24.9844
      vertex -3 57.1603 25.117
    endloop
  endfacet
  facet normal 0 0.976271 0.216553
    outer loop
      vertex 3 56.4333 22.8111
      vertex -3 56.3908 23.0027
      vertex 3 56.3908 23.0027
    endloop
  endfacet
  facet normal 0 0.976271 0.216553
    outer loop
      vertex -3 56.3908 23.0027
      vertex 3 56.4333 22.8111
      vertex -3 56.4333 22.8111
    endloop
  endfacet
  facet normal -0 0.707107 0.707107
    outer loop
      vertex -3 66.208 12.61
      vertex 3 57.0156 21.8024
      vertex 3 66.208 12.61
    endloop
  endfacet
  facet normal 0 0.707107 0.707107
    outer loop
      vertex 3 57.0156 21.8024
      vertex -3 66.208 12.61
      vertex -3 57.0156 21.8024
    endloop
  endfacet
  facet normal 0 0.300595 -0.953752
    outer loop
      vertex -3 57.8371 25.5077
      vertex 3 58.0243 25.5667
      vertex 3 57.8371 25.5077
    endloop
  endfacet
  facet normal 0 0.300595 -0.953752
    outer loop
      vertex 3 58.0243 25.5667
      vertex -3 57.8371 25.5077
      vertex -3 58.0243 25.5667
    endloop
  endfacet
  facet normal 0 -0.300595 0.953752
    outer loop
      vertex -3 68.5685 12.0867
      vertex 3 68.3813 12.0277
      vertex 3 68.5685 12.0867
    endloop
  endfacet
  facet normal 0 -0.300595 0.953752
    outer loop
      vertex 3 68.3813 12.0277
      vertex -3 68.5685 12.0867
      vertex -3 68.3813 12.0277
    endloop
  endfacet
  facet normal 0 -0.216553 0.976271
    outer loop
      vertex -3 68.3813 12.0277
      vertex 3 68.1897 11.9852
      vertex 3 68.3813 12.0277
    endloop
  endfacet
  facet normal 0 -0.216553 0.976271
    outer loop
      vertex 3 68.1897 11.9852
      vertex -3 68.3813 12.0277
      vertex -3 68.1897 11.9852
    endloop
  endfacet
  facet normal 0 -0.462026 0.886866
    outer loop
      vertex -3 68.924 12.2525
      vertex 3 68.7499 12.1618
      vertex 3 68.924 12.2525
    endloop
  endfacet
  facet normal 0 -0.462026 0.886866
    outer loop
      vertex 3 68.7499 12.1618
      vertex -3 68.924 12.2525
      vertex -3 68.7499 12.1618
    endloop
  endfacet
  facet normal 0 0.991458 0.130428
    outer loop
      vertex 3 56.3908 23.0027
      vertex -3 56.3652 23.1973
      vertex 3 56.3652 23.1973
    endloop
  endfacet
  facet normal 0 0.991458 0.130428
    outer loop
      vertex -3 56.3652 23.1973
      vertex 3 56.3908 23.0027
      vertex -3 56.3908 23.0027
    endloop
  endfacet
  facet normal 0 -0.461625 -0.887075
    outer loop
      vertex -3 59.5575 25.4326
      vertex 3 59.7316 25.342
      vertex 3 59.5575 25.4326
    endloop
  endfacet
  facet normal -0 -0.461625 -0.887075
    outer loop
      vertex 3 59.7316 25.342
      vertex -3 59.5575 25.4326
      vertex -3 59.7316 25.342
    endloop
  endfacet
  facet normal 0 -0.0438131 0.99904
    outer loop
      vertex -3 67.9951 11.9596
      vertex 3 67.799 11.951
      vertex 3 67.9951 11.9596
    endloop
  endfacet
  facet normal 0 -0.0438131 0.99904
    outer loop
      vertex 3 67.799 11.951
      vertex -3 67.9951 11.9596
      vertex -3 67.799 11.951
    endloop
  endfacet
  facet normal 0 -0.537172 0.843473
    outer loop
      vertex -3 69.0895 12.3579
      vertex 3 68.924 12.2525
      vertex 3 69.0895 12.3579
    endloop
  endfacet
  facet normal 0 -0.537172 0.843473
    outer loop
      vertex 3 68.924 12.2525
      vertex -3 69.0895 12.3579
      vertex -3 68.924 12.2525
    endloop
  endfacet
  facet normal 0 0.461625 -0.887075
    outer loop
      vertex -3 57.4816 25.342
      vertex 3 57.6557 25.4326
      vertex 3 57.4816 25.342
    endloop
  endfacet
  facet normal 0 0.461625 -0.887075
    outer loop
      vertex 3 57.6557 25.4326
      vertex -3 57.4816 25.342
      vertex -3 57.6557 25.4326
    endloop
  endfacet
  facet normal 0 0.537535 -0.843242
    outer loop
      vertex -3 57.3161 25.2365
      vertex 3 57.4816 25.342
      vertex 3 57.3161 25.2365
    endloop
  endfacet
  facet normal 0 0.537535 -0.843242
    outer loop
      vertex 3 57.4816 25.342
      vertex -3 57.3161 25.2365
      vertex -3 57.4816 25.342
    endloop
  endfacet
  facet normal 0 -0.886866 -0.462026
    outer loop
      vertex -3 69.8382 15.1519
      vertex 3 69.7475 15.326
      vertex -3 69.7475 15.326
    endloop
  endfacet
  facet normal 0 -0.886866 -0.462026
    outer loop
      vertex 3 69.7475 15.326
      vertex -3 69.8382 15.1519
      vertex 3 69.8382 15.1519
    endloop
  endfacet
  facet normal 0 0.99904 -0.0438131
    outer loop
      vertex 3 56.3566 23.3934
      vertex -3 56.3652 23.5895
      vertex 3 56.3652 23.5895
    endloop
  endfacet
  facet normal 0 0.99904 -0.0438131
    outer loop
      vertex -3 56.3652 23.5895
      vertex 3 56.3566 23.3934
      vertex -3 56.3566 23.3934
    endloop
  endfacet
  facet normal 0 0.99904 0.0438131
    outer loop
      vertex 3 56.3652 23.1973
      vertex -3 56.3566 23.3934
      vertex 3 56.3566 23.3934
    endloop
  endfacet
  facet normal 0 0.99904 0.0438131
    outer loop
      vertex -3 56.3566 23.3934
      vertex 3 56.3652 23.1973
      vertex -3 56.3652 23.1973
    endloop
  endfacet
  facet normal 0 -0.793475 0.608603
    outer loop
      vertex -3 69.5226 12.7547
      vertex 3 69.6421 12.9105
      vertex -3 69.6421 12.9105
    endloop
  endfacet
  facet normal 0 -0.793475 0.608603
    outer loop
      vertex 3 69.6421 12.9105
      vertex -3 69.5226 12.7547
      vertex 3 69.5226 12.7547
    endloop
  endfacet
  facet normal 0 -0.843473 0.537172
    outer loop
      vertex -3 69.6421 12.9105
      vertex 3 69.7475 13.076
      vertex -3 69.7475 13.076
    endloop
  endfacet
  facet normal 0 -0.843473 0.537172
    outer loop
      vertex 3 69.7475 13.076
      vertex -3 69.6421 12.9105
      vertex 3 69.6421 12.9105
    endloop
  endfacet
  facet normal 0 0.953752 0.300595
    outer loop
      vertex 3 56.4923 22.6239
      vertex -3 56.4333 22.8111
      vertex 3 56.4333 22.8111
    endloop
  endfacet
  facet normal 0 0.953752 0.300595
    outer loop
      vertex -3 56.4333 22.8111
      vertex 3 56.4923 22.6239
      vertex -3 56.4923 22.6239
    endloop
  endfacet
  facet normal 0 0.923949 0.382517
    outer loop
      vertex 3 56.5674 22.4425
      vertex -3 56.4923 22.6239
      vertex 3 56.4923 22.6239
    endloop
  endfacet
  facet normal 0 0.923949 0.382517
    outer loop
      vertex -3 56.4923 22.6239
      vertex 3 56.5674 22.4425
      vertex -3 56.5674 22.4425
    endloop
  endfacet
  facet normal 0 0.73726 -0.675609
    outer loop
      vertex 3 56.883 24.8397
      vertex -3 57.0156 24.9844
      vertex 3 57.0156 24.9844
    endloop
  endfacet
  facet normal 0 0.73726 -0.675609
    outer loop
      vertex -3 57.0156 24.9844
      vertex 3 56.883 24.8397
      vertex -3 56.883 24.8397
    endloop
  endfacet
  facet normal 0 -0.99904 -0.0438131
    outer loop
      vertex -3 70.049 14.201
      vertex 3 70.0404 14.3971
      vertex -3 70.0404 14.3971
    endloop
  endfacet
  facet normal 0 -0.99904 -0.0438131
    outer loop
      vertex 3 70.0404 14.3971
      vertex -3 70.049 14.201
      vertex 3 70.049 14.201
    endloop
  endfacet
  facet normal -0 0.130428 0.991458
    outer loop
      vertex -3 67.6029 11.9596
      vertex 3 67.4083 11.9852
      vertex 3 67.6029 11.9596
    endloop
  endfacet
  facet normal 0 0.130428 0.991458
    outer loop
      vertex 3 67.4083 11.9852
      vertex -3 67.6029 11.9596
      vertex -3 67.4083 11.9852
    endloop
  endfacet
  facet normal 0 0.923949 -0.382517
    outer loop
      vertex 3 56.4923 24.1629
      vertex -3 56.5674 24.3443
      vertex 3 56.5674 24.3443
    endloop
  endfacet
  facet normal 0 0.923949 -0.382517
    outer loop
      vertex -3 56.5674 24.3443
      vertex 3 56.4923 24.1629
      vertex -3 56.4923 24.1629
    endloop
  endfacet
  facet normal 0 0.300595 -0.953752
    outer loop
      vertex -3 62.2305 36.1143
      vertex 3 62.4177 36.1733
      vertex 3 62.2305 36.1143
    endloop
  endfacet
  facet normal 0 0.300595 -0.953752
    outer loop
      vertex 3 62.4177 36.1733
      vertex -3 62.2305 36.1143
      vertex -3 62.4177 36.1733
    endloop
  endfacet
  facet normal 0 0.991458 -0.130428
    outer loop
      vertex 3 60.7586 34.1961
      vertex -3 60.7842 34.3907
      vertex 3 60.7842 34.3907
    endloop
  endfacet
  facet normal 0 0.991458 -0.130428
    outer loop
      vertex -3 60.7842 34.3907
      vertex 3 60.7586 34.1961
      vertex -3 60.7586 34.1961
    endloop
  endfacet
  facet normal 0 0.0438131 -0.99904
    outer loop
      vertex -3 62.8039 36.2414
      vertex 3 63 36.25
      vertex 3 62.8039 36.2414
    endloop
  endfacet
  facet normal 0 0.0438131 -0.99904
    outer loop
      vertex 3 63 36.25
      vertex -3 62.8039 36.2414
      vertex -3 63 36.25
    endloop
  endfacet
  facet normal 0 0 -1
    outer loop
      vertex -3 63 36.25
      vertex 3 75.75 36.25
      vertex 3 63 36.25
    endloop
  endfacet
  facet normal -0 0 -1
    outer loop
      vertex 3 75.75 36.25
      vertex -3 63 36.25
      vertex -3 75.75 36.25
    endloop
  endfacet
  facet normal 0 0.99904 0.0438131
    outer loop
      vertex 3 60.7586 33.8039
      vertex -3 60.75 34
      vertex 3 60.75 34
    endloop
  endfacet
  facet normal 0 0.99904 0.0438131
    outer loop
      vertex -3 60.75 34
      vertex 3 60.7586 33.8039
      vertex -3 60.7586 33.8039
    endloop
  endfacet
  facet normal 0 0.73726 -0.675609
    outer loop
      vertex 3 61.2764 35.4463
      vertex -3 61.409 35.591
      vertex 3 61.409 35.591
    endloop
  endfacet
  facet normal 0 0.73726 -0.675609
    outer loop
      vertex -3 61.409 35.591
      vertex 3 61.2764 35.4463
      vertex -3 61.2764 35.4463
    endloop
  endfacet
  facet normal 0 0.991458 0.130428
    outer loop
      vertex 3 60.7842 33.6093
      vertex -3 60.7586 33.8039
      vertex 3 60.7586 33.8039
    endloop
  endfacet
  facet normal 0 0.991458 0.130428
    outer loop
      vertex -3 60.7586 33.8039
      vertex 3 60.7842 33.6093
      vertex -3 60.7842 33.6093
    endloop
  endfacet
  facet normal -0 0.537535 0.843242
    outer loop
      vertex -3 61.875 32.0514
      vertex 3 61.7095 32.1569
      vertex 3 61.875 32.0514
    endloop
  endfacet
  facet normal 0 0.537535 0.843242
    outer loop
      vertex 3 61.7095 32.1569
      vertex -3 61.875 32.0514
      vertex -3 61.7095 32.1569
    endloop
  endfacet
  facet normal 0 0.99904 -0.0438131
    outer loop
      vertex 3 60.75 34
      vertex -3 60.7586 34.1961
      vertex 3 60.7586 34.1961
    endloop
  endfacet
  facet normal 0 0.99904 -0.0438131
    outer loop
      vertex -3 60.7586 34.1961
      vertex 3 60.75 34
      vertex -3 60.75 34
    endloop
  endfacet
  facet normal 0 0.537535 -0.843242
    outer loop
      vertex -3 61.7095 35.8431
      vertex 3 61.875 35.9486
      vertex 3 61.7095 35.8431
    endloop
  endfacet
  facet normal 0 0.537535 -0.843242
    outer loop
      vertex 3 61.875 35.9486
      vertex -3 61.7095 35.8431
      vertex -3 61.875 35.9486
    endloop
  endfacet
  facet normal 0 0.976271 0.216553
    outer loop
      vertex 3 60.8267 33.4177
      vertex -3 60.7842 33.6093
      vertex 3 60.7842 33.6093
    endloop
  endfacet
  facet normal 0 0.976271 0.216553
    outer loop
      vertex -3 60.7842 33.6093
      vertex 3 60.8267 33.4177
      vertex -3 60.8267 33.4177
    endloop
  endfacet
  facet normal 0 0.843242 0.537535
    outer loop
      vertex 3 61.1569 32.7095
      vertex -3 61.0514 32.875
      vertex 3 61.0514 32.875
    endloop
  endfacet
  facet normal 0 0.843242 0.537535
    outer loop
      vertex -3 61.0514 32.875
      vertex 3 61.1569 32.7095
      vertex -3 61.1569 32.7095
    endloop
  endfacet
  facet normal -0 0.382517 0.923949
    outer loop
      vertex -3 62.2305 31.8857
      vertex 3 62.0491 31.9608
      vertex 3 62.2305 31.8857
    endloop
  endfacet
  facet normal 0 0.382517 0.923949
    outer loop
      vertex 3 62.0491 31.9608
      vertex -3 62.2305 31.8857
      vertex -3 62.0491 31.9608
    endloop
  endfacet
  facet normal 0 0.216553 -0.976271
    outer loop
      vertex -3 62.4177 36.1733
      vertex 3 62.6093 36.2158
      vertex 3 62.4177 36.1733
    endloop
  endfacet
  facet normal 0 0.216553 -0.976271
    outer loop
      vertex 3 62.6093 36.2158
      vertex -3 62.4177 36.1733
      vertex -3 62.6093 36.2158
    endloop
  endfacet
  facet normal 0 0.887075 -0.461625
    outer loop
      vertex 3 60.9608 34.9509
      vertex -3 61.0514 35.125
      vertex 3 61.0514 35.125
    endloop
  endfacet
  facet normal 0 0.887075 -0.461625
    outer loop
      vertex -3 61.0514 35.125
      vertex 3 60.9608 34.9509
      vertex -3 60.9608 34.9509
    endloop
  endfacet
  facet normal -0 0.130428 0.991458
    outer loop
      vertex -3 62.8039 31.7586
      vertex 3 62.6093 31.7842
      vertex 3 62.8039 31.7586
    endloop
  endfacet
  facet normal 0 0.130428 0.991458
    outer loop
      vertex 3 62.6093 31.7842
      vertex -3 62.8039 31.7586
      vertex -3 62.6093 31.7842
    endloop
  endfacet
  facet normal 0 0.953752 0.300595
    outer loop
      vertex 3 60.8857 33.2305
      vertex -3 60.8267 33.4177
      vertex 3 60.8267 33.4177
    endloop
  endfacet
  facet normal 0 0.953752 0.300595
    outer loop
      vertex -3 60.8267 33.4177
      vertex 3 60.8857 33.2305
      vertex -3 60.8857 33.2305
    endloop
  endfacet
  facet normal 0 0.608603 -0.793475
    outer loop
      vertex -3 61.5537 35.7236
      vertex 3 61.7095 35.8431
      vertex 3 61.5537 35.7236
    endloop
  endfacet
  facet normal 0 0.608603 -0.793475
    outer loop
      vertex 3 61.7095 35.8431
      vertex -3 61.5537 35.7236
      vertex -3 61.7095 35.8431
    endloop
  endfacet
  facet normal 0 0.887075 0.461625
    outer loop
      vertex 3 61.0514 32.875
      vertex -3 60.9608 33.0491
      vertex 3 60.9608 33.0491
    endloop
  endfacet
  facet normal 0 0.887075 0.461625
    outer loop
      vertex -3 60.9608 33.0491
      vertex 3 61.0514 32.875
      vertex -3 61.0514 32.875
    endloop
  endfacet
  facet normal 0 0.130428 -0.991458
    outer loop
      vertex -3 62.6093 36.2158
      vertex 3 62.8039 36.2414
      vertex 3 62.6093 36.2158
    endloop
  endfacet
  facet normal 0 0.130428 -0.991458
    outer loop
      vertex 3 62.8039 36.2414
      vertex -3 62.6093 36.2158
      vertex -3 62.8039 36.2414
    endloop
  endfacet
  facet normal 0 0.382517 -0.923949
    outer loop
      vertex -3 62.0491 36.0392
      vertex 3 62.2305 36.1143
      vertex 3 62.0491 36.0392
    endloop
  endfacet
  facet normal 0 0.382517 -0.923949
    outer loop
      vertex 3 62.2305 36.1143
      vertex -3 62.0491 36.0392
      vertex -3 62.2305 36.1143
    endloop
  endfacet
  facet normal 0 0.843242 -0.537535
    outer loop
      vertex 3 61.0514 35.125
      vertex -3 61.1569 35.2905
      vertex 3 61.1569 35.2905
    endloop
  endfacet
  facet normal 0 0.843242 -0.537535
    outer loop
      vertex -3 61.1569 35.2905
      vertex 3 61.0514 35.125
      vertex -3 61.0514 35.125
    endloop
  endfacet
  facet normal 0 0.976271 -0.216553
    outer loop
      vertex 3 60.7842 34.3907
      vertex -3 60.8267 34.5823
      vertex 3 60.8267 34.5823
    endloop
  endfacet
  facet normal 0 0.976271 -0.216553
    outer loop
      vertex -3 60.8267 34.5823
      vertex 3 60.7842 34.3907
      vertex -3 60.7842 34.3907
    endloop
  endfacet
  facet normal 0 0.953752 -0.300595
    outer loop
      vertex 3 60.8267 34.5823
      vertex -3 60.8857 34.7695
      vertex 3 60.8857 34.7695
    endloop
  endfacet
  facet normal 0 0.953752 -0.300595
    outer loop
      vertex -3 60.8857 34.7695
      vertex 3 60.8267 34.5823
      vertex -3 60.8267 34.5823
    endloop
  endfacet
  facet normal 0 0.73726 0.675609
    outer loop
      vertex 3 61.409 32.409
      vertex -3 61.2764 32.5537
      vertex 3 61.2764 32.5537
    endloop
  endfacet
  facet normal 0 0.73726 0.675609
    outer loop
      vertex -3 61.2764 32.5537
      vertex 3 61.409 32.409
      vertex -3 61.409 32.409
    endloop
  endfacet
  facet normal 0 0.923949 -0.382517
    outer loop
      vertex 3 60.8857 34.7695
      vertex -3 60.9608 34.9509
      vertex 3 60.9608 34.9509
    endloop
  endfacet
  facet normal 0 0.923949 -0.382517
    outer loop
      vertex -3 60.9608 34.9509
      vertex 3 60.8857 34.7695
      vertex -3 60.8857 34.7695
    endloop
  endfacet
  facet normal 0 0.461625 -0.887075
    outer loop
      vertex -3 61.875 35.9486
      vertex 3 62.0491 36.0392
      vertex 3 61.875 35.9486
    endloop
  endfacet
  facet normal 0 0.461625 -0.887075
    outer loop
      vertex 3 62.0491 36.0392
      vertex -3 61.875 35.9486
      vertex -3 62.0491 36.0392
    endloop
  endfacet
  facet normal 0 0.675609 -0.73726
    outer loop
      vertex -3 61.409 35.591
      vertex 3 61.5537 35.7236
      vertex 3 61.409 35.591
    endloop
  endfacet
  facet normal 0 0.675609 -0.73726
    outer loop
      vertex 3 61.5537 35.7236
      vertex -3 61.409 35.591
      vertex -3 61.5537 35.7236
    endloop
  endfacet
  facet normal -0 0.461625 0.887075
    outer loop
      vertex -3 62.0491 31.9608
      vertex 3 61.875 32.0514
      vertex 3 62.0491 31.9608
    endloop
  endfacet
  facet normal 0 0.461625 0.887075
    outer loop
      vertex 3 61.875 32.0514
      vertex -3 62.0491 31.9608
      vertex -3 61.875 32.0514
    endloop
  endfacet
  facet normal -0 0.608603 0.793475
    outer loop
      vertex -3 61.7095 32.1569
      vertex 3 61.5537 32.2764
      vertex 3 61.7095 32.1569
    endloop
  endfacet
  facet normal 0 0.608603 0.793475
    outer loop
      vertex 3 61.5537 32.2764
      vertex -3 61.7095 32.1569
      vertex -3 61.5537 32.2764
    endloop
  endfacet
  facet normal -0 0.675609 0.73726
    outer loop
      vertex -3 61.5537 32.2764
      vertex 3 61.409 32.409
      vertex 3 61.5537 32.2764
    endloop
  endfacet
  facet normal 0 0.675609 0.73726
    outer loop
      vertex 3 61.409 32.409
      vertex -3 61.5537 32.2764
      vertex -3 61.409 32.409
    endloop
  endfacet
  facet normal 0 0.923949 0.382517
    outer loop
      vertex 3 60.9608 33.0491
      vertex -3 60.8857 33.2305
      vertex 3 60.8857 33.2305
    endloop
  endfacet
  facet normal 0 0.923949 0.382517
    outer loop
      vertex -3 60.8857 33.2305
      vertex 3 60.9608 33.0491
      vertex -3 60.9608 33.0491
    endloop
  endfacet
  facet normal -0 0.0438131 0.99904
    outer loop
      vertex -3 63 31.75
      vertex 3 62.8039 31.7586
      vertex 3 63 31.75
    endloop
  endfacet
  facet normal 0 0.0438131 0.99904
    outer loop
      vertex 3 62.8039 31.7586
      vertex -3 63 31.75
      vertex -3 62.8039 31.7586
    endloop
  endfacet
  facet normal -0 0 1
    outer loop
      vertex -3 75.75 31.75
      vertex 3 63 31.75
      vertex 3 75.75 31.75
    endloop
  endfacet
  facet normal 0 0 1
    outer loop
      vertex 3 63 31.75
      vertex -3 75.75 31.75
      vertex -3 63 31.75
    endloop
  endfacet
  facet normal 0 0.793475 -0.608603
    outer loop
      vertex 3 61.1569 35.2905
      vertex -3 61.2764 35.4463
      vertex 3 61.2764 35.4463
    endloop
  endfacet
  facet normal 0 0.793475 -0.608603
    outer loop
      vertex -3 61.2764 35.4463
      vertex 3 61.1569 35.2905
      vertex -3 61.1569 35.2905
    endloop
  endfacet
  facet normal -0 0.300595 0.953752
    outer loop
      vertex -3 62.4177 31.8267
      vertex 3 62.2305 31.8857
      vertex 3 62.4177 31.8267
    endloop
  endfacet
  facet normal 0 0.300595 0.953752
    outer loop
      vertex 3 62.2305 31.8857
      vertex -3 62.4177 31.8267
      vertex -3 62.2305 31.8857
    endloop
  endfacet
  facet normal -0 0.216553 0.976271
    outer loop
      vertex -3 62.6093 31.7842
      vertex 3 62.4177 31.8267
      vertex 3 62.6093 31.7842
    endloop
  endfacet
  facet normal 0 0.216553 0.976271
    outer loop
      vertex 3 62.4177 31.8267
      vertex -3 62.6093 31.7842
      vertex -3 62.4177 31.8267
    endloop
  endfacet
  facet normal 0 0.793475 0.608603
    outer loop
      vertex 3 61.2764 32.5537
      vertex -3 61.1569 32.7095
      vertex 3 61.1569 32.7095
    endloop
  endfacet
  facet normal 0 0.793475 0.608603
    outer loop
      vertex -3 61.1569 32.7095
      vertex 3 61.2764 32.5537
      vertex -3 61.2764 32.5537
    endloop
  endfacet
  facet normal 0 0.462026 -0.886866
    outer loop
      vertex -3 66.674 55.7475
      vertex 3 66.8481 55.8382
      vertex 3 66.674 55.7475
    endloop
  endfacet
  facet normal 0 0.462026 -0.886866
    outer loop
      vertex 3 66.8481 55.8382
      vertex -3 66.674 55.7475
      vertex -3 66.8481 55.8382
    endloop
  endfacet
  facet normal 0 0.953752 -0.300595
    outer loop
      vertex 3 56.4333 45.1889
      vertex -3 56.4923 45.3761
      vertex 3 56.4923 45.3761
    endloop
  endfacet
  facet normal 0 0.953752 -0.300595
    outer loop
      vertex -3 56.4923 45.3761
      vertex 3 56.4333 45.1889
      vertex -3 56.4333 45.1889
    endloop
  endfacet
  facet normal 0 -0.793475 -0.608603
    outer loop
      vertex -3 69.6421 55.0895
      vertex 3 69.5226 55.2453
      vertex -3 69.5226 55.2453
    endloop
  endfacet
  facet normal 0 -0.793475 -0.608603
    outer loop
      vertex 3 69.5226 55.2453
      vertex -3 69.6421 55.0895
      vertex 3 69.6421 55.0895
    endloop
  endfacet
  facet normal 0 0.130428 -0.991458
    outer loop
      vertex -3 67.4083 56.0148
      vertex 3 67.6029 56.0404
      vertex 3 67.4083 56.0148
    endloop
  endfacet
  facet normal 0 0.130428 -0.991458
    outer loop
      vertex 3 67.6029 56.0404
      vertex -3 67.4083 56.0148
      vertex -3 67.6029 56.0404
    endloop
  endfacet
  facet normal 0 -0.608603 0.793475
    outer loop
      vertex -3 60.0529 42.883
      vertex 3 59.8971 42.7635
      vertex 3 60.0529 42.883
    endloop
  endfacet
  facet normal 0 -0.608603 0.793475
    outer loop
      vertex 3 59.8971 42.7635
      vertex -3 60.0529 42.883
      vertex -3 59.8971 42.7635
    endloop
  endfacet
  facet normal 0 -0.923874 0.382697
    outer loop
      vertex -3 69.8382 52.8481
      vertex 3 69.9133 53.0294
      vertex -3 69.9133 53.0294
    endloop
  endfacet
  facet normal 0 -0.923874 0.382697
    outer loop
      vertex 3 69.9133 53.0294
      vertex -3 69.8382 52.8481
      vertex 3 69.8382 52.8481
    endloop
  endfacet
  facet normal 0 -0.130428 0.991458
    outer loop
      vertex -3 58.9973 42.3908
      vertex 3 58.8027 42.3652
      vertex 3 58.9973 42.3908
    endloop
  endfacet
  facet normal 0 -0.130428 0.991458
    outer loop
      vertex 3 58.8027 42.3652
      vertex -3 58.9973 42.3908
      vertex -3 58.8027 42.3652
    endloop
  endfacet
  facet normal 0 -0.99904 0.0438131
    outer loop
      vertex -3 70.0404 53.6029
      vertex 3 70.049 53.799
      vertex -3 70.049 53.799
    endloop
  endfacet
  facet normal 0 -0.99904 0.0438131
    outer loop
      vertex 3 70.049 53.799
      vertex -3 70.0404 53.6029
      vertex 3 70.0404 53.6029
    endloop
  endfacet
  facet normal 0 -0.216553 0.976271
    outer loop
      vertex -3 59.1889 42.4333
      vertex 3 58.9973 42.3908
      vertex 3 59.1889 42.4333
    endloop
  endfacet
  facet normal 0 -0.216553 0.976271
    outer loop
      vertex 3 58.9973 42.3908
      vertex -3 59.1889 42.4333
      vertex -3 58.9973 42.3908
    endloop
  endfacet
  facet normal -0 0.300595 0.953752
    outer loop
      vertex -3 58.0243 42.4333
      vertex 3 57.8371 42.4923
      vertex 3 58.0243 42.4333
    endloop
  endfacet
  facet normal 0 0.300595 0.953752
    outer loop
      vertex 3 57.8371 42.4923
      vertex -3 58.0243 42.4333
      vertex -3 57.8371 42.4923
    endloop
  endfacet
  facet normal 0 -0.216553 -0.976271
    outer loop
      vertex -3 68.1897 56.0148
      vertex 3 68.3813 55.9723
      vertex 3 68.1897 56.0148
    endloop
  endfacet
  facet normal -0 -0.216553 -0.976271
    outer loop
      vertex 3 68.3813 55.9723
      vertex -3 68.1897 56.0148
      vertex -3 68.3813 55.9723
    endloop
  endfacet
  facet normal -0 0.608603 0.793475
    outer loop
      vertex -3 57.3161 42.7635
      vertex 3 57.1603 42.883
      vertex 3 57.3161 42.7635
    endloop
  endfacet
  facet normal 0 0.608603 0.793475
    outer loop
      vertex 3 57.1603 42.883
      vertex -3 57.3161 42.7635
      vertex -3 57.1603 42.883
    endloop
  endfacet
  facet normal 0 0.300595 -0.953752
    outer loop
      vertex -3 67.0294 55.9133
      vertex 3 67.2166 55.9723
      vertex 3 67.0294 55.9133
    endloop
  endfacet
  facet normal 0 0.300595 -0.953752
    outer loop
      vertex 3 67.2166 55.9723
      vertex -3 67.0294 55.9133
      vertex -3 67.2166 55.9723
    endloop
  endfacet
  facet normal 0 0.73726 -0.675609
    outer loop
      vertex 3 56.883 46.0529
      vertex -3 57.0156 46.1976
      vertex 3 57.0156 46.1976
    endloop
  endfacet
  facet normal 0 0.73726 -0.675609
    outer loop
      vertex -3 57.0156 46.1976
      vertex 3 56.883 46.0529
      vertex -3 56.883 46.0529
    endloop
  endfacet
  facet normal 0 -0.886866 0.462026
    outer loop
      vertex -3 69.7475 52.674
      vertex 3 69.8382 52.8481
      vertex -3 69.8382 52.8481
    endloop
  endfacet
  facet normal 0 -0.886866 0.462026
    outer loop
      vertex 3 69.8382 52.8481
      vertex -3 69.7475 52.674
      vertex 3 69.7475 52.674
    endloop
  endfacet
  facet normal 0 0.382697 -0.923874
    outer loop
      vertex -3 66.8481 55.8382
      vertex 3 67.0294 55.9133
      vertex 3 66.8481 55.8382
    endloop
  endfacet
  facet normal 0 0.382697 -0.923874
    outer loop
      vertex 3 67.0294 55.9133
      vertex -3 66.8481 55.8382
      vertex -3 67.0294 55.9133
    endloop
  endfacet
  facet normal 0 0.99904 0.0438131
    outer loop
      vertex 3 56.3652 44.4105
      vertex -3 56.3566 44.6066
      vertex 3 56.3566 44.6066
    endloop
  endfacet
  facet normal 0 0.99904 0.0438131
    outer loop
      vertex -3 56.3566 44.6066
      vertex 3 56.3652 44.4105
      vertex -3 56.3652 44.4105
    endloop
  endfacet
  facet normal 0 -0.675609 -0.73726
    outer loop
      vertex -3 69.2453 55.5226
      vertex 3 69.39 55.39
      vertex 3 69.2453 55.5226
    endloop
  endfacet
  facet normal -0 -0.675609 -0.73726
    outer loop
      vertex 3 69.39 55.39
      vertex -3 69.2453 55.5226
      vertex -3 69.39 55.39
    endloop
  endfacet
  facet normal 0 -0.462026 -0.886866
    outer loop
      vertex -3 68.7499 55.8382
      vertex 3 68.924 55.7475
      vertex 3 68.7499 55.8382
    endloop
  endfacet
  facet normal -0 -0.462026 -0.886866
    outer loop
      vertex 3 68.924 55.7475
      vertex -3 68.7499 55.8382
      vertex -3 68.924 55.7475
    endloop
  endfacet
  facet normal 0 0.608849 -0.793286
    outer loop
      vertex -3 66.3527 55.5226
      vertex 3 66.5084 55.6421
      vertex 3 66.3527 55.5226
    endloop
  endfacet
  facet normal 0 0.608849 -0.793286
    outer loop
      vertex 3 66.5084 55.6421
      vertex -3 66.3527 55.5226
      vertex -3 66.5084 55.6421
    endloop
  endfacet
  facet normal 0 0.887075 -0.461625
    outer loop
      vertex 3 56.5674 45.5575
      vertex -3 56.658 45.7316
      vertex 3 56.658 45.7316
    endloop
  endfacet
  facet normal 0 0.887075 -0.461625
    outer loop
      vertex -3 56.658 45.7316
      vertex 3 56.5674 45.5575
      vertex -3 56.5674 45.5575
    endloop
  endfacet
  facet normal -0 0.461625 0.887075
    outer loop
      vertex -3 57.6557 42.5674
      vertex 3 57.4816 42.658
      vertex 3 57.6557 42.5674
    endloop
  endfacet
  facet normal 0 0.461625 0.887075
    outer loop
      vertex 3 57.4816 42.658
      vertex -3 57.6557 42.5674
      vertex -3 57.4816 42.658
    endloop
  endfacet
  facet normal -0 0.537535 0.843242
    outer loop
      vertex -3 57.4816 42.658
      vertex 3 57.3161 42.7635
      vertex 3 57.4816 42.658
    endloop
  endfacet
  facet normal 0 0.537535 0.843242
    outer loop
      vertex 3 57.3161 42.7635
      vertex -3 57.4816 42.658
      vertex -3 57.3161 42.7635
    endloop
  endfacet
  facet normal 0 -0.382517 -0.923949
    outer loop
      vertex -3 68.5685 55.9133
      vertex 3 68.7499 55.8382
      vertex 3 68.5685 55.9133
    endloop
  endfacet
  facet normal -0 -0.382517 -0.923949
    outer loop
      vertex 3 68.7499 55.8382
      vertex -3 68.5685 55.9133
      vertex -3 68.7499 55.8382
    endloop
  endfacet
  facet normal 0 0.843242 0.537535
    outer loop
      vertex 3 56.7635 43.3161
      vertex -3 56.658 43.4816
      vertex 3 56.658 43.4816
    endloop
  endfacet
  facet normal 0 0.843242 0.537535
    outer loop
      vertex -3 56.658 43.4816
      vertex 3 56.7635 43.3161
      vertex -3 56.7635 43.3161
    endloop
  endfacet
  facet normal 0 0.923949 -0.382517
    outer loop
      vertex 3 56.4923 45.3761
      vertex -3 56.5674 45.5575
      vertex 3 56.5674 45.5575
    endloop
  endfacet
  facet normal 0 0.923949 -0.382517
    outer loop
      vertex -3 56.5674 45.5575
      vertex 3 56.4923 45.3761
      vertex -3 56.4923 45.3761
    endloop
  endfacet
  facet normal 0 -0.382517 0.923949
    outer loop
      vertex -3 59.5575 42.5674
      vertex 3 59.3761 42.4923
      vertex 3 59.5575 42.5674
    endloop
  endfacet
  facet normal 0 -0.382517 0.923949
    outer loop
      vertex 3 59.3761 42.4923
      vertex -3 59.5575 42.5674
      vertex -3 59.3761 42.4923
    endloop
  endfacet
  facet normal 0 0.793475 -0.608603
    outer loop
      vertex 3 56.7635 45.8971
      vertex -3 56.883 46.0529
      vertex 3 56.883 46.0529
    endloop
  endfacet
  facet normal 0 0.793475 -0.608603
    outer loop
      vertex -3 56.883 46.0529
      vertex 3 56.7635 45.8971
      vertex -3 56.7635 45.8971
    endloop
  endfacet
  facet normal 0 0.793475 0.608603
    outer loop
      vertex 3 56.883 43.1603
      vertex -3 56.7635 43.3161
      vertex 3 56.7635 43.3161
    endloop
  endfacet
  facet normal 0 0.793475 0.608603
    outer loop
      vertex -3 56.7635 43.3161
      vertex 3 56.883 43.1603
      vertex -3 56.883 43.1603
    endloop
  endfacet
  facet normal 0 0.976271 -0.216553
    outer loop
      vertex 3 56.3908 44.9973
      vertex -3 56.4333 45.1889
      vertex 3 56.4333 45.1889
    endloop
  endfacet
  facet normal 0 0.976271 -0.216553
    outer loop
      vertex -3 56.4333 45.1889
      vertex 3 56.3908 44.9973
      vertex -3 56.3908 44.9973
    endloop
  endfacet
  facet normal 0 -0.0438131 -0.99904
    outer loop
      vertex -3 67.799 56.049
      vertex 3 67.9951 56.0404
      vertex 3 67.799 56.049
    endloop
  endfacet
  facet normal -0 -0.0438131 -0.99904
    outer loop
      vertex 3 67.9951 56.0404
      vertex -3 67.799 56.049
      vertex -3 67.9951 56.0404
    endloop
  endfacet
  facet normal 0 0.991458 -0.130428
    outer loop
      vertex 3 56.3652 44.8027
      vertex -3 56.3908 44.9973
      vertex 3 56.3908 44.9973
    endloop
  endfacet
  facet normal 0 0.991458 -0.130428
    outer loop
      vertex -3 56.3908 44.9973
      vertex 3 56.3652 44.8027
      vertex -3 56.3652 44.8027
    endloop
  endfacet
  facet normal 0 0.976271 0.216553
    outer loop
      vertex 3 56.4333 44.0243
      vertex -3 56.3908 44.2159
      vertex 3 56.3908 44.2159
    endloop
  endfacet
  facet normal 0 0.976271 0.216553
    outer loop
      vertex -3 56.3908 44.2159
      vertex 3 56.4333 44.0243
      vertex -3 56.4333 44.0243
    endloop
  endfacet
  facet normal 0 -0.675609 0.73726
    outer loop
      vertex -3 60.1976 43.0156
      vertex 3 60.0529 42.883
      vertex 3 60.1976 43.0156
    endloop
  endfacet
  facet normal 0 -0.675609 0.73726
    outer loop
      vertex 3 60.0529 42.883
      vertex -3 60.1976 43.0156
      vertex -3 60.0529 42.883
    endloop
  endfacet
  facet normal 0 -0.991458 -0.130428
    outer loop
      vertex -3 70.0404 53.9951
      vertex 3 70.0148 54.1897
      vertex -3 70.0148 54.1897
    endloop
  endfacet
  facet normal 0 -0.991458 -0.130428
    outer loop
      vertex 3 70.0148 54.1897
      vertex -3 70.0404 53.9951
      vertex 3 70.0404 53.9951
    endloop
  endfacet
  facet normal 0 -0.300595 -0.953752
    outer loop
      vertex -3 68.3813 55.9723
      vertex 3 68.5685 55.9133
      vertex 3 68.3813 55.9723
    endloop
  endfacet
  facet normal -0 -0.300595 -0.953752
    outer loop
      vertex 3 68.5685 55.9133
      vertex -3 68.3813 55.9723
      vertex -3 68.5685 55.9133
    endloop
  endfacet
  facet normal 0 0.991458 0.130428
    outer loop
      vertex 3 56.3908 44.2159
      vertex -3 56.3652 44.4105
      vertex 3 56.3652 44.4105
    endloop
  endfacet
  facet normal 0 0.991458 0.130428
    outer loop
      vertex -3 56.3652 44.4105
      vertex 3 56.3908 44.2159
      vertex -3 56.3908 44.2159
    endloop
  endfacet
  facet normal 0 -0.73726 -0.675609
    outer loop
      vertex -3 69.5226 55.2453
      vertex 3 69.39 55.39
      vertex -3 69.39 55.39
    endloop
  endfacet
  facet normal 0 -0.73726 -0.675609
    outer loop
      vertex 3 69.39 55.39
      vertex -3 69.5226 55.2453
      vertex 3 69.5226 55.2453
    endloop
  endfacet
  facet normal 0 0.923949 0.382517
    outer loop
      vertex 3 56.5674 43.6557
      vertex -3 56.4923 43.8371
      vertex 3 56.4923 43.8371
    endloop
  endfacet
  facet normal 0 0.923949 0.382517
    outer loop
      vertex -3 56.4923 43.8371
      vertex 3 56.5674 43.6557
      vertex -3 56.5674 43.6557
    endloop
  endfacet
  facet normal 0 -0.923949 -0.382517
    outer loop
      vertex -3 69.9133 54.5685
      vertex 3 69.8382 54.7499
      vertex -3 69.8382 54.7499
    endloop
  endfacet
  facet normal 0 -0.923949 -0.382517
    outer loop
      vertex 3 69.8382 54.7499
      vertex -3 69.9133 54.5685
      vertex 3 69.9133 54.5685
    endloop
  endfacet
  facet normal 0 -0.130428 -0.991458
    outer loop
      vertex -3 67.9951 56.0404
      vertex 3 68.1897 56.0148
      vertex 3 67.9951 56.0404
    endloop
  endfacet
  facet normal -0 -0.130428 -0.991458
    outer loop
      vertex 3 68.1897 56.0148
      vertex -3 67.9951 56.0404
      vertex -3 68.1897 56.0148
    endloop
  endfacet
  facet normal -0 0.130428 0.991458
    outer loop
      vertex -3 58.4105 42.3652
      vertex 3 58.2159 42.3908
      vertex 3 58.4105 42.3652
    endloop
  endfacet
  facet normal 0 0.130428 0.991458
    outer loop
      vertex 3 58.2159 42.3908
      vertex -3 58.4105 42.3652
      vertex -3 58.2159 42.3908
    endloop
  endfacet
  facet normal 0 0.536941 -0.84362
    outer loop
      vertex -3 66.5084 55.6421
      vertex 3 66.674 55.7475
      vertex 3 66.5084 55.6421
    endloop
  endfacet
  facet normal 0 0.536941 -0.84362
    outer loop
      vertex 3 66.674 55.7475
      vertex -3 66.5084 55.6421
      vertex -3 66.674 55.7475
    endloop
  endfacet
  facet normal 0 0.675609 -0.73726
    outer loop
      vertex -3 66.208 55.39
      vertex 3 66.3527 55.5226
      vertex 3 66.208 55.39
    endloop
  endfacet
  facet normal 0 0.675609 -0.73726
    outer loop
      vertex 3 66.3527 55.5226
      vertex -3 66.208 55.39
      vertex -3 66.3527 55.5226
    endloop
  endfacet
  facet normal 0 -0.976295 0.216445
    outer loop
      vertex -3 69.9723 53.2166
      vertex 3 70.0148 53.4083
      vertex -3 70.0148 53.4083
    endloop
  endfacet
  facet normal 0 -0.976295 0.216445
    outer loop
      vertex 3 70.0148 53.4083
      vertex -3 69.9723 53.2166
      vertex 3 69.9723 53.2166
    endloop
  endfacet
  facet normal 0 -0.793286 0.608849
    outer loop
      vertex -3 69.5226 52.3527
      vertex 3 69.6421 52.5084
      vertex -3 69.6421 52.5084
    endloop
  endfacet
  facet normal 0 -0.793286 0.608849
    outer loop
      vertex 3 69.6421 52.5084
      vertex -3 69.5226 52.3527
      vertex 3 69.5226 52.3527
    endloop
  endfacet
  facet normal 0 -0.461625 0.887075
    outer loop
      vertex -3 59.7316 42.658
      vertex 3 59.5575 42.5674
      vertex 3 59.7316 42.658
    endloop
  endfacet
  facet normal 0 -0.461625 0.887075
    outer loop
      vertex 3 59.5575 42.5674
      vertex -3 59.7316 42.658
      vertex -3 59.5575 42.5674
    endloop
  endfacet
  facet normal 0 0.707107 -0.707107
    outer loop
      vertex -3 57.0156 46.1976
      vertex 3 66.208 55.39
      vertex 3 57.0156 46.1976
    endloop
  endfacet
  facet normal 0 0.707107 -0.707107
    outer loop
      vertex 3 66.208 55.39
      vertex -3 57.0156 46.1976
      vertex -3 66.208 55.39
    endloop
  endfacet
  facet normal 0 -0.73726 0.675609
    outer loop
      vertex -3 69.39 52.208
      vertex 3 69.5226 52.3527
      vertex -3 69.5226 52.3527
    endloop
  endfacet
  facet normal 0 -0.73726 0.675609
    outer loop
      vertex 3 69.5226 52.3527
      vertex -3 69.39 52.208
      vertex 3 69.39 52.208
    endloop
  endfacet
  facet normal 0 0.216445 -0.976295
    outer loop
      vertex -3 67.2166 55.9723
      vertex 3 67.4083 56.0148
      vertex 3 67.2166 55.9723
    endloop
  endfacet
  facet normal 0 0.216445 -0.976295
    outer loop
      vertex 3 67.4083 56.0148
      vertex -3 67.2166 55.9723
      vertex -3 67.4083 56.0148
    endloop
  endfacet
  facet normal -0 0.216553 0.976271
    outer loop
      vertex -3 58.2159 42.3908
      vertex 3 58.0243 42.4333
      vertex 3 58.2159 42.3908
    endloop
  endfacet
  facet normal 0 0.216553 0.976271
    outer loop
      vertex 3 58.0243 42.4333
      vertex -3 58.2159 42.3908
      vertex -3 58.0243 42.4333
    endloop
  endfacet
  facet normal 0 -0.537535 0.843242
    outer loop
      vertex -3 59.8971 42.7635
      vertex 3 59.7316 42.658
      vertex 3 59.8971 42.7635
    endloop
  endfacet
  facet normal 0 -0.537535 0.843242
    outer loop
      vertex 3 59.7316 42.658
      vertex -3 59.8971 42.7635
      vertex -3 59.7316 42.658
    endloop
  endfacet
  facet normal 0 -0.84362 0.536941
    outer loop
      vertex -3 69.6421 52.5084
      vertex 3 69.7475 52.674
      vertex -3 69.7475 52.674
    endloop
  endfacet
  facet normal 0 -0.84362 0.536941
    outer loop
      vertex 3 69.7475 52.674
      vertex -3 69.6421 52.5084
      vertex 3 69.6421 52.5084
    endloop
  endfacet
  facet normal 0 0.99904 -0.0438131
    outer loop
      vertex 3 56.3566 44.6066
      vertex -3 56.3652 44.8027
      vertex 3 56.3652 44.8027
    endloop
  endfacet
  facet normal 0 0.99904 -0.0438131
    outer loop
      vertex -3 56.3652 44.8027
      vertex 3 56.3566 44.6066
      vertex -3 56.3566 44.6066
    endloop
  endfacet
  facet normal 0 0.73726 0.675609
    outer loop
      vertex 3 57.0156 43.0156
      vertex -3 56.883 43.1603
      vertex 3 56.883 43.1603
    endloop
  endfacet
  facet normal 0 0.73726 0.675609
    outer loop
      vertex -3 56.883 43.1603
      vertex 3 57.0156 43.0156
      vertex -3 57.0156 43.0156
    endloop
  endfacet
  facet normal 0 -0.707107 0.707107
    outer loop
      vertex -3 60.1976 43.0156
      vertex 3 69.39 52.208
      vertex -3 69.39 52.208
    endloop
  endfacet
  facet normal 0 -0.707107 0.707107
    outer loop
      vertex 3 69.39 52.208
      vertex -3 60.1976 43.0156
      vertex 3 60.1976 43.0156
    endloop
  endfacet
  facet normal 0 0.953752 0.300595
    outer loop
      vertex 3 56.4923 43.8371
      vertex -3 56.4333 44.0243
      vertex 3 56.4333 44.0243
    endloop
  endfacet
  facet normal 0 0.953752 0.300595
    outer loop
      vertex -3 56.4333 44.0243
      vertex 3 56.4923 43.8371
      vertex -3 56.4923 43.8371
    endloop
  endfacet
  facet normal 0 -0.953752 -0.300595
    outer loop
      vertex -3 69.9723 54.3813
      vertex 3 69.9133 54.5685
      vertex -3 69.9133 54.5685
    endloop
  endfacet
  facet normal 0 -0.953752 -0.300595
    outer loop
      vertex 3 69.9133 54.5685
      vertex -3 69.9723 54.3813
      vertex 3 69.9723 54.3813
    endloop
  endfacet
  facet normal 0 -0.953752 0.300595
    outer loop
      vertex -3 69.9133 53.0294
      vertex 3 69.9723 53.2166
      vertex -3 69.9723 53.2166
    endloop
  endfacet
  facet normal 0 -0.953752 0.300595
    outer loop
      vertex 3 69.9723 53.2166
      vertex -3 69.9133 53.0294
      vertex 3 69.9133 53.0294
    endloop
  endfacet
  facet normal 0 -0.976271 -0.216553
    outer loop
      vertex -3 70.0148 54.1897
      vertex 3 69.9723 54.3813
      vertex -3 69.9723 54.3813
    endloop
  endfacet
  facet normal 0 -0.976271 -0.216553
    outer loop
      vertex 3 69.9723 54.3813
      vertex -3 70.0148 54.1897
      vertex 3 70.0148 54.1897
    endloop
  endfacet
  facet normal 0 -0.886866 -0.462026
    outer loop
      vertex -3 69.8382 54.7499
      vertex 3 69.7475 54.924
      vertex -3 69.7475 54.924
    endloop
  endfacet
  facet normal 0 -0.886866 -0.462026
    outer loop
      vertex 3 69.7475 54.924
      vertex -3 69.8382 54.7499
      vertex 3 69.8382 54.7499
    endloop
  endfacet
  facet normal 0 -0.99904 -0.0438131
    outer loop
      vertex -3 70.049 53.799
      vertex 3 70.0404 53.9951
      vertex -3 70.0404 53.9951
    endloop
  endfacet
  facet normal 0 -0.99904 -0.0438131
    outer loop
      vertex 3 70.0404 53.9951
      vertex -3 70.049 53.799
      vertex 3 70.049 53.799
    endloop
  endfacet
  facet normal 0 -0.843473 -0.537172
    outer loop
      vertex -3 69.7475 54.924
      vertex 3 69.6421 55.0895
      vertex -3 69.6421 55.0895
    endloop
  endfacet
  facet normal 0 -0.843473 -0.537172
    outer loop
      vertex 3 69.6421 55.0895
      vertex -3 69.7475 54.924
      vertex 3 69.7475 54.924
    endloop
  endfacet
  facet normal 0 0.887075 0.461625
    outer loop
      vertex 3 56.658 43.4816
      vertex -3 56.5674 43.6557
      vertex 3 56.5674 43.6557
    endloop
  endfacet
  facet normal 0 0.887075 0.461625
    outer loop
      vertex -3 56.5674 43.6557
      vertex 3 56.658 43.4816
      vertex -3 56.658 43.4816
    endloop
  endfacet
  facet normal 0 0.843242 -0.537535
    outer loop
      vertex 3 56.658 45.7316
      vertex -3 56.7635 45.8971
      vertex 3 56.7635 45.8971
    endloop
  endfacet
  facet normal 0 0.843242 -0.537535
    outer loop
      vertex -3 56.7635 45.8971
      vertex 3 56.658 45.7316
      vertex -3 56.658 45.7316
    endloop
  endfacet
  facet normal 0 -0.0438131 0.99904
    outer loop
      vertex -3 58.8027 42.3652
      vertex 3 58.6066 42.3566
      vertex 3 58.8027 42.3652
    endloop
  endfacet
  facet normal 0 -0.0438131 0.99904
    outer loop
      vertex 3 58.6066 42.3566
      vertex -3 58.8027 42.3652
      vertex -3 58.6066 42.3566
    endloop
  endfacet
  facet normal -0 0.0438131 0.99904
    outer loop
      vertex -3 58.6066 42.3566
      vertex 3 58.4105 42.3652
      vertex 3 58.6066 42.3566
    endloop
  endfacet
  facet normal 0 0.0438131 0.99904
    outer loop
      vertex 3 58.4105 42.3652
      vertex -3 58.6066 42.3566
      vertex -3 58.4105 42.3652
    endloop
  endfacet
  facet normal 0 -0.608603 -0.793475
    outer loop
      vertex -3 69.0895 55.6421
      vertex 3 69.2453 55.5226
      vertex 3 69.0895 55.6421
    endloop
  endfacet
  facet normal -0 -0.608603 -0.793475
    outer loop
      vertex 3 69.2453 55.5226
      vertex -3 69.0895 55.6421
      vertex -3 69.2453 55.5226
    endloop
  endfacet
  facet normal 0 -0.537172 -0.843473
    outer loop
      vertex -3 68.924 55.7475
      vertex 3 69.0895 55.6421
      vertex 3 68.924 55.7475
    endloop
  endfacet
  facet normal -0 -0.537172 -0.843473
    outer loop
      vertex 3 69.0895 55.6421
      vertex -3 68.924 55.7475
      vertex -3 69.0895 55.6421
    endloop
  endfacet
  facet normal -0 0.675609 0.73726
    outer loop
      vertex -3 57.1603 42.883
      vertex 3 57.0156 43.0156
      vertex 3 57.1603 42.883
    endloop
  endfacet
  facet normal 0 0.675609 0.73726
    outer loop
      vertex 3 57.0156 43.0156
      vertex -3 57.1603 42.883
      vertex -3 57.0156 43.0156
    endloop
  endfacet
  facet normal 0 0.0438131 -0.99904
    outer loop
      vertex -3 67.6029 56.0404
      vertex 3 67.799 56.049
      vertex 3 67.6029 56.0404
    endloop
  endfacet
  facet normal 0 0.0438131 -0.99904
    outer loop
      vertex 3 67.799 56.049
      vertex -3 67.6029 56.0404
      vertex -3 67.799 56.049
    endloop
  endfacet
  facet normal 0 -0.300595 0.953752
    outer loop
      vertex -3 59.3761 42.4923
      vertex 3 59.1889 42.4333
      vertex 3 59.3761 42.4923
    endloop
  endfacet
  facet normal 0 -0.300595 0.953752
    outer loop
      vertex 3 59.1889 42.4333
      vertex -3 59.3761 42.4923
      vertex -3 59.1889 42.4333
    endloop
  endfacet
  facet normal 0 -0.991458 0.130428
    outer loop
      vertex -3 70.0148 53.4083
      vertex 3 70.0404 53.6029
      vertex -3 70.0404 53.6029
    endloop
  endfacet
  facet normal 0 -0.991458 0.130428
    outer loop
      vertex 3 70.0404 53.6029
      vertex -3 70.0148 53.4083
      vertex 3 70.0148 53.4083
    endloop
  endfacet
  facet normal -0 0.382517 0.923949
    outer loop
      vertex -3 57.8371 42.4923
      vertex 3 57.6557 42.5674
      vertex 3 57.8371 42.4923
    endloop
  endfacet
  facet normal 0 0.382517 0.923949
    outer loop
      vertex 3 57.6557 42.5674
      vertex -3 57.8371 42.4923
      vertex -3 57.6557 42.5674
    endloop
  endfacet
  facet normal 0 0.953752 0.300595
    outer loop
      vertex 3 45.8857 48.2305
      vertex -3 45.8267 48.4177
      vertex 3 45.8267 48.4177
    endloop
  endfacet
  facet normal 0 0.953752 0.300595
    outer loop
      vertex -3 45.8267 48.4177
      vertex 3 45.8857 48.2305
      vertex -3 45.8857 48.2305
    endloop
  endfacet
  facet normal -0 0.130428 0.991458
    outer loop
      vertex -3 47.8039 46.7586
      vertex 3 47.6093 46.7842
      vertex 3 47.8039 46.7586
    endloop
  endfacet
  facet normal 0 0.130428 0.991458
    outer loop
      vertex 3 47.6093 46.7842
      vertex -3 47.8039 46.7586
      vertex -3 47.6093 46.7842
    endloop
  endfacet
  facet normal 0 -0.887075 -0.461625
    outer loop
      vertex -3 50.0392 62.9509
      vertex 3 49.9486 63.125
      vertex -3 49.9486 63.125
    endloop
  endfacet
  facet normal 0 -0.887075 -0.461625
    outer loop
      vertex 3 49.9486 63.125
      vertex -3 50.0392 62.9509
      vertex 3 50.0392 62.9509
    endloop
  endfacet
  facet normal 0 0.382517 -0.923949
    outer loop
      vertex -3 47.0491 64.0392
      vertex 3 47.2305 64.1143
      vertex 3 47.0491 64.0392
    endloop
  endfacet
  facet normal 0 0.382517 -0.923949
    outer loop
      vertex 3 47.2305 64.1143
      vertex -3 47.0491 64.0392
      vertex -3 47.2305 64.1143
    endloop
  endfacet
  facet normal 0 0.99904 0.0438131
    outer loop
      vertex 3 45.7586 48.8039
      vertex -3 45.75 49
      vertex 3 45.75 49
    endloop
  endfacet
  facet normal 0 0.99904 0.0438131
    outer loop
      vertex -3 45.75 49
      vertex 3 45.7586 48.8039
      vertex -3 45.7586 48.8039
    endloop
  endfacet
  facet normal 0 1 -0
    outer loop
      vertex 3 45.75 49
      vertex -3 45.75 62
      vertex 3 45.75 62
    endloop
  endfacet
  facet normal 0 1 0
    outer loop
      vertex -3 45.75 62
      vertex 3 45.75 49
      vertex -3 45.75 49
    endloop
  endfacet
  facet normal 0 0.923949 -0.382517
    outer loop
      vertex 3 45.8857 62.7695
      vertex -3 45.9608 62.9509
      vertex 3 45.9608 62.9509
    endloop
  endfacet
  facet normal 0 0.923949 -0.382517
    outer loop
      vertex -3 45.9608 62.9509
      vertex 3 45.8857 62.7695
      vertex -3 45.8857 62.7695
    endloop
  endfacet
  facet normal 0 0.537535 -0.843242
    outer loop
      vertex -3 46.7095 63.8431
      vertex 3 46.875 63.9486
      vertex 3 46.7095 63.8431
    endloop
  endfacet
  facet normal 0 0.537535 -0.843242
    outer loop
      vertex 3 46.875 63.9486
      vertex -3 46.7095 63.8431
      vertex -3 46.875 63.9486
    endloop
  endfacet
  facet normal 0 -0.793475 -0.608603
    outer loop
      vertex -3 49.8431 63.2905
      vertex 3 49.7236 63.4463
      vertex -3 49.7236 63.4463
    endloop
  endfacet
  facet normal 0 -0.793475 -0.608603
    outer loop
      vertex 3 49.7236 63.4463
      vertex -3 49.8431 63.2905
      vertex 3 49.8431 63.2905
    endloop
  endfacet
  facet normal -0 0.675609 0.73726
    outer loop
      vertex -3 46.5537 47.2764
      vertex 3 46.409 47.409
      vertex 3 46.5537 47.2764
    endloop
  endfacet
  facet normal 0 0.675609 0.73726
    outer loop
      vertex 3 46.409 47.409
      vertex -3 46.5537 47.2764
      vertex -3 46.409 47.409
    endloop
  endfacet
  facet normal 0 -0.130428 0.991458
    outer loop
      vertex -3 48.3907 46.7842
      vertex 3 48.1961 46.7586
      vertex 3 48.3907 46.7842
    endloop
  endfacet
  facet normal 0 -0.130428 0.991458
    outer loop
      vertex 3 48.1961 46.7586
      vertex -3 48.3907 46.7842
      vertex -3 48.1961 46.7586
    endloop
  endfacet
  facet normal 0 0.99904 -0.0438131
    outer loop
      vertex 3 45.75 62
      vertex -3 45.7586 62.1961
      vertex 3 45.7586 62.1961
    endloop
  endfacet
  facet normal 0 0.99904 -0.0438131
    outer loop
      vertex -3 45.7586 62.1961
      vertex 3 45.75 62
      vertex -3 45.75 62
    endloop
  endfacet
  facet normal -0 0.0438131 0.99904
    outer loop
      vertex -3 48 46.75
      vertex 3 47.8039 46.7586
      vertex 3 48 46.75
    endloop
  endfacet
  facet normal 0 0.0438131 0.99904
    outer loop
      vertex 3 47.8039 46.7586
      vertex -3 48 46.75
      vertex -3 47.8039 46.7586
    endloop
  endfacet
  facet normal 0 -0.953752 -0.300595
    outer loop
      vertex -3 50.1733 62.5823
      vertex 3 50.1143 62.7695
      vertex -3 50.1143 62.7695
    endloop
  endfacet
  facet normal 0 -0.953752 -0.300595
    outer loop
      vertex 3 50.1143 62.7695
      vertex -3 50.1733 62.5823
      vertex 3 50.1733 62.5823
    endloop
  endfacet
  facet normal 0 -0.461625 0.887075
    outer loop
      vertex -3 49.125 47.0514
      vertex 3 48.9509 46.9608
      vertex 3 49.125 47.0514
    endloop
  endfacet
  facet normal 0 -0.461625 0.887075
    outer loop
      vertex 3 48.9509 46.9608
      vertex -3 49.125 47.0514
      vertex -3 48.9509 46.9608
    endloop
  endfacet
  facet normal 0 -0.537535 0.843242
    outer loop
      vertex -3 49.2905 47.1569
      vertex 3 49.125 47.0514
      vertex 3 49.2905 47.1569
    endloop
  endfacet
  facet normal 0 -0.537535 0.843242
    outer loop
      vertex 3 49.125 47.0514
      vertex -3 49.2905 47.1569
      vertex -3 49.125 47.0514
    endloop
  endfacet
  facet normal 0 -0.0438131 -0.99904
    outer loop
      vertex -3 48 64.25
      vertex 3 48.1961 64.2414
      vertex 3 48 64.25
    endloop
  endfacet
  facet normal -0 -0.0438131 -0.99904
    outer loop
      vertex 3 48.1961 64.2414
      vertex -3 48 64.25
      vertex -3 48.1961 64.2414
    endloop
  endfacet
  facet normal 0 -0.73726 -0.675609
    outer loop
      vertex -3 49.7236 63.4463
      vertex 3 49.591 63.591
      vertex -3 49.591 63.591
    endloop
  endfacet
  facet normal 0 -0.73726 -0.675609
    outer loop
      vertex 3 49.591 63.591
      vertex -3 49.7236 63.4463
      vertex 3 49.7236 63.4463
    endloop
  endfacet
  facet normal 0 0.843242 0.537535
    outer loop
      vertex 3 46.1569 47.7095
      vertex -3 46.0514 47.875
      vertex 3 46.0514 47.875
    endloop
  endfacet
  facet normal 0 0.843242 0.537535
    outer loop
      vertex -3 46.0514 47.875
      vertex 3 46.1569 47.7095
      vertex -3 46.1569 47.7095
    endloop
  endfacet
  facet normal 0 -0.216553 0.976271
    outer loop
      vertex -3 48.5823 46.8267
      vertex 3 48.3907 46.7842
      vertex 3 48.5823 46.8267
    endloop
  endfacet
  facet normal 0 -0.216553 0.976271
    outer loop
      vertex 3 48.3907 46.7842
      vertex -3 48.5823 46.8267
      vertex -3 48.3907 46.7842
    endloop
  endfacet
  facet normal 0 -0.991458 -0.130428
    outer loop
      vertex -3 50.2414 62.1961
      vertex 3 50.2158 62.3907
      vertex -3 50.2158 62.3907
    endloop
  endfacet
  facet normal 0 -0.991458 -0.130428
    outer loop
      vertex 3 50.2158 62.3907
      vertex -3 50.2414 62.1961
      vertex 3 50.2414 62.1961
    endloop
  endfacet
  facet normal 0 -0.923949 0.382517
    outer loop
      vertex -3 50.0392 48.0491
      vertex 3 50.1143 48.2305
      vertex -3 50.1143 48.2305
    endloop
  endfacet
  facet normal 0 -0.923949 0.382517
    outer loop
      vertex 3 50.1143 48.2305
      vertex -3 50.0392 48.0491
      vertex 3 50.0392 48.0491
    endloop
  endfacet
  facet normal 0 0.976271 0.216553
    outer loop
      vertex 3 45.8267 48.4177
      vertex -3 45.7842 48.6093
      vertex 3 45.7842 48.6093
    endloop
  endfacet
  facet normal 0 0.976271 0.216553
    outer loop
      vertex -3 45.7842 48.6093
      vertex 3 45.8267 48.4177
      vertex -3 45.8267 48.4177
    endloop
  endfacet
  facet normal -0 0.461625 0.887075
    outer loop
      vertex -3 47.0491 46.9608
      vertex 3 46.875 47.0514
      vertex 3 47.0491 46.9608
    endloop
  endfacet
  facet normal 0 0.461625 0.887075
    outer loop
      vertex 3 46.875 47.0514
      vertex -3 47.0491 46.9608
      vertex -3 46.875 47.0514
    endloop
  endfacet
  facet normal 0 -0.73726 0.675609
    outer loop
      vertex -3 49.591 47.409
      vertex 3 49.7236 47.5537
      vertex -3 49.7236 47.5537
    endloop
  endfacet
  facet normal 0 -0.73726 0.675609
    outer loop
      vertex 3 49.7236 47.5537
      vertex -3 49.591 47.409
      vertex 3 49.591 47.409
    endloop
  endfacet
  facet normal 0 -0.843242 -0.537535
    outer loop
      vertex -3 49.9486 63.125
      vertex 3 49.8431 63.2905
      vertex -3 49.8431 63.2905
    endloop
  endfacet
  facet normal 0 -0.843242 -0.537535
    outer loop
      vertex 3 49.8431 63.2905
      vertex -3 49.9486 63.125
      vertex 3 49.9486 63.125
    endloop
  endfacet
  facet normal 0 -0.300595 0.953752
    outer loop
      vertex -3 48.7695 46.8857
      vertex 3 48.5823 46.8267
      vertex 3 48.7695 46.8857
    endloop
  endfacet
  facet normal 0 -0.300595 0.953752
    outer loop
      vertex 3 48.5823 46.8267
      vertex -3 48.7695 46.8857
      vertex -3 48.5823 46.8267
    endloop
  endfacet
  facet normal 0 0.991458 -0.130428
    outer loop
      vertex 3 45.7586 62.1961
      vertex -3 45.7842 62.3907
      vertex 3 45.7842 62.3907
    endloop
  endfacet
  facet normal 0 0.991458 -0.130428
    outer loop
      vertex -3 45.7842 62.3907
      vertex 3 45.7586 62.1961
      vertex -3 45.7586 62.1961
    endloop
  endfacet
  facet normal 0 0.300595 -0.953752
    outer loop
      vertex -3 47.2305 64.1143
      vertex 3 47.4177 64.1733
      vertex 3 47.2305 64.1143
    endloop
  endfacet
  facet normal 0 0.300595 -0.953752
    outer loop
      vertex 3 47.4177 64.1733
      vertex -3 47.2305 64.1143
      vertex -3 47.4177 64.1733
    endloop
  endfacet
  facet normal 0 -0.130428 -0.991458
    outer loop
      vertex -3 48.1961 64.2414
      vertex 3 48.3907 64.2158
      vertex 3 48.1961 64.2414
    endloop
  endfacet
  facet normal -0 -0.130428 -0.991458
    outer loop
      vertex 3 48.3907 64.2158
      vertex -3 48.1961 64.2414
      vertex -3 48.3907 64.2158
    endloop
  endfacet
  facet normal 0 0.793475 0.608603
    outer loop
      vertex 3 46.2764 47.5537
      vertex -3 46.1569 47.7095
      vertex 3 46.1569 47.7095
    endloop
  endfacet
  facet normal 0 0.793475 0.608603
    outer loop
      vertex -3 46.1569 47.7095
      vertex 3 46.2764 47.5537
      vertex -3 46.2764 47.5537
    endloop
  endfacet
  facet normal 0 0.887075 -0.461625
    outer loop
      vertex 3 45.9608 62.9509
      vertex -3 46.0514 63.125
      vertex 3 46.0514 63.125
    endloop
  endfacet
  facet normal 0 0.887075 -0.461625
    outer loop
      vertex -3 46.0514 63.125
      vertex 3 45.9608 62.9509
      vertex -3 45.9608 62.9509
    endloop
  endfacet
  facet normal 0 0.976271 -0.216553
    outer loop
      vertex 3 45.7842 62.3907
      vertex -3 45.8267 62.5823
      vertex 3 45.8267 62.5823
    endloop
  endfacet
  facet normal 0 0.976271 -0.216553
    outer loop
      vertex -3 45.8267 62.5823
      vertex 3 45.7842 62.3907
      vertex -3 45.7842 62.3907
    endloop
  endfacet
  facet normal 0 -0.0438131 0.99904
    outer loop
      vertex -3 48.1961 46.7586
      vertex 3 48 46.75
      vertex 3 48.1961 46.7586
    endloop
  endfacet
  facet normal 0 -0.0438131 0.99904
    outer loop
      vertex 3 48 46.75
      vertex -3 48.1961 46.7586
      vertex -3 48 46.75
    endloop
  endfacet
  facet normal 0 0.130428 -0.991458
    outer loop
      vertex -3 47.6093 64.2158
      vertex 3 47.8039 64.2414
      vertex 3 47.6093 64.2158
    endloop
  endfacet
  facet normal 0 0.130428 -0.991458
    outer loop
      vertex 3 47.8039 64.2414
      vertex -3 47.6093 64.2158
      vertex -3 47.8039 64.2414
    endloop
  endfacet
  facet normal 0 -0.537535 -0.843242
    outer loop
      vertex -3 49.125 63.9486
      vertex 3 49.2905 63.8431
      vertex 3 49.125 63.9486
    endloop
  endfacet
  facet normal -0 -0.537535 -0.843242
    outer loop
      vertex 3 49.2905 63.8431
      vertex -3 49.125 63.9486
      vertex -3 49.2905 63.8431
    endloop
  endfacet
  facet normal 0 0.0438131 -0.99904
    outer loop
      vertex -3 47.8039 64.2414
      vertex 3 48 64.25
      vertex 3 47.8039 64.2414
    endloop
  endfacet
  facet normal 0 0.0438131 -0.99904
    outer loop
      vertex 3 48 64.25
      vertex -3 47.8039 64.2414
      vertex -3 48 64.25
    endloop
  endfacet
  facet normal 0 0.991458 0.130428
    outer loop
      vertex 3 45.7842 48.6093
      vertex -3 45.7586 48.8039
      vertex 3 45.7586 48.8039
    endloop
  endfacet
  facet normal 0 0.991458 0.130428
    outer loop
      vertex -3 45.7586 48.8039
      vertex 3 45.7842 48.6093
      vertex -3 45.7842 48.6093
    endloop
  endfacet
  facet normal 0 -0.843242 0.537535
    outer loop
      vertex -3 49.8431 47.7095
      vertex 3 49.9486 47.875
      vertex -3 49.9486 47.875
    endloop
  endfacet
  facet normal 0 -0.843242 0.537535
    outer loop
      vertex 3 49.9486 47.875
      vertex -3 49.8431 47.7095
      vertex 3 49.8431 47.7095
    endloop
  endfacet
  facet normal 0 0.923949 0.382517
    outer loop
      vertex 3 45.9608 48.0491
      vertex -3 45.8857 48.2305
      vertex 3 45.8857 48.2305
    endloop
  endfacet
  facet normal 0 0.923949 0.382517
    outer loop
      vertex -3 45.8857 48.2305
      vertex 3 45.9608 48.0491
      vertex -3 45.9608 48.0491
    endloop
  endfacet
  facet normal 0 -0.923949 -0.382517
    outer loop
      vertex -3 50.1143 62.7695
      vertex 3 50.0392 62.9509
      vertex -3 50.0392 62.9509
    endloop
  endfacet
  facet normal 0 -0.923949 -0.382517
    outer loop
      vertex 3 50.0392 62.9509
      vertex -3 50.1143 62.7695
      vertex 3 50.1143 62.7695
    endloop
  endfacet
  facet normal -0 0.537535 0.843242
    outer loop
      vertex -3 46.875 47.0514
      vertex 3 46.7095 47.1569
      vertex 3 46.875 47.0514
    endloop
  endfacet
  facet normal 0 0.537535 0.843242
    outer loop
      vertex 3 46.7095 47.1569
      vertex -3 46.875 47.0514
      vertex -3 46.7095 47.1569
    endloop
  endfacet
  facet normal 0 -0.608603 -0.793475
    outer loop
      vertex -3 49.2905 63.8431
      vertex 3 49.4463 63.7236
      vertex 3 49.2905 63.8431
    endloop
  endfacet
  facet normal -0 -0.608603 -0.793475
    outer loop
      vertex 3 49.4463 63.7236
      vertex -3 49.2905 63.8431
      vertex -3 49.4463 63.7236
    endloop
  endfacet
  facet normal -0 0.216553 0.976271
    outer loop
      vertex -3 47.6093 46.7842
      vertex 3 47.4177 46.8267
      vertex 3 47.6093 46.7842
    endloop
  endfacet
  facet normal 0 0.216553 0.976271
    outer loop
      vertex 3 47.4177 46.8267
      vertex -3 47.6093 46.7842
      vertex -3 47.4177 46.8267
    endloop
  endfacet
  facet normal -0 0.300595 0.953752
    outer loop
      vertex -3 47.4177 46.8267
      vertex 3 47.2305 46.8857
      vertex 3 47.4177 46.8267
    endloop
  endfacet
  facet normal 0 0.300595 0.953752
    outer loop
      vertex 3 47.2305 46.8857
      vertex -3 47.4177 46.8267
      vertex -3 47.2305 46.8857
    endloop
  endfacet
  facet normal 0 -0.675609 0.73726
    outer loop
      vertex -3 49.591 47.409
      vertex 3 49.4463 47.2764
      vertex 3 49.591 47.409
    endloop
  endfacet
  facet normal 0 -0.675609 0.73726
    outer loop
      vertex 3 49.4463 47.2764
      vertex -3 49.591 47.409
      vertex -3 49.4463 47.2764
    endloop
  endfacet
  facet normal -0 0.382517 0.923949
    outer loop
      vertex -3 47.2305 46.8857
      vertex 3 47.0491 46.9608
      vertex 3 47.2305 46.8857
    endloop
  endfacet
  facet normal 0 0.382517 0.923949
    outer loop
      vertex 3 47.0491 46.9608
      vertex -3 47.2305 46.8857
      vertex -3 47.0491 46.9608
    endloop
  endfacet
  facet normal 0 -0.991458 0.130428
    outer loop
      vertex -3 50.2158 48.6093
      vertex 3 50.2414 48.8039
      vertex -3 50.2414 48.8039
    endloop
  endfacet
  facet normal 0 -0.991458 0.130428
    outer loop
      vertex 3 50.2414 48.8039
      vertex -3 50.2158 48.6093
      vertex 3 50.2158 48.6093
    endloop
  endfacet
  facet normal 0 -0.461625 -0.887075
    outer loop
      vertex -3 48.9509 64.0392
      vertex 3 49.125 63.9486
      vertex 3 48.9509 64.0392
    endloop
  endfacet
  facet normal -0 -0.461625 -0.887075
    outer loop
      vertex 3 49.125 63.9486
      vertex -3 48.9509 64.0392
      vertex -3 49.125 63.9486
    endloop
  endfacet
  facet normal 0 -0.99904 0.0438131
    outer loop
      vertex -3 50.2414 48.8039
      vertex 3 50.25 49
      vertex -3 50.25 49
    endloop
  endfacet
  facet normal 0 -0.99904 0.0438131
    outer loop
      vertex 3 50.25 49
      vertex -3 50.2414 48.8039
      vertex 3 50.2414 48.8039
    endloop
  endfacet
  facet normal 0 -0.99904 -0.0438131
    outer loop
      vertex -3 50.25 62
      vertex 3 50.2414 62.1961
      vertex -3 50.2414 62.1961
    endloop
  endfacet
  facet normal 0 -0.99904 -0.0438131
    outer loop
      vertex 3 50.2414 62.1961
      vertex -3 50.25 62
      vertex 3 50.25 62
    endloop
  endfacet
  facet normal 0 0.675609 -0.73726
    outer loop
      vertex -3 46.409 63.591
      vertex 3 46.5537 63.7236
      vertex 3 46.409 63.591
    endloop
  endfacet
  facet normal 0 0.675609 -0.73726
    outer loop
      vertex 3 46.5537 63.7236
      vertex -3 46.409 63.591
      vertex -3 46.5537 63.7236
    endloop
  endfacet
  facet normal 0 -0.887075 0.461625
    outer loop
      vertex -3 49.9486 47.875
      vertex 3 50.0392 48.0491
      vertex -3 50.0392 48.0491
    endloop
  endfacet
  facet normal 0 -0.887075 0.461625
    outer loop
      vertex 3 50.0392 48.0491
      vertex -3 49.9486 47.875
      vertex 3 49.9486 47.875
    endloop
  endfacet
  facet normal 0 0.461625 -0.887075
    outer loop
      vertex -3 46.875 63.9486
      vertex 3 47.0491 64.0392
      vertex 3 46.875 63.9486
    endloop
  endfacet
  facet normal 0 0.461625 -0.887075
    outer loop
      vertex 3 47.0491 64.0392
      vertex -3 46.875 63.9486
      vertex -3 47.0491 64.0392
    endloop
  endfacet
  facet normal 0 0.887075 0.461625
    outer loop
      vertex 3 46.0514 47.875
      vertex -3 45.9608 48.0491
      vertex 3 45.9608 48.0491
    endloop
  endfacet
  facet normal 0 0.887075 0.461625
    outer loop
      vertex -3 45.9608 48.0491
      vertex 3 46.0514 47.875
      vertex -3 46.0514 47.875
    endloop
  endfacet
  facet normal 0 0.608603 -0.793475
    outer loop
      vertex -3 46.5537 63.7236
      vertex 3 46.7095 63.8431
      vertex 3 46.5537 63.7236
    endloop
  endfacet
  facet normal 0 0.608603 -0.793475
    outer loop
      vertex 3 46.7095 63.8431
      vertex -3 46.5537 63.7236
      vertex -3 46.7095 63.8431
    endloop
  endfacet
  facet normal 0 0.73726 0.675609
    outer loop
      vertex 3 46.409 47.409
      vertex -3 46.2764 47.5537
      vertex 3 46.2764 47.5537
    endloop
  endfacet
  facet normal 0 0.73726 0.675609
    outer loop
      vertex -3 46.2764 47.5537
      vertex 3 46.409 47.409
      vertex -3 46.409 47.409
    endloop
  endfacet
  facet normal 0 -0.300595 -0.953752
    outer loop
      vertex -3 48.5823 64.1733
      vertex 3 48.7695 64.1143
      vertex 3 48.5823 64.1733
    endloop
  endfacet
  facet normal -0 -0.300595 -0.953752
    outer loop
      vertex 3 48.7695 64.1143
      vertex -3 48.5823 64.1733
      vertex -3 48.7695 64.1143
    endloop
  endfacet
  facet normal 0 0.793475 -0.608603
    outer loop
      vertex 3 46.1569 63.2905
      vertex -3 46.2764 63.4463
      vertex 3 46.2764 63.4463
    endloop
  endfacet
  facet normal 0 0.793475 -0.608603
    outer loop
      vertex -3 46.2764 63.4463
      vertex 3 46.1569 63.2905
      vertex -3 46.1569 63.2905
    endloop
  endfacet
  facet normal 0 -0.382517 -0.923949
    outer loop
      vertex -3 48.7695 64.1143
      vertex 3 48.9509 64.0392
      vertex 3 48.7695 64.1143
    endloop
  endfacet
  facet normal -0 -0.382517 -0.923949
    outer loop
      vertex 3 48.9509 64.0392
      vertex -3 48.7695 64.1143
      vertex -3 48.9509 64.0392
    endloop
  endfacet
  facet normal 0 -0.216553 -0.976271
    outer loop
      vertex -3 48.3907 64.2158
      vertex 3 48.5823 64.1733
      vertex 3 48.3907 64.2158
    endloop
  endfacet
  facet normal -0 -0.216553 -0.976271
    outer loop
      vertex 3 48.5823 64.1733
      vertex -3 48.3907 64.2158
      vertex -3 48.5823 64.1733
    endloop
  endfacet
  facet normal 0 -0.675609 -0.73726
    outer loop
      vertex -3 49.4463 63.7236
      vertex 3 49.591 63.591
      vertex 3 49.4463 63.7236
    endloop
  endfacet
  facet normal -0 -0.675609 -0.73726
    outer loop
      vertex 3 49.591 63.591
      vertex -3 49.4463 63.7236
      vertex -3 49.591 63.591
    endloop
  endfacet
  facet normal 0 -0.793475 0.608603
    outer loop
      vertex -3 49.7236 47.5537
      vertex 3 49.8431 47.7095
      vertex -3 49.8431 47.7095
    endloop
  endfacet
  facet normal 0 -0.793475 0.608603
    outer loop
      vertex 3 49.8431 47.7095
      vertex -3 49.7236 47.5537
      vertex 3 49.7236 47.5537
    endloop
  endfacet
  facet normal 0 0.216553 -0.976271
    outer loop
      vertex -3 47.4177 64.1733
      vertex 3 47.6093 64.2158
      vertex 3 47.4177 64.1733
    endloop
  endfacet
  facet normal 0 0.216553 -0.976271
    outer loop
      vertex 3 47.6093 64.2158
      vertex -3 47.4177 64.1733
      vertex -3 47.6093 64.2158
    endloop
  endfacet
  facet normal 0 0.843242 -0.537535
    outer loop
      vertex 3 46.0514 63.125
      vertex -3 46.1569 63.2905
      vertex 3 46.1569 63.2905
    endloop
  endfacet
  facet normal 0 0.843242 -0.537535
    outer loop
      vertex -3 46.1569 63.2905
      vertex 3 46.0514 63.125
      vertex -3 46.0514 63.125
    endloop
  endfacet
  facet normal 0 -0.382517 0.923949
    outer loop
      vertex -3 48.9509 46.9608
      vertex 3 48.7695 46.8857
      vertex 3 48.9509 46.9608
    endloop
  endfacet
  facet normal 0 -0.382517 0.923949
    outer loop
      vertex 3 48.7695 46.8857
      vertex -3 48.9509 46.9608
      vertex -3 48.7695 46.8857
    endloop
  endfacet
  facet normal 0 0.953752 -0.300595
    outer loop
      vertex 3 45.8267 62.5823
      vertex -3 45.8857 62.7695
      vertex 3 45.8857 62.7695
    endloop
  endfacet
  facet normal 0 0.953752 -0.300595
    outer loop
      vertex -3 45.8857 62.7695
      vertex 3 45.8267 62.5823
      vertex -3 45.8267 62.5823
    endloop
  endfacet
  facet normal 0 0.73726 -0.675609
    outer loop
      vertex 3 46.2764 63.4463
      vertex -3 46.409 63.591
      vertex 3 46.409 63.591
    endloop
  endfacet
  facet normal 0 0.73726 -0.675609
    outer loop
      vertex -3 46.409 63.591
      vertex 3 46.2764 63.4463
      vertex -3 46.2764 63.4463
    endloop
  endfacet
  facet normal 0 -1 0
    outer loop
      vertex -3 50.25 49
      vertex 3 50.25 62
      vertex -3 50.25 62
    endloop
  endfacet
  facet normal 0 -1 -0
    outer loop
      vertex 3 50.25 62
      vertex -3 50.25 49
      vertex 3 50.25 49
    endloop
  endfacet
  facet normal 0 -0.976271 -0.216553
    outer loop
      vertex -3 50.2158 62.3907
      vertex 3 50.1733 62.5823
      vertex -3 50.1733 62.5823
    endloop
  endfacet
  facet normal 0 -0.976271 -0.216553
    outer loop
      vertex 3 50.1733 62.5823
      vertex -3 50.2158 62.3907
      vertex 3 50.2158 62.3907
    endloop
  endfacet
  facet normal -0 0.608603 0.793475
    outer loop
      vertex -3 46.7095 47.1569
      vertex 3 46.5537 47.2764
      vertex 3 46.7095 47.1569
    endloop
  endfacet
  facet normal 0 0.608603 0.793475
    outer loop
      vertex 3 46.5537 47.2764
      vertex -3 46.7095 47.1569
      vertex -3 46.5537 47.2764
    endloop
  endfacet
  facet normal 0 -0.953752 0.300595
    outer loop
      vertex -3 50.1143 48.2305
      vertex 3 50.1733 48.4177
      vertex -3 50.1733 48.4177
    endloop
  endfacet
  facet normal 0 -0.953752 0.300595
    outer loop
      vertex 3 50.1733 48.4177
      vertex -3 50.1143 48.2305
      vertex 3 50.1143 48.2305
    endloop
  endfacet
  facet normal 0 -0.976271 0.216553
    outer loop
      vertex -3 50.1733 48.4177
      vertex 3 50.2158 48.6093
      vertex -3 50.2158 48.6093
    endloop
  endfacet
  facet normal 0 -0.976271 0.216553
    outer loop
      vertex 3 50.2158 48.6093
      vertex -3 50.1733 48.4177
      vertex 3 50.1733 48.4177
    endloop
  endfacet
  facet normal 0 -0.608603 0.793475
    outer loop
      vertex -3 49.4463 47.2764
      vertex 3 49.2905 47.1569
      vertex 3 49.4463 47.2764
    endloop
  endfacet
  facet normal 0 -0.608603 0.793475
    outer loop
      vertex 3 49.2905 47.1569
      vertex -3 49.4463 47.2764
      vertex -3 49.2905 47.1569
    endloop
  endfacet
  facet normal 0 -0.608603 0.793475
    outer loop
      vertex -3 38.8397 42.883
      vertex 3 38.6839 42.7635
      vertex 3 38.8397 42.883
    endloop
  endfacet
  facet normal 0 -0.608603 0.793475
    outer loop
      vertex 3 38.6839 42.7635
      vertex -3 38.8397 42.883
      vertex -3 38.6839 42.7635
    endloop
  endfacet
  facet normal 0 0.886866 0.462026
    outer loop
      vertex 3 26.2525 52.674
      vertex -3 26.1618 52.8481
      vertex 3 26.1618 52.8481
    endloop
  endfacet
  facet normal 0 0.886866 0.462026
    outer loop
      vertex -3 26.1618 52.8481
      vertex 3 26.2525 52.674
      vertex -3 26.2525 52.674
    endloop
  endfacet
  facet normal 0 0.608603 -0.793475
    outer loop
      vertex -3 26.7547 55.5226
      vertex 3 26.9105 55.6421
      vertex 3 26.7547 55.5226
    endloop
  endfacet
  facet normal 0 0.608603 -0.793475
    outer loop
      vertex 3 26.9105 55.6421
      vertex -3 26.7547 55.5226
      vertex -3 26.9105 55.6421
    endloop
  endfacet
  facet normal -0 0.300595 0.953752
    outer loop
      vertex -3 36.8111 42.4333
      vertex 3 36.6239 42.4923
      vertex 3 36.8111 42.4333
    endloop
  endfacet
  facet normal 0 0.300595 0.953752
    outer loop
      vertex 3 36.6239 42.4923
      vertex -3 36.8111 42.4333
      vertex -3 36.6239 42.4923
    endloop
  endfacet
  facet normal 0 0.991458 0.130428
    outer loop
      vertex 3 25.9852 53.4083
      vertex -3 25.9596 53.6029
      vertex 3 25.9596 53.6029
    endloop
  endfacet
  facet normal 0 0.991458 0.130428
    outer loop
      vertex -3 25.9596 53.6029
      vertex 3 25.9852 53.4083
      vertex -3 25.9852 53.4083
    endloop
  endfacet
  facet normal 0 -0.793475 -0.608603
    outer loop
      vertex -3 39.2365 45.8971
      vertex 3 39.117 46.0529
      vertex -3 39.117 46.0529
    endloop
  endfacet
  facet normal 0 -0.793475 -0.608603
    outer loop
      vertex 3 39.117 46.0529
      vertex -3 39.2365 45.8971
      vertex 3 39.2365 45.8971
    endloop
  endfacet
  facet normal 0 -0.382697 -0.923874
    outer loop
      vertex -3 28.9706 55.9133
      vertex 3 29.1519 55.8382
      vertex 3 28.9706 55.9133
    endloop
  endfacet
  facet normal -0 -0.382697 -0.923874
    outer loop
      vertex 3 29.1519 55.8382
      vertex -3 28.9706 55.9133
      vertex -3 29.1519 55.8382
    endloop
  endfacet
  facet normal 0 -0.991458 -0.130428
    outer loop
      vertex -3 39.6348 44.8027
      vertex 3 39.6092 44.9973
      vertex -3 39.6092 44.9973
    endloop
  endfacet
  facet normal 0 -0.991458 -0.130428
    outer loop
      vertex 3 39.6092 44.9973
      vertex -3 39.6348 44.8027
      vertex 3 39.6348 44.8027
    endloop
  endfacet
  facet normal 0 -0.0438131 -0.99904
    outer loop
      vertex -3 28.201 56.049
      vertex 3 28.3971 56.0404
      vertex 3 28.201 56.049
    endloop
  endfacet
  facet normal -0 -0.0438131 -0.99904
    outer loop
      vertex 3 28.3971 56.0404
      vertex -3 28.201 56.049
      vertex -3 28.3971 56.0404
    endloop
  endfacet
  facet normal 0 -0.976271 -0.216553
    outer loop
      vertex -3 39.6092 44.9973
      vertex 3 39.5667 45.1889
      vertex -3 39.5667 45.1889
    endloop
  endfacet
  facet normal 0 -0.976271 -0.216553
    outer loop
      vertex 3 39.5667 45.1889
      vertex -3 39.6092 44.9973
      vertex 3 39.6092 44.9973
    endloop
  endfacet
  facet normal 0 -0.793475 0.608603
    outer loop
      vertex -3 39.117 43.1603
      vertex 3 39.2365 43.3161
      vertex -3 39.2365 43.3161
    endloop
  endfacet
  facet normal 0 -0.793475 0.608603
    outer loop
      vertex 3 39.2365 43.3161
      vertex -3 39.117 43.1603
      vertex 3 39.117 43.1603
    endloop
  endfacet
  facet normal 0 -0.216553 0.976271
    outer loop
      vertex -3 37.9757 42.4333
      vertex 3 37.7841 42.3908
      vertex 3 37.9757 42.4333
    endloop
  endfacet
  facet normal 0 -0.216553 0.976271
    outer loop
      vertex 3 37.7841 42.3908
      vertex -3 37.9757 42.4333
      vertex -3 37.7841 42.3908
    endloop
  endfacet
  facet normal 0 0.953752 0.300595
    outer loop
      vertex 3 26.0867 53.0294
      vertex -3 26.0277 53.2166
      vertex 3 26.0277 53.2166
    endloop
  endfacet
  facet normal 0 0.953752 0.300595
    outer loop
      vertex -3 26.0277 53.2166
      vertex 3 26.0867 53.0294
      vertex -3 26.0867 53.0294
    endloop
  endfacet
  facet normal -0 0.675609 0.73726
    outer loop
      vertex -3 35.9471 42.883
      vertex 3 35.8024 43.0156
      vertex 3 35.9471 42.883
    endloop
  endfacet
  facet normal 0 0.675609 0.73726
    outer loop
      vertex 3 35.8024 43.0156
      vertex -3 35.9471 42.883
      vertex -3 35.8024 43.0156
    endloop
  endfacet
  facet normal 0 -0.462026 -0.886866
    outer loop
      vertex -3 29.1519 55.8382
      vertex 3 29.326 55.7475
      vertex 3 29.1519 55.8382
    endloop
  endfacet
  facet normal -0 -0.462026 -0.886866
    outer loop
      vertex 3 29.326 55.7475
      vertex -3 29.1519 55.8382
      vertex -3 29.326 55.7475
    endloop
  endfacet
  facet normal 0 0.923874 0.382697
    outer loop
      vertex 3 26.1618 52.8481
      vertex -3 26.0867 53.0294
      vertex 3 26.0867 53.0294
    endloop
  endfacet
  facet normal 0 0.923874 0.382697
    outer loop
      vertex -3 26.0867 53.0294
      vertex 3 26.1618 52.8481
      vertex -3 26.1618 52.8481
    endloop
  endfacet
  facet normal 0 0.99904 -0.0438131
    outer loop
      vertex 3 25.951 53.799
      vertex -3 25.9596 53.9951
      vertex 3 25.9596 53.9951
    endloop
  endfacet
  facet normal 0 0.99904 -0.0438131
    outer loop
      vertex -3 25.9596 53.9951
      vertex 3 25.951 53.799
      vertex -3 25.951 53.799
    endloop
  endfacet
  facet normal 0 0.793286 0.608849
    outer loop
      vertex 3 26.4774 52.3527
      vertex -3 26.3579 52.5084
      vertex 3 26.3579 52.5084
    endloop
  endfacet
  facet normal 0 0.793286 0.608849
    outer loop
      vertex -3 26.3579 52.5084
      vertex 3 26.4774 52.3527
      vertex -3 26.4774 52.3527
    endloop
  endfacet
  facet normal -0 0.461625 0.887075
    outer loop
      vertex -3 36.4425 42.5674
      vertex 3 36.2684 42.658
      vertex 3 36.4425 42.5674
    endloop
  endfacet
  facet normal 0 0.461625 0.887075
    outer loop
      vertex 3 36.2684 42.658
      vertex -3 36.4425 42.5674
      vertex -3 36.2684 42.658
    endloop
  endfacet
  facet normal 0 -0.887075 0.461625
    outer loop
      vertex -3 39.342 43.4816
      vertex 3 39.4326 43.6557
      vertex -3 39.4326 43.6557
    endloop
  endfacet
  facet normal 0 -0.887075 0.461625
    outer loop
      vertex 3 39.4326 43.6557
      vertex -3 39.342 43.4816
      vertex 3 39.342 43.4816
    endloop
  endfacet
  facet normal 0 -0.843242 0.537535
    outer loop
      vertex -3 39.2365 43.3161
      vertex 3 39.342 43.4816
      vertex -3 39.342 43.4816
    endloop
  endfacet
  facet normal 0 -0.843242 0.537535
    outer loop
      vertex 3 39.342 43.4816
      vertex -3 39.2365 43.3161
      vertex 3 39.2365 43.3161
    endloop
  endfacet
  facet normal 0 -0.537535 0.843242
    outer loop
      vertex -3 38.6839 42.7635
      vertex 3 38.5184 42.658
      vertex 3 38.6839 42.7635
    endloop
  endfacet
  facet normal 0 -0.537535 0.843242
    outer loop
      vertex 3 38.5184 42.658
      vertex -3 38.6839 42.7635
      vertex -3 38.5184 42.658
    endloop
  endfacet
  facet normal -0 0.382517 0.923949
    outer loop
      vertex -3 36.6239 42.4923
      vertex 3 36.4425 42.5674
      vertex 3 36.6239 42.4923
    endloop
  endfacet
  facet normal 0 0.382517 0.923949
    outer loop
      vertex 3 36.4425 42.5674
      vertex -3 36.6239 42.4923
      vertex -3 36.4425 42.5674
    endloop
  endfacet
  facet normal 0 -0.923949 0.382517
    outer loop
      vertex -3 39.4326 43.6557
      vertex 3 39.5077 43.8371
      vertex -3 39.5077 43.8371
    endloop
  endfacet
  facet normal 0 -0.923949 0.382517
    outer loop
      vertex 3 39.5077 43.8371
      vertex -3 39.4326 43.6557
      vertex 3 39.4326 43.6557
    endloop
  endfacet
  facet normal 0 0.886866 -0.462026
    outer loop
      vertex 3 26.1618 54.7499
      vertex -3 26.2525 54.924
      vertex 3 26.2525 54.924
    endloop
  endfacet
  facet normal 0 0.886866 -0.462026
    outer loop
      vertex -3 26.2525 54.924
      vertex 3 26.1618 54.7499
      vertex -3 26.1618 54.7499
    endloop
  endfacet
  facet normal 0 -0.923949 -0.382517
    outer loop
      vertex -3 39.5077 45.3761
      vertex 3 39.4326 45.5575
      vertex -3 39.4326 45.5575
    endloop
  endfacet
  facet normal 0 -0.923949 -0.382517
    outer loop
      vertex 3 39.4326 45.5575
      vertex -3 39.5077 45.3761
      vertex 3 39.5077 45.3761
    endloop
  endfacet
  facet normal -0 0.608603 0.793475
    outer loop
      vertex -3 36.1029 42.7635
      vertex 3 35.9471 42.883
      vertex 3 36.1029 42.7635
    endloop
  endfacet
  facet normal 0 0.608603 0.793475
    outer loop
      vertex 3 35.9471 42.883
      vertex -3 36.1029 42.7635
      vertex -3 35.9471 42.883
    endloop
  endfacet
  facet normal -0 0.216553 0.976271
    outer loop
      vertex -3 37.0027 42.3908
      vertex 3 36.8111 42.4333
      vertex 3 37.0027 42.3908
    endloop
  endfacet
  facet normal 0 0.216553 0.976271
    outer loop
      vertex 3 36.8111 42.4333
      vertex -3 37.0027 42.3908
      vertex -3 36.8111 42.4333
    endloop
  endfacet
  facet normal -0 0.130428 0.991458
    outer loop
      vertex -3 37.1973 42.3652
      vertex 3 37.0027 42.3908
      vertex 3 37.1973 42.3652
    endloop
  endfacet
  facet normal 0 0.130428 0.991458
    outer loop
      vertex 3 37.0027 42.3908
      vertex -3 37.1973 42.3652
      vertex -3 37.0027 42.3908
    endloop
  endfacet
  facet normal 0 -0.130428 -0.991458
    outer loop
      vertex -3 28.3971 56.0404
      vertex 3 28.5917 56.0148
      vertex 3 28.3971 56.0404
    endloop
  endfacet
  facet normal -0 -0.130428 -0.991458
    outer loop
      vertex 3 28.5917 56.0148
      vertex -3 28.3971 56.0404
      vertex -3 28.5917 56.0148
    endloop
  endfacet
  facet normal 0 0.976271 -0.216553
    outer loop
      vertex 3 25.9852 54.1897
      vertex -3 26.0277 54.3813
      vertex 3 26.0277 54.3813
    endloop
  endfacet
  facet normal 0 0.976271 -0.216553
    outer loop
      vertex -3 26.0277 54.3813
      vertex 3 25.9852 54.1897
      vertex -3 25.9852 54.1897
    endloop
  endfacet
  facet normal 0 -0.73726 -0.675609
    outer loop
      vertex -3 39.117 46.0529
      vertex 3 38.9844 46.1976
      vertex -3 38.9844 46.1976
    endloop
  endfacet
  facet normal 0 -0.73726 -0.675609
    outer loop
      vertex 3 38.9844 46.1976
      vertex -3 39.117 46.0529
      vertex 3 39.117 46.0529
    endloop
  endfacet
  facet normal 0 0.130428 -0.991458
    outer loop
      vertex -3 27.8103 56.0148
      vertex 3 28.0049 56.0404
      vertex 3 27.8103 56.0148
    endloop
  endfacet
  facet normal 0 0.130428 -0.991458
    outer loop
      vertex 3 28.0049 56.0404
      vertex -3 27.8103 56.0148
      vertex -3 28.0049 56.0404
    endloop
  endfacet
  facet normal 0 0.953752 -0.300595
    outer loop
      vertex 3 26.0277 54.3813
      vertex -3 26.0867 54.5685
      vertex 3 26.0867 54.5685
    endloop
  endfacet
  facet normal 0 0.953752 -0.300595
    outer loop
      vertex -3 26.0867 54.5685
      vertex 3 26.0277 54.3813
      vertex -3 26.0277 54.3813
    endloop
  endfacet
  facet normal 0 -0.130428 0.991458
    outer loop
      vertex -3 37.7841 42.3908
      vertex 3 37.5895 42.3652
      vertex 3 37.7841 42.3908
    endloop
  endfacet
  facet normal 0 -0.130428 0.991458
    outer loop
      vertex 3 37.5895 42.3652
      vertex -3 37.7841 42.3908
      vertex -3 37.5895 42.3652
    endloop
  endfacet
  facet normal 0 0.675609 -0.73726
    outer loop
      vertex -3 26.61 55.39
      vertex 3 26.7547 55.5226
      vertex 3 26.61 55.39
    endloop
  endfacet
  facet normal 0 0.675609 -0.73726
    outer loop
      vertex 3 26.7547 55.5226
      vertex -3 26.61 55.39
      vertex -3 26.7547 55.5226
    endloop
  endfacet
  facet normal 0 -0.382517 0.923949
    outer loop
      vertex -3 38.3443 42.5674
      vertex 3 38.1629 42.4923
      vertex 3 38.3443 42.5674
    endloop
  endfacet
  facet normal 0 -0.382517 0.923949
    outer loop
      vertex 3 38.1629 42.4923
      vertex -3 38.3443 42.5674
      vertex -3 38.1629 42.4923
    endloop
  endfacet
  facet normal 0 0.976295 0.216445
    outer loop
      vertex 3 26.0277 53.2166
      vertex -3 25.9852 53.4083
      vertex 3 25.9852 53.4083
    endloop
  endfacet
  facet normal 0 0.976295 0.216445
    outer loop
      vertex -3 25.9852 53.4083
      vertex 3 26.0277 53.2166
      vertex -3 26.0277 53.2166
    endloop
  endfacet
  facet normal 0 0.382517 -0.923949
    outer loop
      vertex -3 27.2501 55.8382
      vertex 3 27.4315 55.9133
      vertex 3 27.2501 55.8382
    endloop
  endfacet
  facet normal 0 0.382517 -0.923949
    outer loop
      vertex 3 27.4315 55.9133
      vertex -3 27.2501 55.8382
      vertex -3 27.4315 55.9133
    endloop
  endfacet
  facet normal 0 0.991458 -0.130428
    outer loop
      vertex 3 25.9596 53.9951
      vertex -3 25.9852 54.1897
      vertex 3 25.9852 54.1897
    endloop
  endfacet
  facet normal 0 0.991458 -0.130428
    outer loop
      vertex -3 25.9852 54.1897
      vertex 3 25.9596 53.9951
      vertex -3 25.9596 53.9951
    endloop
  endfacet
  facet normal 0 0.0438131 -0.99904
    outer loop
      vertex -3 28.0049 56.0404
      vertex 3 28.201 56.049
      vertex 3 28.0049 56.0404
    endloop
  endfacet
  facet normal 0 0.0438131 -0.99904
    outer loop
      vertex 3 28.201 56.049
      vertex -3 28.0049 56.0404
      vertex -3 28.201 56.049
    endloop
  endfacet
  facet normal 0 -0.991458 0.130428
    outer loop
      vertex -3 39.6092 44.2159
      vertex 3 39.6348 44.4105
      vertex -3 39.6348 44.4105
    endloop
  endfacet
  facet normal 0 -0.991458 0.130428
    outer loop
      vertex 3 39.6348 44.4105
      vertex -3 39.6092 44.2159
      vertex 3 39.6092 44.2159
    endloop
  endfacet
  facet normal 0 0.73726 -0.675609
    outer loop
      vertex 3 26.4774 55.2453
      vertex -3 26.61 55.39
      vertex 3 26.61 55.39
    endloop
  endfacet
  facet normal 0 0.73726 -0.675609
    outer loop
      vertex -3 26.61 55.39
      vertex 3 26.4774 55.2453
      vertex -3 26.4774 55.2453
    endloop
  endfacet
  facet normal 0 0.84362 0.536941
    outer loop
      vertex 3 26.3579 52.5084
      vertex -3 26.2525 52.674
      vertex 3 26.2525 52.674
    endloop
  endfacet
  facet normal 0 0.84362 0.536941
    outer loop
      vertex -3 26.2525 52.674
      vertex 3 26.3579 52.5084
      vertex -3 26.3579 52.5084
    endloop
  endfacet
  facet normal 0 0.73726 0.675609
    outer loop
      vertex 3 26.61 52.208
      vertex -3 26.4774 52.3527
      vertex 3 26.4774 52.3527
    endloop
  endfacet
  facet normal 0 0.73726 0.675609
    outer loop
      vertex -3 26.4774 52.3527
      vertex 3 26.61 52.208
      vertex -3 26.61 52.208
    endloop
  endfacet
  facet normal 0 -0.216445 -0.976295
    outer loop
      vertex -3 28.5917 56.0148
      vertex 3 28.7834 55.9723
      vertex 3 28.5917 56.0148
    endloop
  endfacet
  facet normal -0 -0.216445 -0.976295
    outer loop
      vertex 3 28.7834 55.9723
      vertex -3 28.5917 56.0148
      vertex -3 28.7834 55.9723
    endloop
  endfacet
  facet normal 0 -0.608849 -0.793286
    outer loop
      vertex -3 29.4916 55.6421
      vertex 3 29.6473 55.5226
      vertex 3 29.4916 55.6421
    endloop
  endfacet
  facet normal -0 -0.608849 -0.793286
    outer loop
      vertex 3 29.6473 55.5226
      vertex -3 29.4916 55.6421
      vertex -3 29.6473 55.5226
    endloop
  endfacet
  facet normal 0 -0.887075 -0.461625
    outer loop
      vertex -3 39.4326 45.5575
      vertex 3 39.342 45.7316
      vertex -3 39.342 45.7316
    endloop
  endfacet
  facet normal 0 -0.887075 -0.461625
    outer loop
      vertex 3 39.342 45.7316
      vertex -3 39.4326 45.5575
      vertex 3 39.4326 45.5575
    endloop
  endfacet
  facet normal 0 0.707107 0.707107
    outer loop
      vertex 3 35.8024 43.0156
      vertex -3 26.61 52.208
      vertex 3 26.61 52.208
    endloop
  endfacet
  facet normal 0 0.707107 0.707107
    outer loop
      vertex -3 26.61 52.208
      vertex 3 35.8024 43.0156
      vertex -3 35.8024 43.0156
    endloop
  endfacet
  facet normal 0 -0.675609 -0.73726
    outer loop
      vertex -3 29.6473 55.5226
      vertex 3 29.792 55.39
      vertex 3 29.6473 55.5226
    endloop
  endfacet
  facet normal -0 -0.675609 -0.73726
    outer loop
      vertex 3 29.792 55.39
      vertex -3 29.6473 55.5226
      vertex -3 29.792 55.39
    endloop
  endfacet
  facet normal 0 -0.0438131 0.99904
    outer loop
      vertex -3 37.5895 42.3652
      vertex 3 37.3934 42.3566
      vertex 3 37.5895 42.3652
    endloop
  endfacet
  facet normal 0 -0.0438131 0.99904
    outer loop
      vertex 3 37.3934 42.3566
      vertex -3 37.5895 42.3652
      vertex -3 37.3934 42.3566
    endloop
  endfacet
  facet normal 0 -0.843242 -0.537535
    outer loop
      vertex -3 39.342 45.7316
      vertex 3 39.2365 45.8971
      vertex -3 39.2365 45.8971
    endloop
  endfacet
  facet normal 0 -0.843242 -0.537535
    outer loop
      vertex 3 39.2365 45.8971
      vertex -3 39.342 45.7316
      vertex 3 39.342 45.7316
    endloop
  endfacet
  facet normal 0 -0.536941 -0.84362
    outer loop
      vertex -3 29.326 55.7475
      vertex 3 29.4916 55.6421
      vertex 3 29.326 55.7475
    endloop
  endfacet
  facet normal -0 -0.536941 -0.84362
    outer loop
      vertex 3 29.4916 55.6421
      vertex -3 29.326 55.7475
      vertex -3 29.4916 55.6421
    endloop
  endfacet
  facet normal -0 0.0438131 0.99904
    outer loop
      vertex -3 37.3934 42.3566
      vertex 3 37.1973 42.3652
      vertex 3 37.3934 42.3566
    endloop
  endfacet
  facet normal 0 0.0438131 0.99904
    outer loop
      vertex 3 37.1973 42.3652
      vertex -3 37.3934 42.3566
      vertex -3 37.1973 42.3652
    endloop
  endfacet
  facet normal 0 -0.675609 0.73726
    outer loop
      vertex -3 38.9844 43.0156
      vertex 3 38.8397 42.883
      vertex 3 38.9844 43.0156
    endloop
  endfacet
  facet normal 0 -0.675609 0.73726
    outer loop
      vertex 3 38.8397 42.883
      vertex -3 38.9844 43.0156
      vertex -3 38.8397 42.883
    endloop
  endfacet
  facet normal 0 -0.707107 -0.707107
    outer loop
      vertex -3 29.792 55.39
      vertex 3 38.9844 46.1976
      vertex 3 29.792 55.39
    endloop
  endfacet
  facet normal -0 -0.707107 -0.707107
    outer loop
      vertex 3 38.9844 46.1976
      vertex -3 29.792 55.39
      vertex -3 38.9844 46.1976
    endloop
  endfacet
  facet normal 0 0.923949 -0.382517
    outer loop
      vertex 3 26.0867 54.5685
      vertex -3 26.1618 54.7499
      vertex 3 26.1618 54.7499
    endloop
  endfacet
  facet normal 0 0.923949 -0.382517
    outer loop
      vertex -3 26.1618 54.7499
      vertex 3 26.0867 54.5685
      vertex -3 26.0867 54.5685
    endloop
  endfacet
  facet normal 0 -0.300595 0.953752
    outer loop
      vertex -3 38.1629 42.4923
      vertex 3 37.9757 42.4333
      vertex 3 38.1629 42.4923
    endloop
  endfacet
  facet normal 0 -0.300595 0.953752
    outer loop
      vertex 3 37.9757 42.4333
      vertex -3 38.1629 42.4923
      vertex -3 37.9757 42.4333
    endloop
  endfacet
  facet normal 0 0.216553 -0.976271
    outer loop
      vertex -3 27.6187 55.9723
      vertex 3 27.8103 56.0148
      vertex 3 27.6187 55.9723
    endloop
  endfacet
  facet normal 0 0.216553 -0.976271
    outer loop
      vertex 3 27.8103 56.0148
      vertex -3 27.6187 55.9723
      vertex -3 27.8103 56.0148
    endloop
  endfacet
  facet normal 0 0.300595 -0.953752
    outer loop
      vertex -3 27.4315 55.9133
      vertex 3 27.6187 55.9723
      vertex 3 27.4315 55.9133
    endloop
  endfacet
  facet normal 0 0.300595 -0.953752
    outer loop
      vertex 3 27.6187 55.9723
      vertex -3 27.4315 55.9133
      vertex -3 27.6187 55.9723
    endloop
  endfacet
  facet normal 0 -0.300595 -0.953752
    outer loop
      vertex -3 28.7834 55.9723
      vertex 3 28.9706 55.9133
      vertex 3 28.7834 55.9723
    endloop
  endfacet
  facet normal -0 -0.300595 -0.953752
    outer loop
      vertex 3 28.9706 55.9133
      vertex -3 28.7834 55.9723
      vertex -3 28.9706 55.9133
    endloop
  endfacet
  facet normal 0 -0.953752 0.300595
    outer loop
      vertex -3 39.5077 43.8371
      vertex 3 39.5667 44.0243
      vertex -3 39.5667 44.0243
    endloop
  endfacet
  facet normal 0 -0.953752 0.300595
    outer loop
      vertex 3 39.5667 44.0243
      vertex -3 39.5077 43.8371
      vertex 3 39.5077 43.8371
    endloop
  endfacet
  facet normal 0 0.793475 -0.608603
    outer loop
      vertex 3 26.3579 55.0895
      vertex -3 26.4774 55.2453
      vertex 3 26.4774 55.2453
    endloop
  endfacet
  facet normal 0 0.793475 -0.608603
    outer loop
      vertex -3 26.4774 55.2453
      vertex 3 26.3579 55.0895
      vertex -3 26.3579 55.0895
    endloop
  endfacet
  facet normal 0 0.537172 -0.843473
    outer loop
      vertex -3 26.9105 55.6421
      vertex 3 27.076 55.7475
      vertex 3 26.9105 55.6421
    endloop
  endfacet
  facet normal 0 0.537172 -0.843473
    outer loop
      vertex 3 27.076 55.7475
      vertex -3 26.9105 55.6421
      vertex -3 27.076 55.7475
    endloop
  endfacet
  facet normal 0 0.462026 -0.886866
    outer loop
      vertex -3 27.076 55.7475
      vertex 3 27.2501 55.8382
      vertex 3 27.076 55.7475
    endloop
  endfacet
  facet normal 0 0.462026 -0.886866
    outer loop
      vertex 3 27.2501 55.8382
      vertex -3 27.076 55.7475
      vertex -3 27.2501 55.8382
    endloop
  endfacet
  facet normal 0 -0.461625 0.887075
    outer loop
      vertex -3 38.5184 42.658
      vertex 3 38.3443 42.5674
      vertex 3 38.5184 42.658
    endloop
  endfacet
  facet normal 0 -0.461625 0.887075
    outer loop
      vertex 3 38.3443 42.5674
      vertex -3 38.5184 42.658
      vertex -3 38.3443 42.5674
    endloop
  endfacet
  facet normal -0 0.537535 0.843242
    outer loop
      vertex -3 36.2684 42.658
      vertex 3 36.1029 42.7635
      vertex 3 36.2684 42.658
    endloop
  endfacet
  facet normal 0 0.537535 0.843242
    outer loop
      vertex 3 36.1029 42.7635
      vertex -3 36.2684 42.658
      vertex -3 36.1029 42.7635
    endloop
  endfacet
  facet normal 0 -0.99904 -0.0438131
    outer loop
      vertex -3 39.6434 44.6066
      vertex 3 39.6348 44.8027
      vertex -3 39.6348 44.8027
    endloop
  endfacet
  facet normal 0 -0.99904 -0.0438131
    outer loop
      vertex 3 39.6348 44.8027
      vertex -3 39.6434 44.6066
      vertex 3 39.6434 44.6066
    endloop
  endfacet
  facet normal 0 -0.99904 0.0438131
    outer loop
      vertex -3 39.6348 44.4105
      vertex 3 39.6434 44.6066
      vertex -3 39.6434 44.6066
    endloop
  endfacet
  facet normal 0 -0.99904 0.0438131
    outer loop
      vertex 3 39.6434 44.6066
      vertex -3 39.6348 44.4105
      vertex 3 39.6348 44.4105
    endloop
  endfacet
  facet normal 0 0.843473 -0.537172
    outer loop
      vertex 3 26.2525 54.924
      vertex -3 26.3579 55.0895
      vertex 3 26.3579 55.0895
    endloop
  endfacet
  facet normal 0 0.843473 -0.537172
    outer loop
      vertex -3 26.3579 55.0895
      vertex 3 26.2525 54.924
      vertex -3 26.2525 54.924
    endloop
  endfacet
  facet normal 0 -0.976271 0.216553
    outer loop
      vertex -3 39.5667 44.0243
      vertex 3 39.6092 44.2159
      vertex -3 39.6092 44.2159
    endloop
  endfacet
  facet normal 0 -0.976271 0.216553
    outer loop
      vertex 3 39.6092 44.2159
      vertex -3 39.5667 44.0243
      vertex 3 39.5667 44.0243
    endloop
  endfacet
  facet normal 0 0.99904 0.0438131
    outer loop
      vertex 3 25.9596 53.6029
      vertex -3 25.951 53.799
      vertex 3 25.951 53.799
    endloop
  endfacet
  facet normal 0 0.99904 0.0438131
    outer loop
      vertex -3 25.951 53.799
      vertex 3 25.9596 53.6029
      vertex -3 25.9596 53.6029
    endloop
  endfacet
  facet normal 0 -0.953752 -0.300595
    outer loop
      vertex -3 39.5667 45.1889
      vertex 3 39.5077 45.3761
      vertex -3 39.5077 45.3761
    endloop
  endfacet
  facet normal 0 -0.953752 -0.300595
    outer loop
      vertex 3 39.5077 45.3761
      vertex -3 39.5667 45.1889
      vertex 3 39.5667 45.1889
    endloop
  endfacet
  facet normal 0 -0.73726 0.675609
    outer loop
      vertex -3 38.9844 43.0156
      vertex 3 39.117 43.1603
      vertex -3 39.117 43.1603
    endloop
  endfacet
  facet normal 0 -0.73726 0.675609
    outer loop
      vertex 3 39.117 43.1603
      vertex -3 38.9844 43.0156
      vertex 3 38.9844 43.0156
    endloop
  endfacet
  facet normal 0 -0.0438131 0.99904
    outer loop
      vertex -3 33.1961 31.7586
      vertex 3 33 31.75
      vertex 3 33.1961 31.7586
    endloop
  endfacet
  facet normal 0 -0.0438131 0.99904
    outer loop
      vertex 3 33 31.75
      vertex -3 33.1961 31.7586
      vertex -3 33 31.75
    endloop
  endfacet
  facet normal -0 0 1
    outer loop
      vertex -3 33 31.75
      vertex 3 20.25 31.75
      vertex 3 33 31.75
    endloop
  endfacet
  facet normal 0 0 1
    outer loop
      vertex 3 20.25 31.75
      vertex -3 33 31.75
      vertex -3 20.25 31.75
    endloop
  endfacet
  facet normal 0 -0.73726 0.675609
    outer loop
      vertex -3 34.591 32.409
      vertex 3 34.7236 32.5537
      vertex -3 34.7236 32.5537
    endloop
  endfacet
  facet normal 0 -0.73726 0.675609
    outer loop
      vertex 3 34.7236 32.5537
      vertex -3 34.591 32.409
      vertex 3 34.591 32.409
    endloop
  endfacet
  facet normal 0 -0.991458 -0.130428
    outer loop
      vertex -3 35.2414 34.1961
      vertex 3 35.2158 34.3907
      vertex -3 35.2158 34.3907
    endloop
  endfacet
  facet normal 0 -0.991458 -0.130428
    outer loop
      vertex 3 35.2158 34.3907
      vertex -3 35.2414 34.1961
      vertex 3 35.2414 34.1961
    endloop
  endfacet
  facet normal 0 -0.99904 0.0438131
    outer loop
      vertex -3 35.2414 33.8039
      vertex 3 35.25 34
      vertex -3 35.25 34
    endloop
  endfacet
  facet normal 0 -0.99904 0.0438131
    outer loop
      vertex 3 35.25 34
      vertex -3 35.2414 33.8039
      vertex 3 35.2414 33.8039
    endloop
  endfacet
  facet normal 0 -0.887075 -0.461625
    outer loop
      vertex -3 35.0392 34.9509
      vertex 3 34.9486 35.125
      vertex -3 34.9486 35.125
    endloop
  endfacet
  facet normal 0 -0.887075 -0.461625
    outer loop
      vertex 3 34.9486 35.125
      vertex -3 35.0392 34.9509
      vertex 3 35.0392 34.9509
    endloop
  endfacet
  facet normal 0 -0.843242 -0.537535
    outer loop
      vertex -3 34.9486 35.125
      vertex 3 34.8431 35.2905
      vertex -3 34.8431 35.2905
    endloop
  endfacet
  facet normal 0 -0.843242 -0.537535
    outer loop
      vertex 3 34.8431 35.2905
      vertex -3 34.9486 35.125
      vertex 3 34.9486 35.125
    endloop
  endfacet
  facet normal 0 -0.991458 0.130428
    outer loop
      vertex -3 35.2158 33.6093
      vertex 3 35.2414 33.8039
      vertex -3 35.2414 33.8039
    endloop
  endfacet
  facet normal 0 -0.991458 0.130428
    outer loop
      vertex 3 35.2414 33.8039
      vertex -3 35.2158 33.6093
      vertex 3 35.2158 33.6093
    endloop
  endfacet
  facet normal 0 -0.537535 0.843242
    outer loop
      vertex -3 34.2905 32.1569
      vertex 3 34.125 32.0514
      vertex 3 34.2905 32.1569
    endloop
  endfacet
  facet normal 0 -0.537535 0.843242
    outer loop
      vertex 3 34.125 32.0514
      vertex -3 34.2905 32.1569
      vertex -3 34.125 32.0514
    endloop
  endfacet
  facet normal 0 -0.976271 -0.216553
    outer loop
      vertex -3 35.2158 34.3907
      vertex 3 35.1733 34.5823
      vertex -3 35.1733 34.5823
    endloop
  endfacet
  facet normal 0 -0.976271 -0.216553
    outer loop
      vertex 3 35.1733 34.5823
      vertex -3 35.2158 34.3907
      vertex 3 35.2158 34.3907
    endloop
  endfacet
  facet normal 0 -0.382517 -0.923949
    outer loop
      vertex -3 33.7695 36.1143
      vertex 3 33.9509 36.0392
      vertex 3 33.7695 36.1143
    endloop
  endfacet
  facet normal -0 -0.382517 -0.923949
    outer loop
      vertex 3 33.9509 36.0392
      vertex -3 33.7695 36.1143
      vertex -3 33.9509 36.0392
    endloop
  endfacet
  facet normal 0 -0.216553 0.976271
    outer loop
      vertex -3 33.5823 31.8267
      vertex 3 33.3907 31.7842
      vertex 3 33.5823 31.8267
    endloop
  endfacet
  facet normal 0 -0.216553 0.976271
    outer loop
      vertex 3 33.3907 31.7842
      vertex -3 33.5823 31.8267
      vertex -3 33.3907 31.7842
    endloop
  endfacet
  facet normal 0 -0.887075 0.461625
    outer loop
      vertex -3 34.9486 32.875
      vertex 3 35.0392 33.0491
      vertex -3 35.0392 33.0491
    endloop
  endfacet
  facet normal 0 -0.887075 0.461625
    outer loop
      vertex 3 35.0392 33.0491
      vertex -3 34.9486 32.875
      vertex 3 34.9486 32.875
    endloop
  endfacet
  facet normal 0 -0.675609 -0.73726
    outer loop
      vertex -3 34.4463 35.7236
      vertex 3 34.591 35.591
      vertex 3 34.4463 35.7236
    endloop
  endfacet
  facet normal -0 -0.675609 -0.73726
    outer loop
      vertex 3 34.591 35.591
      vertex -3 34.4463 35.7236
      vertex -3 34.591 35.591
    endloop
  endfacet
  facet normal 0 -0.953752 -0.300595
    outer loop
      vertex -3 35.1733 34.5823
      vertex 3 35.1143 34.7695
      vertex -3 35.1143 34.7695
    endloop
  endfacet
  facet normal 0 -0.953752 -0.300595
    outer loop
      vertex 3 35.1143 34.7695
      vertex -3 35.1733 34.5823
      vertex 3 35.1733 34.5823
    endloop
  endfacet
  facet normal 0 -0.793475 0.608603
    outer loop
      vertex -3 34.7236 32.5537
      vertex 3 34.8431 32.7095
      vertex -3 34.8431 32.7095
    endloop
  endfacet
  facet normal 0 -0.793475 0.608603
    outer loop
      vertex 3 34.8431 32.7095
      vertex -3 34.7236 32.5537
      vertex 3 34.7236 32.5537
    endloop
  endfacet
  facet normal 0 -0.99904 -0.0438131
    outer loop
      vertex -3 35.25 34
      vertex 3 35.2414 34.1961
      vertex -3 35.2414 34.1961
    endloop
  endfacet
  facet normal 0 -0.99904 -0.0438131
    outer loop
      vertex 3 35.2414 34.1961
      vertex -3 35.25 34
      vertex 3 35.25 34
    endloop
  endfacet
  facet normal 0 -0.130428 0.991458
    outer loop
      vertex -3 33.3907 31.7842
      vertex 3 33.1961 31.7586
      vertex 3 33.3907 31.7842
    endloop
  endfacet
  facet normal 0 -0.130428 0.991458
    outer loop
      vertex 3 33.1961 31.7586
      vertex -3 33.3907 31.7842
      vertex -3 33.1961 31.7586
    endloop
  endfacet
  facet normal 0 -0.537535 -0.843242
    outer loop
      vertex -3 34.125 35.9486
      vertex 3 34.2905 35.8431
      vertex 3 34.125 35.9486
    endloop
  endfacet
  facet normal -0 -0.537535 -0.843242
    outer loop
      vertex 3 34.2905 35.8431
      vertex -3 34.125 35.9486
      vertex -3 34.2905 35.8431
    endloop
  endfacet
  facet normal 0 -0.608603 0.793475
    outer loop
      vertex -3 34.4463 32.2764
      vertex 3 34.2905 32.1569
      vertex 3 34.4463 32.2764
    endloop
  endfacet
  facet normal 0 -0.608603 0.793475
    outer loop
      vertex 3 34.2905 32.1569
      vertex -3 34.4463 32.2764
      vertex -3 34.2905 32.1569
    endloop
  endfacet
  facet normal 0 -0.300595 0.953752
    outer loop
      vertex -3 33.7695 31.8857
      vertex 3 33.5823 31.8267
      vertex 3 33.7695 31.8857
    endloop
  endfacet
  facet normal 0 -0.300595 0.953752
    outer loop
      vertex 3 33.5823 31.8267
      vertex -3 33.7695 31.8857
      vertex -3 33.5823 31.8267
    endloop
  endfacet
  facet normal 0 -0.923949 0.382517
    outer loop
      vertex -3 35.0392 33.0491
      vertex 3 35.1143 33.2305
      vertex -3 35.1143 33.2305
    endloop
  endfacet
  facet normal 0 -0.923949 0.382517
    outer loop
      vertex 3 35.1143 33.2305
      vertex -3 35.0392 33.0491
      vertex 3 35.0392 33.0491
    endloop
  endfacet
  facet normal 0 -0.382517 0.923949
    outer loop
      vertex -3 33.9509 31.9608
      vertex 3 33.7695 31.8857
      vertex 3 33.9509 31.9608
    endloop
  endfacet
  facet normal 0 -0.382517 0.923949
    outer loop
      vertex 3 33.7695 31.8857
      vertex -3 33.9509 31.9608
      vertex -3 33.7695 31.8857
    endloop
  endfacet
  facet normal 0 -0.843242 0.537535
    outer loop
      vertex -3 34.8431 32.7095
      vertex 3 34.9486 32.875
      vertex -3 34.9486 32.875
    endloop
  endfacet
  facet normal 0 -0.843242 0.537535
    outer loop
      vertex 3 34.9486 32.875
      vertex -3 34.8431 32.7095
      vertex 3 34.8431 32.7095
    endloop
  endfacet
  facet normal 0 -0.953752 0.300595
    outer loop
      vertex -3 35.1143 33.2305
      vertex 3 35.1733 33.4177
      vertex -3 35.1733 33.4177
    endloop
  endfacet
  facet normal 0 -0.953752 0.300595
    outer loop
      vertex 3 35.1733 33.4177
      vertex -3 35.1143 33.2305
      vertex 3 35.1143 33.2305
    endloop
  endfacet
  facet normal 0 -0.73726 -0.675609
    outer loop
      vertex -3 34.7236 35.4463
      vertex 3 34.591 35.591
      vertex -3 34.591 35.591
    endloop
  endfacet
  facet normal 0 -0.73726 -0.675609
    outer loop
      vertex 3 34.591 35.591
      vertex -3 34.7236 35.4463
      vertex 3 34.7236 35.4463
    endloop
  endfacet
  facet normal 0 -0.130428 -0.991458
    outer loop
      vertex -3 33.1961 36.2414
      vertex 3 33.3907 36.2158
      vertex 3 33.1961 36.2414
    endloop
  endfacet
  facet normal -0 -0.130428 -0.991458
    outer loop
      vertex 3 33.3907 36.2158
      vertex -3 33.1961 36.2414
      vertex -3 33.3907 36.2158
    endloop
  endfacet
  facet normal 0 -0.0438131 -0.99904
    outer loop
      vertex -3 33 36.25
      vertex 3 33.1961 36.2414
      vertex 3 33 36.25
    endloop
  endfacet
  facet normal -0 -0.0438131 -0.99904
    outer loop
      vertex 3 33.1961 36.2414
      vertex -3 33 36.25
      vertex -3 33.1961 36.2414
    endloop
  endfacet
  facet normal 0 -0.216553 -0.976271
    outer loop
      vertex -3 33.3907 36.2158
      vertex 3 33.5823 36.1733
      vertex 3 33.3907 36.2158
    endloop
  endfacet
  facet normal -0 -0.216553 -0.976271
    outer loop
      vertex 3 33.5823 36.1733
      vertex -3 33.3907 36.2158
      vertex -3 33.5823 36.1733
    endloop
  endfacet
  facet normal 0 -0.461625 -0.887075
    outer loop
      vertex -3 33.9509 36.0392
      vertex 3 34.125 35.9486
      vertex 3 33.9509 36.0392
    endloop
  endfacet
  facet normal -0 -0.461625 -0.887075
    outer loop
      vertex 3 34.125 35.9486
      vertex -3 33.9509 36.0392
      vertex -3 34.125 35.9486
    endloop
  endfacet
  facet normal 0 -0.461625 0.887075
    outer loop
      vertex -3 34.125 32.0514
      vertex 3 33.9509 31.9608
      vertex 3 34.125 32.0514
    endloop
  endfacet
  facet normal 0 -0.461625 0.887075
    outer loop
      vertex 3 33.9509 31.9608
      vertex -3 34.125 32.0514
      vertex -3 33.9509 31.9608
    endloop
  endfacet
  facet normal 0 -0.675609 0.73726
    outer loop
      vertex -3 34.591 32.409
      vertex 3 34.4463 32.2764
      vertex 3 34.591 32.409
    endloop
  endfacet
  facet normal 0 -0.675609 0.73726
    outer loop
      vertex 3 34.4463 32.2764
      vertex -3 34.591 32.409
      vertex -3 34.4463 32.2764
    endloop
  endfacet
  facet normal 0 -0.976271 0.216553
    outer loop
      vertex -3 35.1733 33.4177
      vertex 3 35.2158 33.6093
      vertex -3 35.2158 33.6093
    endloop
  endfacet
  facet normal 0 -0.976271 0.216553
    outer loop
      vertex 3 35.2158 33.6093
      vertex -3 35.1733 33.4177
      vertex 3 35.1733 33.4177
    endloop
  endfacet
  facet normal 0 -0.608603 -0.793475
    outer loop
      vertex -3 34.2905 35.8431
      vertex 3 34.4463 35.7236
      vertex 3 34.2905 35.8431
    endloop
  endfacet
  facet normal -0 -0.608603 -0.793475
    outer loop
      vertex 3 34.4463 35.7236
      vertex -3 34.2905 35.8431
      vertex -3 34.4463 35.7236
    endloop
  endfacet
  facet normal 0 0 -1
    outer loop
      vertex -3 20.25 36.25
      vertex 3 33 36.25
      vertex 3 20.25 36.25
    endloop
  endfacet
  facet normal -0 0 -1
    outer loop
      vertex 3 33 36.25
      vertex -3 20.25 36.25
      vertex -3 33 36.25
    endloop
  endfacet
  facet normal 0 -0.923949 -0.382517
    outer loop
      vertex -3 35.1143 34.7695
      vertex 3 35.0392 34.9509
      vertex -3 35.0392 34.9509
    endloop
  endfacet
  facet normal 0 -0.923949 -0.382517
    outer loop
      vertex 3 35.0392 34.9509
      vertex -3 35.1143 34.7695
      vertex 3 35.1143 34.7695
    endloop
  endfacet
  facet normal 0 -0.300595 -0.953752
    outer loop
      vertex -3 33.5823 36.1733
      vertex 3 33.7695 36.1143
      vertex 3 33.5823 36.1733
    endloop
  endfacet
  facet normal -0 -0.300595 -0.953752
    outer loop
      vertex 3 33.7695 36.1143
      vertex -3 33.5823 36.1733
      vertex -3 33.7695 36.1143
    endloop
  endfacet
  facet normal 0 -0.793475 -0.608603
    outer loop
      vertex -3 34.8431 35.2905
      vertex 3 34.7236 35.4463
      vertex -3 34.7236 35.4463
    endloop
  endfacet
  facet normal 0 -0.793475 -0.608603
    outer loop
      vertex 3 34.7236 35.4463
      vertex -3 34.8431 35.2905
      vertex 3 34.8431 35.2905
    endloop
  endfacet
  facet normal 0 -0.793475 -0.608603
    outer loop
      vertex -3 39.2365 24.6839
      vertex 3 39.117 24.8397
      vertex -3 39.117 24.8397
    endloop
  endfacet
  facet normal 0 -0.793475 -0.608603
    outer loop
      vertex 3 39.117 24.8397
      vertex -3 39.2365 24.6839
      vertex 3 39.2365 24.6839
    endloop
  endfacet
  facet normal 0 0.793475 0.608603
    outer loop
      vertex 3 26.4774 12.7547
      vertex -3 26.3579 12.9105
      vertex 3 26.3579 12.9105
    endloop
  endfacet
  facet normal 0 0.793475 0.608603
    outer loop
      vertex -3 26.3579 12.9105
      vertex 3 26.4774 12.7547
      vertex -3 26.4774 12.7547
    endloop
  endfacet
  facet normal 0 0.99904 -0.0438131
    outer loop
      vertex 3 25.951 14.201
      vertex -3 25.9596 14.3971
      vertex 3 25.9596 14.3971
    endloop
  endfacet
  facet normal 0 0.99904 -0.0438131
    outer loop
      vertex -3 25.9596 14.3971
      vertex 3 25.951 14.201
      vertex -3 25.951 14.201
    endloop
  endfacet
  facet normal 0 0.923874 -0.382697
    outer loop
      vertex 3 26.0867 14.9706
      vertex -3 26.1618 15.1519
      vertex 3 26.1618 15.1519
    endloop
  endfacet
  facet normal 0 0.923874 -0.382697
    outer loop
      vertex -3 26.1618 15.1519
      vertex 3 26.0867 14.9706
      vertex -3 26.0867 14.9706
    endloop
  endfacet
  facet normal 0 -0.843242 0.537535
    outer loop
      vertex -3 39.2365 22.1029
      vertex 3 39.342 22.2684
      vertex -3 39.342 22.2684
    endloop
  endfacet
  facet normal 0 -0.843242 0.537535
    outer loop
      vertex 3 39.342 22.2684
      vertex -3 39.2365 22.1029
      vertex 3 39.2365 22.1029
    endloop
  endfacet
  facet normal 0 -0.608603 -0.793475
    outer loop
      vertex -3 38.6839 25.2365
      vertex 3 38.8397 25.117
      vertex 3 38.6839 25.2365
    endloop
  endfacet
  facet normal -0 -0.608603 -0.793475
    outer loop
      vertex 3 38.8397 25.117
      vertex -3 38.6839 25.2365
      vertex -3 38.8397 25.117
    endloop
  endfacet
  facet normal 0 -0.976271 -0.216553
    outer loop
      vertex -3 39.6092 23.7841
      vertex 3 39.5667 23.9757
      vertex -3 39.5667 23.9757
    endloop
  endfacet
  facet normal 0 -0.976271 -0.216553
    outer loop
      vertex 3 39.5667 23.9757
      vertex -3 39.6092 23.7841
      vertex 3 39.6092 23.7841
    endloop
  endfacet
  facet normal 0 -0.300595 0.953752
    outer loop
      vertex -3 28.9706 12.0867
      vertex 3 28.7834 12.0277
      vertex 3 28.9706 12.0867
    endloop
  endfacet
  facet normal 0 -0.300595 0.953752
    outer loop
      vertex 3 28.7834 12.0277
      vertex -3 28.9706 12.0867
      vertex -3 28.7834 12.0277
    endloop
  endfacet
  facet normal 0 -0.73726 0.675609
    outer loop
      vertex -3 38.9844 21.8024
      vertex 3 39.117 21.9471
      vertex -3 39.117 21.9471
    endloop
  endfacet
  facet normal 0 -0.73726 0.675609
    outer loop
      vertex 3 39.117 21.9471
      vertex -3 38.9844 21.8024
      vertex 3 38.9844 21.8024
    endloop
  endfacet
  facet normal 0 0.886866 -0.462026
    outer loop
      vertex 3 26.1618 15.1519
      vertex -3 26.2525 15.326
      vertex 3 26.2525 15.326
    endloop
  endfacet
  facet normal 0 0.886866 -0.462026
    outer loop
      vertex -3 26.2525 15.326
      vertex 3 26.1618 15.1519
      vertex -3 26.1618 15.1519
    endloop
  endfacet
  facet normal -0 0.0438131 0.99904
    outer loop
      vertex -3 28.201 11.951
      vertex 3 28.0049 11.9596
      vertex 3 28.201 11.951
    endloop
  endfacet
  facet normal 0 0.0438131 0.99904
    outer loop
      vertex 3 28.0049 11.9596
      vertex -3 28.201 11.951
      vertex -3 28.0049 11.9596
    endloop
  endfacet
  facet normal 0 -0.953752 0.300595
    outer loop
      vertex -3 39.5077 22.6239
      vertex 3 39.5667 22.8111
      vertex -3 39.5667 22.8111
    endloop
  endfacet
  facet normal 0 -0.953752 0.300595
    outer loop
      vertex 3 39.5667 22.8111
      vertex -3 39.5077 22.6239
      vertex 3 39.5077 22.6239
    endloop
  endfacet
  facet normal 0 -0.608849 0.793286
    outer loop
      vertex -3 29.6473 12.4774
      vertex 3 29.4916 12.3579
      vertex 3 29.6473 12.4774
    endloop
  endfacet
  facet normal 0 -0.608849 0.793286
    outer loop
      vertex 3 29.4916 12.3579
      vertex -3 29.6473 12.4774
      vertex -3 29.4916 12.3579
    endloop
  endfacet
  facet normal 0 -0.130428 0.991458
    outer loop
      vertex -3 28.5917 11.9852
      vertex 3 28.3971 11.9596
      vertex 3 28.5917 11.9852
    endloop
  endfacet
  facet normal 0 -0.130428 0.991458
    outer loop
      vertex 3 28.3971 11.9596
      vertex -3 28.5917 11.9852
      vertex -3 28.3971 11.9596
    endloop
  endfacet
  facet normal 0 -0.461625 -0.887075
    outer loop
      vertex -3 38.3443 25.4326
      vertex 3 38.5184 25.342
      vertex 3 38.3443 25.4326
    endloop
  endfacet
  facet normal -0 -0.461625 -0.887075
    outer loop
      vertex 3 38.5184 25.342
      vertex -3 38.3443 25.4326
      vertex -3 38.5184 25.342
    endloop
  endfacet
  facet normal 0 -0.537535 -0.843242
    outer loop
      vertex -3 38.5184 25.342
      vertex 3 38.6839 25.2365
      vertex 3 38.5184 25.342
    endloop
  endfacet
  facet normal -0 -0.537535 -0.843242
    outer loop
      vertex 3 38.6839 25.2365
      vertex -3 38.5184 25.342
      vertex -3 38.6839 25.2365
    endloop
  endfacet
  facet normal 0 0.793286 -0.608849
    outer loop
      vertex 3 26.3579 15.4916
      vertex -3 26.4774 15.6473
      vertex 3 26.4774 15.6473
    endloop
  endfacet
  facet normal 0 0.793286 -0.608849
    outer loop
      vertex -3 26.4774 15.6473
      vertex 3 26.3579 15.4916
      vertex -3 26.3579 15.4916
    endloop
  endfacet
  facet normal 0 -0.843242 -0.537535
    outer loop
      vertex -3 39.342 24.5184
      vertex 3 39.2365 24.6839
      vertex -3 39.2365 24.6839
    endloop
  endfacet
  facet normal 0 -0.843242 -0.537535
    outer loop
      vertex 3 39.2365 24.6839
      vertex -3 39.342 24.5184
      vertex 3 39.342 24.5184
    endloop
  endfacet
  facet normal 0 -0.923949 0.382517
    outer loop
      vertex -3 39.4326 22.4425
      vertex 3 39.5077 22.6239
      vertex -3 39.5077 22.6239
    endloop
  endfacet
  facet normal 0 -0.923949 0.382517
    outer loop
      vertex 3 39.5077 22.6239
      vertex -3 39.4326 22.4425
      vertex 3 39.4326 22.4425
    endloop
  endfacet
  facet normal 0 -0.382517 -0.923949
    outer loop
      vertex -3 38.1629 25.5077
      vertex 3 38.3443 25.4326
      vertex 3 38.1629 25.5077
    endloop
  endfacet
  facet normal -0 -0.382517 -0.923949
    outer loop
      vertex 3 38.3443 25.4326
      vertex -3 38.1629 25.5077
      vertex -3 38.3443 25.4326
    endloop
  endfacet
  facet normal -0 0.462026 0.886866
    outer loop
      vertex -3 27.2501 12.1618
      vertex 3 27.076 12.2525
      vertex 3 27.2501 12.1618
    endloop
  endfacet
  facet normal 0 0.462026 0.886866
    outer loop
      vertex 3 27.076 12.2525
      vertex -3 27.2501 12.1618
      vertex -3 27.076 12.2525
    endloop
  endfacet
  facet normal 0 -0.793475 0.608603
    outer loop
      vertex -3 39.117 21.9471
      vertex 3 39.2365 22.1029
      vertex -3 39.2365 22.1029
    endloop
  endfacet
  facet normal 0 -0.793475 0.608603
    outer loop
      vertex 3 39.2365 22.1029
      vertex -3 39.117 21.9471
      vertex 3 39.117 21.9471
    endloop
  endfacet
  facet normal 0 -0.976271 0.216553
    outer loop
      vertex -3 39.5667 22.8111
      vertex 3 39.6092 23.0027
      vertex -3 39.6092 23.0027
    endloop
  endfacet
  facet normal 0 -0.976271 0.216553
    outer loop
      vertex 3 39.6092 23.0027
      vertex -3 39.5667 22.8111
      vertex 3 39.5667 22.8111
    endloop
  endfacet
  facet normal 0 -0.991458 0.130428
    outer loop
      vertex -3 39.6092 23.0027
      vertex 3 39.6348 23.1973
      vertex -3 39.6348 23.1973
    endloop
  endfacet
  facet normal 0 -0.991458 0.130428
    outer loop
      vertex 3 39.6348 23.1973
      vertex -3 39.6092 23.0027
      vertex 3 39.6092 23.0027
    endloop
  endfacet
  facet normal -0 0.216553 0.976271
    outer loop
      vertex -3 27.8103 11.9852
      vertex 3 27.6187 12.0277
      vertex 3 27.8103 11.9852
    endloop
  endfacet
  facet normal 0 0.216553 0.976271
    outer loop
      vertex 3 27.6187 12.0277
      vertex -3 27.8103 11.9852
      vertex -3 27.6187 12.0277
    endloop
  endfacet
  facet normal 0 0.608603 -0.793475
    outer loop
      vertex -3 35.9471 25.117
      vertex 3 36.1029 25.2365
      vertex 3 35.9471 25.117
    endloop
  endfacet
  facet normal 0 0.608603 -0.793475
    outer loop
      vertex 3 36.1029 25.2365
      vertex -3 35.9471 25.117
      vertex -3 36.1029 25.2365
    endloop
  endfacet
  facet normal 0 0.675609 -0.73726
    outer loop
      vertex -3 35.8024 24.9844
      vertex 3 35.9471 25.117
      vertex 3 35.8024 24.9844
    endloop
  endfacet
  facet normal 0 0.675609 -0.73726
    outer loop
      vertex 3 35.9471 25.117
      vertex -3 35.8024 24.9844
      vertex -3 35.9471 25.117
    endloop
  endfacet
  facet normal 0 0.991458 0.130428
    outer loop
      vertex 3 25.9852 13.8103
      vertex -3 25.9596 14.0049
      vertex 3 25.9596 14.0049
    endloop
  endfacet
  facet normal 0 0.991458 0.130428
    outer loop
      vertex -3 25.9596 14.0049
      vertex 3 25.9852 13.8103
      vertex -3 25.9852 13.8103
    endloop
  endfacet
  facet normal -0 0.300595 0.953752
    outer loop
      vertex -3 27.6187 12.0277
      vertex 3 27.4315 12.0867
      vertex 3 27.6187 12.0277
    endloop
  endfacet
  facet normal 0 0.300595 0.953752
    outer loop
      vertex 3 27.4315 12.0867
      vertex -3 27.6187 12.0277
      vertex -3 27.4315 12.0867
    endloop
  endfacet
  facet normal 0 -0.991458 -0.130428
    outer loop
      vertex -3 39.6348 23.5895
      vertex 3 39.6092 23.7841
      vertex -3 39.6092 23.7841
    endloop
  endfacet
  facet normal 0 -0.991458 -0.130428
    outer loop
      vertex 3 39.6092 23.7841
      vertex -3 39.6348 23.5895
      vertex 3 39.6348 23.5895
    endloop
  endfacet
  facet normal 0 0.73726 0.675609
    outer loop
      vertex 3 26.61 12.61
      vertex -3 26.4774 12.7547
      vertex 3 26.4774 12.7547
    endloop
  endfacet
  facet normal 0 0.73726 0.675609
    outer loop
      vertex -3 26.4774 12.7547
      vertex 3 26.61 12.61
      vertex -3 26.61 12.61
    endloop
  endfacet
  facet normal 0 -0.923949 -0.382517
    outer loop
      vertex -3 39.5077 24.1629
      vertex 3 39.4326 24.3443
      vertex -3 39.4326 24.3443
    endloop
  endfacet
  facet normal 0 -0.923949 -0.382517
    outer loop
      vertex 3 39.4326 24.3443
      vertex -3 39.5077 24.1629
      vertex 3 39.5077 24.1629
    endloop
  endfacet
  facet normal 0 0.923949 0.382517
    outer loop
      vertex 3 26.1618 13.2501
      vertex -3 26.0867 13.4315
      vertex 3 26.0867 13.4315
    endloop
  endfacet
  facet normal 0 0.923949 0.382517
    outer loop
      vertex -3 26.0867 13.4315
      vertex 3 26.1618 13.2501
      vertex -3 26.1618 13.2501
    endloop
  endfacet
  facet normal 0 0.953752 -0.300595
    outer loop
      vertex 3 26.0277 14.7834
      vertex -3 26.0867 14.9706
      vertex 3 26.0867 14.9706
    endloop
  endfacet
  facet normal 0 0.953752 -0.300595
    outer loop
      vertex -3 26.0867 14.9706
      vertex 3 26.0277 14.7834
      vertex -3 26.0277 14.7834
    endloop
  endfacet
  facet normal -0 0.130428 0.991458
    outer loop
      vertex -3 28.0049 11.9596
      vertex 3 27.8103 11.9852
      vertex 3 28.0049 11.9596
    endloop
  endfacet
  facet normal 0 0.130428 0.991458
    outer loop
      vertex 3 27.8103 11.9852
      vertex -3 28.0049 11.9596
      vertex -3 27.8103 11.9852
    endloop
  endfacet
  facet normal 0 0.99904 0.0438131
    outer loop
      vertex 3 25.9596 14.0049
      vertex -3 25.951 14.201
      vertex 3 25.951 14.201
    endloop
  endfacet
  facet normal 0 0.99904 0.0438131
    outer loop
      vertex -3 25.951 14.201
      vertex 3 25.9596 14.0049
      vertex -3 25.9596 14.0049
    endloop
  endfacet
  facet normal 0 -0.130428 -0.991458
    outer loop
      vertex -3 37.5895 25.6348
      vertex 3 37.7841 25.6092
      vertex 3 37.5895 25.6348
    endloop
  endfacet
  facet normal -0 -0.130428 -0.991458
    outer loop
      vertex 3 37.7841 25.6092
      vertex -3 37.5895 25.6348
      vertex -3 37.7841 25.6092
    endloop
  endfacet
  facet normal -0 0.675609 0.73726
    outer loop
      vertex -3 26.7547 12.4774
      vertex 3 26.61 12.61
      vertex 3 26.7547 12.4774
    endloop
  endfacet
  facet normal 0 0.675609 0.73726
    outer loop
      vertex 3 26.61 12.61
      vertex -3 26.7547 12.4774
      vertex -3 26.61 12.61
    endloop
  endfacet
  facet normal 0 -0.382697 0.923874
    outer loop
      vertex -3 29.1519 12.1618
      vertex 3 28.9706 12.0867
      vertex 3 29.1519 12.1618
    endloop
  endfacet
  facet normal 0 -0.382697 0.923874
    outer loop
      vertex 3 28.9706 12.0867
      vertex -3 29.1519 12.1618
      vertex -3 28.9706 12.0867
    endloop
  endfacet
  facet normal 0 -0.536941 0.84362
    outer loop
      vertex -3 29.4916 12.3579
      vertex 3 29.326 12.2525
      vertex 3 29.4916 12.3579
    endloop
  endfacet
  facet normal 0 -0.536941 0.84362
    outer loop
      vertex 3 29.326 12.2525
      vertex -3 29.4916 12.3579
      vertex -3 29.326 12.2525
    endloop
  endfacet
  facet normal 0 -0.675609 0.73726
    outer loop
      vertex -3 29.792 12.61
      vertex 3 29.6473 12.4774
      vertex 3 29.792 12.61
    endloop
  endfacet
  facet normal 0 -0.675609 0.73726
    outer loop
      vertex 3 29.6473 12.4774
      vertex -3 29.792 12.61
      vertex -3 29.6473 12.4774
    endloop
  endfacet
  facet normal 0 0.976295 -0.216445
    outer loop
      vertex 3 25.9852 14.5917
      vertex -3 26.0277 14.7834
      vertex 3 26.0277 14.7834
    endloop
  endfacet
  facet normal 0 0.976295 -0.216445
    outer loop
      vertex -3 26.0277 14.7834
      vertex 3 25.9852 14.5917
      vertex -3 25.9852 14.5917
    endloop
  endfacet
  facet normal 0 0.461625 -0.887075
    outer loop
      vertex -3 36.2684 25.342
      vertex 3 36.4425 25.4326
      vertex 3 36.2684 25.342
    endloop
  endfacet
  facet normal 0 0.461625 -0.887075
    outer loop
      vertex 3 36.4425 25.4326
      vertex -3 36.2684 25.342
      vertex -3 36.4425 25.4326
    endloop
  endfacet
  facet normal 0 -0.707107 0.707107
    outer loop
      vertex -3 38.9844 21.8024
      vertex 3 29.792 12.61
      vertex 3 38.9844 21.8024
    endloop
  endfacet
  facet normal 0 -0.707107 0.707107
    outer loop
      vertex 3 29.792 12.61
      vertex -3 38.9844 21.8024
      vertex -3 29.792 12.61
    endloop
  endfacet
  facet normal 0 0.73726 -0.675609
    outer loop
      vertex 3 26.4774 15.6473
      vertex -3 26.61 15.792
      vertex 3 26.61 15.792
    endloop
  endfacet
  facet normal 0 0.73726 -0.675609
    outer loop
      vertex -3 26.61 15.792
      vertex 3 26.4774 15.6473
      vertex -3 26.4774 15.6473
    endloop
  endfacet
  facet normal 0 -0.99904 -0.0438131
    outer loop
      vertex -3 39.6434 23.3934
      vertex 3 39.6348 23.5895
      vertex -3 39.6348 23.5895
    endloop
  endfacet
  facet normal 0 -0.99904 -0.0438131
    outer loop
      vertex 3 39.6348 23.5895
      vertex -3 39.6434 23.3934
      vertex 3 39.6434 23.3934
    endloop
  endfacet
  facet normal 0 -0.216445 0.976295
    outer loop
      vertex -3 28.7834 12.0277
      vertex 3 28.5917 11.9852
      vertex 3 28.7834 12.0277
    endloop
  endfacet
  facet normal 0 -0.216445 0.976295
    outer loop
      vertex 3 28.5917 11.9852
      vertex -3 28.7834 12.0277
      vertex -3 28.5917 11.9852
    endloop
  endfacet
  facet normal 0 0.537535 -0.843242
    outer loop
      vertex -3 36.1029 25.2365
      vertex 3 36.2684 25.342
      vertex 3 36.1029 25.2365
    endloop
  endfacet
  facet normal 0 0.537535 -0.843242
    outer loop
      vertex 3 36.2684 25.342
      vertex -3 36.1029 25.2365
      vertex -3 36.2684 25.342
    endloop
  endfacet
  facet normal 0 0.84362 -0.536941
    outer loop
      vertex 3 26.2525 15.326
      vertex -3 26.3579 15.4916
      vertex 3 26.3579 15.4916
    endloop
  endfacet
  facet normal 0 0.84362 -0.536941
    outer loop
      vertex -3 26.3579 15.4916
      vertex 3 26.2525 15.326
      vertex -3 26.2525 15.326
    endloop
  endfacet
  facet normal 0 -0.99904 0.0438131
    outer loop
      vertex -3 39.6348 23.1973
      vertex 3 39.6434 23.3934
      vertex -3 39.6434 23.3934
    endloop
  endfacet
  facet normal 0 -0.99904 0.0438131
    outer loop
      vertex 3 39.6434 23.3934
      vertex -3 39.6348 23.1973
      vertex 3 39.6348 23.1973
    endloop
  endfacet
  facet normal 0 -0.73726 -0.675609
    outer loop
      vertex -3 39.117 24.8397
      vertex 3 38.9844 24.9844
      vertex -3 38.9844 24.9844
    endloop
  endfacet
  facet normal 0 -0.73726 -0.675609
    outer loop
      vertex 3 38.9844 24.9844
      vertex -3 39.117 24.8397
      vertex 3 39.117 24.8397
    endloop
  endfacet
  facet normal 0 0.216553 -0.976271
    outer loop
      vertex -3 36.8111 25.5667
      vertex 3 37.0027 25.6092
      vertex 3 36.8111 25.5667
    endloop
  endfacet
  facet normal 0 0.216553 -0.976271
    outer loop
      vertex 3 37.0027 25.6092
      vertex -3 36.8111 25.5667
      vertex -3 37.0027 25.6092
    endloop
  endfacet
  facet normal 0 0.707107 -0.707107
    outer loop
      vertex 3 26.61 15.792
      vertex -3 35.8024 24.9844
      vertex 3 35.8024 24.9844
    endloop
  endfacet
  facet normal 0 0.707107 -0.707107
    outer loop
      vertex -3 35.8024 24.9844
      vertex 3 26.61 15.792
      vertex -3 26.61 15.792
    endloop
  endfacet
  facet normal -0 0.382517 0.923949
    outer loop
      vertex -3 27.4315 12.0867
      vertex 3 27.2501 12.1618
      vertex 3 27.4315 12.0867
    endloop
  endfacet
  facet normal 0 0.382517 0.923949
    outer loop
      vertex 3 27.2501 12.1618
      vertex -3 27.4315 12.0867
      vertex -3 27.2501 12.1618
    endloop
  endfacet
  facet normal 0 -0.953752 -0.300595
    outer loop
      vertex -3 39.5667 23.9757
      vertex 3 39.5077 24.1629
      vertex -3 39.5077 24.1629
    endloop
  endfacet
  facet normal 0 -0.953752 -0.300595
    outer loop
      vertex 3 39.5077 24.1629
      vertex -3 39.5667 23.9757
      vertex 3 39.5667 23.9757
    endloop
  endfacet
  facet normal 0 0.976271 0.216553
    outer loop
      vertex 3 26.0277 13.6187
      vertex -3 25.9852 13.8103
      vertex 3 25.9852 13.8103
    endloop
  endfacet
  facet normal 0 0.976271 0.216553
    outer loop
      vertex -3 25.9852 13.8103
      vertex 3 26.0277 13.6187
      vertex -3 26.0277 13.6187
    endloop
  endfacet
  facet normal 0 0.953752 0.300595
    outer loop
      vertex 3 26.0867 13.4315
      vertex -3 26.0277 13.6187
      vertex 3 26.0277 13.6187
    endloop
  endfacet
  facet normal 0 0.953752 0.300595
    outer loop
      vertex -3 26.0277 13.6187
      vertex 3 26.0867 13.4315
      vertex -3 26.0867 13.4315
    endloop
  endfacet
  facet normal 0 -0.300595 -0.953752
    outer loop
      vertex -3 37.9757 25.5667
      vertex 3 38.1629 25.5077
      vertex 3 37.9757 25.5667
    endloop
  endfacet
  facet normal -0 -0.300595 -0.953752
    outer loop
      vertex 3 38.1629 25.5077
      vertex -3 37.9757 25.5667
      vertex -3 38.1629 25.5077
    endloop
  endfacet
  facet normal -0 0.608603 0.793475
    outer loop
      vertex -3 26.9105 12.3579
      vertex 3 26.7547 12.4774
      vertex 3 26.9105 12.3579
    endloop
  endfacet
  facet normal 0 0.608603 0.793475
    outer loop
      vertex 3 26.7547 12.4774
      vertex -3 26.9105 12.3579
      vertex -3 26.7547 12.4774
    endloop
  endfacet
  facet normal 0 0.843473 0.537172
    outer loop
      vertex 3 26.3579 12.9105
      vertex -3 26.2525 13.076
      vertex 3 26.2525 13.076
    endloop
  endfacet
  facet normal 0 0.843473 0.537172
    outer loop
      vertex -3 26.2525 13.076
      vertex 3 26.3579 12.9105
      vertex -3 26.3579 12.9105
    endloop
  endfacet
  facet normal 0 0.886866 0.462026
    outer loop
      vertex 3 26.2525 13.076
      vertex -3 26.1618 13.2501
      vertex 3 26.1618 13.2501
    endloop
  endfacet
  facet normal 0 0.886866 0.462026
    outer loop
      vertex -3 26.1618 13.2501
      vertex 3 26.2525 13.076
      vertex -3 26.2525 13.076
    endloop
  endfacet
  facet normal 0 0.130428 -0.991458
    outer loop
      vertex -3 37.0027 25.6092
      vertex 3 37.1973 25.6348
      vertex 3 37.0027 25.6092
    endloop
  endfacet
  facet normal 0 0.130428 -0.991458
    outer loop
      vertex 3 37.1973 25.6348
      vertex -3 37.0027 25.6092
      vertex -3 37.1973 25.6348
    endloop
  endfacet
  facet normal 0 -0.887075 0.461625
    outer loop
      vertex -3 39.342 22.2684
      vertex 3 39.4326 22.4425
      vertex -3 39.4326 22.4425
    endloop
  endfacet
  facet normal 0 -0.887075 0.461625
    outer loop
      vertex 3 39.4326 22.4425
      vertex -3 39.342 22.2684
      vertex 3 39.342 22.2684
    endloop
  endfacet
  facet normal 0 -0.887075 -0.461625
    outer loop
      vertex -3 39.4326 24.3443
      vertex 3 39.342 24.5184
      vertex -3 39.342 24.5184
    endloop
  endfacet
  facet normal 0 -0.887075 -0.461625
    outer loop
      vertex 3 39.342 24.5184
      vertex -3 39.4326 24.3443
      vertex 3 39.4326 24.3443
    endloop
  endfacet
  facet normal 0 -0.462026 0.886866
    outer loop
      vertex -3 29.326 12.2525
      vertex 3 29.1519 12.1618
      vertex 3 29.326 12.2525
    endloop
  endfacet
  facet normal 0 -0.462026 0.886866
    outer loop
      vertex 3 29.1519 12.1618
      vertex -3 29.326 12.2525
      vertex -3 29.1519 12.1618
    endloop
  endfacet
  facet normal 0 -0.0438131 -0.99904
    outer loop
      vertex -3 37.3934 25.6434
      vertex 3 37.5895 25.6348
      vertex 3 37.3934 25.6434
    endloop
  endfacet
  facet normal -0 -0.0438131 -0.99904
    outer loop
      vertex 3 37.5895 25.6348
      vertex -3 37.3934 25.6434
      vertex -3 37.5895 25.6348
    endloop
  endfacet
  facet normal 0 0.0438131 -0.99904
    outer loop
      vertex -3 37.1973 25.6348
      vertex 3 37.3934 25.6434
      vertex 3 37.1973 25.6348
    endloop
  endfacet
  facet normal 0 0.0438131 -0.99904
    outer loop
      vertex 3 37.3934 25.6434
      vertex -3 37.1973 25.6348
      vertex -3 37.3934 25.6434
    endloop
  endfacet
  facet normal -0 0.537172 0.843473
    outer loop
      vertex -3 27.076 12.2525
      vertex 3 26.9105 12.3579
      vertex 3 27.076 12.2525
    endloop
  endfacet
  facet normal 0 0.537172 0.843473
    outer loop
      vertex 3 26.9105 12.3579
      vertex -3 27.076 12.2525
      vertex -3 26.9105 12.3579
    endloop
  endfacet
  facet normal 0 -0.216553 -0.976271
    outer loop
      vertex -3 37.7841 25.6092
      vertex 3 37.9757 25.5667
      vertex 3 37.7841 25.6092
    endloop
  endfacet
  facet normal -0 -0.216553 -0.976271
    outer loop
      vertex 3 37.9757 25.5667
      vertex -3 37.7841 25.6092
      vertex -3 37.9757 25.5667
    endloop
  endfacet
  facet normal 0 0.300595 -0.953752
    outer loop
      vertex -3 36.6239 25.5077
      vertex 3 36.8111 25.5667
      vertex 3 36.6239 25.5077
    endloop
  endfacet
  facet normal 0 0.300595 -0.953752
    outer loop
      vertex 3 36.8111 25.5667
      vertex -3 36.6239 25.5077
      vertex -3 36.8111 25.5667
    endloop
  endfacet
  facet normal 0 0.382517 -0.923949
    outer loop
      vertex -3 36.4425 25.4326
      vertex 3 36.6239 25.5077
      vertex 3 36.4425 25.4326
    endloop
  endfacet
  facet normal 0 0.382517 -0.923949
    outer loop
      vertex 3 36.6239 25.5077
      vertex -3 36.4425 25.4326
      vertex -3 36.6239 25.5077
    endloop
  endfacet
  facet normal 0 -0.0438131 0.99904
    outer loop
      vertex -3 28.3971 11.9596
      vertex 3 28.201 11.951
      vertex 3 28.3971 11.9596
    endloop
  endfacet
  facet normal 0 -0.0438131 0.99904
    outer loop
      vertex 3 28.201 11.951
      vertex -3 28.3971 11.9596
      vertex -3 28.201 11.951
    endloop
  endfacet
  facet normal 0 -0.675609 -0.73726
    outer loop
      vertex -3 38.8397 25.117
      vertex 3 38.9844 24.9844
      vertex 3 38.8397 25.117
    endloop
  endfacet
  facet normal -0 -0.675609 -0.73726
    outer loop
      vertex 3 38.9844 24.9844
      vertex -3 38.8397 25.117
      vertex -3 38.9844 24.9844
    endloop
  endfacet
  facet normal 0 0.991458 -0.130428
    outer loop
      vertex 3 25.9596 14.3971
      vertex -3 25.9852 14.5917
      vertex 3 25.9852 14.5917
    endloop
  endfacet
  facet normal 0 0.991458 -0.130428
    outer loop
      vertex -3 25.9852 14.5917
      vertex 3 25.9596 14.3971
      vertex -3 25.9596 14.3971
    endloop
  endfacet
  facet normal 0 -0.953752 0.300595
    outer loop
      vertex -3 20.1143 27.2305
      vertex 3 20.1733 27.4177
      vertex -3 20.1733 27.4177
    endloop
  endfacet
  facet normal 0 -0.953752 0.300595
    outer loop
      vertex 3 20.1733 27.4177
      vertex -3 20.1143 27.2305
      vertex 3 20.1143 27.2305
    endloop
  endfacet
  facet normal 0 1 -0
    outer loop
      vertex 3 15.75 28
      vertex -3 15.75 40
      vertex 3 15.75 40
    endloop
  endfacet
  facet normal 0 1 0
    outer loop
      vertex -3 15.75 40
      vertex 3 15.75 28
      vertex -3 15.75 28
    endloop
  endfacet
  facet normal 0 0.887075 -0.461625
    outer loop
      vertex 3 15.9608 40.9509
      vertex -3 16.0514 41.125
      vertex 3 16.0514 41.125
    endloop
  endfacet
  facet normal 0 0.887075 -0.461625
    outer loop
      vertex -3 16.0514 41.125
      vertex 3 15.9608 40.9509
      vertex -3 15.9608 40.9509
    endloop
  endfacet
  facet normal 0 0.953752 -0.300595
    outer loop
      vertex 3 15.8267 40.5823
      vertex -3 15.8857 40.7695
      vertex 3 15.8857 40.7695
    endloop
  endfacet
  facet normal 0 0.953752 -0.300595
    outer loop
      vertex -3 15.8857 40.7695
      vertex 3 15.8267 40.5823
      vertex -3 15.8267 40.5823
    endloop
  endfacet
  facet normal 0 -0.608603 -0.793475
    outer loop
      vertex -3 19.2905 41.8431
      vertex 3 19.4463 41.7236
      vertex 3 19.2905 41.8431
    endloop
  endfacet
  facet normal -0 -0.608603 -0.793475
    outer loop
      vertex 3 19.4463 41.7236
      vertex -3 19.2905 41.8431
      vertex -3 19.4463 41.7236
    endloop
  endfacet
  facet normal -0 0.382517 0.923949
    outer loop
      vertex -3 17.2305 25.8857
      vertex 3 17.0491 25.9608
      vertex 3 17.2305 25.8857
    endloop
  endfacet
  facet normal 0 0.382517 0.923949
    outer loop
      vertex 3 17.0491 25.9608
      vertex -3 17.2305 25.8857
      vertex -3 17.0491 25.9608
    endloop
  endfacet
  facet normal 0 -0.461625 -0.887075
    outer loop
      vertex -3 18.9509 42.0392
      vertex 3 19.125 41.9486
      vertex 3 18.9509 42.0392
    endloop
  endfacet
  facet normal -0 -0.461625 -0.887075
    outer loop
      vertex 3 19.125 41.9486
      vertex -3 18.9509 42.0392
      vertex -3 19.125 41.9486
    endloop
  endfacet
  facet normal 0 -0.976271 0.216553
    outer loop
      vertex -3 20.1733 27.4177
      vertex 3 20.2158 27.6093
      vertex -3 20.2158 27.6093
    endloop
  endfacet
  facet normal 0 -0.976271 0.216553
    outer loop
      vertex 3 20.2158 27.6093
      vertex -3 20.1733 27.4177
      vertex 3 20.1733 27.4177
    endloop
  endfacet
  facet normal 0 0.793475 -0.608603
    outer loop
      vertex 3 16.1569 41.2905
      vertex -3 16.2764 41.4463
      vertex 3 16.2764 41.4463
    endloop
  endfacet
  facet normal 0 0.793475 -0.608603
    outer loop
      vertex -3 16.2764 41.4463
      vertex 3 16.1569 41.2905
      vertex -3 16.1569 41.2905
    endloop
  endfacet
  facet normal 0 -0.991458 -0.130428
    outer loop
      vertex -3 20.2414 40.1961
      vertex 3 20.2158 40.3907
      vertex -3 20.2158 40.3907
    endloop
  endfacet
  facet normal 0 -0.991458 -0.130428
    outer loop
      vertex 3 20.2158 40.3907
      vertex -3 20.2414 40.1961
      vertex 3 20.2414 40.1961
    endloop
  endfacet
  facet normal 0 0.923949 -0.382517
    outer loop
      vertex 3 15.8857 40.7695
      vertex -3 15.9608 40.9509
      vertex 3 15.9608 40.9509
    endloop
  endfacet
  facet normal 0 0.923949 -0.382517
    outer loop
      vertex -3 15.9608 40.9509
      vertex 3 15.8857 40.7695
      vertex -3 15.8857 40.7695
    endloop
  endfacet
  facet normal 0 -0.887075 -0.461625
    outer loop
      vertex -3 20.0392 40.9509
      vertex 3 19.9486 41.125
      vertex -3 19.9486 41.125
    endloop
  endfacet
  facet normal 0 -0.887075 -0.461625
    outer loop
      vertex 3 19.9486 41.125
      vertex -3 20.0392 40.9509
      vertex 3 20.0392 40.9509
    endloop
  endfacet
  facet normal 0 -0.923949 -0.382517
    outer loop
      vertex -3 20.1143 40.7695
      vertex 3 20.0392 40.9509
      vertex -3 20.0392 40.9509
    endloop
  endfacet
  facet normal 0 -0.923949 -0.382517
    outer loop
      vertex 3 20.0392 40.9509
      vertex -3 20.1143 40.7695
      vertex 3 20.1143 40.7695
    endloop
  endfacet
  facet normal 0 0.537535 -0.843242
    outer loop
      vertex -3 16.7095 41.8431
      vertex 3 16.875 41.9486
      vertex 3 16.7095 41.8431
    endloop
  endfacet
  facet normal 0 0.537535 -0.843242
    outer loop
      vertex 3 16.875 41.9486
      vertex -3 16.7095 41.8431
      vertex -3 16.875 41.9486
    endloop
  endfacet
  facet normal 0 0.99904 0.0438131
    outer loop
      vertex 3 15.7586 27.8039
      vertex -3 15.75 28
      vertex 3 15.75 28
    endloop
  endfacet
  facet normal 0 0.99904 0.0438131
    outer loop
      vertex -3 15.75 28
      vertex 3 15.7586 27.8039
      vertex -3 15.7586 27.8039
    endloop
  endfacet
  facet normal -0 0.0438131 0.99904
    outer loop
      vertex -3 18 25.75
      vertex 3 17.8039 25.7586
      vertex 3 18 25.75
    endloop
  endfacet
  facet normal 0 0.0438131 0.99904
    outer loop
      vertex 3 17.8039 25.7586
      vertex -3 18 25.75
      vertex -3 17.8039 25.7586
    endloop
  endfacet
  facet normal -0 0.300595 0.953752
    outer loop
      vertex -3 17.4177 25.8267
      vertex 3 17.2305 25.8857
      vertex 3 17.4177 25.8267
    endloop
  endfacet
  facet normal 0 0.300595 0.953752
    outer loop
      vertex 3 17.2305 25.8857
      vertex -3 17.4177 25.8267
      vertex -3 17.2305 25.8857
    endloop
  endfacet
  facet normal 0 -0.300595 0.953752
    outer loop
      vertex -3 18.7695 25.8857
      vertex 3 18.5823 25.8267
      vertex 3 18.7695 25.8857
    endloop
  endfacet
  facet normal 0 -0.300595 0.953752
    outer loop
      vertex 3 18.5823 25.8267
      vertex -3 18.7695 25.8857
      vertex -3 18.5823 25.8267
    endloop
  endfacet
  facet normal 0 0.976271 -0.216553
    outer loop
      vertex 3 15.7842 40.3907
      vertex -3 15.8267 40.5823
      vertex 3 15.8267 40.5823
    endloop
  endfacet
  facet normal 0 0.976271 -0.216553
    outer loop
      vertex -3 15.8267 40.5823
      vertex 3 15.7842 40.3907
      vertex -3 15.7842 40.3907
    endloop
  endfacet
  facet normal 0 -1 0
    outer loop
      vertex -3 20.25 36.25
      vertex 3 20.25 40
      vertex -3 20.25 40
    endloop
  endfacet
  facet normal 0 -1 -0
    outer loop
      vertex 3 20.25 40
      vertex -3 20.25 36.25
      vertex 3 20.25 36.25
    endloop
  endfacet
  facet normal 0 -1 0
    outer loop
      vertex -3 20.25 28
      vertex 3 20.25 31.75
      vertex -3 20.25 31.75
    endloop
  endfacet
  facet normal 0 -1 -0
    outer loop
      vertex 3 20.25 31.75
      vertex -3 20.25 28
      vertex 3 20.25 28
    endloop
  endfacet
  facet normal 0 0.99904 -0.0438131
    outer loop
      vertex 3 15.75 40
      vertex -3 15.7586 40.1961
      vertex 3 15.7586 40.1961
    endloop
  endfacet
  facet normal 0 0.99904 -0.0438131
    outer loop
      vertex -3 15.7586 40.1961
      vertex 3 15.75 40
      vertex -3 15.75 40
    endloop
  endfacet
  facet normal 0 0.887075 0.461625
    outer loop
      vertex 3 16.0514 26.875
      vertex -3 15.9608 27.0491
      vertex 3 15.9608 27.0491
    endloop
  endfacet
  facet normal 0 0.887075 0.461625
    outer loop
      vertex -3 15.9608 27.0491
      vertex 3 16.0514 26.875
      vertex -3 16.0514 26.875
    endloop
  endfacet
  facet normal 0 -0.99904 0.0438131
    outer loop
      vertex -3 20.2414 27.8039
      vertex 3 20.25 28
      vertex -3 20.25 28
    endloop
  endfacet
  facet normal 0 -0.99904 0.0438131
    outer loop
      vertex 3 20.25 28
      vertex -3 20.2414 27.8039
      vertex 3 20.2414 27.8039
    endloop
  endfacet
  facet normal 0 -0.793475 0.608603
    outer loop
      vertex -3 19.7236 26.5537
      vertex 3 19.8431 26.7095
      vertex -3 19.8431 26.7095
    endloop
  endfacet
  facet normal 0 -0.793475 0.608603
    outer loop
      vertex 3 19.8431 26.7095
      vertex -3 19.7236 26.5537
      vertex 3 19.7236 26.5537
    endloop
  endfacet
  facet normal 0 -0.953752 -0.300595
    outer loop
      vertex -3 20.1733 40.5823
      vertex 3 20.1143 40.7695
      vertex -3 20.1143 40.7695
    endloop
  endfacet
  facet normal 0 -0.953752 -0.300595
    outer loop
      vertex 3 20.1143 40.7695
      vertex -3 20.1733 40.5823
      vertex 3 20.1733 40.5823
    endloop
  endfacet
  facet normal 0 0.793475 0.608603
    outer loop
      vertex 3 16.2764 26.5537
      vertex -3 16.1569 26.7095
      vertex 3 16.1569 26.7095
    endloop
  endfacet
  facet normal 0 0.793475 0.608603
    outer loop
      vertex -3 16.1569 26.7095
      vertex 3 16.2764 26.5537
      vertex -3 16.2764 26.5537
    endloop
  endfacet
  facet normal 0 0.73726 0.675609
    outer loop
      vertex 3 16.409 26.409
      vertex -3 16.2764 26.5537
      vertex 3 16.2764 26.5537
    endloop
  endfacet
  facet normal 0 0.73726 0.675609
    outer loop
      vertex -3 16.2764 26.5537
      vertex 3 16.409 26.409
      vertex -3 16.409 26.409
    endloop
  endfacet
  facet normal 0 -0.99904 -0.0438131
    outer loop
      vertex -3 20.25 40
      vertex 3 20.2414 40.1961
      vertex -3 20.2414 40.1961
    endloop
  endfacet
  facet normal 0 -0.99904 -0.0438131
    outer loop
      vertex 3 20.2414 40.1961
      vertex -3 20.25 40
      vertex 3 20.25 40
    endloop
  endfacet
  facet normal 0 -0.843242 -0.537535
    outer loop
      vertex -3 19.9486 41.125
      vertex 3 19.8431 41.2905
      vertex -3 19.8431 41.2905
    endloop
  endfacet
  facet normal 0 -0.843242 -0.537535
    outer loop
      vertex 3 19.8431 41.2905
      vertex -3 19.9486 41.125
      vertex 3 19.9486 41.125
    endloop
  endfacet
  facet normal 0 -0.675609 -0.73726
    outer loop
      vertex -3 19.4463 41.7236
      vertex 3 19.591 41.591
      vertex 3 19.4463 41.7236
    endloop
  endfacet
  facet normal -0 -0.675609 -0.73726
    outer loop
      vertex 3 19.591 41.591
      vertex -3 19.4463 41.7236
      vertex -3 19.591 41.591
    endloop
  endfacet
  facet normal 0 0.923949 0.382517
    outer loop
      vertex 3 15.9608 27.0491
      vertex -3 15.8857 27.2305
      vertex 3 15.8857 27.2305
    endloop
  endfacet
  facet normal 0 0.923949 0.382517
    outer loop
      vertex -3 15.8857 27.2305
      vertex 3 15.9608 27.0491
      vertex -3 15.9608 27.0491
    endloop
  endfacet
  facet normal 0 0.843242 -0.537535
    outer loop
      vertex 3 16.0514 41.125
      vertex -3 16.1569 41.2905
      vertex 3 16.1569 41.2905
    endloop
  endfacet
  facet normal 0 0.843242 -0.537535
    outer loop
      vertex -3 16.1569 41.2905
      vertex 3 16.0514 41.125
      vertex -3 16.0514 41.125
    endloop
  endfacet
  facet normal 0 -0.73726 -0.675609
    outer loop
      vertex -3 19.7236 41.4463
      vertex 3 19.591 41.591
      vertex -3 19.591 41.591
    endloop
  endfacet
  facet normal 0 -0.73726 -0.675609
    outer loop
      vertex 3 19.591 41.591
      vertex -3 19.7236 41.4463
      vertex 3 19.7236 41.4463
    endloop
  endfacet
  facet normal 0 0.991458 -0.130428
    outer loop
      vertex 3 15.7586 40.1961
      vertex -3 15.7842 40.3907
      vertex 3 15.7842 40.3907
    endloop
  endfacet
  facet normal 0 0.991458 -0.130428
    outer loop
      vertex -3 15.7842 40.3907
      vertex 3 15.7586 40.1961
      vertex -3 15.7586 40.1961
    endloop
  endfacet
  facet normal -0 0.608603 0.793475
    outer loop
      vertex -3 16.7095 26.1569
      vertex 3 16.5537 26.2764
      vertex 3 16.7095 26.1569
    endloop
  endfacet
  facet normal 0 0.608603 0.793475
    outer loop
      vertex 3 16.5537 26.2764
      vertex -3 16.7095 26.1569
      vertex -3 16.5537 26.2764
    endloop
  endfacet
  facet normal 0 -0.73726 0.675609
    outer loop
      vertex -3 19.591 26.409
      vertex 3 19.7236 26.5537
      vertex -3 19.7236 26.5537
    endloop
  endfacet
  facet normal 0 -0.73726 0.675609
    outer loop
      vertex 3 19.7236 26.5537
      vertex -3 19.591 26.409
      vertex 3 19.591 26.409
    endloop
  endfacet
  facet normal 0 -0.793475 -0.608603
    outer loop
      vertex -3 19.8431 41.2905
      vertex 3 19.7236 41.4463
      vertex -3 19.7236 41.4463
    endloop
  endfacet
  facet normal 0 -0.793475 -0.608603
    outer loop
      vertex 3 19.7236 41.4463
      vertex -3 19.8431 41.2905
      vertex 3 19.8431 41.2905
    endloop
  endfacet
  facet normal -0 0.216553 0.976271
    outer loop
      vertex -3 17.6093 25.7842
      vertex 3 17.4177 25.8267
      vertex 3 17.6093 25.7842
    endloop
  endfacet
  facet normal 0 0.216553 0.976271
    outer loop
      vertex 3 17.4177 25.8267
      vertex -3 17.6093 25.7842
      vertex -3 17.4177 25.8267
    endloop
  endfacet
  facet normal 0 -0.608603 0.793475
    outer loop
      vertex -3 19.4463 26.2764
      vertex 3 19.2905 26.1569
      vertex 3 19.4463 26.2764
    endloop
  endfacet
  facet normal 0 -0.608603 0.793475
    outer loop
      vertex 3 19.2905 26.1569
      vertex -3 19.4463 26.2764
      vertex -3 19.2905 26.1569
    endloop
  endfacet
  facet normal 0 0.843242 0.537535
    outer loop
      vertex 3 16.1569 26.7095
      vertex -3 16.0514 26.875
      vertex 3 16.0514 26.875
    endloop
  endfacet
  facet normal 0 0.843242 0.537535
    outer loop
      vertex -3 16.0514 26.875
      vertex 3 16.1569 26.7095
      vertex -3 16.1569 26.7095
    endloop
  endfacet
  facet normal 0 -0.537535 -0.843242
    outer loop
      vertex -3 19.125 41.9486
      vertex 3 19.2905 41.8431
      vertex 3 19.125 41.9486
    endloop
  endfacet
  facet normal -0 -0.537535 -0.843242
    outer loop
      vertex 3 19.2905 41.8431
      vertex -3 19.125 41.9486
      vertex -3 19.2905 41.8431
    endloop
  endfacet
  facet normal 0 -0.382517 -0.923949
    outer loop
      vertex -3 18.7695 42.1143
      vertex 3 18.9509 42.0392
      vertex 3 18.7695 42.1143
    endloop
  endfacet
  facet normal -0 -0.382517 -0.923949
    outer loop
      vertex 3 18.9509 42.0392
      vertex -3 18.7695 42.1143
      vertex -3 18.9509 42.0392
    endloop
  endfacet
  facet normal 0 0.300595 -0.953752
    outer loop
      vertex -3 17.2305 42.1143
      vertex 3 17.4177 42.1733
      vertex 3 17.2305 42.1143
    endloop
  endfacet
  facet normal 0 0.300595 -0.953752
    outer loop
      vertex 3 17.4177 42.1733
      vertex -3 17.2305 42.1143
      vertex -3 17.4177 42.1733
    endloop
  endfacet
  facet normal -0 0.461625 0.887075
    outer loop
      vertex -3 17.0491 25.9608
      vertex 3 16.875 26.0514
      vertex 3 17.0491 25.9608
    endloop
  endfacet
  facet normal 0 0.461625 0.887075
    outer loop
      vertex 3 16.875 26.0514
      vertex -3 17.0491 25.9608
      vertex -3 16.875 26.0514
    endloop
  endfacet
  facet normal 0 -0.0438131 -0.99904
    outer loop
      vertex -3 18 42.25
      vertex 3 18.1961 42.2414
      vertex 3 18 42.25
    endloop
  endfacet
  facet normal -0 -0.0438131 -0.99904
    outer loop
      vertex 3 18.1961 42.2414
      vertex -3 18 42.25
      vertex -3 18.1961 42.2414
    endloop
  endfacet
  facet normal 0 -0.0438131 0.99904
    outer loop
      vertex -3 18.1961 25.7586
      vertex 3 18 25.75
      vertex 3 18.1961 25.7586
    endloop
  endfacet
  facet normal 0 -0.0438131 0.99904
    outer loop
      vertex 3 18 25.75
      vertex -3 18.1961 25.7586
      vertex -3 18 25.75
    endloop
  endfacet
  facet normal 0 -0.382517 0.923949
    outer loop
      vertex -3 18.9509 25.9608
      vertex 3 18.7695 25.8857
      vertex 3 18.9509 25.9608
    endloop
  endfacet
  facet normal 0 -0.382517 0.923949
    outer loop
      vertex 3 18.7695 25.8857
      vertex -3 18.9509 25.9608
      vertex -3 18.7695 25.8857
    endloop
  endfacet
  facet normal 0 -0.216553 0.976271
    outer loop
      vertex -3 18.5823 25.8267
      vertex 3 18.3907 25.7842
      vertex 3 18.5823 25.8267
    endloop
  endfacet
  facet normal 0 -0.216553 0.976271
    outer loop
      vertex 3 18.3907 25.7842
      vertex -3 18.5823 25.8267
      vertex -3 18.3907 25.7842
    endloop
  endfacet
  facet normal 0 0.953752 0.300595
    outer loop
      vertex 3 15.8857 27.2305
      vertex -3 15.8267 27.4177
      vertex 3 15.8267 27.4177
    endloop
  endfacet
  facet normal 0 0.953752 0.300595
    outer loop
      vertex -3 15.8267 27.4177
      vertex 3 15.8857 27.2305
      vertex -3 15.8857 27.2305
    endloop
  endfacet
  facet normal 0 0.382517 -0.923949
    outer loop
      vertex -3 17.0491 42.0392
      vertex 3 17.2305 42.1143
      vertex 3 17.0491 42.0392
    endloop
  endfacet
  facet normal 0 0.382517 -0.923949
    outer loop
      vertex 3 17.2305 42.1143
      vertex -3 17.0491 42.0392
      vertex -3 17.2305 42.1143
    endloop
  endfacet
  facet normal 0 -0.887075 0.461625
    outer loop
      vertex -3 19.9486 26.875
      vertex 3 20.0392 27.0491
      vertex -3 20.0392 27.0491
    endloop
  endfacet
  facet normal 0 -0.887075 0.461625
    outer loop
      vertex 3 20.0392 27.0491
      vertex -3 19.9486 26.875
      vertex 3 19.9486 26.875
    endloop
  endfacet
  facet normal 0 -0.976271 -0.216553
    outer loop
      vertex -3 20.2158 40.3907
      vertex 3 20.1733 40.5823
      vertex -3 20.1733 40.5823
    endloop
  endfacet
  facet normal 0 -0.976271 -0.216553
    outer loop
      vertex 3 20.1733 40.5823
      vertex -3 20.2158 40.3907
      vertex 3 20.2158 40.3907
    endloop
  endfacet
  facet normal 0 0.976271 0.216553
    outer loop
      vertex 3 15.8267 27.4177
      vertex -3 15.7842 27.6093
      vertex 3 15.7842 27.6093
    endloop
  endfacet
  facet normal 0 0.976271 0.216553
    outer loop
      vertex -3 15.7842 27.6093
      vertex 3 15.8267 27.4177
      vertex -3 15.8267 27.4177
    endloop
  endfacet
  facet normal 0 0.991458 0.130428
    outer loop
      vertex 3 15.7842 27.6093
      vertex -3 15.7586 27.8039
      vertex 3 15.7586 27.8039
    endloop
  endfacet
  facet normal 0 0.991458 0.130428
    outer loop
      vertex -3 15.7586 27.8039
      vertex 3 15.7842 27.6093
      vertex -3 15.7842 27.6093
    endloop
  endfacet
  facet normal 0 -0.843242 0.537535
    outer loop
      vertex -3 19.8431 26.7095
      vertex 3 19.9486 26.875
      vertex -3 19.9486 26.875
    endloop
  endfacet
  facet normal 0 -0.843242 0.537535
    outer loop
      vertex 3 19.9486 26.875
      vertex -3 19.8431 26.7095
      vertex 3 19.8431 26.7095
    endloop
  endfacet
  facet normal 0 0.73726 -0.675609
    outer loop
      vertex 3 16.2764 41.4463
      vertex -3 16.409 41.591
      vertex 3 16.409 41.591
    endloop
  endfacet
  facet normal 0 0.73726 -0.675609
    outer loop
      vertex -3 16.409 41.591
      vertex 3 16.2764 41.4463
      vertex -3 16.2764 41.4463
    endloop
  endfacet
  facet normal 0 0.608603 -0.793475
    outer loop
      vertex -3 16.5537 41.7236
      vertex 3 16.7095 41.8431
      vertex 3 16.5537 41.7236
    endloop
  endfacet
  facet normal 0 0.608603 -0.793475
    outer loop
      vertex 3 16.7095 41.8431
      vertex -3 16.5537 41.7236
      vertex -3 16.7095 41.8431
    endloop
  endfacet
  facet normal -0 0.675609 0.73726
    outer loop
      vertex -3 16.5537 26.2764
      vertex 3 16.409 26.409
      vertex 3 16.5537 26.2764
    endloop
  endfacet
  facet normal 0 0.675609 0.73726
    outer loop
      vertex 3 16.409 26.409
      vertex -3 16.5537 26.2764
      vertex -3 16.409 26.409
    endloop
  endfacet
  facet normal 0 -0.923949 0.382517
    outer loop
      vertex -3 20.0392 27.0491
      vertex 3 20.1143 27.2305
      vertex -3 20.1143 27.2305
    endloop
  endfacet
  facet normal 0 -0.923949 0.382517
    outer loop
      vertex 3 20.1143 27.2305
      vertex -3 20.0392 27.0491
      vertex 3 20.0392 27.0491
    endloop
  endfacet
  facet normal 0 0.675609 -0.73726
    outer loop
      vertex -3 16.409 41.591
      vertex 3 16.5537 41.7236
      vertex 3 16.409 41.591
    endloop
  endfacet
  facet normal 0 0.675609 -0.73726
    outer loop
      vertex 3 16.5537 41.7236
      vertex -3 16.409 41.591
      vertex -3 16.5537 41.7236
    endloop
  endfacet
  facet normal 0 0.0438131 -0.99904
    outer loop
      vertex -3 17.8039 42.2414
      vertex 3 18 42.25
      vertex 3 17.8039 42.2414
    endloop
  endfacet
  facet normal 0 0.0438131 -0.99904
    outer loop
      vertex 3 18 42.25
      vertex -3 17.8039 42.2414
      vertex -3 18 42.25
    endloop
  endfacet
  facet normal 0 0.216553 -0.976271
    outer loop
      vertex -3 17.4177 42.1733
      vertex 3 17.6093 42.2158
      vertex 3 17.4177 42.1733
    endloop
  endfacet
  facet normal 0 0.216553 -0.976271
    outer loop
      vertex 3 17.6093 42.2158
      vertex -3 17.4177 42.1733
      vertex -3 17.6093 42.2158
    endloop
  endfacet
  facet normal 0 -0.537535 0.843242
    outer loop
      vertex -3 19.2905 26.1569
      vertex 3 19.125 26.0514
      vertex 3 19.2905 26.1569
    endloop
  endfacet
  facet normal 0 -0.537535 0.843242
    outer loop
      vertex 3 19.125 26.0514
      vertex -3 19.2905 26.1569
      vertex -3 19.125 26.0514
    endloop
  endfacet
  facet normal 0 -0.675609 0.73726
    outer loop
      vertex -3 19.591 26.409
      vertex 3 19.4463 26.2764
      vertex 3 19.591 26.409
    endloop
  endfacet
  facet normal 0 -0.675609 0.73726
    outer loop
      vertex 3 19.4463 26.2764
      vertex -3 19.591 26.409
      vertex -3 19.4463 26.2764
    endloop
  endfacet
  facet normal -0 0.130428 0.991458
    outer loop
      vertex -3 17.8039 25.7586
      vertex 3 17.6093 25.7842
      vertex 3 17.8039 25.7586
    endloop
  endfacet
  facet normal 0 0.130428 0.991458
    outer loop
      vertex 3 17.6093 25.7842
      vertex -3 17.8039 25.7586
      vertex -3 17.6093 25.7842
    endloop
  endfacet
  facet normal 0 -0.991458 0.130428
    outer loop
      vertex -3 20.2158 27.6093
      vertex 3 20.2414 27.8039
      vertex -3 20.2414 27.8039
    endloop
  endfacet
  facet normal 0 -0.991458 0.130428
    outer loop
      vertex 3 20.2414 27.8039
      vertex -3 20.2158 27.6093
      vertex 3 20.2158 27.6093
    endloop
  endfacet
  facet normal 0 0.461625 -0.887075
    outer loop
      vertex -3 16.875 41.9486
      vertex 3 17.0491 42.0392
      vertex 3 16.875 41.9486
    endloop
  endfacet
  facet normal 0 0.461625 -0.887075
    outer loop
      vertex 3 17.0491 42.0392
      vertex -3 16.875 41.9486
      vertex -3 17.0491 42.0392
    endloop
  endfacet
  facet normal -0 0.537535 0.843242
    outer loop
      vertex -3 16.875 26.0514
      vertex 3 16.7095 26.1569
      vertex 3 16.875 26.0514
    endloop
  endfacet
  facet normal 0 0.537535 0.843242
    outer loop
      vertex 3 16.7095 26.1569
      vertex -3 16.875 26.0514
      vertex -3 16.7095 26.1569
    endloop
  endfacet
  facet normal 0 -0.461625 0.887075
    outer loop
      vertex -3 19.125 26.0514
      vertex 3 18.9509 25.9608
      vertex 3 19.125 26.0514
    endloop
  endfacet
  facet normal 0 -0.461625 0.887075
    outer loop
      vertex 3 18.9509 25.9608
      vertex -3 19.125 26.0514
      vertex -3 18.9509 25.9608
    endloop
  endfacet
  facet normal 0 -0.130428 0.991458
    outer loop
      vertex -3 18.3907 25.7842
      vertex 3 18.1961 25.7586
      vertex 3 18.3907 25.7842
    endloop
  endfacet
  facet normal 0 -0.130428 0.991458
    outer loop
      vertex 3 18.1961 25.7586
      vertex -3 18.3907 25.7842
      vertex -3 18.1961 25.7586
    endloop
  endfacet
  facet normal 0 -0.130428 -0.991458
    outer loop
      vertex -3 18.1961 42.2414
      vertex 3 18.3907 42.2158
      vertex 3 18.1961 42.2414
    endloop
  endfacet
  facet normal -0 -0.130428 -0.991458
    outer loop
      vertex 3 18.3907 42.2158
      vertex -3 18.1961 42.2414
      vertex -3 18.3907 42.2158
    endloop
  endfacet
  facet normal 0 0.130428 -0.991458
    outer loop
      vertex -3 17.6093 42.2158
      vertex 3 17.8039 42.2414
      vertex 3 17.6093 42.2158
    endloop
  endfacet
  facet normal 0 0.130428 -0.991458
    outer loop
      vertex 3 17.8039 42.2414
      vertex -3 17.6093 42.2158
      vertex -3 17.8039 42.2414
    endloop
  endfacet
  facet normal 0 -0.300595 -0.953752
    outer loop
      vertex -3 18.5823 42.1733
      vertex 3 18.7695 42.1143
      vertex 3 18.5823 42.1733
    endloop
  endfacet
  facet normal -0 -0.300595 -0.953752
    outer loop
      vertex 3 18.7695 42.1143
      vertex -3 18.5823 42.1733
      vertex -3 18.7695 42.1143
    endloop
  endfacet
  facet normal 0 -0.216553 -0.976271
    outer loop
      vertex -3 18.3907 42.2158
      vertex 3 18.5823 42.1733
      vertex 3 18.3907 42.2158
    endloop
  endfacet
  facet normal -0 -0.216553 -0.976271
    outer loop
      vertex 3 18.5823 42.1733
      vertex -3 18.3907 42.2158
      vertex -3 18.5823 42.1733
    endloop
  endfacet
  facet normal 0 -0.953752 0.300595
    outer loop
      vertex -3 80.1143 27.2305
      vertex 3 80.1733 27.4177
      vertex -3 80.1733 27.4177
    endloop
  endfacet
  facet normal 0 -0.953752 0.300595
    outer loop
      vertex 3 80.1733 27.4177
      vertex -3 80.1143 27.2305
      vertex 3 80.1143 27.2305
    endloop
  endfacet
  facet normal 0 1 -0
    outer loop
      vertex 3 75.75 36.25
      vertex -3 75.75 40
      vertex 3 75.75 40
    endloop
  endfacet
  facet normal 0 1 0
    outer loop
      vertex -3 75.75 40
      vertex 3 75.75 36.25
      vertex -3 75.75 36.25
    endloop
  endfacet
  facet normal 0 1 -0
    outer loop
      vertex 3 75.75 28
      vertex -3 75.75 31.75
      vertex 3 75.75 31.75
    endloop
  endfacet
  facet normal 0 1 0
    outer loop
      vertex -3 75.75 31.75
      vertex 3 75.75 28
      vertex -3 75.75 28
    endloop
  endfacet
  facet normal 0 0.887075 -0.461625
    outer loop
      vertex 3 75.9608 40.9509
      vertex -3 76.0514 41.125
      vertex 3 76.0514 41.125
    endloop
  endfacet
  facet normal 0 0.887075 -0.461625
    outer loop
      vertex -3 76.0514 41.125
      vertex 3 75.9608 40.9509
      vertex -3 75.9608 40.9509
    endloop
  endfacet
  facet normal 0 0.953752 -0.300595
    outer loop
      vertex 3 75.8267 40.5823
      vertex -3 75.8857 40.7695
      vertex 3 75.8857 40.7695
    endloop
  endfacet
  facet normal 0 0.953752 -0.300595
    outer loop
      vertex -3 75.8857 40.7695
      vertex 3 75.8267 40.5823
      vertex -3 75.8267 40.5823
    endloop
  endfacet
  facet normal 0 -0.608603 -0.793475
    outer loop
      vertex -3 79.2905 41.8431
      vertex 3 79.4463 41.7236
      vertex 3 79.2905 41.8431
    endloop
  endfacet
  facet normal -0 -0.608603 -0.793475
    outer loop
      vertex 3 79.4463 41.7236
      vertex -3 79.2905 41.8431
      vertex -3 79.4463 41.7236
    endloop
  endfacet
  facet normal -0 0.382517 0.923949
    outer loop
      vertex -3 77.2305 25.8857
      vertex 3 77.0491 25.9608
      vertex 3 77.2305 25.8857
    endloop
  endfacet
  facet normal 0 0.382517 0.923949
    outer loop
      vertex 3 77.0491 25.9608
      vertex -3 77.2305 25.8857
      vertex -3 77.0491 25.9608
    endloop
  endfacet
  facet normal 0 -0.461625 -0.887075
    outer loop
      vertex -3 78.9509 42.0392
      vertex 3 79.125 41.9486
      vertex 3 78.9509 42.0392
    endloop
  endfacet
  facet normal -0 -0.461625 -0.887075
    outer loop
      vertex 3 79.125 41.9486
      vertex -3 78.9509 42.0392
      vertex -3 79.125 41.9486
    endloop
  endfacet
  facet normal 0 -0.976271 0.216553
    outer loop
      vertex -3 80.1733 27.4177
      vertex 3 80.2158 27.6093
      vertex -3 80.2158 27.6093
    endloop
  endfacet
  facet normal 0 -0.976271 0.216553
    outer loop
      vertex 3 80.2158 27.6093
      vertex -3 80.1733 27.4177
      vertex 3 80.1733 27.4177
    endloop
  endfacet
  facet normal 0 0.793475 -0.608603
    outer loop
      vertex 3 76.1569 41.2905
      vertex -3 76.2764 41.4463
      vertex 3 76.2764 41.4463
    endloop
  endfacet
  facet normal 0 0.793475 -0.608603
    outer loop
      vertex -3 76.2764 41.4463
      vertex 3 76.1569 41.2905
      vertex -3 76.1569 41.2905
    endloop
  endfacet
  facet normal 0 -0.991458 -0.130428
    outer loop
      vertex -3 80.2414 40.1961
      vertex 3 80.2158 40.3907
      vertex -3 80.2158 40.3907
    endloop
  endfacet
  facet normal 0 -0.991458 -0.130428
    outer loop
      vertex 3 80.2158 40.3907
      vertex -3 80.2414 40.1961
      vertex 3 80.2414 40.1961
    endloop
  endfacet
  facet normal 0 0.923949 -0.382517
    outer loop
      vertex 3 75.8857 40.7695
      vertex -3 75.9608 40.9509
      vertex 3 75.9608 40.9509
    endloop
  endfacet
  facet normal 0 0.923949 -0.382517
    outer loop
      vertex -3 75.9608 40.9509
      vertex 3 75.8857 40.7695
      vertex -3 75.8857 40.7695
    endloop
  endfacet
  facet normal 0 -0.887075 -0.461625
    outer loop
      vertex -3 80.0392 40.9509
      vertex 3 79.9486 41.125
      vertex -3 79.9486 41.125
    endloop
  endfacet
  facet normal 0 -0.887075 -0.461625
    outer loop
      vertex 3 79.9486 41.125
      vertex -3 80.0392 40.9509
      vertex 3 80.0392 40.9509
    endloop
  endfacet
  facet normal 0 -0.923949 -0.382517
    outer loop
      vertex -3 80.1143 40.7695
      vertex 3 80.0392 40.9509
      vertex -3 80.0392 40.9509
    endloop
  endfacet
  facet normal 0 -0.923949 -0.382517
    outer loop
      vertex 3 80.0392 40.9509
      vertex -3 80.1143 40.7695
      vertex 3 80.1143 40.7695
    endloop
  endfacet
  facet normal 0 0.537535 -0.843242
    outer loop
      vertex -3 76.7095 41.8431
      vertex 3 76.875 41.9486
      vertex 3 76.7095 41.8431
    endloop
  endfacet
  facet normal 0 0.537535 -0.843242
    outer loop
      vertex 3 76.875 41.9486
      vertex -3 76.7095 41.8431
      vertex -3 76.875 41.9486
    endloop
  endfacet
  facet normal 0 0.99904 0.0438131
    outer loop
      vertex 3 75.7586 27.8039
      vertex -3 75.75 28
      vertex 3 75.75 28
    endloop
  endfacet
  facet normal 0 0.99904 0.0438131
    outer loop
      vertex -3 75.75 28
      vertex 3 75.7586 27.8039
      vertex -3 75.7586 27.8039
    endloop
  endfacet
  facet normal -0 0.0438131 0.99904
    outer loop
      vertex -3 78 25.75
      vertex 3 77.8039 25.7586
      vertex 3 78 25.75
    endloop
  endfacet
  facet normal 0 0.0438131 0.99904
    outer loop
      vertex 3 77.8039 25.7586
      vertex -3 78 25.75
      vertex -3 77.8039 25.7586
    endloop
  endfacet
  facet normal 0 -0.300595 0.953752
    outer loop
      vertex -3 78.7695 25.8857
      vertex 3 78.5823 25.8267
      vertex 3 78.7695 25.8857
    endloop
  endfacet
  facet normal 0 -0.300595 0.953752
    outer loop
      vertex 3 78.5823 25.8267
      vertex -3 78.7695 25.8857
      vertex -3 78.5823 25.8267
    endloop
  endfacet
  facet normal 0 0.976271 -0.216553
    outer loop
      vertex 3 75.7842 40.3907
      vertex -3 75.8267 40.5823
      vertex 3 75.8267 40.5823
    endloop
  endfacet
  facet normal 0 0.976271 -0.216553
    outer loop
      vertex -3 75.8267 40.5823
      vertex 3 75.7842 40.3907
      vertex -3 75.7842 40.3907
    endloop
  endfacet
  facet normal 0 -1 0
    outer loop
      vertex -3 80.25 28
      vertex 3 80.25 40
      vertex -3 80.25 40
    endloop
  endfacet
  facet normal 0 -1 -0
    outer loop
      vertex 3 80.25 40
      vertex -3 80.25 28
      vertex 3 80.25 28
    endloop
  endfacet
  facet normal 0 0.99904 -0.0438131
    outer loop
      vertex 3 75.75 40
      vertex -3 75.7586 40.1961
      vertex 3 75.7586 40.1961
    endloop
  endfacet
  facet normal 0 0.99904 -0.0438131
    outer loop
      vertex -3 75.7586 40.1961
      vertex 3 75.75 40
      vertex -3 75.75 40
    endloop
  endfacet
  facet normal 0 0.887075 0.461625
    outer loop
      vertex 3 76.0514 26.875
      vertex -3 75.9608 27.0491
      vertex 3 75.9608 27.0491
    endloop
  endfacet
  facet normal 0 0.887075 0.461625
    outer loop
      vertex -3 75.9608 27.0491
      vertex 3 76.0514 26.875
      vertex -3 76.0514 26.875
    endloop
  endfacet
  facet normal 0 -0.675609 0.73726
    outer loop
      vertex -3 79.591 26.409
      vertex 3 79.4463 26.2764
      vertex 3 79.591 26.409
    endloop
  endfacet
  facet normal 0 -0.675609 0.73726
    outer loop
      vertex 3 79.4463 26.2764
      vertex -3 79.591 26.409
      vertex -3 79.4463 26.2764
    endloop
  endfacet
  facet normal 0 -0.99904 0.0438131
    outer loop
      vertex -3 80.2414 27.8039
      vertex 3 80.25 28
      vertex -3 80.25 28
    endloop
  endfacet
  facet normal 0 -0.99904 0.0438131
    outer loop
      vertex 3 80.25 28
      vertex -3 80.2414 27.8039
      vertex 3 80.2414 27.8039
    endloop
  endfacet
  facet normal 0 -0.793475 0.608603
    outer loop
      vertex -3 79.7236 26.5537
      vertex 3 79.8431 26.7095
      vertex -3 79.8431 26.7095
    endloop
  endfacet
  facet normal 0 -0.793475 0.608603
    outer loop
      vertex 3 79.8431 26.7095
      vertex -3 79.7236 26.5537
      vertex 3 79.7236 26.5537
    endloop
  endfacet
  facet normal 0 -0.953752 -0.300595
    outer loop
      vertex -3 80.1733 40.5823
      vertex 3 80.1143 40.7695
      vertex -3 80.1143 40.7695
    endloop
  endfacet
  facet normal 0 -0.953752 -0.300595
    outer loop
      vertex 3 80.1143 40.7695
      vertex -3 80.1733 40.5823
      vertex 3 80.1733 40.5823
    endloop
  endfacet
  facet normal 0 0.793475 0.608603
    outer loop
      vertex 3 76.2764 26.5537
      vertex -3 76.1569 26.7095
      vertex 3 76.1569 26.7095
    endloop
  endfacet
  facet normal 0 0.793475 0.608603
    outer loop
      vertex -3 76.1569 26.7095
      vertex 3 76.2764 26.5537
      vertex -3 76.2764 26.5537
    endloop
  endfacet
  facet normal 0 0.73726 0.675609
    outer loop
      vertex 3 76.409 26.409
      vertex -3 76.2764 26.5537
      vertex 3 76.2764 26.5537
    endloop
  endfacet
  facet normal 0 0.73726 0.675609
    outer loop
      vertex -3 76.2764 26.5537
      vertex 3 76.409 26.409
      vertex -3 76.409 26.409
    endloop
  endfacet
  facet normal 0 -0.99904 -0.0438131
    outer loop
      vertex -3 80.25 40
      vertex 3 80.2414 40.1961
      vertex -3 80.2414 40.1961
    endloop
  endfacet
  facet normal 0 -0.99904 -0.0438131
    outer loop
      vertex 3 80.2414 40.1961
      vertex -3 80.25 40
      vertex 3 80.25 40
    endloop
  endfacet
  facet normal 0 -0.843242 -0.537535
    outer loop
      vertex -3 79.9486 41.125
      vertex 3 79.8431 41.2905
      vertex -3 79.8431 41.2905
    endloop
  endfacet
  facet normal 0 -0.843242 -0.537535
    outer loop
      vertex 3 79.8431 41.2905
      vertex -3 79.9486 41.125
      vertex 3 79.9486 41.125
    endloop
  endfacet
  facet normal 0 -0.675609 -0.73726
    outer loop
      vertex -3 79.4463 41.7236
      vertex 3 79.591 41.591
      vertex 3 79.4463 41.7236
    endloop
  endfacet
  facet normal -0 -0.675609 -0.73726
    outer loop
      vertex 3 79.591 41.591
      vertex -3 79.4463 41.7236
      vertex -3 79.591 41.591
    endloop
  endfacet
  facet normal 0 0.923949 0.382517
    outer loop
      vertex 3 75.9608 27.0491
      vertex -3 75.8857 27.2305
      vertex 3 75.8857 27.2305
    endloop
  endfacet
  facet normal 0 0.923949 0.382517
    outer loop
      vertex -3 75.8857 27.2305
      vertex 3 75.9608 27.0491
      vertex -3 75.9608 27.0491
    endloop
  endfacet
  facet normal 0 0.843242 -0.537535
    outer loop
      vertex 3 76.0514 41.125
      vertex -3 76.1569 41.2905
      vertex 3 76.1569 41.2905
    endloop
  endfacet
  facet normal 0 0.843242 -0.537535
    outer loop
      vertex -3 76.1569 41.2905
      vertex 3 76.0514 41.125
      vertex -3 76.0514 41.125
    endloop
  endfacet
  facet normal 0 -0.73726 -0.675609
    outer loop
      vertex -3 79.7236 41.4463
      vertex 3 79.591 41.591
      vertex -3 79.591 41.591
    endloop
  endfacet
  facet normal 0 -0.73726 -0.675609
    outer loop
      vertex 3 79.591 41.591
      vertex -3 79.7236 41.4463
      vertex 3 79.7236 41.4463
    endloop
  endfacet
  facet normal 0 0.991458 -0.130428
    outer loop
      vertex 3 75.7586 40.1961
      vertex -3 75.7842 40.3907
      vertex 3 75.7842 40.3907
    endloop
  endfacet
  facet normal 0 0.991458 -0.130428
    outer loop
      vertex -3 75.7842 40.3907
      vertex 3 75.7586 40.1961
      vertex -3 75.7586 40.1961
    endloop
  endfacet
  facet normal -0 0.608603 0.793475
    outer loop
      vertex -3 76.7095 26.1569
      vertex 3 76.5537 26.2764
      vertex 3 76.7095 26.1569
    endloop
  endfacet
  facet normal 0 0.608603 0.793475
    outer loop
      vertex 3 76.5537 26.2764
      vertex -3 76.7095 26.1569
      vertex -3 76.5537 26.2764
    endloop
  endfacet
  facet normal 0 -0.73726 0.675609
    outer loop
      vertex -3 79.591 26.409
      vertex 3 79.7236 26.5537
      vertex -3 79.7236 26.5537
    endloop
  endfacet
  facet normal 0 -0.73726 0.675609
    outer loop
      vertex 3 79.7236 26.5537
      vertex -3 79.591 26.409
      vertex 3 79.591 26.409
    endloop
  endfacet
  facet normal 0 -0.793475 -0.608603
    outer loop
      vertex -3 79.8431 41.2905
      vertex 3 79.7236 41.4463
      vertex -3 79.7236 41.4463
    endloop
  endfacet
  facet normal 0 -0.793475 -0.608603
    outer loop
      vertex 3 79.7236 41.4463
      vertex -3 79.8431 41.2905
      vertex 3 79.8431 41.2905
    endloop
  endfacet
  facet normal 0 -0.991458 0.130428
    outer loop
      vertex -3 80.2158 27.6093
      vertex 3 80.2414 27.8039
      vertex -3 80.2414 27.8039
    endloop
  endfacet
  facet normal 0 -0.991458 0.130428
    outer loop
      vertex 3 80.2414 27.8039
      vertex -3 80.2158 27.6093
      vertex 3 80.2158 27.6093
    endloop
  endfacet
  facet normal 0 -0.608603 0.793475
    outer loop
      vertex -3 79.4463 26.2764
      vertex 3 79.2905 26.1569
      vertex 3 79.4463 26.2764
    endloop
  endfacet
  facet normal 0 -0.608603 0.793475
    outer loop
      vertex 3 79.2905 26.1569
      vertex -3 79.4463 26.2764
      vertex -3 79.2905 26.1569
    endloop
  endfacet
  facet normal 0 0.843242 0.537535
    outer loop
      vertex 3 76.1569 26.7095
      vertex -3 76.0514 26.875
      vertex 3 76.0514 26.875
    endloop
  endfacet
  facet normal 0 0.843242 0.537535
    outer loop
      vertex -3 76.0514 26.875
      vertex 3 76.1569 26.7095
      vertex -3 76.1569 26.7095
    endloop
  endfacet
  facet normal 0 -0.537535 -0.843242
    outer loop
      vertex -3 79.125 41.9486
      vertex 3 79.2905 41.8431
      vertex 3 79.125 41.9486
    endloop
  endfacet
  facet normal -0 -0.537535 -0.843242
    outer loop
      vertex 3 79.2905 41.8431
      vertex -3 79.125 41.9486
      vertex -3 79.2905 41.8431
    endloop
  endfacet
  facet normal 0 -0.382517 -0.923949
    outer loop
      vertex -3 78.7695 42.1143
      vertex 3 78.9509 42.0392
      vertex 3 78.7695 42.1143
    endloop
  endfacet
  facet normal -0 -0.382517 -0.923949
    outer loop
      vertex 3 78.9509 42.0392
      vertex -3 78.7695 42.1143
      vertex -3 78.9509 42.0392
    endloop
  endfacet
  facet normal 0 0.300595 -0.953752
    outer loop
      vertex -3 77.2305 42.1143
      vertex 3 77.4177 42.1733
      vertex 3 77.2305 42.1143
    endloop
  endfacet
  facet normal 0 0.300595 -0.953752
    outer loop
      vertex 3 77.4177 42.1733
      vertex -3 77.2305 42.1143
      vertex -3 77.4177 42.1733
    endloop
  endfacet
  facet normal -0 0.461625 0.887075
    outer loop
      vertex -3 77.0491 25.9608
      vertex 3 76.875 26.0514
      vertex 3 77.0491 25.9608
    endloop
  endfacet
  facet normal 0 0.461625 0.887075
    outer loop
      vertex 3 76.875 26.0514
      vertex -3 77.0491 25.9608
      vertex -3 76.875 26.0514
    endloop
  endfacet
  facet normal 0 -0.0438131 -0.99904
    outer loop
      vertex -3 78 42.25
      vertex 3 78.1961 42.2414
      vertex 3 78 42.25
    endloop
  endfacet
  facet normal -0 -0.0438131 -0.99904
    outer loop
      vertex 3 78.1961 42.2414
      vertex -3 78 42.25
      vertex -3 78.1961 42.2414
    endloop
  endfacet
  facet normal 0 -0.0438131 0.99904
    outer loop
      vertex -3 78.1961 25.7586
      vertex 3 78 25.75
      vertex 3 78.1961 25.7586
    endloop
  endfacet
  facet normal 0 -0.0438131 0.99904
    outer loop
      vertex 3 78 25.75
      vertex -3 78.1961 25.7586
      vertex -3 78 25.75
    endloop
  endfacet
  facet normal 0 -0.382517 0.923949
    outer loop
      vertex -3 78.9509 25.9608
      vertex 3 78.7695 25.8857
      vertex 3 78.9509 25.9608
    endloop
  endfacet
  facet normal 0 -0.382517 0.923949
    outer loop
      vertex 3 78.7695 25.8857
      vertex -3 78.9509 25.9608
      vertex -3 78.7695 25.8857
    endloop
  endfacet
  facet normal 0 -0.216553 0.976271
    outer loop
      vertex -3 78.5823 25.8267
      vertex 3 78.3907 25.7842
      vertex 3 78.5823 25.8267
    endloop
  endfacet
  facet normal 0 -0.216553 0.976271
    outer loop
      vertex 3 78.3907 25.7842
      vertex -3 78.5823 25.8267
      vertex -3 78.3907 25.7842
    endloop
  endfacet
  facet normal 0 0.953752 0.300595
    outer loop
      vertex 3 75.8857 27.2305
      vertex -3 75.8267 27.4177
      vertex 3 75.8267 27.4177
    endloop
  endfacet
  facet normal 0 0.953752 0.300595
    outer loop
      vertex -3 75.8267 27.4177
      vertex 3 75.8857 27.2305
      vertex -3 75.8857 27.2305
    endloop
  endfacet
  facet normal -0 0.300595 0.953752
    outer loop
      vertex -3 77.4177 25.8267
      vertex 3 77.2305 25.8857
      vertex 3 77.4177 25.8267
    endloop
  endfacet
  facet normal 0 0.300595 0.953752
    outer loop
      vertex 3 77.2305 25.8857
      vertex -3 77.4177 25.8267
      vertex -3 77.2305 25.8857
    endloop
  endfacet
  facet normal 0 0.382517 -0.923949
    outer loop
      vertex -3 77.0491 42.0392
      vertex 3 77.2305 42.1143
      vertex 3 77.0491 42.0392
    endloop
  endfacet
  facet normal 0 0.382517 -0.923949
    outer loop
      vertex 3 77.2305 42.1143
      vertex -3 77.0491 42.0392
      vertex -3 77.2305 42.1143
    endloop
  endfacet
  facet normal 0 -0.887075 0.461625
    outer loop
      vertex -3 79.9486 26.875
      vertex 3 80.0392 27.0491
      vertex -3 80.0392 27.0491
    endloop
  endfacet
  facet normal 0 -0.887075 0.461625
    outer loop
      vertex 3 80.0392 27.0491
      vertex -3 79.9486 26.875
      vertex 3 79.9486 26.875
    endloop
  endfacet
  facet normal 0 -0.976271 -0.216553
    outer loop
      vertex -3 80.2158 40.3907
      vertex 3 80.1733 40.5823
      vertex -3 80.1733 40.5823
    endloop
  endfacet
  facet normal 0 -0.976271 -0.216553
    outer loop
      vertex 3 80.1733 40.5823
      vertex -3 80.2158 40.3907
      vertex 3 80.2158 40.3907
    endloop
  endfacet
  facet normal 0 0.976271 0.216553
    outer loop
      vertex 3 75.8267 27.4177
      vertex -3 75.7842 27.6093
      vertex 3 75.7842 27.6093
    endloop
  endfacet
  facet normal 0 0.976271 0.216553
    outer loop
      vertex -3 75.7842 27.6093
      vertex 3 75.8267 27.4177
      vertex -3 75.8267 27.4177
    endloop
  endfacet
  facet normal 0 0.991458 0.130428
    outer loop
      vertex 3 75.7842 27.6093
      vertex -3 75.7586 27.8039
      vertex 3 75.7586 27.8039
    endloop
  endfacet
  facet normal 0 0.991458 0.130428
    outer loop
      vertex -3 75.7586 27.8039
      vertex 3 75.7842 27.6093
      vertex -3 75.7842 27.6093
    endloop
  endfacet
  facet normal 0 -0.843242 0.537535
    outer loop
      vertex -3 79.8431 26.7095
      vertex 3 79.9486 26.875
      vertex -3 79.9486 26.875
    endloop
  endfacet
  facet normal 0 -0.843242 0.537535
    outer loop
      vertex 3 79.9486 26.875
      vertex -3 79.8431 26.7095
      vertex 3 79.8431 26.7095
    endloop
  endfacet
  facet normal 0 -0.130428 0.991458
    outer loop
      vertex -3 78.3907 25.7842
      vertex 3 78.1961 25.7586
      vertex 3 78.3907 25.7842
    endloop
  endfacet
  facet normal 0 -0.130428 0.991458
    outer loop
      vertex 3 78.1961 25.7586
      vertex -3 78.3907 25.7842
      vertex -3 78.1961 25.7586
    endloop
  endfacet
  facet normal 0 0.73726 -0.675609
    outer loop
      vertex 3 76.2764 41.4463
      vertex -3 76.409 41.591
      vertex 3 76.409 41.591
    endloop
  endfacet
  facet normal 0 0.73726 -0.675609
    outer loop
      vertex -3 76.409 41.591
      vertex 3 76.2764 41.4463
      vertex -3 76.2764 41.4463
    endloop
  endfacet
  facet normal 0 0.608603 -0.793475
    outer loop
      vertex -3 76.5537 41.7236
      vertex 3 76.7095 41.8431
      vertex 3 76.5537 41.7236
    endloop
  endfacet
  facet normal 0 0.608603 -0.793475
    outer loop
      vertex 3 76.7095 41.8431
      vertex -3 76.5537 41.7236
      vertex -3 76.7095 41.8431
    endloop
  endfacet
  facet normal -0 0.675609 0.73726
    outer loop
      vertex -3 76.5537 26.2764
      vertex 3 76.409 26.409
      vertex 3 76.5537 26.2764
    endloop
  endfacet
  facet normal 0 0.675609 0.73726
    outer loop
      vertex 3 76.409 26.409
      vertex -3 76.5537 26.2764
      vertex -3 76.409 26.409
    endloop
  endfacet
  facet normal 0 -0.923949 0.382517
    outer loop
      vertex -3 80.0392 27.0491
      vertex 3 80.1143 27.2305
      vertex -3 80.1143 27.2305
    endloop
  endfacet
  facet normal 0 -0.923949 0.382517
    outer loop
      vertex 3 80.1143 27.2305
      vertex -3 80.0392 27.0491
      vertex 3 80.0392 27.0491
    endloop
  endfacet
  facet normal 0 0.675609 -0.73726
    outer loop
      vertex -3 76.409 41.591
      vertex 3 76.5537 41.7236
      vertex 3 76.409 41.591
    endloop
  endfacet
  facet normal 0 0.675609 -0.73726
    outer loop
      vertex 3 76.5537 41.7236
      vertex -3 76.409 41.591
      vertex -3 76.5537 41.7236
    endloop
  endfacet
  facet normal 0 0.0438131 -0.99904
    outer loop
      vertex -3 77.8039 42.2414
      vertex 3 78 42.25
      vertex 3 77.8039 42.2414
    endloop
  endfacet
  facet normal 0 0.0438131 -0.99904
    outer loop
      vertex 3 78 42.25
      vertex -3 77.8039 42.2414
      vertex -3 78 42.25
    endloop
  endfacet
  facet normal -0 0.216553 0.976271
    outer loop
      vertex -3 77.6093 25.7842
      vertex 3 77.4177 25.8267
      vertex 3 77.6093 25.7842
    endloop
  endfacet
  facet normal 0 0.216553 0.976271
    outer loop
      vertex 3 77.4177 25.8267
      vertex -3 77.6093 25.7842
      vertex -3 77.4177 25.8267
    endloop
  endfacet
  facet normal 0 0.216553 -0.976271
    outer loop
      vertex -3 77.4177 42.1733
      vertex 3 77.6093 42.2158
      vertex 3 77.4177 42.1733
    endloop
  endfacet
  facet normal 0 0.216553 -0.976271
    outer loop
      vertex 3 77.6093 42.2158
      vertex -3 77.4177 42.1733
      vertex -3 77.6093 42.2158
    endloop
  endfacet
  facet normal 0 -0.537535 0.843242
    outer loop
      vertex -3 79.2905 26.1569
      vertex 3 79.125 26.0514
      vertex 3 79.2905 26.1569
    endloop
  endfacet
  facet normal 0 -0.537535 0.843242
    outer loop
      vertex 3 79.125 26.0514
      vertex -3 79.2905 26.1569
      vertex -3 79.125 26.0514
    endloop
  endfacet
  facet normal -0 0.130428 0.991458
    outer loop
      vertex -3 77.8039 25.7586
      vertex 3 77.6093 25.7842
      vertex 3 77.8039 25.7586
    endloop
  endfacet
  facet normal 0 0.130428 0.991458
    outer loop
      vertex 3 77.6093 25.7842
      vertex -3 77.8039 25.7586
      vertex -3 77.6093 25.7842
    endloop
  endfacet
  facet normal 0 0.461625 -0.887075
    outer loop
      vertex -3 76.875 41.9486
      vertex 3 77.0491 42.0392
      vertex 3 76.875 41.9486
    endloop
  endfacet
  facet normal 0 0.461625 -0.887075
    outer loop
      vertex 3 77.0491 42.0392
      vertex -3 76.875 41.9486
      vertex -3 77.0491 42.0392
    endloop
  endfacet
  facet normal -0 0.537535 0.843242
    outer loop
      vertex -3 76.875 26.0514
      vertex 3 76.7095 26.1569
      vertex 3 76.875 26.0514
    endloop
  endfacet
  facet normal 0 0.537535 0.843242
    outer loop
      vertex 3 76.7095 26.1569
      vertex -3 76.875 26.0514
      vertex -3 76.7095 26.1569
    endloop
  endfacet
  facet normal 0 -0.461625 0.887075
    outer loop
      vertex -3 79.125 26.0514
      vertex 3 78.9509 25.9608
      vertex 3 79.125 26.0514
    endloop
  endfacet
  facet normal 0 -0.461625 0.887075
    outer loop
      vertex 3 78.9509 25.9608
      vertex -3 79.125 26.0514
      vertex -3 78.9509 25.9608
    endloop
  endfacet
  facet normal 0 -0.130428 -0.991458
    outer loop
      vertex -3 78.1961 42.2414
      vertex 3 78.3907 42.2158
      vertex 3 78.1961 42.2414
    endloop
  endfacet
  facet normal -0 -0.130428 -0.991458
    outer loop
      vertex 3 78.3907 42.2158
      vertex -3 78.1961 42.2414
      vertex -3 78.3907 42.2158
    endloop
  endfacet
  facet normal 0 0.130428 -0.991458
    outer loop
      vertex -3 77.6093 42.2158
      vertex 3 77.8039 42.2414
      vertex 3 77.6093 42.2158
    endloop
  endfacet
  facet normal 0 0.130428 -0.991458
    outer loop
      vertex 3 77.8039 42.2414
      vertex -3 77.6093 42.2158
      vertex -3 77.8039 42.2414
    endloop
  endfacet
  facet normal 0 -0.300595 -0.953752
    outer loop
      vertex -3 78.5823 42.1733
      vertex 3 78.7695 42.1143
      vertex 3 78.5823 42.1733
    endloop
  endfacet
  facet normal -0 -0.300595 -0.953752
    outer loop
      vertex 3 78.7695 42.1143
      vertex -3 78.5823 42.1733
      vertex -3 78.7695 42.1143
    endloop
  endfacet
  facet normal 0 -0.216553 -0.976271
    outer loop
      vertex -3 78.3907 42.2158
      vertex 3 78.5823 42.1733
      vertex 3 78.3907 42.2158
    endloop
  endfacet
  facet normal -0 -0.216553 -0.976271
    outer loop
      vertex 3 78.5823 42.1733
      vertex -3 78.3907 42.2158
      vertex -3 78.5823 42.1733
    endloop
  endfacet
  facet normal 0 -0.130471 0.991452
    outer loop
      vertex -3 49.9101 23.1671
      vertex 3 48.9587 23.0419
      vertex 3 49.9101 23.1671
    endloop
  endfacet
  facet normal 0 -0.130471 0.991452
    outer loop
      vertex 3 48.9587 23.0419
      vertex -3 49.9101 23.1671
      vertex -3 48.9587 23.0419
    endloop
  endfacet
  facet normal 0 -0.0436633 0.999046
    outer loop
      vertex -3 48.9587 23.0419
      vertex 3 48 23
      vertex 3 48.9587 23.0419
    endloop
  endfacet
  facet normal 0 -0.0436633 0.999046
    outer loop
      vertex 3 48 23
      vertex -3 48.9587 23.0419
      vertex -3 48 23
    endloop
  endfacet
  facet normal 0 -0.216434 0.976297
    outer loop
      vertex -3 50.847 23.3748
      vertex 3 49.9101 23.1671
      vertex 3 50.847 23.3748
    endloop
  endfacet
  facet normal 0 -0.216434 0.976297
    outer loop
      vertex 3 49.9101 23.1671
      vertex -3 50.847 23.3748
      vertex -3 49.9101 23.1671
    endloop
  endfacet
  facet normal 0 0.793375 0.608733
    outer loop
      vertex 3 39.5735 26.9293
      vertex -3 38.9893 27.6907
      vertex 3 38.9893 27.6907
    endloop
  endfacet
  facet normal 0 0.793375 0.608733
    outer loop
      vertex -3 38.9893 27.6907
      vertex 3 39.5735 26.9293
      vertex -3 39.5735 26.9293
    endloop
  endfacet
  facet normal 0 -0.887014 -0.461743
    outer loop
      vertex -3 57.9694 38.6488
      vertex 3 57.5263 39.5
      vertex -3 57.5263 39.5
    endloop
  endfacet
  facet normal 0 -0.887014 -0.461743
    outer loop
      vertex 3 57.5263 39.5
      vertex -3 57.9694 38.6488
      vertex 3 57.9694 38.6488
    endloop
  endfacet
  facet normal 0 0.976297 -0.216434
    outer loop
      vertex 3 37.1671 35.9101
      vertex -3 37.3748 36.847
      vertex 3 37.3748 36.847
    endloop
  endfacet
  facet normal 0 0.976297 -0.216434
    outer loop
      vertex -3 37.3748 36.847
      vertex 3 37.1671 35.9101
      vertex -3 37.1671 35.9101
    endloop
  endfacet
  facet normal -0 0.300742 0.953705
    outer loop
      vertex -3 45.153 23.3748
      vertex 3 44.2378 23.6634
      vertex 3 45.153 23.3748
    endloop
  endfacet
  facet normal 0 0.300742 0.953705
    outer loop
      vertex 3 44.2378 23.6634
      vertex -3 45.153 23.3748
      vertex -3 44.2378 23.6634
    endloop
  endfacet
  facet normal 0 0.73728 -0.675588
    outer loop
      vertex 3 39.5735 41.0707
      vertex -3 40.2218 41.7782
      vertex 3 40.2218 41.7782
    endloop
  endfacet
  facet normal 0 0.73728 -0.675588
    outer loop
      vertex -3 40.2218 41.7782
      vertex 3 39.5735 41.0707
      vertex -3 39.5735 41.0707
    endloop
  endfacet
  facet normal 0 -0.300742 -0.953705
    outer loop
      vertex -3 50.847 44.6252
      vertex 3 51.7622 44.3366
      vertex 3 50.847 44.6252
    endloop
  endfacet
  facet normal -0 -0.300742 -0.953705
    outer loop
      vertex 3 51.7622 44.3366
      vertex -3 50.847 44.6252
      vertex -3 51.7622 44.3366
    endloop
  endfacet
  facet normal 0 0.843382 -0.537314
    outer loop
      vertex 3 38.4737 39.5
      vertex -3 38.9893 40.3093
      vertex 3 38.9893 40.3093
    endloop
  endfacet
  facet normal 0 0.843382 -0.537314
    outer loop
      vertex -3 38.9893 40.3093
      vertex 3 38.4737 39.5
      vertex -3 38.4737 39.5
    endloop
  endfacet
  facet normal 0 0.843382 0.537314
    outer loop
      vertex 3 38.9893 27.6907
      vertex -3 38.4737 28.5
      vertex 3 38.4737 28.5
    endloop
  endfacet
  facet normal 0 0.843382 0.537314
    outer loop
      vertex -3 38.4737 28.5
      vertex 3 38.9893 27.6907
      vertex -3 38.9893 27.6907
    endloop
  endfacet
  facet normal 0 0.382646 -0.923895
    outer loop
      vertex -3 43.3512 43.9694
      vertex 3 44.2378 44.3366
      vertex 3 43.3512 43.9694
    endloop
  endfacet
  facet normal 0 0.382646 -0.923895
    outer loop
      vertex 3 44.2378 44.3366
      vertex -3 43.3512 43.9694
      vertex -3 44.2378 44.3366
    endloop
  endfacet
  facet normal 0 -0.461743 -0.887014
    outer loop
      vertex -3 52.6488 43.9694
      vertex 3 53.5 43.5263
      vertex 3 52.6488 43.9694
    endloop
  endfacet
  facet normal -0 -0.461743 -0.887014
    outer loop
      vertex 3 53.5 43.5263
      vertex -3 52.6488 43.9694
      vertex -3 53.5 43.5263
    endloop
  endfacet
  facet normal 0 -0.793375 -0.608733
    outer loop
      vertex -3 57.0107 40.3093
      vertex 3 56.4265 41.0707
      vertex -3 56.4265 41.0707
    endloop
  endfacet
  facet normal 0 -0.793375 -0.608733
    outer loop
      vertex 3 56.4265 41.0707
      vertex -3 57.0107 40.3093
      vertex 3 57.0107 40.3093
    endloop
  endfacet
  facet normal 0 0.991452 -0.130471
    outer loop
      vertex 3 37.0419 34.9587
      vertex -3 37.1671 35.9101
      vertex 3 37.1671 35.9101
    endloop
  endfacet
  facet normal 0 0.991452 -0.130471
    outer loop
      vertex -3 37.1671 35.9101
      vertex 3 37.0419 34.9587
      vertex -3 37.0419 34.9587
    endloop
  endfacet
  facet normal 0 0.216434 -0.976297
    outer loop
      vertex -3 45.153 44.6252
      vertex 3 46.0899 44.8329
      vertex 3 45.153 44.6252
    endloop
  endfacet
  facet normal 0 0.216434 -0.976297
    outer loop
      vertex 3 46.0899 44.8329
      vertex -3 45.153 44.6252
      vertex -3 46.0899 44.8329
    endloop
  endfacet
  facet normal 0 -0.73728 0.675588
    outer loop
      vertex -3 55.7782 26.2218
      vertex 3 56.4265 26.9293
      vertex -3 56.4265 26.9293
    endloop
  endfacet
  facet normal 0 -0.73728 0.675588
    outer loop
      vertex 3 56.4265 26.9293
      vertex -3 55.7782 26.2218
      vertex 3 55.7782 26.2218
    endloop
  endfacet
  facet normal 0 -0.793375 0.608733
    outer loop
      vertex -3 56.4265 26.9293
      vertex 3 57.0107 27.6907
      vertex -3 57.0107 27.6907
    endloop
  endfacet
  facet normal 0 -0.793375 0.608733
    outer loop
      vertex 3 57.0107 27.6907
      vertex -3 56.4265 26.9293
      vertex 3 56.4265 26.9293
    endloop
  endfacet
  facet normal 0 -0.608733 0.793375
    outer loop
      vertex -3 55.0707 25.5735
      vertex 3 54.3093 24.9893
      vertex 3 55.0707 25.5735
    endloop
  endfacet
  facet normal 0 -0.608733 0.793375
    outer loop
      vertex 3 54.3093 24.9893
      vertex -3 55.0707 25.5735
      vertex -3 54.3093 24.9893
    endloop
  endfacet
  facet normal 0 -0.537314 0.843382
    outer loop
      vertex -3 54.3093 24.9893
      vertex 3 53.5 24.4737
      vertex 3 54.3093 24.9893
    endloop
  endfacet
  facet normal 0 -0.537314 0.843382
    outer loop
      vertex 3 53.5 24.4737
      vertex -3 54.3093 24.9893
      vertex -3 53.5 24.4737
    endloop
  endfacet
  facet normal 0 -0.300742 0.953705
    outer loop
      vertex -3 51.7622 23.6634
      vertex 3 50.847 23.3748
      vertex 3 51.7622 23.6634
    endloop
  endfacet
  facet normal 0 -0.300742 0.953705
    outer loop
      vertex 3 50.847 23.3748
      vertex -3 51.7622 23.6634
      vertex -3 50.847 23.3748
    endloop
  endfacet
  facet normal 0 -0.991452 -0.130471
    outer loop
      vertex -3 58.9581 34.9587
      vertex 3 58.8329 35.9101
      vertex -3 58.8329 35.9101
    endloop
  endfacet
  facet normal 0 -0.991452 -0.130471
    outer loop
      vertex 3 58.8329 35.9101
      vertex -3 58.9581 34.9587
      vertex 3 58.9581 34.9587
    endloop
  endfacet
  facet normal 0 0.608733 -0.793375
    outer loop
      vertex -3 40.9293 42.4265
      vertex 3 41.6907 43.0107
      vertex 3 40.9293 42.4265
    endloop
  endfacet
  facet normal 0 0.608733 -0.793375
    outer loop
      vertex 3 41.6907 43.0107
      vertex -3 40.9293 42.4265
      vertex -3 41.6907 43.0107
    endloop
  endfacet
  facet normal 0 0.991452 0.130471
    outer loop
      vertex 3 37.1671 32.0899
      vertex -3 37.0419 33.0413
      vertex 3 37.0419 33.0413
    endloop
  endfacet
  facet normal 0 0.991452 0.130471
    outer loop
      vertex -3 37.0419 33.0413
      vertex 3 37.1671 32.0899
      vertex -3 37.1671 32.0899
    endloop
  endfacet
  facet normal -0 0.0436633 0.999046
    outer loop
      vertex -3 48 23
      vertex 3 47.0413 23.0419
      vertex 3 48 23
    endloop
  endfacet
  facet normal 0 0.0436633 0.999046
    outer loop
      vertex 3 47.0413 23.0419
      vertex -3 48 23
      vertex -3 47.0413 23.0419
    endloop
  endfacet
  facet normal -0 0.461743 0.887014
    outer loop
      vertex -3 43.3512 24.0306
      vertex 3 42.5 24.4737
      vertex 3 43.3512 24.0306
    endloop
  endfacet
  facet normal 0 0.461743 0.887014
    outer loop
      vertex 3 42.5 24.4737
      vertex -3 43.3512 24.0306
      vertex -3 42.5 24.4737
    endloop
  endfacet
  facet normal -0 0.675588 0.73728
    outer loop
      vertex -3 40.9293 25.5735
      vertex 3 40.2218 26.2218
      vertex 3 40.9293 25.5735
    endloop
  endfacet
  facet normal 0 0.675588 0.73728
    outer loop
      vertex 3 40.2218 26.2218
      vertex -3 40.9293 25.5735
      vertex -3 40.2218 26.2218
    endloop
  endfacet
  facet normal 0 0.887014 -0.461743
    outer loop
      vertex 3 38.0306 38.6488
      vertex -3 38.4737 39.5
      vertex 3 38.4737 39.5
    endloop
  endfacet
  facet normal 0 0.887014 -0.461743
    outer loop
      vertex -3 38.4737 39.5
      vertex 3 38.0306 38.6488
      vertex -3 38.0306 38.6488
    endloop
  endfacet
  facet normal 0 0.887014 0.461743
    outer loop
      vertex 3 38.4737 28.5
      vertex -3 38.0306 29.3512
      vertex 3 38.0306 29.3512
    endloop
  endfacet
  facet normal 0 0.887014 0.461743
    outer loop
      vertex -3 38.0306 29.3512
      vertex 3 38.4737 28.5
      vertex -3 38.4737 28.5
    endloop
  endfacet
  facet normal 0 0.300742 -0.953705
    outer loop
      vertex -3 44.2378 44.3366
      vertex 3 45.153 44.6252
      vertex 3 44.2378 44.3366
    endloop
  endfacet
  facet normal 0 0.300742 -0.953705
    outer loop
      vertex 3 45.153 44.6252
      vertex -3 44.2378 44.3366
      vertex -3 45.153 44.6252
    endloop
  endfacet
  facet normal 0 -0.843382 0.537314
    outer loop
      vertex -3 57.0107 27.6907
      vertex 3 57.5263 28.5
      vertex -3 57.5263 28.5
    endloop
  endfacet
  facet normal 0 -0.843382 0.537314
    outer loop
      vertex 3 57.5263 28.5
      vertex -3 57.0107 27.6907
      vertex 3 57.0107 27.6907
    endloop
  endfacet
  facet normal 0 -0.923895 0.382646
    outer loop
      vertex -3 57.9694 29.3512
      vertex 3 58.3366 30.2378
      vertex -3 58.3366 30.2378
    endloop
  endfacet
  facet normal 0 -0.923895 0.382646
    outer loop
      vertex 3 58.3366 30.2378
      vertex -3 57.9694 29.3512
      vertex 3 57.9694 29.3512
    endloop
  endfacet
  facet normal 0 -0.953705 -0.300742
    outer loop
      vertex -3 58.6252 36.847
      vertex 3 58.3366 37.7622
      vertex -3 58.3366 37.7622
    endloop
  endfacet
  facet normal 0 -0.953705 -0.300742
    outer loop
      vertex 3 58.3366 37.7622
      vertex -3 58.6252 36.847
      vertex 3 58.6252 36.847
    endloop
  endfacet
  facet normal 0 0.999046 0.0436633
    outer loop
      vertex 3 37.0419 33.0413
      vertex -3 37 34
      vertex 3 37 34
    endloop
  endfacet
  facet normal 0 0.999046 0.0436633
    outer loop
      vertex -3 37 34
      vertex 3 37.0419 33.0413
      vertex -3 37.0419 33.0413
    endloop
  endfacet
  facet normal -0 0.537314 0.843382
    outer loop
      vertex -3 42.5 24.4737
      vertex 3 41.6907 24.9893
      vertex 3 42.5 24.4737
    endloop
  endfacet
  facet normal 0 0.537314 0.843382
    outer loop
      vertex 3 41.6907 24.9893
      vertex -3 42.5 24.4737
      vertex -3 41.6907 24.9893
    endloop
  endfacet
  facet normal 0 -0.675588 0.73728
    outer loop
      vertex -3 55.7782 26.2218
      vertex 3 55.0707 25.5735
      vertex 3 55.7782 26.2218
    endloop
  endfacet
  facet normal 0 -0.675588 0.73728
    outer loop
      vertex 3 55.0707 25.5735
      vertex -3 55.7782 26.2218
      vertex -3 55.0707 25.5735
    endloop
  endfacet
  facet normal 0 -0.461743 0.887014
    outer loop
      vertex -3 53.5 24.4737
      vertex 3 52.6488 24.0306
      vertex 3 53.5 24.4737
    endloop
  endfacet
  facet normal 0 -0.461743 0.887014
    outer loop
      vertex 3 52.6488 24.0306
      vertex -3 53.5 24.4737
      vertex -3 52.6488 24.0306
    endloop
  endfacet
  facet normal -0 0.382646 0.923895
    outer loop
      vertex -3 44.2378 23.6634
      vertex 3 43.3512 24.0306
      vertex 3 44.2378 23.6634
    endloop
  endfacet
  facet normal 0 0.382646 0.923895
    outer loop
      vertex 3 43.3512 24.0306
      vertex -3 44.2378 23.6634
      vertex -3 43.3512 24.0306
    endloop
  endfacet
  facet normal 0 -0.887014 0.461743
    outer loop
      vertex -3 57.5263 28.5
      vertex 3 57.9694 29.3512
      vertex -3 57.9694 29.3512
    endloop
  endfacet
  facet normal 0 -0.887014 0.461743
    outer loop
      vertex 3 57.9694 29.3512
      vertex -3 57.5263 28.5
      vertex 3 57.5263 28.5
    endloop
  endfacet
  facet normal -0 0.216434 0.976297
    outer loop
      vertex -3 46.0899 23.1671
      vertex 3 45.153 23.3748
      vertex 3 46.0899 23.1671
    endloop
  endfacet
  facet normal 0 0.216434 0.976297
    outer loop
      vertex 3 45.153 23.3748
      vertex -3 46.0899 23.1671
      vertex -3 45.153 23.3748
    endloop
  endfacet
  facet normal -0 0.608733 0.793375
    outer loop
      vertex -3 41.6907 24.9893
      vertex 3 40.9293 25.5735
      vertex 3 41.6907 24.9893
    endloop
  endfacet
  facet normal 0 0.608733 0.793375
    outer loop
      vertex 3 40.9293 25.5735
      vertex -3 41.6907 24.9893
      vertex -3 40.9293 25.5735
    endloop
  endfacet
  facet normal -0 0.130471 0.991452
    outer loop
      vertex -3 47.0413 23.0419
      vertex 3 46.0899 23.1671
      vertex 3 47.0413 23.0419
    endloop
  endfacet
  facet normal 0 0.130471 0.991452
    outer loop
      vertex 3 46.0899 23.1671
      vertex -3 47.0413 23.0419
      vertex -3 46.0899 23.1671
    endloop
  endfacet
  facet normal 0 -0.0436633 -0.999046
    outer loop
      vertex -3 48 45
      vertex 3 48.9587 44.9581
      vertex 3 48 45
    endloop
  endfacet
  facet normal -0 -0.0436633 -0.999046
    outer loop
      vertex 3 48.9587 44.9581
      vertex -3 48 45
      vertex -3 48.9587 44.9581
    endloop
  endfacet
  facet normal 0 -0.382646 0.923895
    outer loop
      vertex -3 52.6488 24.0306
      vertex 3 51.7622 23.6634
      vertex 3 52.6488 24.0306
    endloop
  endfacet
  facet normal 0 -0.382646 0.923895
    outer loop
      vertex 3 51.7622 23.6634
      vertex -3 52.6488 24.0306
      vertex -3 51.7622 23.6634
    endloop
  endfacet
  facet normal 0 -0.976297 0.216434
    outer loop
      vertex -3 58.6252 31.153
      vertex 3 58.8329 32.0899
      vertex -3 58.8329 32.0899
    endloop
  endfacet
  facet normal 0 -0.976297 0.216434
    outer loop
      vertex 3 58.8329 32.0899
      vertex -3 58.6252 31.153
      vertex 3 58.6252 31.153
    endloop
  endfacet
  facet normal 0 -0.73728 -0.675588
    outer loop
      vertex -3 56.4265 41.0707
      vertex 3 55.7782 41.7782
      vertex -3 55.7782 41.7782
    endloop
  endfacet
  facet normal 0 -0.73728 -0.675588
    outer loop
      vertex 3 55.7782 41.7782
      vertex -3 56.4265 41.0707
      vertex 3 56.4265 41.0707
    endloop
  endfacet
  facet normal 0 0.461743 -0.887014
    outer loop
      vertex -3 42.5 43.5263
      vertex 3 43.3512 43.9694
      vertex 3 42.5 43.5263
    endloop
  endfacet
  facet normal 0 0.461743 -0.887014
    outer loop
      vertex 3 43.3512 43.9694
      vertex -3 42.5 43.5263
      vertex -3 43.3512 43.9694
    endloop
  endfacet
  facet normal 0 -0.923895 -0.382646
    outer loop
      vertex -3 58.3366 37.7622
      vertex 3 57.9694 38.6488
      vertex -3 57.9694 38.6488
    endloop
  endfacet
  facet normal 0 -0.923895 -0.382646
    outer loop
      vertex 3 57.9694 38.6488
      vertex -3 58.3366 37.7622
      vertex 3 58.3366 37.7622
    endloop
  endfacet
  facet normal 0 0.0436633 -0.999046
    outer loop
      vertex -3 47.0413 44.9581
      vertex 3 48 45
      vertex 3 47.0413 44.9581
    endloop
  endfacet
  facet normal 0 0.0436633 -0.999046
    outer loop
      vertex 3 48 45
      vertex -3 47.0413 44.9581
      vertex -3 48 45
    endloop
  endfacet
  facet normal 0 -0.999046 -0.0436633
    outer loop
      vertex -3 59 34
      vertex 3 58.9581 34.9587
      vertex -3 58.9581 34.9587
    endloop
  endfacet
  facet normal 0 -0.999046 -0.0436633
    outer loop
      vertex 3 58.9581 34.9587
      vertex -3 59 34
      vertex 3 59 34
    endloop
  endfacet
  facet normal 0 0.130471 -0.991452
    outer loop
      vertex -3 46.0899 44.8329
      vertex 3 47.0413 44.9581
      vertex 3 46.0899 44.8329
    endloop
  endfacet
  facet normal 0 0.130471 -0.991452
    outer loop
      vertex 3 47.0413 44.9581
      vertex -3 46.0899 44.8329
      vertex -3 47.0413 44.9581
    endloop
  endfacet
  facet normal 0 0.923895 0.382646
    outer loop
      vertex 3 38.0306 29.3512
      vertex -3 37.6634 30.2378
      vertex 3 37.6634 30.2378
    endloop
  endfacet
  facet normal 0 0.923895 0.382646
    outer loop
      vertex -3 37.6634 30.2378
      vertex 3 38.0306 29.3512
      vertex -3 38.0306 29.3512
    endloop
  endfacet
  facet normal 0 0.953705 0.300742
    outer loop
      vertex 3 37.6634 30.2378
      vertex -3 37.3748 31.153
      vertex 3 37.3748 31.153
    endloop
  endfacet
  facet normal 0 0.953705 0.300742
    outer loop
      vertex -3 37.3748 31.153
      vertex 3 37.6634 30.2378
      vertex -3 37.6634 30.2378
    endloop
  endfacet
  facet normal 0 -0.675588 -0.73728
    outer loop
      vertex -3 55.0707 42.4265
      vertex 3 55.7782 41.7782
      vertex 3 55.0707 42.4265
    endloop
  endfacet
  facet normal -0 -0.675588 -0.73728
    outer loop
      vertex 3 55.7782 41.7782
      vertex -3 55.0707 42.4265
      vertex -3 55.7782 41.7782
    endloop
  endfacet
  facet normal 0 0.675588 -0.73728
    outer loop
      vertex -3 40.2218 41.7782
      vertex 3 40.9293 42.4265
      vertex 3 40.2218 41.7782
    endloop
  endfacet
  facet normal 0 0.675588 -0.73728
    outer loop
      vertex 3 40.9293 42.4265
      vertex -3 40.2218 41.7782
      vertex -3 40.9293 42.4265
    endloop
  endfacet
  facet normal 0 -0.999046 0.0436633
    outer loop
      vertex -3 58.9581 33.0413
      vertex 3 59 34
      vertex -3 59 34
    endloop
  endfacet
  facet normal 0 -0.999046 0.0436633
    outer loop
      vertex 3 59 34
      vertex -3 58.9581 33.0413
      vertex 3 58.9581 33.0413
    endloop
  endfacet
  facet normal 0 -0.608733 -0.793375
    outer loop
      vertex -3 54.3093 43.0107
      vertex 3 55.0707 42.4265
      vertex 3 54.3093 43.0107
    endloop
  endfacet
  facet normal -0 -0.608733 -0.793375
    outer loop
      vertex 3 55.0707 42.4265
      vertex -3 54.3093 43.0107
      vertex -3 55.0707 42.4265
    endloop
  endfacet
  facet normal 0 -0.216434 -0.976297
    outer loop
      vertex -3 49.9101 44.8329
      vertex 3 50.847 44.6252
      vertex 3 49.9101 44.8329
    endloop
  endfacet
  facet normal -0 -0.216434 -0.976297
    outer loop
      vertex 3 50.847 44.6252
      vertex -3 49.9101 44.8329
      vertex -3 50.847 44.6252
    endloop
  endfacet
  facet normal 0 -0.953705 0.300742
    outer loop
      vertex -3 58.3366 30.2378
      vertex 3 58.6252 31.153
      vertex -3 58.6252 31.153
    endloop
  endfacet
  facet normal 0 -0.953705 0.300742
    outer loop
      vertex 3 58.6252 31.153
      vertex -3 58.3366 30.2378
      vertex 3 58.3366 30.2378
    endloop
  endfacet
  facet normal 0 -0.382646 -0.923895
    outer loop
      vertex -3 51.7622 44.3366
      vertex 3 52.6488 43.9694
      vertex 3 51.7622 44.3366
    endloop
  endfacet
  facet normal -0 -0.382646 -0.923895
    outer loop
      vertex 3 52.6488 43.9694
      vertex -3 51.7622 44.3366
      vertex -3 52.6488 43.9694
    endloop
  endfacet
  facet normal 0 -0.976297 -0.216434
    outer loop
      vertex -3 58.8329 35.9101
      vertex 3 58.6252 36.847
      vertex -3 58.6252 36.847
    endloop
  endfacet
  facet normal 0 -0.976297 -0.216434
    outer loop
      vertex 3 58.6252 36.847
      vertex -3 58.8329 35.9101
      vertex 3 58.8329 35.9101
    endloop
  endfacet
  facet normal 0 0.537314 -0.843382
    outer loop
      vertex -3 41.6907 43.0107
      vertex 3 42.5 43.5263
      vertex 3 41.6907 43.0107
    endloop
  endfacet
  facet normal 0 0.537314 -0.843382
    outer loop
      vertex 3 42.5 43.5263
      vertex -3 41.6907 43.0107
      vertex -3 42.5 43.5263
    endloop
  endfacet
  facet normal 0 0.999046 -0.0436633
    outer loop
      vertex 3 37 34
      vertex -3 37.0419 34.9587
      vertex 3 37.0419 34.9587
    endloop
  endfacet
  facet normal 0 0.999046 -0.0436633
    outer loop
      vertex -3 37.0419 34.9587
      vertex 3 37 34
      vertex -3 37 34
    endloop
  endfacet
  facet normal 0 -0.843382 -0.537314
    outer loop
      vertex -3 57.5263 39.5
      vertex 3 57.0107 40.3093
      vertex -3 57.0107 40.3093
    endloop
  endfacet
  facet normal 0 -0.843382 -0.537314
    outer loop
      vertex 3 57.0107 40.3093
      vertex -3 57.5263 39.5
      vertex 3 57.5263 39.5
    endloop
  endfacet
  facet normal 0 0.793375 -0.608733
    outer loop
      vertex 3 38.9893 40.3093
      vertex -3 39.5735 41.0707
      vertex 3 39.5735 41.0707
    endloop
  endfacet
  facet normal 0 0.793375 -0.608733
    outer loop
      vertex -3 39.5735 41.0707
      vertex 3 38.9893 40.3093
      vertex -3 38.9893 40.3093
    endloop
  endfacet
  facet normal 0 -0.130471 -0.991452
    outer loop
      vertex -3 48.9587 44.9581
      vertex 3 49.9101 44.8329
      vertex 3 48.9587 44.9581
    endloop
  endfacet
  facet normal -0 -0.130471 -0.991452
    outer loop
      vertex 3 49.9101 44.8329
      vertex -3 48.9587 44.9581
      vertex -3 49.9101 44.8329
    endloop
  endfacet
  facet normal 0 0.923895 -0.382646
    outer loop
      vertex 3 37.6634 37.7622
      vertex -3 38.0306 38.6488
      vertex 3 38.0306 38.6488
    endloop
  endfacet
  facet normal 0 0.923895 -0.382646
    outer loop
      vertex -3 38.0306 38.6488
      vertex 3 37.6634 37.7622
      vertex -3 37.6634 37.7622
    endloop
  endfacet
  facet normal 0 0.953705 -0.300742
    outer loop
      vertex 3 37.3748 36.847
      vertex -3 37.6634 37.7622
      vertex 3 37.6634 37.7622
    endloop
  endfacet
  facet normal 0 0.953705 -0.300742
    outer loop
      vertex -3 37.6634 37.7622
      vertex 3 37.3748 36.847
      vertex -3 37.3748 36.847
    endloop
  endfacet
  facet normal 0 0.976297 0.216434
    outer loop
      vertex 3 37.3748 31.153
      vertex -3 37.1671 32.0899
      vertex 3 37.1671 32.0899
    endloop
  endfacet
  facet normal 0 0.976297 0.216434
    outer loop
      vertex -3 37.1671 32.0899
      vertex 3 37.3748 31.153
      vertex -3 37.3748 31.153
    endloop
  endfacet
  facet normal 0 -0.537314 -0.843382
    outer loop
      vertex -3 53.5 43.5263
      vertex 3 54.3093 43.0107
      vertex 3 53.5 43.5263
    endloop
  endfacet
  facet normal -0 -0.537314 -0.843382
    outer loop
      vertex 3 54.3093 43.0107
      vertex -3 53.5 43.5263
      vertex -3 54.3093 43.0107
    endloop
  endfacet
  facet normal 0 0.73728 0.675588
    outer loop
      vertex 3 40.2218 26.2218
      vertex -3 39.5735 26.9293
      vertex 3 39.5735 26.9293
    endloop
  endfacet
  facet normal 0 0.73728 0.675588
    outer loop
      vertex -3 39.5735 26.9293
      vertex 3 40.2218 26.2218
      vertex -3 40.2218 26.2218
    endloop
  endfacet
  facet normal 0 -0.991452 0.130471
    outer loop
      vertex -3 58.8329 32.0899
      vertex 3 58.9581 33.0413
      vertex -3 58.9581 33.0413
    endloop
  endfacet
  facet normal 0 -0.991452 0.130471
    outer loop
      vertex 3 58.9581 33.0413
      vertex -3 58.8329 32.0899
      vertex 3 58.8329 32.0899
    endloop
  endfacet
  facet normal 0.130478 0.991451 -0
    outer loop
      vertex -1.00229 -11.4562 0
      vertex -1.99695 -11.3253 69
      vertex -1.00229 -11.4562 69
    endloop
  endfacet
  facet normal 0.130478 0.991451 0
    outer loop
      vertex -1.99695 -11.3253 69
      vertex -1.00229 -11.4562 0
      vertex -1.99695 -11.3253 0
    endloop
  endfacet
  facet normal -0.216494 -0.976284 0
    outer loop
      vertex 1.99695 11.3253 0
      vertex 2.97642 11.1081 69
      vertex 1.99695 11.3253 69
    endloop
  endfacet
  facet normal -0.216494 -0.976284 -0
    outer loop
      vertex 2.97642 11.1081 69
      vertex 1.99695 11.3253 0
      vertex 2.97642 11.1081 0
    endloop
  endfacet
  facet normal -0.216494 0.976284 0
    outer loop
      vertex 2.97642 -11.1081 0
      vertex 1.99695 -11.3253 69
      vertex 2.97642 -11.1081 69
    endloop
  endfacet
  facet normal -0.216494 0.976284 0
    outer loop
      vertex 1.99695 -11.3253 69
      vertex 2.97642 -11.1081 0
      vertex 1.99695 -11.3253 0
    endloop
  endfacet
  facet normal -0.0436583 -0.999047 0
    outer loop
      vertex 0 11.5 0
      vertex 1.00229 11.4562 69
      vertex 0 11.5 69
    endloop
  endfacet
  facet normal -0.0436583 -0.999047 -0
    outer loop
      vertex 1.00229 11.4562 69
      vertex 0 11.5 0
      vertex 1.00229 11.4562 0
    endloop
  endfacet
  facet normal -0.0436583 0.999047 0
    outer loop
      vertex 1.00229 -11.4562 0
      vertex 0 -11.5 69
      vertex 1.00229 -11.4562 69
    endloop
  endfacet
  facet normal -0.0436583 0.999047 0
    outer loop
      vertex 0 -11.5 69
      vertex 1.00229 -11.4562 0
      vertex 0 -11.5 0
    endloop
  endfacet
  facet normal 0.216494 -0.976284 0
    outer loop
      vertex -2.97642 11.1081 0
      vertex -1.99695 11.3253 69
      vertex -2.97642 11.1081 69
    endloop
  endfacet
  facet normal 0.216494 -0.976284 0
    outer loop
      vertex -1.99695 11.3253 69
      vertex -2.97642 11.1081 0
      vertex -1.99695 11.3253 0
    endloop
  endfacet
  facet normal 0.216494 0.976284 -0
    outer loop
      vertex -1.99695 -11.3253 0
      vertex -2.97642 -11.1081 69
      vertex -1.99695 -11.3253 69
    endloop
  endfacet
  facet normal 0.216494 0.976284 0
    outer loop
      vertex -2.97642 -11.1081 69
      vertex -1.99695 -11.3253 0
      vertex -2.97642 -11.1081 0
    endloop
  endfacet
  facet normal -0.130478 -0.991451 0
    outer loop
      vertex 1.00229 11.4562 0
      vertex 1.99695 11.3253 69
      vertex 1.00229 11.4562 69
    endloop
  endfacet
  facet normal -0.130478 -0.991451 -0
    outer loop
      vertex 1.99695 11.3253 69
      vertex 1.00229 11.4562 0
      vertex 1.99695 11.3253 0
    endloop
  endfacet
  facet normal 0.0436583 0.999047 -0
    outer loop
      vertex 0 -11.5 0
      vertex -1.00229 -11.4562 69
      vertex 0 -11.5 69
    endloop
  endfacet
  facet normal 0.0436583 0.999047 0
    outer loop
      vertex -1.00229 -11.4562 69
      vertex 0 -11.5 0
      vertex -1.00229 -11.4562 0
    endloop
  endfacet
  facet normal -0.130478 0.991451 0
    outer loop
      vertex 1.99695 -11.3253 0
      vertex 1.00229 -11.4562 69
      vertex 1.99695 -11.3253 69
    endloop
  endfacet
  facet normal -0.130478 0.991451 0
    outer loop
      vertex 1.00229 -11.4562 69
      vertex 1.99695 -11.3253 0
      vertex 1.00229 -11.4562 0
    endloop
  endfacet
  facet normal 0.130478 -0.991451 0
    outer loop
      vertex -1.99695 11.3253 0
      vertex -1.00229 11.4562 69
      vertex -1.99695 11.3253 69
    endloop
  endfacet
  facet normal 0.130478 -0.991451 0
    outer loop
      vertex -1.00229 11.4562 69
      vertex -1.99695 11.3253 0
      vertex -1.00229 11.4562 0
    endloop
  endfacet
  facet normal 0.0436583 -0.999047 0
    outer loop
      vertex -1.00229 11.4562 0
      vertex 0 11.5 69
      vertex -1.00229 11.4562 69
    endloop
  endfacet
  facet normal 0.0436583 -0.999047 0
    outer loop
      vertex 0 11.5 69
      vertex -1.00229 11.4562 0
      vertex 0 11.5 0
    endloop
  endfacet
endsolid OpenSCAD_Model
