solid OpenSCAD_Model
  facet normal 0 1 0
    outer loop
      vertex 48.0683 10.4 49.7108
      vertex 40.3704 10.4 44.2338
      vertex 40 10.4 44.25
    endloop
  endfacet
  facet normal 0 1 0
    outer loop
      vertex 50.7246 10.4 46.249
      vertex 40.738 10.4 44.1854
      vertex 40.3704 10.4 44.2338
    endloop
  endfacet
  facet normal 0 1 0
    outer loop
      vertex 50.7246 10.4 46.249
      vertex 41.1 10.4 44.1052
      vertex 40.738 10.4 44.1854
    endloop
  endfacet
  facet normal 0 1 0
    outer loop
      vertex 50.7246 10.4 46.249
      vertex 41.4536 10.4 43.9937
      vertex 41.1 10.4 44.1052
    endloop
  endfacet
  facet normal 0 1 0
    outer loop
      vertex 50.7246 10.4 46.249
      vertex 41.7961 10.4 43.8518
      vertex 41.4536 10.4 43.9937
    endloop
  endfacet
  facet normal 0 1 0
    outer loop
      vertex 50.7246 10.4 46.249
      vertex 42.125 10.4 43.6806
      vertex 41.7961 10.4 43.8518
    endloop
  endfacet
  facet normal 0 1 0
    outer loop
      vertex 44.1854 10.4 39.262
      vertex 51.2022 10.4 46.2908
      vertex 61 10.4 40
    endloop
  endfacet
  facet normal 0 1 0
    outer loop
      vertex 50.7246 10.4 46.249
      vertex 42.4377 10.4 43.4814
      vertex 42.125 10.4 43.6806
    endloop
  endfacet
  facet normal 0 1 0
    outer loop
      vertex 50.7246 10.4 46.249
      vertex 42.7318 10.4 43.2557
      vertex 42.4377 10.4 43.4814
    endloop
  endfacet
  facet normal 0 1 0
    outer loop
      vertex 50.7246 10.4 46.249
      vertex 43.0052 10.4 43.0052
      vertex 42.7318 10.4 43.2557
    endloop
  endfacet
  facet normal 0 1 0
    outer loop
      vertex 50.7246 10.4 46.249
      vertex 43.2557 10.4 42.7318
      vertex 43.0052 10.4 43.0052
    endloop
  endfacet
  facet normal 0 1 0
    outer loop
      vertex 50.7246 10.4 46.249
      vertex 43.4814 10.4 42.4377
      vertex 43.2557 10.4 42.7318
    endloop
  endfacet
  facet normal 0 1 0
    outer loop
      vertex 50.7246 10.4 46.249
      vertex 43.6806 10.4 42.125
      vertex 43.4814 10.4 42.4377
    endloop
  endfacet
  facet normal 0 1 0
    outer loop
      vertex 51.2022 10.4 46.2908
      vertex 44.1854 10.4 39.262
      vertex 50.9643 10.4 46.2595
    endloop
  endfacet
  facet normal 0 1 0
    outer loop
      vertex 50.7246 10.4 46.249
      vertex 43.8518 10.4 41.7961
      vertex 43.6806 10.4 42.125
    endloop
  endfacet
  facet normal 0 1 0
    outer loop
      vertex 50.7246 10.4 46.249
      vertex 43.9937 10.4 41.4536
      vertex 43.8518 10.4 41.7961
    endloop
  endfacet
  facet normal 0 1 0
    outer loop
      vertex 50.7246 10.4 46.249
      vertex 44.1052 10.4 41.1
      vertex 43.9937 10.4 41.4536
    endloop
  endfacet
  facet normal 0 1 0
    outer loop
      vertex 50.7246 10.4 46.249
      vertex 44.1854 10.4 40.738
      vertex 44.1052 10.4 41.1
    endloop
  endfacet
  facet normal 0 1 0
    outer loop
      vertex 50.7246 10.4 46.249
      vertex 44.2338 10.4 40.3704
      vertex 44.1854 10.4 40.738
    endloop
  endfacet
  facet normal -0 1 0
    outer loop
      vertex 44.2338 10.4 39.6296
      vertex 50.9643 10.4 46.2595
      vertex 44.1854 10.4 39.262
    endloop
  endfacet
  facet normal 0 1 0
    outer loop
      vertex 50.7246 10.4 46.249
      vertex 44.25 10.4 40
      vertex 44.2338 10.4 40.3704
    endloop
  endfacet
  facet normal 0 1 0
    outer loop
      vertex 50.7246 10.4 46.249
      vertex 44.2338 10.4 39.6296
      vertex 44.25 10.4 40
    endloop
  endfacet
  facet normal 0 1 0
    outer loop
      vertex 50.9643 10.4 46.2595
      vertex 44.2338 10.4 39.6296
      vertex 50.7246 10.4 46.249
    endloop
  endfacet
  facet normal 0 1 0
    outer loop
      vertex 61 10.4 40
      vertex 44.1052 10.4 38.9
      vertex 44.1854 10.4 39.262
    endloop
  endfacet
  facet normal 0 1 0
    outer loop
      vertex 61 10.4 40
      vertex 43.9937 10.4 38.5464
      vertex 44.1052 10.4 38.9
    endloop
  endfacet
  facet normal 0 1 0
    outer loop
      vertex 61 10.4 40
      vertex 43.8518 10.4 38.2039
      vertex 43.9937 10.4 38.5464
    endloop
  endfacet
  facet normal 0 1 0
    outer loop
      vertex 61 10.4 40
      vertex 43.6806 10.4 37.875
      vertex 43.8518 10.4 38.2039
    endloop
  endfacet
  facet normal 0 1 0
    outer loop
      vertex 61 10.4 40
      vertex 43.4814 10.4 37.5623
      vertex 43.6806 10.4 37.875
    endloop
  endfacet
  facet normal 0 1 0
    outer loop
      vertex 61 10.4 40
      vertex 43.2557 10.4 37.2682
      vertex 43.4814 10.4 37.5623
    endloop
  endfacet
  facet normal 0 1 0
    outer loop
      vertex 61 10.4 40
      vertex 43.0052 10.4 36.9948
      vertex 43.2557 10.4 37.2682
    endloop
  endfacet
  facet normal 0 1 0
    outer loop
      vertex 40 10.4 19
      vertex 43.0052 10.4 36.9948
      vertex 61 10.4 40
    endloop
  endfacet
  facet normal 0 1 0
    outer loop
      vertex 43.0052 10.4 36.9948
      vertex 40 10.4 19
      vertex 42.7318 10.4 36.7443
    endloop
  endfacet
  facet normal 0 1 0
    outer loop
      vertex 42.7318 10.4 36.7443
      vertex 40 10.4 19
      vertex 42.4377 10.4 36.5186
    endloop
  endfacet
  facet normal 0 1 0
    outer loop
      vertex 42.4377 10.4 36.5186
      vertex 40 10.4 19
      vertex 42.125 10.4 36.3194
    endloop
  endfacet
  facet normal 0 1 0
    outer loop
      vertex 42.125 10.4 36.3194
      vertex 40 10.4 19
      vertex 41.7961 10.4 36.1482
    endloop
  endfacet
  facet normal 0 1 0
    outer loop
      vertex 41.7961 10.4 36.1482
      vertex 40 10.4 19
      vertex 41.4536 10.4 36.0063
    endloop
  endfacet
  facet normal 0 1 0
    outer loop
      vertex 41.4536 10.4 36.0063
      vertex 40 10.4 19
      vertex 41.1 10.4 35.8948
    endloop
  endfacet
  facet normal 0 1 0
    outer loop
      vertex 40.3704 10.4 35.7662
      vertex 40 10.4 19
      vertex 40 10.4 35.75
    endloop
  endfacet
  facet normal 0 1 0
    outer loop
      vertex 40.738 10.4 35.8146
      vertex 40 10.4 19
      vertex 40.3704 10.4 35.7662
    endloop
  endfacet
  facet normal 0 1 0
    outer loop
      vertex 41.1 10.4 35.8948
      vertex 40 10.4 19
      vertex 40.738 10.4 35.8146
    endloop
  endfacet
  facet normal 0 1 0
    outer loop
      vertex 52.0451 10.4 57.2022
      vertex 50.9643 10.4 51.7386
      vertex 50.7246 10.4 51.749
    endloop
  endfacet
  facet normal 0 1 0
    outer loop
      vertex 56.0869 10.4 53.4985
      vertex 51.2022 10.4 51.7072
      vertex 50.9643 10.4 51.7386
    endloop
  endfacet
  facet normal 0 1 0
    outer loop
      vertex 56.0869 10.4 53.4985
      vertex 51.4364 10.4 51.6553
      vertex 51.2022 10.4 51.7072
    endloop
  endfacet
  facet normal 0 1 0
    outer loop
      vertex 56.0869 10.4 53.4985
      vertex 51.6652 10.4 51.5832
      vertex 51.4364 10.4 51.6553
    endloop
  endfacet
  facet normal 0 1 0
    outer loop
      vertex 56.0869 10.4 53.4985
      vertex 51.8868 10.4 51.4914
      vertex 51.6652 10.4 51.5832
    endloop
  endfacet
  facet normal 0 1 0
    outer loop
      vertex 56.0869 10.4 53.4985
      vertex 52.0996 10.4 51.3806
      vertex 51.8868 10.4 51.4914
    endloop
  endfacet
  facet normal 0 1 0
    outer loop
      vertex 56.0869 10.4 53.4985
      vertex 52.302 10.4 51.2517
      vertex 52.0996 10.4 51.3806
    endloop
  endfacet
  facet normal 0 1 0
    outer loop
      vertex 56.0869 10.4 53.4985
      vertex 52.4923 10.4 51.1056
      vertex 52.302 10.4 51.2517
    endloop
  endfacet
  facet normal 0 1 0
    outer loop
      vertex 56.0869 10.4 53.4985
      vertex 52.6692 10.4 50.9436
      vertex 52.4923 10.4 51.1056
    endloop
  endfacet
  facet normal 0 1 0
    outer loop
      vertex 56.0869 10.4 53.4985
      vertex 52.8312 10.4 50.7667
      vertex 52.6692 10.4 50.9436
    endloop
  endfacet
  facet normal 0 1 0
    outer loop
      vertex 56.0869 10.4 53.4985
      vertex 52.9773 10.4 50.5764
      vertex 52.8312 10.4 50.7667
    endloop
  endfacet
  facet normal 0 1 0
    outer loop
      vertex 53.4328 10.4 49.4766
      vertex 57.2022 10.4 52.0451
      vertex 58.1865 10.4 50.5
    endloop
  endfacet
  facet normal 0 1 0
    outer loop
      vertex 56.0869 10.4 53.4985
      vertex 53.1062 10.4 50.374
      vertex 52.9773 10.4 50.5764
    endloop
  endfacet
  facet normal 0 1 0
    outer loop
      vertex 57.2022 10.4 52.0451
      vertex 53.217 10.4 50.1612
      vertex 53.1062 10.4 50.374
    endloop
  endfacet
  facet normal 0 1 0
    outer loop
      vertex 57.2022 10.4 52.0451
      vertex 53.3088 10.4 49.9396
      vertex 53.217 10.4 50.1612
    endloop
  endfacet
  facet normal 0 1 0
    outer loop
      vertex 57.2022 10.4 52.0451
      vertex 53.3809 10.4 49.7108
      vertex 53.3088 10.4 49.9396
    endloop
  endfacet
  facet normal 0 1 0
    outer loop
      vertex 57.2022 10.4 52.0451
      vertex 53.4328 10.4 49.4766
      vertex 53.3809 10.4 49.7108
    endloop
  endfacet
  facet normal 0 1 0
    outer loop
      vertex 58.1865 10.4 50.5
      vertex 53.4642 10.4 49.2387
      vertex 53.4328 10.4 49.4766
    endloop
  endfacet
  facet normal 0 1 0
    outer loop
      vertex 58.1865 10.4 50.5
      vertex 53.4746 10.4 48.999
      vertex 53.4642 10.4 49.2387
    endloop
  endfacet
  facet normal 0 1 0
    outer loop
      vertex 53.4642 10.4 48.7593
      vertex 58.1865 10.4 50.5
      vertex 59.0325 10.4 48.875
    endloop
  endfacet
  facet normal 0 1 0
    outer loop
      vertex 58.1865 10.4 50.5
      vertex 53.4642 10.4 48.7593
      vertex 53.4746 10.4 48.999
    endloop
  endfacet
  facet normal 0 1 0
    outer loop
      vertex 59.0325 10.4 48.875
      vertex 53.4328 10.4 48.5215
      vertex 53.4642 10.4 48.7593
    endloop
  endfacet
  facet normal 0 1 0
    outer loop
      vertex 59.0325 10.4 48.875
      vertex 53.3809 10.4 48.2873
      vertex 53.4328 10.4 48.5215
    endloop
  endfacet
  facet normal 0 1 0
    outer loop
      vertex 59.0325 10.4 48.875
      vertex 53.3088 10.4 48.0585
      vertex 53.3809 10.4 48.2873
    endloop
  endfacet
  facet normal 0 1 0
    outer loop
      vertex 59.7335 10.4 47.1824
      vertex 53.3088 10.4 48.0585
      vertex 59.0325 10.4 48.875
    endloop
  endfacet
  facet normal 0 1 0
    outer loop
      vertex 53.3088 10.4 48.0585
      vertex 59.7335 10.4 47.1824
      vertex 53.217 10.4 47.8368
    endloop
  endfacet
  facet normal 0 1 0
    outer loop
      vertex 53.217 10.4 47.8368
      vertex 59.7335 10.4 47.1824
      vertex 53.1062 10.4 47.624
    endloop
  endfacet
  facet normal 0 1 0
    outer loop
      vertex 53.1062 10.4 47.624
      vertex 59.7335 10.4 47.1824
      vertex 52.9773 10.4 47.4217
    endloop
  endfacet
  facet normal 0 1 0
    outer loop
      vertex 60.2844 10.4 45.4352
      vertex 52.9773 10.4 47.4217
      vertex 59.7335 10.4 47.1824
    endloop
  endfacet
  facet normal 0 1 0
    outer loop
      vertex 52.9773 10.4 47.4217
      vertex 60.2844 10.4 45.4352
      vertex 52.8312 10.4 47.2314
    endloop
  endfacet
  facet normal 0 1 0
    outer loop
      vertex 52.8312 10.4 47.2314
      vertex 60.2844 10.4 45.4352
      vertex 52.6692 10.4 47.0545
    endloop
  endfacet
  facet normal 0 1 0
    outer loop
      vertex 60.681 10.4 43.6466
      vertex 52.6692 10.4 47.0545
      vertex 60.2844 10.4 45.4352
    endloop
  endfacet
  facet normal 0 1 0
    outer loop
      vertex 52.6692 10.4 47.0545
      vertex 60.681 10.4 43.6466
      vertex 52.4923 10.4 46.8924
    endloop
  endfacet
  facet normal 0 1 0
    outer loop
      vertex 52.4923 10.4 46.8924
      vertex 60.681 10.4 43.6466
      vertex 52.302 10.4 46.7464
    endloop
  endfacet
  facet normal 0 1 0
    outer loop
      vertex 60.9201 10.4 41.8303
      vertex 52.302 10.4 46.7464
      vertex 60.681 10.4 43.6466
    endloop
  endfacet
  facet normal 0 1 0
    outer loop
      vertex 52.302 10.4 46.7464
      vertex 60.9201 10.4 41.8303
      vertex 52.0996 10.4 46.6175
    endloop
  endfacet
  facet normal 0 1 0
    outer loop
      vertex 52.0996 10.4 46.6175
      vertex 60.9201 10.4 41.8303
      vertex 51.8868 10.4 46.5067
    endloop
  endfacet
  facet normal 0 1 0
    outer loop
      vertex 61 10.4 40
      vertex 51.8868 10.4 46.5067
      vertex 60.9201 10.4 41.8303
    endloop
  endfacet
  facet normal 0 1 0
    outer loop
      vertex 51.6652 10.4 46.4149
      vertex 61 10.4 40
      vertex 51.4364 10.4 46.3427
    endloop
  endfacet
  facet normal 0 1 0
    outer loop
      vertex 51.8868 10.4 46.5067
      vertex 61 10.4 40
      vertex 51.6652 10.4 46.4149
    endloop
  endfacet
  facet normal 0 1 0
    outer loop
      vertex 48.1405 10.4 49.9396
      vertex 40 10.4 61
      vertex 41.8303 10.4 60.9201
    endloop
  endfacet
  facet normal 0 1 0
    outer loop
      vertex 48.2323 10.4 50.1612
      vertex 41.8303 10.4 60.9201
      vertex 43.6466 10.4 60.681
    endloop
  endfacet
  facet normal 0 1 0
    outer loop
      vertex 48.472 10.4 50.5764
      vertex 43.6466 10.4 60.681
      vertex 45.4352 10.4 60.2844
    endloop
  endfacet
  facet normal 0 1 0
    outer loop
      vertex 48.7801 10.4 50.9436
      vertex 45.4352 10.4 60.2844
      vertex 47.1824 10.4 59.7335
    endloop
  endfacet
  facet normal 0 1 0
    outer loop
      vertex 49.1473 10.4 51.2517
      vertex 47.1824 10.4 59.7335
      vertex 48.875 10.4 59.0325
    endloop
  endfacet
  facet normal 0 1 -0
    outer loop
      vertex 49.5624 10.4 51.4914
      vertex 48.875 10.4 59.0325
      vertex 50.5 10.4 58.1865
    endloop
  endfacet
  facet normal 0 1 0
    outer loop
      vertex 50.2471 10.4 51.7072
      vertex 50.5 10.4 58.1865
      vertex 52.0451 10.4 57.2022
    endloop
  endfacet
  facet normal 0 1 0
    outer loop
      vertex 50.9643 10.4 51.7386
      vertex 52.0451 10.4 57.2022
      vertex 53.4985 10.4 56.0869
    endloop
  endfacet
  facet normal 0 1 0
    outer loop
      vertex 50.9643 10.4 51.7386
      vertex 53.4985 10.4 56.0869
      vertex 54.8492 10.4 54.8492
    endloop
  endfacet
  facet normal 0 1 0
    outer loop
      vertex 50.9643 10.4 51.7386
      vertex 54.8492 10.4 54.8492
      vertex 56.0869 10.4 53.4985
    endloop
  endfacet
  facet normal 0 1 0
    outer loop
      vertex 53.1062 10.4 50.374
      vertex 56.0869 10.4 53.4985
      vertex 57.2022 10.4 52.0451
    endloop
  endfacet
  facet normal 0 1 0
    outer loop
      vertex 52.0451 10.4 57.2022
      vertex 50.7246 10.4 51.749
      vertex 50.4849 10.4 51.7386
    endloop
  endfacet
  facet normal 0 1 0
    outer loop
      vertex 52.0451 10.4 57.2022
      vertex 50.4849 10.4 51.7386
      vertex 50.2471 10.4 51.7072
    endloop
  endfacet
  facet normal 0 1 0
    outer loop
      vertex 50.5 10.4 58.1865
      vertex 50.2471 10.4 51.7072
      vertex 50.0129 10.4 51.6553
    endloop
  endfacet
  facet normal 0 1 0
    outer loop
      vertex 50.5 10.4 58.1865
      vertex 50.0129 10.4 51.6553
      vertex 49.7841 10.4 51.5832
    endloop
  endfacet
  facet normal 0 1 0
    outer loop
      vertex 50.5 10.4 58.1865
      vertex 49.7841 10.4 51.5832
      vertex 49.5624 10.4 51.4914
    endloop
  endfacet
  facet normal 0 1 0
    outer loop
      vertex 48.875 10.4 59.0325
      vertex 49.5624 10.4 51.4914
      vertex 49.3496 10.4 51.3806
    endloop
  endfacet
  facet normal 0 1 0
    outer loop
      vertex 48.875 10.4 59.0325
      vertex 49.3496 10.4 51.3806
      vertex 49.1473 10.4 51.2517
    endloop
  endfacet
  facet normal 0 1 0
    outer loop
      vertex 47.1824 10.4 59.7335
      vertex 49.1473 10.4 51.2517
      vertex 48.957 10.4 51.1056
    endloop
  endfacet
  facet normal 0 1 0
    outer loop
      vertex 47.1824 10.4 59.7335
      vertex 48.957 10.4 51.1056
      vertex 48.7801 10.4 50.9436
    endloop
  endfacet
  facet normal 0 1 0
    outer loop
      vertex 45.4352 10.4 60.2844
      vertex 48.7801 10.4 50.9436
      vertex 48.618 10.4 50.7667
    endloop
  endfacet
  facet normal 0 1 0
    outer loop
      vertex 45.4352 10.4 60.2844
      vertex 48.618 10.4 50.7667
      vertex 48.472 10.4 50.5764
    endloop
  endfacet
  facet normal 0 1 0
    outer loop
      vertex 43.6466 10.4 60.681
      vertex 48.472 10.4 50.5764
      vertex 48.3431 10.4 50.374
    endloop
  endfacet
  facet normal 0 1 0
    outer loop
      vertex 43.6466 10.4 60.681
      vertex 48.3431 10.4 50.374
      vertex 48.2323 10.4 50.1612
    endloop
  endfacet
  facet normal 0 1 0
    outer loop
      vertex 41.8303 10.4 60.9201
      vertex 48.2323 10.4 50.1612
      vertex 48.1405 10.4 49.9396
    endloop
  endfacet
  facet normal 0 1 0
    outer loop
      vertex 40 10.4 61
      vertex 48.1405 10.4 49.9396
      vertex 40 10.4 44.25
    endloop
  endfacet
  facet normal 0 1 0
    outer loop
      vertex 40 10.4 44.25
      vertex 48.1405 10.4 49.9396
      vertex 48.0683 10.4 49.7108
    endloop
  endfacet
  facet normal 0 1 0
    outer loop
      vertex 40.3704 10.4 44.2338
      vertex 48.0683 10.4 49.7108
      vertex 48.0164 10.4 49.4766
    endloop
  endfacet
  facet normal 0 1 0
    outer loop
      vertex 40.3704 10.4 44.2338
      vertex 48.0164 10.4 49.4766
      vertex 47.9851 10.4 49.2387
    endloop
  endfacet
  facet normal 0 1 0
    outer loop
      vertex 40.3704 10.4 44.2338
      vertex 47.9851 10.4 49.2387
      vertex 47.9746 10.4 48.999
    endloop
  endfacet
  facet normal 0 1 0
    outer loop
      vertex 40.3704 10.4 44.2338
      vertex 47.9746 10.4 48.999
      vertex 47.9851 10.4 48.7593
    endloop
  endfacet
  facet normal 0 1 0
    outer loop
      vertex 40.3704 10.4 44.2338
      vertex 47.9851 10.4 48.7593
      vertex 48.0164 10.4 48.5215
    endloop
  endfacet
  facet normal 0 1 0
    outer loop
      vertex 40.3704 10.4 44.2338
      vertex 48.0164 10.4 48.5215
      vertex 48.0683 10.4 48.2873
    endloop
  endfacet
  facet normal 0 1 0
    outer loop
      vertex 40.3704 10.4 44.2338
      vertex 48.0683 10.4 48.2873
      vertex 48.1405 10.4 48.0585
    endloop
  endfacet
  facet normal 0 1 0
    outer loop
      vertex 40.3704 10.4 44.2338
      vertex 48.1405 10.4 48.0585
      vertex 48.2323 10.4 47.8368
    endloop
  endfacet
  facet normal 0 1 0
    outer loop
      vertex 40.3704 10.4 44.2338
      vertex 48.2323 10.4 47.8368
      vertex 48.3431 10.4 47.624
    endloop
  endfacet
  facet normal 0 1 0
    outer loop
      vertex 40.3704 10.4 44.2338
      vertex 48.3431 10.4 47.624
      vertex 48.472 10.4 47.4217
    endloop
  endfacet
  facet normal 0 1 0
    outer loop
      vertex 40.3704 10.4 44.2338
      vertex 48.472 10.4 47.4217
      vertex 48.618 10.4 47.2314
    endloop
  endfacet
  facet normal 0 1 0
    outer loop
      vertex 40.3704 10.4 44.2338
      vertex 48.618 10.4 47.2314
      vertex 48.7801 10.4 47.0545
    endloop
  endfacet
  facet normal 0 1 0
    outer loop
      vertex 40.3704 10.4 44.2338
      vertex 48.7801 10.4 47.0545
      vertex 48.957 10.4 46.8924
    endloop
  endfacet
  facet normal 0 1 0
    outer loop
      vertex 40.3704 10.4 44.2338
      vertex 48.957 10.4 46.8924
      vertex 49.1473 10.4 46.7464
    endloop
  endfacet
  facet normal 0 1 0
    outer loop
      vertex 40.3704 10.4 44.2338
      vertex 49.1473 10.4 46.7464
      vertex 49.3496 10.4 46.6175
    endloop
  endfacet
  facet normal 0 1 0
    outer loop
      vertex 40.3704 10.4 44.2338
      vertex 49.3496 10.4 46.6175
      vertex 49.5624 10.4 46.5067
    endloop
  endfacet
  facet normal 0 1 0
    outer loop
      vertex 40.3704 10.4 44.2338
      vertex 49.5624 10.4 46.5067
      vertex 49.7841 10.4 46.4149
    endloop
  endfacet
  facet normal 0 1 0
    outer loop
      vertex 51.4364 10.4 46.3427
      vertex 61 10.4 40
      vertex 51.2022 10.4 46.2908
    endloop
  endfacet
  facet normal 0 1 0
    outer loop
      vertex 40.3704 10.4 44.2338
      vertex 50.4849 10.4 46.2595
      vertex 50.7246 10.4 46.249
    endloop
  endfacet
  facet normal 0 1 0
    outer loop
      vertex 40.3704 10.4 44.2338
      vertex 50.2471 10.4 46.2908
      vertex 50.4849 10.4 46.2595
    endloop
  endfacet
  facet normal 0 1 0
    outer loop
      vertex 40.3704 10.4 44.2338
      vertex 50.0129 10.4 46.3427
      vertex 50.2471 10.4 46.2908
    endloop
  endfacet
  facet normal 0 1 0
    outer loop
      vertex 40.3704 10.4 44.2338
      vertex 49.7841 10.4 46.4149
      vertex 50.0129 10.4 46.3427
    endloop
  endfacet
  facet normal 0 1 0
    outer loop
      vertex 40 10.4 61
      vertex 40 10.4 44.25
      vertex 39.6296 10.4 44.2338
    endloop
  endfacet
  facet normal 0 1 0
    outer loop
      vertex 40 10.4 61
      vertex 39.6296 10.4 44.2338
      vertex 39.262 10.4 44.1854
    endloop
  endfacet
  facet normal 0 1 0
    outer loop
      vertex 40 10.4 61
      vertex 39.262 10.4 44.1854
      vertex 38.9 10.4 44.1052
    endloop
  endfacet
  facet normal 0 1 0
    outer loop
      vertex 40 10.4 61
      vertex 38.9 10.4 44.1052
      vertex 38.5464 10.4 43.9937
    endloop
  endfacet
  facet normal 0 1 0
    outer loop
      vertex 40 10.4 61
      vertex 38.5464 10.4 43.9937
      vertex 38.2039 10.4 43.8518
    endloop
  endfacet
  facet normal 0 1 0
    outer loop
      vertex 40 10.4 61
      vertex 38.2039 10.4 43.8518
      vertex 37.875 10.4 43.6806
    endloop
  endfacet
  facet normal 0 1 0
    outer loop
      vertex 40 10.4 61
      vertex 37.875 10.4 43.6806
      vertex 37.5623 10.4 43.4814
    endloop
  endfacet
  facet normal 0 1 0
    outer loop
      vertex 40 10.4 61
      vertex 37.5623 10.4 43.4814
      vertex 37.2682 10.4 43.2557
    endloop
  endfacet
  facet normal 0 1 0
    outer loop
      vertex 36.9948 10.4 43.0052
      vertex 40 10.4 61
      vertex 37.2682 10.4 43.2557
    endloop
  endfacet
  facet normal 0 1 0
    outer loop
      vertex 40 10.4 61
      vertex 36.9948 10.4 43.0052
      vertex 10.3884 10.4 61
    endloop
  endfacet
  facet normal 0 1 -0
    outer loop
      vertex 36.7443 10.4 42.7318
      vertex 10.3884 10.4 61
      vertex 36.9948 10.4 43.0052
    endloop
  endfacet
  facet normal 0 1 -0
    outer loop
      vertex 36.5186 10.4 42.4377
      vertex 10.3884 10.4 61
      vertex 36.7443 10.4 42.7318
    endloop
  endfacet
  facet normal 0 1 -0
    outer loop
      vertex 36.3194 10.4 42.125
      vertex 10.3884 10.4 61
      vertex 36.5186 10.4 42.4377
    endloop
  endfacet
  facet normal 0 1 -0
    outer loop
      vertex 36.1482 10.4 41.7961
      vertex 10.3884 10.4 61
      vertex 36.3194 10.4 42.125
    endloop
  endfacet
  facet normal 0 1 -0
    outer loop
      vertex 36.0063 10.4 41.4536
      vertex 10.3884 10.4 61
      vertex 36.1482 10.4 41.7961
    endloop
  endfacet
  facet normal 0 1 -0
    outer loop
      vertex 35.8948 10.4 41.1
      vertex 10.3884 10.4 61
      vertex 36.0063 10.4 41.4536
    endloop
  endfacet
  facet normal 0 1 -0
    outer loop
      vertex 35.8146 10.4 40.738
      vertex 10.3884 10.4 61
      vertex 35.8948 10.4 41.1
    endloop
  endfacet
  facet normal 0 1 -0
    outer loop
      vertex 35.7662 10.4 40.3704
      vertex 10.3884 10.4 61
      vertex 35.8146 10.4 40.738
    endloop
  endfacet
  facet normal 0 1 -0
    outer loop
      vertex 35.75 10.4 40
      vertex 10.3884 10.4 61
      vertex 35.7662 10.4 40.3704
    endloop
  endfacet
  facet normal 0 1 0
    outer loop
      vertex 35.7662 10.4 39.6296
      vertex 10.3884 10.4 61
      vertex 35.75 10.4 40
    endloop
  endfacet
  facet normal 0 1 0
    outer loop
      vertex 35.8146 10.4 39.262
      vertex 10.3884 10.4 61
      vertex 35.7662 10.4 39.6296
    endloop
  endfacet
  facet normal 0 1 0
    outer loop
      vertex 30 10.4 19
      vertex 35.8146 10.4 39.262
      vertex 35.8948 10.4 38.9
    endloop
  endfacet
  facet normal 0 1 0
    outer loop
      vertex 30 10.4 19
      vertex 35.8948 10.4 38.9
      vertex 36.0063 10.4 38.5464
    endloop
  endfacet
  facet normal 0 1 0
    outer loop
      vertex 30 10.4 19
      vertex 36.0063 10.4 38.5464
      vertex 36.1482 10.4 38.2039
    endloop
  endfacet
  facet normal 0 1 0
    outer loop
      vertex 30 10.4 19
      vertex 36.1482 10.4 38.2039
      vertex 36.3194 10.4 37.875
    endloop
  endfacet
  facet normal 0 1 0
    outer loop
      vertex 30 10.4 19
      vertex 36.3194 10.4 37.875
      vertex 36.5186 10.4 37.5623
    endloop
  endfacet
  facet normal 0 1 0
    outer loop
      vertex 30 10.4 19
      vertex 36.5186 10.4 37.5623
      vertex 36.7443 10.4 37.2682
    endloop
  endfacet
  facet normal 0 1 0
    outer loop
      vertex 30 10.4 19
      vertex 36.7443 10.4 37.2682
      vertex 36.9948 10.4 36.9948
    endloop
  endfacet
  facet normal 0 1 0
    outer loop
      vertex 30 10.4 19
      vertex 36.9948 10.4 36.9948
      vertex 37.2682 10.4 36.7443
    endloop
  endfacet
  facet normal 0 1 -0
    outer loop
      vertex 40 10.4 19
      vertex 39.6296 10.4 35.7662
      vertex 40 10.4 35.75
    endloop
  endfacet
  facet normal 0 1 0
    outer loop
      vertex 40 10.4 19
      vertex 39.262 10.4 35.8146
      vertex 39.6296 10.4 35.7662
    endloop
  endfacet
  facet normal 0 1 0
    outer loop
      vertex 40 10.4 19
      vertex 38.9 10.4 35.8948
      vertex 39.262 10.4 35.8146
    endloop
  endfacet
  facet normal 0 1 0
    outer loop
      vertex 40 10.4 19
      vertex 38.5464 10.4 36.0063
      vertex 38.9 10.4 35.8948
    endloop
  endfacet
  facet normal 0 1 0
    outer loop
      vertex 30 10.4 19
      vertex 38.5464 10.4 36.0063
      vertex 40 10.4 19
    endloop
  endfacet
  facet normal 0 1 0
    outer loop
      vertex 38.5464 10.4 36.0063
      vertex 30 10.4 19
      vertex 38.2039 10.4 36.1482
    endloop
  endfacet
  facet normal 0 1 0
    outer loop
      vertex 38.2039 10.4 36.1482
      vertex 30 10.4 19
      vertex 37.875 10.4 36.3194
    endloop
  endfacet
  facet normal 0 1 0
    outer loop
      vertex 37.875 10.4 36.3194
      vertex 30 10.4 19
      vertex 37.5623 10.4 36.5186
    endloop
  endfacet
  facet normal 0 1 0
    outer loop
      vertex 37.5623 10.4 36.5186
      vertex 30 10.4 19
      vertex 37.2682 10.4 36.7443
    endloop
  endfacet
  facet normal 0 1 0
    outer loop
      vertex 35.8146 10.4 39.262
      vertex 30 10.4 19
      vertex 10.3884 10.4 61
    endloop
  endfacet
  facet normal 0 1 0
    outer loop
      vertex 10.3884 10.4 0
      vertex 30 10.4 19
      vertex 30 10.4 0
    endloop
  endfacet
  facet normal 0 1 0
    outer loop
      vertex 30 10.4 19
      vertex 10.3884 10.4 0
      vertex 10.3884 10.4 61
    endloop
  endfacet
  facet normal 0 1 -0
    outer loop
      vertex -36.9948 10.4 43.0052
      vertex -40 10.4 61
      vertex -10.3884 10.4 61
    endloop
  endfacet
  facet normal -0 1 -0
    outer loop
      vertex -37.5623 10.4 43.4814
      vertex -40 10.4 61
      vertex -37.2682 10.4 43.2557
    endloop
  endfacet
  facet normal -0 1 -0
    outer loop
      vertex -38.2039 10.4 43.8518
      vertex -40 10.4 61
      vertex -37.875 10.4 43.6806
    endloop
  endfacet
  facet normal -0 1 -0
    outer loop
      vertex -38.5464 10.4 43.9937
      vertex -40 10.4 61
      vertex -38.2039 10.4 43.8518
    endloop
  endfacet
  facet normal -0 1 -0
    outer loop
      vertex -39.262 10.4 44.1854
      vertex -40 10.4 61
      vertex -38.9 10.4 44.1052
    endloop
  endfacet
  facet normal -0 1 0
    outer loop
      vertex -40 10.4 44.25
      vertex -40 10.4 61
      vertex -39.6296 10.4 44.2338
    endloop
  endfacet
  facet normal 0 1 0
    outer loop
      vertex -40 10.4 61
      vertex -48.1405 10.4 49.9396
      vertex -41.8303 10.4 60.9201
    endloop
  endfacet
  facet normal -0 1 0
    outer loop
      vertex -48.2323 10.4 50.1612
      vertex -41.8303 10.4 60.9201
      vertex -48.1405 10.4 49.9396
    endloop
  endfacet
  facet normal -0 1 0
    outer loop
      vertex -49.5624 10.4 51.4914
      vertex -48.875 10.4 59.0325
      vertex -49.3496 10.4 51.3806
    endloop
  endfacet
  facet normal -0 1 -0
    outer loop
      vertex -50.2471 10.4 51.7072
      vertex -50.5 10.4 58.1865
      vertex -50.0129 10.4 51.6553
    endloop
  endfacet
  facet normal -0 1 -0
    outer loop
      vertex -50.7246 10.4 51.749
      vertex -52.0451 10.4 57.2022
      vertex -50.4849 10.4 51.7386
    endloop
  endfacet
  facet normal 0 1 -0
    outer loop
      vertex -51.4364 10.4 51.6553
      vertex -53.4985 10.4 56.0869
      vertex -51.2022 10.4 51.7072
    endloop
  endfacet
  facet normal 0 1 -0
    outer loop
      vertex -51.2022 10.4 51.7072
      vertex -53.4985 10.4 56.0869
      vertex -50.9643 10.4 51.7386
    endloop
  endfacet
  facet normal 0 1 0
    outer loop
      vertex -52.0451 10.4 57.2022
      vertex -50.9643 10.4 51.7386
      vertex -53.4985 10.4 56.0869
    endloop
  endfacet
  facet normal 0 1 -0
    outer loop
      vertex -50.9643 10.4 51.7386
      vertex -52.0451 10.4 57.2022
      vertex -50.7246 10.4 51.749
    endloop
  endfacet
  facet normal -0 1 -0
    outer loop
      vertex -50.4849 10.4 51.7386
      vertex -52.0451 10.4 57.2022
      vertex -50.2471 10.4 51.7072
    endloop
  endfacet
  facet normal 0 1 0
    outer loop
      vertex -50.5 10.4 58.1865
      vertex -50.2471 10.4 51.7072
      vertex -52.0451 10.4 57.2022
    endloop
  endfacet
  facet normal -0 1 -0
    outer loop
      vertex -50.0129 10.4 51.6553
      vertex -50.5 10.4 58.1865
      vertex -49.7841 10.4 51.5832
    endloop
  endfacet
  facet normal -0 1 -0
    outer loop
      vertex -49.7841 10.4 51.5832
      vertex -50.5 10.4 58.1865
      vertex -49.5624 10.4 51.4914
    endloop
  endfacet
  facet normal 0 1 0
    outer loop
      vertex -48.875 10.4 59.0325
      vertex -49.5624 10.4 51.4914
      vertex -50.5 10.4 58.1865
    endloop
  endfacet
  facet normal -0 1 0
    outer loop
      vertex -49.3496 10.4 51.3806
      vertex -48.875 10.4 59.0325
      vertex -49.1473 10.4 51.2517
    endloop
  endfacet
  facet normal 0 1 0
    outer loop
      vertex -47.1824 10.4 59.7335
      vertex -49.1473 10.4 51.2517
      vertex -48.875 10.4 59.0325
    endloop
  endfacet
  facet normal -0 1 0
    outer loop
      vertex -48.472 10.4 50.5764
      vertex -43.6466 10.4 60.681
      vertex -48.3431 10.4 50.374
    endloop
  endfacet
  facet normal -0 1 0
    outer loop
      vertex -49.1473 10.4 51.2517
      vertex -47.1824 10.4 59.7335
      vertex -48.957 10.4 51.1056
    endloop
  endfacet
  facet normal -0 1 0
    outer loop
      vertex -48.957 10.4 51.1056
      vertex -47.1824 10.4 59.7335
      vertex -48.7801 10.4 50.9436
    endloop
  endfacet
  facet normal 0 1 0
    outer loop
      vertex -45.4352 10.4 60.2844
      vertex -48.7801 10.4 50.9436
      vertex -47.1824 10.4 59.7335
    endloop
  endfacet
  facet normal -0 1 0
    outer loop
      vertex -48.618 10.4 50.7667
      vertex -45.4352 10.4 60.2844
      vertex -48.472 10.4 50.5764
    endloop
  endfacet
  facet normal 0 1 0
    outer loop
      vertex -43.6466 10.4 60.681
      vertex -48.472 10.4 50.5764
      vertex -45.4352 10.4 60.2844
    endloop
  endfacet
  facet normal -0 1 0
    outer loop
      vertex -48.3431 10.4 50.374
      vertex -43.6466 10.4 60.681
      vertex -48.2323 10.4 50.1612
    endloop
  endfacet
  facet normal 0 1 0
    outer loop
      vertex -41.8303 10.4 60.9201
      vertex -48.2323 10.4 50.1612
      vertex -43.6466 10.4 60.681
    endloop
  endfacet
  facet normal 0 1 0
    outer loop
      vertex -48.1405 10.4 49.9396
      vertex -40 10.4 44.25
      vertex -48.0683 10.4 49.7108
    endloop
  endfacet
  facet normal 0 1 -0
    outer loop
      vertex -40.3704 10.4 44.2338
      vertex -48.0683 10.4 49.7108
      vertex -40 10.4 44.25
    endloop
  endfacet
  facet normal 0 1 0
    outer loop
      vertex -48.0683 10.4 49.7108
      vertex -40.3704 10.4 44.2338
      vertex -48.0164 10.4 49.4766
    endloop
  endfacet
  facet normal 0 1 0
    outer loop
      vertex -48.0164 10.4 49.4766
      vertex -40.738 10.4 44.1854
      vertex -47.9851 10.4 49.2387
    endloop
  endfacet
  facet normal 0 1 -0
    outer loop
      vertex -41.1 10.4 44.1052
      vertex -47.9851 10.4 49.2387
      vertex -40.738 10.4 44.1854
    endloop
  endfacet
  facet normal 0 1 0
    outer loop
      vertex -47.9851 10.4 49.2387
      vertex -41.1 10.4 44.1052
      vertex -47.9746 10.4 48.999
    endloop
  endfacet
  facet normal 0 1 -0
    outer loop
      vertex -41.4536 10.4 43.9937
      vertex -47.9746 10.4 48.999
      vertex -41.1 10.4 44.1052
    endloop
  endfacet
  facet normal 0 1 0
    outer loop
      vertex -47.9746 10.4 48.999
      vertex -41.4536 10.4 43.9937
      vertex -47.9851 10.4 48.7593
    endloop
  endfacet
  facet normal 0 1 0
    outer loop
      vertex -47.9851 10.4 48.7593
      vertex -41.7961 10.4 43.8518
      vertex -48.0164 10.4 48.5215
    endloop
  endfacet
  facet normal 0 1 0
    outer loop
      vertex -48.0164 10.4 48.5215
      vertex -41.7961 10.4 43.8518
      vertex -48.0683 10.4 48.2873
    endloop
  endfacet
  facet normal 0 1 -0
    outer loop
      vertex -42.125 10.4 43.6806
      vertex -48.0683 10.4 48.2873
      vertex -41.7961 10.4 43.8518
    endloop
  endfacet
  facet normal 0 1 0
    outer loop
      vertex -48.0683 10.4 48.2873
      vertex -42.125 10.4 43.6806
      vertex -48.1405 10.4 48.0585
    endloop
  endfacet
  facet normal 0 1 -0
    outer loop
      vertex -42.4377 10.4 43.4814
      vertex -48.1405 10.4 48.0585
      vertex -42.125 10.4 43.6806
    endloop
  endfacet
  facet normal 0 1 0
    outer loop
      vertex -48.1405 10.4 48.0585
      vertex -42.4377 10.4 43.4814
      vertex -48.2323 10.4 47.8368
    endloop
  endfacet
  facet normal 0 1 0
    outer loop
      vertex -44.25 10.4 40
      vertex -50.7246 10.4 46.249
      vertex -50.4849 10.4 46.2595
    endloop
  endfacet
  facet normal 0 1 0
    outer loop
      vertex -48.472 10.4 47.4217
      vertex -43.2557 10.4 42.7318
      vertex -48.618 10.4 47.2314
    endloop
  endfacet
  facet normal 0 1 -0
    outer loop
      vertex -43.2557 10.4 42.7318
      vertex -48.472 10.4 47.4217
      vertex -43.0052 10.4 43.0052
    endloop
  endfacet
  facet normal 0 1 0
    outer loop
      vertex -48.3431 10.4 47.624
      vertex -43.0052 10.4 43.0052
      vertex -48.472 10.4 47.4217
    endloop
  endfacet
  facet normal 0 1 -0
    outer loop
      vertex -43.0052 10.4 43.0052
      vertex -48.3431 10.4 47.624
      vertex -42.7318 10.4 43.2557
    endloop
  endfacet
  facet normal 0 1 0
    outer loop
      vertex -48.2323 10.4 47.8368
      vertex -42.7318 10.4 43.2557
      vertex -48.3431 10.4 47.624
    endloop
  endfacet
  facet normal 0 1 -0
    outer loop
      vertex -42.7318 10.4 43.2557
      vertex -48.2323 10.4 47.8368
      vertex -42.4377 10.4 43.4814
    endloop
  endfacet
  facet normal 0 1 -0
    outer loop
      vertex -41.7961 10.4 43.8518
      vertex -47.9851 10.4 48.7593
      vertex -41.4536 10.4 43.9937
    endloop
  endfacet
  facet normal 0 1 -0
    outer loop
      vertex -40.738 10.4 44.1854
      vertex -48.0164 10.4 49.4766
      vertex -40.3704 10.4 44.2338
    endloop
  endfacet
  facet normal -0 1 0
    outer loop
      vertex -48.7801 10.4 50.9436
      vertex -45.4352 10.4 60.2844
      vertex -48.618 10.4 50.7667
    endloop
  endfacet
  facet normal -0 1 0
    outer loop
      vertex -48.1405 10.4 49.9396
      vertex -40 10.4 61
      vertex -40 10.4 44.25
    endloop
  endfacet
  facet normal -0 1 -0
    outer loop
      vertex -39.6296 10.4 44.2338
      vertex -40 10.4 61
      vertex -39.262 10.4 44.1854
    endloop
  endfacet
  facet normal -0 1 -0
    outer loop
      vertex -38.9 10.4 44.1052
      vertex -40 10.4 61
      vertex -38.5464 10.4 43.9937
    endloop
  endfacet
  facet normal -0 1 -0
    outer loop
      vertex -37.875 10.4 43.6806
      vertex -40 10.4 61
      vertex -37.5623 10.4 43.4814
    endloop
  endfacet
  facet normal 0 1 0
    outer loop
      vertex -40 10.4 61
      vertex -36.9948 10.4 43.0052
      vertex -37.2682 10.4 43.2557
    endloop
  endfacet
  facet normal 0 1 0
    outer loop
      vertex -10.3884 10.4 61
      vertex -36.7443 10.4 42.7318
      vertex -36.9948 10.4 43.0052
    endloop
  endfacet
  facet normal 0 1 0
    outer loop
      vertex -10.3884 10.4 61
      vertex -36.5186 10.4 42.4377
      vertex -36.7443 10.4 42.7318
    endloop
  endfacet
  facet normal 0 1 0
    outer loop
      vertex -10.3884 10.4 61
      vertex -36.3194 10.4 42.125
      vertex -36.5186 10.4 42.4377
    endloop
  endfacet
  facet normal 0 1 0
    outer loop
      vertex -10.3884 10.4 61
      vertex -36.1482 10.4 41.7961
      vertex -36.3194 10.4 42.125
    endloop
  endfacet
  facet normal 0 1 0
    outer loop
      vertex -10.3884 10.4 61
      vertex -36.0063 10.4 41.4536
      vertex -36.1482 10.4 41.7961
    endloop
  endfacet
  facet normal 0 1 0
    outer loop
      vertex -10.3884 10.4 61
      vertex -35.8948 10.4 41.1
      vertex -36.0063 10.4 41.4536
    endloop
  endfacet
  facet normal 0 1 0
    outer loop
      vertex -10.3884 10.4 61
      vertex -35.8146 10.4 40.738
      vertex -35.8948 10.4 41.1
    endloop
  endfacet
  facet normal 0 1 0
    outer loop
      vertex -10.3884 10.4 61
      vertex -35.7662 10.4 40.3704
      vertex -35.8146 10.4 40.738
    endloop
  endfacet
  facet normal 0 1 0
    outer loop
      vertex -10.3884 10.4 61
      vertex -35.75 10.4 40
      vertex -35.7662 10.4 40.3704
    endloop
  endfacet
  facet normal 0 1 0
    outer loop
      vertex -10.3884 10.4 61
      vertex -35.7662 10.4 39.6296
      vertex -35.75 10.4 40
    endloop
  endfacet
  facet normal 0 1 0
    outer loop
      vertex -10.3884 10.4 61
      vertex -35.8146 10.4 39.262
      vertex -35.7662 10.4 39.6296
    endloop
  endfacet
  facet normal 0 1 -0
    outer loop
      vertex -30 10.4 19
      vertex -35.8146 10.4 39.262
      vertex -10.3884 10.4 61
    endloop
  endfacet
  facet normal 0 1 0
    outer loop
      vertex -35.8146 10.4 39.262
      vertex -30 10.4 19
      vertex -35.8948 10.4 38.9
    endloop
  endfacet
  facet normal 0 1 0
    outer loop
      vertex -35.8948 10.4 38.9
      vertex -30 10.4 19
      vertex -36.0063 10.4 38.5464
    endloop
  endfacet
  facet normal 0 1 0
    outer loop
      vertex -36.0063 10.4 38.5464
      vertex -30 10.4 19
      vertex -36.1482 10.4 38.2039
    endloop
  endfacet
  facet normal 0 1 0
    outer loop
      vertex -36.1482 10.4 38.2039
      vertex -30 10.4 19
      vertex -36.3194 10.4 37.875
    endloop
  endfacet
  facet normal 0 1 0
    outer loop
      vertex -36.3194 10.4 37.875
      vertex -30 10.4 19
      vertex -36.5186 10.4 37.5623
    endloop
  endfacet
  facet normal 0 1 0
    outer loop
      vertex -36.5186 10.4 37.5623
      vertex -30 10.4 19
      vertex -36.7443 10.4 37.2682
    endloop
  endfacet
  facet normal 0 1 0
    outer loop
      vertex -36.7443 10.4 37.2682
      vertex -30 10.4 19
      vertex -36.9948 10.4 36.9948
    endloop
  endfacet
  facet normal 0 1 0
    outer loop
      vertex -39.262 10.4 35.8146
      vertex -40 10.4 19
      vertex -39.6296 10.4 35.7662
    endloop
  endfacet
  facet normal 0 1 0
    outer loop
      vertex -38.9 10.4 35.8948
      vertex -40 10.4 19
      vertex -39.262 10.4 35.8146
    endloop
  endfacet
  facet normal 0 1 0
    outer loop
      vertex -38.5464 10.4 36.0063
      vertex -40 10.4 19
      vertex -38.9 10.4 35.8948
    endloop
  endfacet
  facet normal 0 1 0
    outer loop
      vertex -40 10.4 19
      vertex -38.5464 10.4 36.0063
      vertex -30 10.4 19
    endloop
  endfacet
  facet normal 0 1 0
    outer loop
      vertex -38.2039 10.4 36.1482
      vertex -30 10.4 19
      vertex -38.5464 10.4 36.0063
    endloop
  endfacet
  facet normal 0 1 0
    outer loop
      vertex -37.875 10.4 36.3194
      vertex -30 10.4 19
      vertex -38.2039 10.4 36.1482
    endloop
  endfacet
  facet normal 0 1 0
    outer loop
      vertex -37.5623 10.4 36.5186
      vertex -30 10.4 19
      vertex -37.875 10.4 36.3194
    endloop
  endfacet
  facet normal 0 1 0
    outer loop
      vertex -37.2682 10.4 36.7443
      vertex -30 10.4 19
      vertex -37.5623 10.4 36.5186
    endloop
  endfacet
  facet normal 0 1 0
    outer loop
      vertex -36.9948 10.4 36.9948
      vertex -30 10.4 19
      vertex -37.2682 10.4 36.7443
    endloop
  endfacet
  facet normal 0 1 -0
    outer loop
      vertex -10.3884 10.4 0
      vertex -30 10.4 19
      vertex -10.3884 10.4 61
    endloop
  endfacet
  facet normal 0 1 0
    outer loop
      vertex -30 10.4 19
      vertex -10.3884 10.4 0
      vertex -30 10.4 0
    endloop
  endfacet
  facet normal 0 1 -0
    outer loop
      vertex -51.6652 10.4 51.5832
      vertex -53.4985 10.4 56.0869
      vertex -51.4364 10.4 51.6553
    endloop
  endfacet
  facet normal 0 1 0
    outer loop
      vertex -53.4985 10.4 56.0869
      vertex -51.6652 10.4 51.5832
      vertex -54.8492 10.4 54.8492
    endloop
  endfacet
  facet normal 0 1 -0
    outer loop
      vertex -51.8868 10.4 51.4914
      vertex -54.8492 10.4 54.8492
      vertex -51.6652 10.4 51.5832
    endloop
  endfacet
  facet normal 0 1 -0
    outer loop
      vertex -52.0996 10.4 51.3806
      vertex -54.8492 10.4 54.8492
      vertex -51.8868 10.4 51.4914
    endloop
  endfacet
  facet normal 0 1 -0
    outer loop
      vertex -52.302 10.4 51.2517
      vertex -54.8492 10.4 54.8492
      vertex -52.0996 10.4 51.3806
    endloop
  endfacet
  facet normal 0 1 -0
    outer loop
      vertex -52.4923 10.4 51.1056
      vertex -54.8492 10.4 54.8492
      vertex -52.302 10.4 51.2517
    endloop
  endfacet
  facet normal 0 1 0
    outer loop
      vertex -54.8492 10.4 54.8492
      vertex -52.4923 10.4 51.1056
      vertex -56.0869 10.4 53.4985
    endloop
  endfacet
  facet normal 0 1 -0
    outer loop
      vertex -52.6692 10.4 50.9436
      vertex -56.0869 10.4 53.4985
      vertex -52.4923 10.4 51.1056
    endloop
  endfacet
  facet normal 0 1 -0
    outer loop
      vertex -52.8312 10.4 50.7667
      vertex -56.0869 10.4 53.4985
      vertex -52.6692 10.4 50.9436
    endloop
  endfacet
  facet normal 0 1 -0
    outer loop
      vertex -52.9773 10.4 50.5764
      vertex -56.0869 10.4 53.4985
      vertex -52.8312 10.4 50.7667
    endloop
  endfacet
  facet normal 0 1 -0
    outer loop
      vertex -53.1062 10.4 50.374
      vertex -56.0869 10.4 53.4985
      vertex -52.9773 10.4 50.5764
    endloop
  endfacet
  facet normal 0 1 0
    outer loop
      vertex -56.0869 10.4 53.4985
      vertex -53.1062 10.4 50.374
      vertex -57.2022 10.4 52.0451
    endloop
  endfacet
  facet normal 0 1 -0
    outer loop
      vertex -53.217 10.4 50.1612
      vertex -57.2022 10.4 52.0451
      vertex -53.1062 10.4 50.374
    endloop
  endfacet
  facet normal 0 1 -0
    outer loop
      vertex -53.3088 10.4 49.9396
      vertex -57.2022 10.4 52.0451
      vertex -53.217 10.4 50.1612
    endloop
  endfacet
  facet normal 0 1 -0
    outer loop
      vertex -53.3809 10.4 49.7108
      vertex -57.2022 10.4 52.0451
      vertex -53.3088 10.4 49.9396
    endloop
  endfacet
  facet normal 0 1 -0
    outer loop
      vertex -53.4328 10.4 49.4766
      vertex -57.2022 10.4 52.0451
      vertex -53.3809 10.4 49.7108
    endloop
  endfacet
  facet normal 0 1 0
    outer loop
      vertex -57.2022 10.4 52.0451
      vertex -53.4328 10.4 49.4766
      vertex -58.1865 10.4 50.5
    endloop
  endfacet
  facet normal 0 1 -0
    outer loop
      vertex -53.4642 10.4 49.2387
      vertex -58.1865 10.4 50.5
      vertex -53.4328 10.4 49.4766
    endloop
  endfacet
  facet normal 0 1 -0
    outer loop
      vertex -53.4746 10.4 48.999
      vertex -58.1865 10.4 50.5
      vertex -53.4642 10.4 49.2387
    endloop
  endfacet
  facet normal 0 1 0
    outer loop
      vertex -53.4642 10.4 48.7593
      vertex -58.1865 10.4 50.5
      vertex -53.4746 10.4 48.999
    endloop
  endfacet
  facet normal 0 1 0
    outer loop
      vertex -58.1865 10.4 50.5
      vertex -53.4642 10.4 48.7593
      vertex -59.0325 10.4 48.875
    endloop
  endfacet
  facet normal 0 1 0
    outer loop
      vertex -53.4328 10.4 48.5215
      vertex -59.0325 10.4 48.875
      vertex -53.4642 10.4 48.7593
    endloop
  endfacet
  facet normal 0 1 0
    outer loop
      vertex -53.3809 10.4 48.2873
      vertex -59.0325 10.4 48.875
      vertex -53.4328 10.4 48.5215
    endloop
  endfacet
  facet normal 0 1 0
    outer loop
      vertex -53.3088 10.4 48.0585
      vertex -59.0325 10.4 48.875
      vertex -53.3809 10.4 48.2873
    endloop
  endfacet
  facet normal 0 1 0
    outer loop
      vertex -59.7335 10.4 47.1824
      vertex -53.3088 10.4 48.0585
      vertex -53.217 10.4 47.8368
    endloop
  endfacet
  facet normal 0 1 0
    outer loop
      vertex -59.7335 10.4 47.1824
      vertex -53.217 10.4 47.8368
      vertex -53.1062 10.4 47.624
    endloop
  endfacet
  facet normal 0 1 0
    outer loop
      vertex -59.7335 10.4 47.1824
      vertex -53.1062 10.4 47.624
      vertex -52.9773 10.4 47.4217
    endloop
  endfacet
  facet normal 0 1 0
    outer loop
      vertex -60.2844 10.4 45.4352
      vertex -52.9773 10.4 47.4217
      vertex -52.8312 10.4 47.2314
    endloop
  endfacet
  facet normal 0 1 0
    outer loop
      vertex -53.3088 10.4 48.0585
      vertex -59.7335 10.4 47.1824
      vertex -59.0325 10.4 48.875
    endloop
  endfacet
  facet normal 0 1 0
    outer loop
      vertex -60.2844 10.4 45.4352
      vertex -52.8312 10.4 47.2314
      vertex -52.6692 10.4 47.0545
    endloop
  endfacet
  facet normal 0 1 0
    outer loop
      vertex -60.2844 10.4 45.4352
      vertex -52.6692 10.4 47.0545
      vertex -52.4923 10.4 46.8924
    endloop
  endfacet
  facet normal 0 1 0
    outer loop
      vertex -60.2844 10.4 45.4352
      vertex -52.4923 10.4 46.8924
      vertex -52.302 10.4 46.7464
    endloop
  endfacet
  facet normal 0 1 0
    outer loop
      vertex -60.2844 10.4 45.4352
      vertex -52.302 10.4 46.7464
      vertex -52.0996 10.4 46.6175
    endloop
  endfacet
  facet normal 0 1 0
    outer loop
      vertex -60.2844 10.4 45.4352
      vertex -52.0996 10.4 46.6175
      vertex -51.8868 10.4 46.5067
    endloop
  endfacet
  facet normal 0 1 0
    outer loop
      vertex -60.2844 10.4 45.4352
      vertex -51.8868 10.4 46.5067
      vertex -51.6652 10.4 46.4149
    endloop
  endfacet
  facet normal 0 1 0
    outer loop
      vertex -60.2844 10.4 45.4352
      vertex -51.6652 10.4 46.4149
      vertex -51.4364 10.4 46.3427
    endloop
  endfacet
  facet normal 0 1 0
    outer loop
      vertex -60.2844 10.4 45.4352
      vertex -51.4364 10.4 46.3427
      vertex -51.2022 10.4 46.2908
    endloop
  endfacet
  facet normal 0 1 0
    outer loop
      vertex -60.2844 10.4 45.4352
      vertex -51.2022 10.4 46.2908
      vertex -50.9643 10.4 46.2595
    endloop
  endfacet
  facet normal 0 1 0
    outer loop
      vertex -52.9773 10.4 47.4217
      vertex -60.2844 10.4 45.4352
      vertex -59.7335 10.4 47.1824
    endloop
  endfacet
  facet normal 0 1 0
    outer loop
      vertex -60.2844 10.4 45.4352
      vertex -50.9643 10.4 46.2595
      vertex -50.7246 10.4 46.249
    endloop
  endfacet
  facet normal 0 1 0
    outer loop
      vertex -48.618 10.4 47.2314
      vertex -43.2557 10.4 42.7318
      vertex -48.7801 10.4 47.0545
    endloop
  endfacet
  facet normal 0 1 -0
    outer loop
      vertex -43.4814 10.4 42.4377
      vertex -48.7801 10.4 47.0545
      vertex -43.2557 10.4 42.7318
    endloop
  endfacet
  facet normal 0 1 0
    outer loop
      vertex -48.7801 10.4 47.0545
      vertex -43.4814 10.4 42.4377
      vertex -48.957 10.4 46.8924
    endloop
  endfacet
  facet normal 0 1 -0
    outer loop
      vertex -43.6806 10.4 42.125
      vertex -48.957 10.4 46.8924
      vertex -43.4814 10.4 42.4377
    endloop
  endfacet
  facet normal 0 1 0
    outer loop
      vertex -48.957 10.4 46.8924
      vertex -43.6806 10.4 42.125
      vertex -49.1473 10.4 46.7464
    endloop
  endfacet
  facet normal 0 1 -0
    outer loop
      vertex -43.8518 10.4 41.7961
      vertex -49.1473 10.4 46.7464
      vertex -43.6806 10.4 42.125
    endloop
  endfacet
  facet normal 0 1 0
    outer loop
      vertex -49.1473 10.4 46.7464
      vertex -43.8518 10.4 41.7961
      vertex -49.3496 10.4 46.6175
    endloop
  endfacet
  facet normal 0 1 -0
    outer loop
      vertex -43.9937 10.4 41.4536
      vertex -49.3496 10.4 46.6175
      vertex -43.8518 10.4 41.7961
    endloop
  endfacet
  facet normal 0 1 0
    outer loop
      vertex -49.3496 10.4 46.6175
      vertex -43.9937 10.4 41.4536
      vertex -49.5624 10.4 46.5067
    endloop
  endfacet
  facet normal 0 1 0
    outer loop
      vertex -49.5624 10.4 46.5067
      vertex -43.9937 10.4 41.4536
      vertex -49.7841 10.4 46.4149
    endloop
  endfacet
  facet normal 0 1 -0
    outer loop
      vertex -44.1052 10.4 41.1
      vertex -49.7841 10.4 46.4149
      vertex -43.9937 10.4 41.4536
    endloop
  endfacet
  facet normal 0 1 0
    outer loop
      vertex -49.7841 10.4 46.4149
      vertex -44.1052 10.4 41.1
      vertex -50.0129 10.4 46.3427
    endloop
  endfacet
  facet normal 0 1 -0
    outer loop
      vertex -44.1854 10.4 40.738
      vertex -50.0129 10.4 46.3427
      vertex -44.1052 10.4 41.1
    endloop
  endfacet
  facet normal 0 1 0
    outer loop
      vertex -50.0129 10.4 46.3427
      vertex -44.1854 10.4 40.738
      vertex -50.2471 10.4 46.2908
    endloop
  endfacet
  facet normal 0 1 -0
    outer loop
      vertex -44.2338 10.4 40.3704
      vertex -50.2471 10.4 46.2908
      vertex -44.1854 10.4 40.738
    endloop
  endfacet
  facet normal 0 1 0
    outer loop
      vertex -50.7246 10.4 46.249
      vertex -60.681 10.4 43.6466
      vertex -60.2844 10.4 45.4352
    endloop
  endfacet
  facet normal 0 1 0
    outer loop
      vertex -50.2471 10.4 46.2908
      vertex -44.2338 10.4 40.3704
      vertex -50.4849 10.4 46.2595
    endloop
  endfacet
  facet normal 0 1 0
    outer loop
      vertex -50.7246 10.4 46.249
      vertex -60.9201 10.4 41.8303
      vertex -60.681 10.4 43.6466
    endloop
  endfacet
  facet normal 0 1 -0
    outer loop
      vertex -44.25 10.4 40
      vertex -50.4849 10.4 46.2595
      vertex -44.2338 10.4 40.3704
    endloop
  endfacet
  facet normal 0 1 0
    outer loop
      vertex -50.7246 10.4 46.249
      vertex -44.25 10.4 40
      vertex -44.2338 10.4 39.6296
    endloop
  endfacet
  facet normal 0 1 0
    outer loop
      vertex -50.7246 10.4 46.249
      vertex -61 10.4 40
      vertex -60.9201 10.4 41.8303
    endloop
  endfacet
  facet normal 0 1 0
    outer loop
      vertex -50.7246 10.4 46.249
      vertex -44.2338 10.4 39.6296
      vertex -44.1854 10.4 39.262
    endloop
  endfacet
  facet normal 0 1 0
    outer loop
      vertex -50.7246 10.4 46.249
      vertex -44.1854 10.4 39.262
      vertex -61 10.4 40
    endloop
  endfacet
  facet normal 0 1 0
    outer loop
      vertex -44.1052 10.4 38.9
      vertex -61 10.4 40
      vertex -44.1854 10.4 39.262
    endloop
  endfacet
  facet normal 0 1 0
    outer loop
      vertex -43.9937 10.4 38.5464
      vertex -61 10.4 40
      vertex -44.1052 10.4 38.9
    endloop
  endfacet
  facet normal 0 1 0
    outer loop
      vertex -43.8518 10.4 38.2039
      vertex -61 10.4 40
      vertex -43.9937 10.4 38.5464
    endloop
  endfacet
  facet normal 0 1 0
    outer loop
      vertex -43.6806 10.4 37.875
      vertex -61 10.4 40
      vertex -43.8518 10.4 38.2039
    endloop
  endfacet
  facet normal 0 1 0
    outer loop
      vertex -43.4814 10.4 37.5623
      vertex -61 10.4 40
      vertex -43.6806 10.4 37.875
    endloop
  endfacet
  facet normal 0 1 0
    outer loop
      vertex -43.2557 10.4 37.2682
      vertex -61 10.4 40
      vertex -43.4814 10.4 37.5623
    endloop
  endfacet
  facet normal 0 1 0
    outer loop
      vertex -43.0052 10.4 36.9948
      vertex -61 10.4 40
      vertex -43.2557 10.4 37.2682
    endloop
  endfacet
  facet normal 0 1 0
    outer loop
      vertex -40 10.4 19
      vertex -43.0052 10.4 36.9948
      vertex -42.7318 10.4 36.7443
    endloop
  endfacet
  facet normal 0 1 0
    outer loop
      vertex -40 10.4 19
      vertex -42.7318 10.4 36.7443
      vertex -42.4377 10.4 36.5186
    endloop
  endfacet
  facet normal 0 1 0
    outer loop
      vertex -40 10.4 19
      vertex -42.4377 10.4 36.5186
      vertex -42.125 10.4 36.3194
    endloop
  endfacet
  facet normal 0 1 0
    outer loop
      vertex -40 10.4 19
      vertex -42.125 10.4 36.3194
      vertex -41.7961 10.4 36.1482
    endloop
  endfacet
  facet normal 0 1 0
    outer loop
      vertex -40 10.4 19
      vertex -41.7961 10.4 36.1482
      vertex -41.4536 10.4 36.0063
    endloop
  endfacet
  facet normal 0 1 0
    outer loop
      vertex -40 10.4 19
      vertex -41.4536 10.4 36.0063
      vertex -41.1 10.4 35.8948
    endloop
  endfacet
  facet normal 0 1 0
    outer loop
      vertex -40 10.4 19
      vertex -41.1 10.4 35.8948
      vertex -40.738 10.4 35.8146
    endloop
  endfacet
  facet normal 0 1 0
    outer loop
      vertex -39.6296 10.4 35.7662
      vertex -40 10.4 19
      vertex -40 10.4 35.75
    endloop
  endfacet
  facet normal 0 1 0
    outer loop
      vertex -40 10.4 35.75
      vertex -40 10.4 19
      vertex -40.3704 10.4 35.7662
    endloop
  endfacet
  facet normal 0 1 0
    outer loop
      vertex -40.3704 10.4 35.7662
      vertex -40 10.4 19
      vertex -40.738 10.4 35.8146
    endloop
  endfacet
  facet normal 0 1 0
    outer loop
      vertex -43.0052 10.4 36.9948
      vertex -40 10.4 19
      vertex -61 10.4 40
    endloop
  endfacet
  facet normal 0 -1 0
    outer loop
      vertex 36.9948 4.4 43.0052
      vertex 40 4.4 61
      vertex 14.0114 4.4 61
    endloop
  endfacet
  facet normal -0 -1 0
    outer loop
      vertex 37.5623 4.4 43.4814
      vertex 40 4.4 61
      vertex 37.2682 4.4 43.2557
    endloop
  endfacet
  facet normal -0 -1 0
    outer loop
      vertex 38.2039 4.4 43.8518
      vertex 40 4.4 61
      vertex 37.875 4.4 43.6806
    endloop
  endfacet
  facet normal -0 -1 0
    outer loop
      vertex 38.9 4.4 44.1052
      vertex 40 4.4 61
      vertex 38.5464 4.4 43.9937
    endloop
  endfacet
  facet normal -0 -1 0
    outer loop
      vertex 39.6296 4.4 44.2338
      vertex 40 4.4 61
      vertex 39.262 4.4 44.1854
    endloop
  endfacet
  facet normal -0 -1 0
    outer loop
      vertex 40 4.4 44.25
      vertex 40 4.4 61
      vertex 39.6296 4.4 44.2338
    endloop
  endfacet
  facet normal 0 -1 0
    outer loop
      vertex 40 4.4 61
      vertex 48.1405 4.4 49.9396
      vertex 41.8303 4.4 60.9201
    endloop
  endfacet
  facet normal -0 -1 0
    outer loop
      vertex 49.1473 4.4 51.2517
      vertex 47.1824 4.4 59.7335
      vertex 48.957 4.4 51.1056
    endloop
  endfacet
  facet normal -0 -1 0
    outer loop
      vertex 49.5624 4.4 51.4914
      vertex 48.875 4.4 59.0325
      vertex 49.3496 4.4 51.3806
    endloop
  endfacet
  facet normal -0 -1 0
    outer loop
      vertex 50.2471 4.4 51.7072
      vertex 50.5 4.4 58.1865
      vertex 50.0129 4.4 51.6553
    endloop
  endfacet
  facet normal 0 -1 0
    outer loop
      vertex 50.9643 4.4 51.7386
      vertex 52.0451 4.4 57.2022
      vertex 50.7246 4.4 51.749
    endloop
  endfacet
  facet normal 0 -1 0
    outer loop
      vertex 51.4364 4.4 51.6553
      vertex 53.4985 4.4 56.0869
      vertex 51.2022 4.4 51.7072
    endloop
  endfacet
  facet normal 0 -1 0
    outer loop
      vertex 51.2022 4.4 51.7072
      vertex 53.4985 4.4 56.0869
      vertex 50.9643 4.4 51.7386
    endloop
  endfacet
  facet normal 0 -1 -0
    outer loop
      vertex 52.0451 4.4 57.2022
      vertex 50.9643 4.4 51.7386
      vertex 53.4985 4.4 56.0869
    endloop
  endfacet
  facet normal -0 -1 0
    outer loop
      vertex 50.7246 4.4 51.749
      vertex 52.0451 4.4 57.2022
      vertex 50.4849 4.4 51.7386
    endloop
  endfacet
  facet normal -0 -1 0
    outer loop
      vertex 50.4849 4.4 51.7386
      vertex 52.0451 4.4 57.2022
      vertex 50.2471 4.4 51.7072
    endloop
  endfacet
  facet normal 0 -1 -0
    outer loop
      vertex 50.5 4.4 58.1865
      vertex 50.2471 4.4 51.7072
      vertex 52.0451 4.4 57.2022
    endloop
  endfacet
  facet normal -0 -1 0
    outer loop
      vertex 50.0129 4.4 51.6553
      vertex 50.5 4.4 58.1865
      vertex 49.7841 4.4 51.5832
    endloop
  endfacet
  facet normal -0 -1 0
    outer loop
      vertex 49.7841 4.4 51.5832
      vertex 50.5 4.4 58.1865
      vertex 49.5624 4.4 51.4914
    endloop
  endfacet
  facet normal 0 -1 0
    outer loop
      vertex 48.875 4.4 59.0325
      vertex 49.5624 4.4 51.4914
      vertex 50.5 4.4 58.1865
    endloop
  endfacet
  facet normal -0 -1 0
    outer loop
      vertex 49.3496 4.4 51.3806
      vertex 48.875 4.4 59.0325
      vertex 49.1473 4.4 51.2517
    endloop
  endfacet
  facet normal 0 -1 0
    outer loop
      vertex 47.1824 4.4 59.7335
      vertex 49.1473 4.4 51.2517
      vertex 48.875 4.4 59.0325
    endloop
  endfacet
  facet normal -0 -1 0
    outer loop
      vertex 48.472 4.4 50.5764
      vertex 43.6466 4.4 60.681
      vertex 48.3431 4.4 50.374
    endloop
  endfacet
  facet normal -0 -1 0
    outer loop
      vertex 48.957 4.4 51.1056
      vertex 47.1824 4.4 59.7335
      vertex 48.7801 4.4 50.9436
    endloop
  endfacet
  facet normal -0 -1 0
    outer loop
      vertex 48.7801 4.4 50.9436
      vertex 45.4352 4.4 60.2844
      vertex 48.618 4.4 50.7667
    endloop
  endfacet
  facet normal 0 -1 0
    outer loop
      vertex 45.4352 4.4 60.2844
      vertex 48.7801 4.4 50.9436
      vertex 47.1824 4.4 59.7335
    endloop
  endfacet
  facet normal -0 -1 0
    outer loop
      vertex 48.618 4.4 50.7667
      vertex 45.4352 4.4 60.2844
      vertex 48.472 4.4 50.5764
    endloop
  endfacet
  facet normal 0 -1 0
    outer loop
      vertex 43.6466 4.4 60.681
      vertex 48.472 4.4 50.5764
      vertex 45.4352 4.4 60.2844
    endloop
  endfacet
  facet normal -0 -1 0
    outer loop
      vertex 48.3431 4.4 50.374
      vertex 43.6466 4.4 60.681
      vertex 48.2323 4.4 50.1612
    endloop
  endfacet
  facet normal 0 -1 0
    outer loop
      vertex 41.8303 4.4 60.9201
      vertex 48.2323 4.4 50.1612
      vertex 43.6466 4.4 60.681
    endloop
  endfacet
  facet normal 0 -1 0
    outer loop
      vertex 48.1405 4.4 49.9396
      vertex 40 4.4 44.25
      vertex 48.0683 4.4 49.7108
    endloop
  endfacet
  facet normal 0 -1 0
    outer loop
      vertex 40.3704 4.4 44.2338
      vertex 48.0683 4.4 49.7108
      vertex 40 4.4 44.25
    endloop
  endfacet
  facet normal 0 -1 0
    outer loop
      vertex 40.738 4.4 44.1854
      vertex 48.0164 4.4 49.4766
      vertex 40.3704 4.4 44.2338
    endloop
  endfacet
  facet normal 0 -1 0
    outer loop
      vertex 48.0164 4.4 49.4766
      vertex 40.738 4.4 44.1854
      vertex 47.9851 4.4 49.2387
    endloop
  endfacet
  facet normal 0 -1 0
    outer loop
      vertex 41.1 4.4 44.1052
      vertex 47.9851 4.4 49.2387
      vertex 40.738 4.4 44.1854
    endloop
  endfacet
  facet normal 0 -1 0
    outer loop
      vertex 47.9851 4.4 49.2387
      vertex 41.1 4.4 44.1052
      vertex 47.9746 4.4 48.999
    endloop
  endfacet
  facet normal 0 -1 0
    outer loop
      vertex 41.4536 4.4 43.9937
      vertex 47.9746 4.4 48.999
      vertex 41.1 4.4 44.1052
    endloop
  endfacet
  facet normal 0 -1 0
    outer loop
      vertex 41.7961 4.4 43.8518
      vertex 47.9851 4.4 48.7593
      vertex 41.4536 4.4 43.9937
    endloop
  endfacet
  facet normal 0 -1 -0
    outer loop
      vertex 47.9851 4.4 48.7593
      vertex 41.7961 4.4 43.8518
      vertex 48.0164 4.4 48.5215
    endloop
  endfacet
  facet normal 0 -1 -0
    outer loop
      vertex 48.0164 4.4 48.5215
      vertex 41.7961 4.4 43.8518
      vertex 48.0683 4.4 48.2873
    endloop
  endfacet
  facet normal 0 -1 0
    outer loop
      vertex 42.125 4.4 43.6806
      vertex 48.0683 4.4 48.2873
      vertex 41.7961 4.4 43.8518
    endloop
  endfacet
  facet normal 0 -1 -0
    outer loop
      vertex 48.0683 4.4 48.2873
      vertex 42.125 4.4 43.6806
      vertex 48.1405 4.4 48.0585
    endloop
  endfacet
  facet normal 0 -1 0
    outer loop
      vertex 42.4377 4.4 43.4814
      vertex 48.1405 4.4 48.0585
      vertex 42.125 4.4 43.6806
    endloop
  endfacet
  facet normal 0 -1 0
    outer loop
      vertex 42.7318 4.4 43.2557
      vertex 48.2323 4.4 47.8368
      vertex 42.4377 4.4 43.4814
    endloop
  endfacet
  facet normal 0 -1 0
    outer loop
      vertex 44.25 4.4 40
      vertex 50.7246 4.4 46.249
      vertex 50.4849 4.4 46.2595
    endloop
  endfacet
  facet normal 0 -1 -0
    outer loop
      vertex 48.472 4.4 47.4217
      vertex 43.2557 4.4 42.7318
      vertex 48.618 4.4 47.2314
    endloop
  endfacet
  facet normal 0 -1 0
    outer loop
      vertex 43.2557 4.4 42.7318
      vertex 48.472 4.4 47.4217
      vertex 43.0052 4.4 43.0052
    endloop
  endfacet
  facet normal 0 -1 -0
    outer loop
      vertex 48.3431 4.4 47.624
      vertex 43.0052 4.4 43.0052
      vertex 48.472 4.4 47.4217
    endloop
  endfacet
  facet normal 0 -1 0
    outer loop
      vertex 43.0052 4.4 43.0052
      vertex 48.3431 4.4 47.624
      vertex 42.7318 4.4 43.2557
    endloop
  endfacet
  facet normal 0 -1 -0
    outer loop
      vertex 48.2323 4.4 47.8368
      vertex 42.7318 4.4 43.2557
      vertex 48.3431 4.4 47.624
    endloop
  endfacet
  facet normal 0 -1 -0
    outer loop
      vertex 48.1405 4.4 48.0585
      vertex 42.4377 4.4 43.4814
      vertex 48.2323 4.4 47.8368
    endloop
  endfacet
  facet normal 0 -1 -0
    outer loop
      vertex 47.9746 4.4 48.999
      vertex 41.4536 4.4 43.9937
      vertex 47.9851 4.4 48.7593
    endloop
  endfacet
  facet normal 0 -1 0
    outer loop
      vertex 48.0683 4.4 49.7108
      vertex 40.3704 4.4 44.2338
      vertex 48.0164 4.4 49.4766
    endloop
  endfacet
  facet normal -0 -1 0
    outer loop
      vertex 48.2323 4.4 50.1612
      vertex 41.8303 4.4 60.9201
      vertex 48.1405 4.4 49.9396
    endloop
  endfacet
  facet normal -0 -1 0
    outer loop
      vertex 48.1405 4.4 49.9396
      vertex 40 4.4 61
      vertex 40 4.4 44.25
    endloop
  endfacet
  facet normal -0 -1 0
    outer loop
      vertex 39.262 4.4 44.1854
      vertex 40 4.4 61
      vertex 38.9 4.4 44.1052
    endloop
  endfacet
  facet normal -0 -1 0
    outer loop
      vertex 38.5464 4.4 43.9937
      vertex 40 4.4 61
      vertex 38.2039 4.4 43.8518
    endloop
  endfacet
  facet normal -0 -1 0
    outer loop
      vertex 37.875 4.4 43.6806
      vertex 40 4.4 61
      vertex 37.5623 4.4 43.4814
    endloop
  endfacet
  facet normal 0 -1 0
    outer loop
      vertex 40 4.4 61
      vertex 36.9948 4.4 43.0052
      vertex 37.2682 4.4 43.2557
    endloop
  endfacet
  facet normal 0 -1 0
    outer loop
      vertex 14.0114 4.4 61
      vertex 36.7443 4.4 42.7318
      vertex 36.9948 4.4 43.0052
    endloop
  endfacet
  facet normal 0 -1 0
    outer loop
      vertex 14.0114 4.4 61
      vertex 36.5186 4.4 42.4377
      vertex 36.7443 4.4 42.7318
    endloop
  endfacet
  facet normal 0 -1 0
    outer loop
      vertex 14.0114 4.4 61
      vertex 36.3194 4.4 42.125
      vertex 36.5186 4.4 42.4377
    endloop
  endfacet
  facet normal 0 -1 0
    outer loop
      vertex 14.0114 4.4 61
      vertex 36.1482 4.4 41.7961
      vertex 36.3194 4.4 42.125
    endloop
  endfacet
  facet normal 0 -1 0
    outer loop
      vertex 14.0114 4.4 61
      vertex 36.0063 4.4 41.4536
      vertex 36.1482 4.4 41.7961
    endloop
  endfacet
  facet normal 0 -1 0
    outer loop
      vertex 14.0114 4.4 61
      vertex 35.8948 4.4 41.1
      vertex 36.0063 4.4 41.4536
    endloop
  endfacet
  facet normal 0 -1 0
    outer loop
      vertex 14.0114 4.4 61
      vertex 35.8146 4.4 40.738
      vertex 35.8948 4.4 41.1
    endloop
  endfacet
  facet normal 0 -1 0
    outer loop
      vertex 14.0114 4.4 61
      vertex 35.7662 4.4 40.3704
      vertex 35.8146 4.4 40.738
    endloop
  endfacet
  facet normal 0 -1 0
    outer loop
      vertex 14.0114 4.4 61
      vertex 35.75 4.4 40
      vertex 35.7662 4.4 40.3704
    endloop
  endfacet
  facet normal 0 -1 0
    outer loop
      vertex 14.0114 4.4 61
      vertex 35.7662 4.4 39.6296
      vertex 35.75 4.4 40
    endloop
  endfacet
  facet normal 0 -1 0
    outer loop
      vertex 14.0114 4.4 61
      vertex 35.8146 4.4 39.262
      vertex 35.7662 4.4 39.6296
    endloop
  endfacet
  facet normal 0 -1 0
    outer loop
      vertex 30 4.4 19
      vertex 35.8146 4.4 39.262
      vertex 14.0114 4.4 61
    endloop
  endfacet
  facet normal 0 -1 -0
    outer loop
      vertex 35.8146 4.4 39.262
      vertex 30 4.4 19
      vertex 35.8948 4.4 38.9
    endloop
  endfacet
  facet normal 0 -1 -0
    outer loop
      vertex 35.8948 4.4 38.9
      vertex 30 4.4 19
      vertex 36.0063 4.4 38.5464
    endloop
  endfacet
  facet normal 0 -1 -0
    outer loop
      vertex 36.0063 4.4 38.5464
      vertex 30 4.4 19
      vertex 36.1482 4.4 38.2039
    endloop
  endfacet
  facet normal 0 -1 -0
    outer loop
      vertex 36.1482 4.4 38.2039
      vertex 30 4.4 19
      vertex 36.3194 4.4 37.875
    endloop
  endfacet
  facet normal 0 -1 -0
    outer loop
      vertex 36.3194 4.4 37.875
      vertex 30 4.4 19
      vertex 36.5186 4.4 37.5623
    endloop
  endfacet
  facet normal 0 -1 -0
    outer loop
      vertex 36.5186 4.4 37.5623
      vertex 30 4.4 19
      vertex 36.7443 4.4 37.2682
    endloop
  endfacet
  facet normal 0 -1 0
    outer loop
      vertex 39.262 4.4 35.8146
      vertex 40 4.4 19
      vertex 39.6296 4.4 35.7662
    endloop
  endfacet
  facet normal 0 -1 0
    outer loop
      vertex 38.9 4.4 35.8948
      vertex 40 4.4 19
      vertex 39.262 4.4 35.8146
    endloop
  endfacet
  facet normal 0 -1 0
    outer loop
      vertex 38.5464 4.4 36.0063
      vertex 40 4.4 19
      vertex 38.9 4.4 35.8948
    endloop
  endfacet
  facet normal 0 -1 0
    outer loop
      vertex 40 4.4 19
      vertex 38.5464 4.4 36.0063
      vertex 30 4.4 19
    endloop
  endfacet
  facet normal 0 -1 -0
    outer loop
      vertex 38.2039 4.4 36.1482
      vertex 30 4.4 19
      vertex 38.5464 4.4 36.0063
    endloop
  endfacet
  facet normal 0 -1 -0
    outer loop
      vertex 37.875 4.4 36.3194
      vertex 30 4.4 19
      vertex 38.2039 4.4 36.1482
    endloop
  endfacet
  facet normal 0 -1 -0
    outer loop
      vertex 37.5623 4.4 36.5186
      vertex 30 4.4 19
      vertex 37.875 4.4 36.3194
    endloop
  endfacet
  facet normal 0 -1 -0
    outer loop
      vertex 37.2682 4.4 36.7443
      vertex 30 4.4 19
      vertex 37.5623 4.4 36.5186
    endloop
  endfacet
  facet normal 0 -1 -0
    outer loop
      vertex 36.9948 4.4 36.9948
      vertex 30 4.4 19
      vertex 37.2682 4.4 36.7443
    endloop
  endfacet
  facet normal 0 -1 -0
    outer loop
      vertex 36.7443 4.4 37.2682
      vertex 30 4.4 19
      vertex 36.9948 4.4 36.9948
    endloop
  endfacet
  facet normal 0 -1 0
    outer loop
      vertex 14.0114 4.4 0
      vertex 30 4.4 19
      vertex 14.0114 4.4 61
    endloop
  endfacet
  facet normal 0 -1 -0
    outer loop
      vertex 30 4.4 19
      vertex 14.0114 4.4 0
      vertex 30 4.4 0
    endloop
  endfacet
  facet normal 0 -1 0
    outer loop
      vertex 51.6652 4.4 51.5832
      vertex 53.4985 4.4 56.0869
      vertex 51.4364 4.4 51.6553
    endloop
  endfacet
  facet normal 0 -1 -0
    outer loop
      vertex 53.4985 4.4 56.0869
      vertex 51.6652 4.4 51.5832
      vertex 54.8492 4.4 54.8492
    endloop
  endfacet
  facet normal 0 -1 0
    outer loop
      vertex 51.8868 4.4 51.4914
      vertex 54.8492 4.4 54.8492
      vertex 51.6652 4.4 51.5832
    endloop
  endfacet
  facet normal 0 -1 0
    outer loop
      vertex 52.0996 4.4 51.3806
      vertex 54.8492 4.4 54.8492
      vertex 51.8868 4.4 51.4914
    endloop
  endfacet
  facet normal 0 -1 0
    outer loop
      vertex 52.302 4.4 51.2517
      vertex 54.8492 4.4 54.8492
      vertex 52.0996 4.4 51.3806
    endloop
  endfacet
  facet normal 0 -1 0
    outer loop
      vertex 52.4923 4.4 51.1056
      vertex 54.8492 4.4 54.8492
      vertex 52.302 4.4 51.2517
    endloop
  endfacet
  facet normal 0 -1 -0
    outer loop
      vertex 54.8492 4.4 54.8492
      vertex 52.4923 4.4 51.1056
      vertex 56.0869 4.4 53.4985
    endloop
  endfacet
  facet normal 0 -1 0
    outer loop
      vertex 52.6692 4.4 50.9436
      vertex 56.0869 4.4 53.4985
      vertex 52.4923 4.4 51.1056
    endloop
  endfacet
  facet normal 0 -1 0
    outer loop
      vertex 52.8312 4.4 50.7667
      vertex 56.0869 4.4 53.4985
      vertex 52.6692 4.4 50.9436
    endloop
  endfacet
  facet normal 0 -1 0
    outer loop
      vertex 52.9773 4.4 50.5764
      vertex 56.0869 4.4 53.4985
      vertex 52.8312 4.4 50.7667
    endloop
  endfacet
  facet normal 0 -1 0
    outer loop
      vertex 53.1062 4.4 50.374
      vertex 56.0869 4.4 53.4985
      vertex 52.9773 4.4 50.5764
    endloop
  endfacet
  facet normal 0 -1 -0
    outer loop
      vertex 56.0869 4.4 53.4985
      vertex 53.1062 4.4 50.374
      vertex 57.2022 4.4 52.0451
    endloop
  endfacet
  facet normal 0 -1 0
    outer loop
      vertex 53.217 4.4 50.1612
      vertex 57.2022 4.4 52.0451
      vertex 53.1062 4.4 50.374
    endloop
  endfacet
  facet normal 0 -1 0
    outer loop
      vertex 53.3088 4.4 49.9396
      vertex 57.2022 4.4 52.0451
      vertex 53.217 4.4 50.1612
    endloop
  endfacet
  facet normal 0 -1 0
    outer loop
      vertex 53.3809 4.4 49.7108
      vertex 57.2022 4.4 52.0451
      vertex 53.3088 4.4 49.9396
    endloop
  endfacet
  facet normal 0 -1 0
    outer loop
      vertex 53.4328 4.4 49.4766
      vertex 57.2022 4.4 52.0451
      vertex 53.3809 4.4 49.7108
    endloop
  endfacet
  facet normal 0 -1 -0
    outer loop
      vertex 57.2022 4.4 52.0451
      vertex 53.4328 4.4 49.4766
      vertex 58.1865 4.4 50.5
    endloop
  endfacet
  facet normal 0 -1 0
    outer loop
      vertex 53.4642 4.4 49.2387
      vertex 58.1865 4.4 50.5
      vertex 53.4328 4.4 49.4766
    endloop
  endfacet
  facet normal 0 -1 0
    outer loop
      vertex 53.4746 4.4 48.999
      vertex 58.1865 4.4 50.5
      vertex 53.4642 4.4 49.2387
    endloop
  endfacet
  facet normal 0 -1 0
    outer loop
      vertex 53.4642 4.4 48.7593
      vertex 58.1865 4.4 50.5
      vertex 53.4746 4.4 48.999
    endloop
  endfacet
  facet normal 0 -1 -0
    outer loop
      vertex 58.1865 4.4 50.5
      vertex 53.4642 4.4 48.7593
      vertex 59.0325 4.4 48.875
    endloop
  endfacet
  facet normal 0 -1 0
    outer loop
      vertex 53.4328 4.4 48.5215
      vertex 59.0325 4.4 48.875
      vertex 53.4642 4.4 48.7593
    endloop
  endfacet
  facet normal 0 -1 0
    outer loop
      vertex 53.3809 4.4 48.2873
      vertex 59.0325 4.4 48.875
      vertex 53.4328 4.4 48.5215
    endloop
  endfacet
  facet normal 0 -1 0
    outer loop
      vertex 53.3088 4.4 48.0585
      vertex 59.0325 4.4 48.875
      vertex 53.3809 4.4 48.2873
    endloop
  endfacet
  facet normal 0 -1 0
    outer loop
      vertex 59.7335 4.4 47.1824
      vertex 53.3088 4.4 48.0585
      vertex 53.217 4.4 47.8368
    endloop
  endfacet
  facet normal 0 -1 0
    outer loop
      vertex 59.7335 4.4 47.1824
      vertex 53.217 4.4 47.8368
      vertex 53.1062 4.4 47.624
    endloop
  endfacet
  facet normal 0 -1 0
    outer loop
      vertex 59.7335 4.4 47.1824
      vertex 53.1062 4.4 47.624
      vertex 52.9773 4.4 47.4217
    endloop
  endfacet
  facet normal 0 -1 0
    outer loop
      vertex 60.2844 4.4 45.4352
      vertex 52.9773 4.4 47.4217
      vertex 52.8312 4.4 47.2314
    endloop
  endfacet
  facet normal 0 -1 0
    outer loop
      vertex 53.3088 4.4 48.0585
      vertex 59.7335 4.4 47.1824
      vertex 59.0325 4.4 48.875
    endloop
  endfacet
  facet normal 0 -1 0
    outer loop
      vertex 60.2844 4.4 45.4352
      vertex 52.8312 4.4 47.2314
      vertex 52.6692 4.4 47.0545
    endloop
  endfacet
  facet normal 0 -1 0
    outer loop
      vertex 60.2844 4.4 45.4352
      vertex 52.6692 4.4 47.0545
      vertex 52.4923 4.4 46.8924
    endloop
  endfacet
  facet normal 0 -1 0
    outer loop
      vertex 60.2844 4.4 45.4352
      vertex 52.4923 4.4 46.8924
      vertex 52.302 4.4 46.7464
    endloop
  endfacet
  facet normal 0 -1 0
    outer loop
      vertex 60.2844 4.4 45.4352
      vertex 52.302 4.4 46.7464
      vertex 52.0996 4.4 46.6175
    endloop
  endfacet
  facet normal 0 -1 0
    outer loop
      vertex 60.2844 4.4 45.4352
      vertex 52.0996 4.4 46.6175
      vertex 51.8868 4.4 46.5067
    endloop
  endfacet
  facet normal 0 -1 0
    outer loop
      vertex 60.2844 4.4 45.4352
      vertex 51.8868 4.4 46.5067
      vertex 51.6652 4.4 46.4149
    endloop
  endfacet
  facet normal 0 -1 0
    outer loop
      vertex 60.2844 4.4 45.4352
      vertex 51.6652 4.4 46.4149
      vertex 51.4364 4.4 46.3427
    endloop
  endfacet
  facet normal 0 -1 0
    outer loop
      vertex 60.2844 4.4 45.4352
      vertex 51.4364 4.4 46.3427
      vertex 51.2022 4.4 46.2908
    endloop
  endfacet
  facet normal 0 -1 0
    outer loop
      vertex 60.2844 4.4 45.4352
      vertex 51.2022 4.4 46.2908
      vertex 50.9643 4.4 46.2595
    endloop
  endfacet
  facet normal 0 -1 0
    outer loop
      vertex 52.9773 4.4 47.4217
      vertex 60.2844 4.4 45.4352
      vertex 59.7335 4.4 47.1824
    endloop
  endfacet
  facet normal 0 -1 0
    outer loop
      vertex 60.2844 4.4 45.4352
      vertex 50.9643 4.4 46.2595
      vertex 50.7246 4.4 46.249
    endloop
  endfacet
  facet normal 0 -1 -0
    outer loop
      vertex 48.618 4.4 47.2314
      vertex 43.2557 4.4 42.7318
      vertex 48.7801 4.4 47.0545
    endloop
  endfacet
  facet normal 0 -1 0
    outer loop
      vertex 43.4814 4.4 42.4377
      vertex 48.7801 4.4 47.0545
      vertex 43.2557 4.4 42.7318
    endloop
  endfacet
  facet normal 0 -1 -0
    outer loop
      vertex 48.7801 4.4 47.0545
      vertex 43.4814 4.4 42.4377
      vertex 48.957 4.4 46.8924
    endloop
  endfacet
  facet normal 0 -1 0
    outer loop
      vertex 43.6806 4.4 42.125
      vertex 48.957 4.4 46.8924
      vertex 43.4814 4.4 42.4377
    endloop
  endfacet
  facet normal 0 -1 -0
    outer loop
      vertex 48.957 4.4 46.8924
      vertex 43.6806 4.4 42.125
      vertex 49.1473 4.4 46.7464
    endloop
  endfacet
  facet normal 0 -1 0
    outer loop
      vertex 43.8518 4.4 41.7961
      vertex 49.1473 4.4 46.7464
      vertex 43.6806 4.4 42.125
    endloop
  endfacet
  facet normal 0 -1 -0
    outer loop
      vertex 49.1473 4.4 46.7464
      vertex 43.8518 4.4 41.7961
      vertex 49.3496 4.4 46.6175
    endloop
  endfacet
  facet normal 0 -1 0
    outer loop
      vertex 43.9937 4.4 41.4536
      vertex 49.3496 4.4 46.6175
      vertex 43.8518 4.4 41.7961
    endloop
  endfacet
  facet normal 0 -1 -0
    outer loop
      vertex 49.3496 4.4 46.6175
      vertex 43.9937 4.4 41.4536
      vertex 49.5624 4.4 46.5067
    endloop
  endfacet
  facet normal 0 -1 -0
    outer loop
      vertex 49.5624 4.4 46.5067
      vertex 43.9937 4.4 41.4536
      vertex 49.7841 4.4 46.4149
    endloop
  endfacet
  facet normal 0 -1 0
    outer loop
      vertex 44.1052 4.4 41.1
      vertex 49.7841 4.4 46.4149
      vertex 43.9937 4.4 41.4536
    endloop
  endfacet
  facet normal 0 -1 -0
    outer loop
      vertex 49.7841 4.4 46.4149
      vertex 44.1052 4.4 41.1
      vertex 50.0129 4.4 46.3427
    endloop
  endfacet
  facet normal 0 -1 0
    outer loop
      vertex 44.1854 4.4 40.738
      vertex 50.0129 4.4 46.3427
      vertex 44.1052 4.4 41.1
    endloop
  endfacet
  facet normal 0 -1 -0
    outer loop
      vertex 50.0129 4.4 46.3427
      vertex 44.1854 4.4 40.738
      vertex 50.2471 4.4 46.2908
    endloop
  endfacet
  facet normal 0 -1 0
    outer loop
      vertex 44.2338 4.4 40.3704
      vertex 50.2471 4.4 46.2908
      vertex 44.1854 4.4 40.738
    endloop
  endfacet
  facet normal 0 -1 0
    outer loop
      vertex 50.7246 4.4 46.249
      vertex 60.681 4.4 43.6466
      vertex 60.2844 4.4 45.4352
    endloop
  endfacet
  facet normal 0 -1 -0
    outer loop
      vertex 50.2471 4.4 46.2908
      vertex 44.2338 4.4 40.3704
      vertex 50.4849 4.4 46.2595
    endloop
  endfacet
  facet normal 0 -1 0
    outer loop
      vertex 50.7246 4.4 46.249
      vertex 60.9201 4.4 41.8303
      vertex 60.681 4.4 43.6466
    endloop
  endfacet
  facet normal 0 -1 0
    outer loop
      vertex 44.25 4.4 40
      vertex 50.4849 4.4 46.2595
      vertex 44.2338 4.4 40.3704
    endloop
  endfacet
  facet normal 0 -1 0
    outer loop
      vertex 50.7246 4.4 46.249
      vertex 44.25 4.4 40
      vertex 44.2338 4.4 39.6296
    endloop
  endfacet
  facet normal 0 -1 0
    outer loop
      vertex 50.7246 4.4 46.249
      vertex 61 4.4 40
      vertex 60.9201 4.4 41.8303
    endloop
  endfacet
  facet normal 0 -1 0
    outer loop
      vertex 50.7246 4.4 46.249
      vertex 44.2338 4.4 39.6296
      vertex 44.1854 4.4 39.262
    endloop
  endfacet
  facet normal 0 -1 -0
    outer loop
      vertex 50.7246 4.4 46.249
      vertex 44.1854 4.4 39.262
      vertex 61 4.4 40
    endloop
  endfacet
  facet normal 0 -1 0
    outer loop
      vertex 44.1052 4.4 38.9
      vertex 61 4.4 40
      vertex 44.1854 4.4 39.262
    endloop
  endfacet
  facet normal 0 -1 0
    outer loop
      vertex 43.9937 4.4 38.5464
      vertex 61 4.4 40
      vertex 44.1052 4.4 38.9
    endloop
  endfacet
  facet normal 0 -1 0
    outer loop
      vertex 43.8518 4.4 38.2039
      vertex 61 4.4 40
      vertex 43.9937 4.4 38.5464
    endloop
  endfacet
  facet normal 0 -1 0
    outer loop
      vertex 43.6806 4.4 37.875
      vertex 61 4.4 40
      vertex 43.8518 4.4 38.2039
    endloop
  endfacet
  facet normal 0 -1 0
    outer loop
      vertex 43.4814 4.4 37.5623
      vertex 61 4.4 40
      vertex 43.6806 4.4 37.875
    endloop
  endfacet
  facet normal 0 -1 0
    outer loop
      vertex 43.2557 4.4 37.2682
      vertex 61 4.4 40
      vertex 43.4814 4.4 37.5623
    endloop
  endfacet
  facet normal 0 -1 0
    outer loop
      vertex 43.0052 4.4 36.9948
      vertex 61 4.4 40
      vertex 43.2557 4.4 37.2682
    endloop
  endfacet
  facet normal 0 -1 0
    outer loop
      vertex 40 4.4 19
      vertex 43.0052 4.4 36.9948
      vertex 42.7318 4.4 36.7443
    endloop
  endfacet
  facet normal 0 -1 0
    outer loop
      vertex 40 4.4 19
      vertex 42.7318 4.4 36.7443
      vertex 42.4377 4.4 36.5186
    endloop
  endfacet
  facet normal 0 -1 0
    outer loop
      vertex 40 4.4 19
      vertex 42.4377 4.4 36.5186
      vertex 42.125 4.4 36.3194
    endloop
  endfacet
  facet normal 0 -1 0
    outer loop
      vertex 40 4.4 19
      vertex 42.125 4.4 36.3194
      vertex 41.7961 4.4 36.1482
    endloop
  endfacet
  facet normal 0 -1 0
    outer loop
      vertex 40 4.4 19
      vertex 41.7961 4.4 36.1482
      vertex 41.4536 4.4 36.0063
    endloop
  endfacet
  facet normal 0 -1 0
    outer loop
      vertex 40 4.4 19
      vertex 41.4536 4.4 36.0063
      vertex 41.1 4.4 35.8948
    endloop
  endfacet
  facet normal 0 -1 0
    outer loop
      vertex 40 4.4 19
      vertex 41.1 4.4 35.8948
      vertex 40.738 4.4 35.8146
    endloop
  endfacet
  facet normal 0 -1 0
    outer loop
      vertex 39.6296 4.4 35.7662
      vertex 40 4.4 19
      vertex 40 4.4 35.75
    endloop
  endfacet
  facet normal 0 -1 0
    outer loop
      vertex 40 4.4 35.75
      vertex 40 4.4 19
      vertex 40.3704 4.4 35.7662
    endloop
  endfacet
  facet normal 0 -1 -0
    outer loop
      vertex 40.3704 4.4 35.7662
      vertex 40 4.4 19
      vertex 40.738 4.4 35.8146
    endloop
  endfacet
  facet normal 0 -1 -0
    outer loop
      vertex 43.0052 4.4 36.9948
      vertex 40 4.4 19
      vertex 61 4.4 40
    endloop
  endfacet
  facet normal 0 -1 0
    outer loop
      vertex -52.0451 4.4 57.2022
      vertex -50.9643 4.4 51.7386
      vertex -50.7246 4.4 51.749
    endloop
  endfacet
  facet normal 0 -1 0
    outer loop
      vertex -56.0869 4.4 53.4985
      vertex -51.2022 4.4 51.7072
      vertex -50.9643 4.4 51.7386
    endloop
  endfacet
  facet normal 0 -1 0
    outer loop
      vertex -56.0869 4.4 53.4985
      vertex -51.4364 4.4 51.6553
      vertex -51.2022 4.4 51.7072
    endloop
  endfacet
  facet normal 0 -1 0
    outer loop
      vertex -56.0869 4.4 53.4985
      vertex -51.6652 4.4 51.5832
      vertex -51.4364 4.4 51.6553
    endloop
  endfacet
  facet normal 0 -1 0
    outer loop
      vertex -56.0869 4.4 53.4985
      vertex -51.8868 4.4 51.4914
      vertex -51.6652 4.4 51.5832
    endloop
  endfacet
  facet normal 0 -1 0
    outer loop
      vertex -56.0869 4.4 53.4985
      vertex -52.0996 4.4 51.3806
      vertex -51.8868 4.4 51.4914
    endloop
  endfacet
  facet normal 0 -1 0
    outer loop
      vertex -56.0869 4.4 53.4985
      vertex -52.302 4.4 51.2517
      vertex -52.0996 4.4 51.3806
    endloop
  endfacet
  facet normal 0 -1 0
    outer loop
      vertex -56.0869 4.4 53.4985
      vertex -52.4923 4.4 51.1056
      vertex -52.302 4.4 51.2517
    endloop
  endfacet
  facet normal 0 -1 0
    outer loop
      vertex -56.0869 4.4 53.4985
      vertex -52.6692 4.4 50.9436
      vertex -52.4923 4.4 51.1056
    endloop
  endfacet
  facet normal 0 -1 0
    outer loop
      vertex -56.0869 4.4 53.4985
      vertex -52.8312 4.4 50.7667
      vertex -52.6692 4.4 50.9436
    endloop
  endfacet
  facet normal 0 -1 0
    outer loop
      vertex -56.0869 4.4 53.4985
      vertex -52.9773 4.4 50.5764
      vertex -52.8312 4.4 50.7667
    endloop
  endfacet
  facet normal 0 -1 0
    outer loop
      vertex -53.4328 4.4 49.4766
      vertex -57.2022 4.4 52.0451
      vertex -58.1865 4.4 50.5
    endloop
  endfacet
  facet normal 0 -1 0
    outer loop
      vertex -56.0869 4.4 53.4985
      vertex -53.1062 4.4 50.374
      vertex -52.9773 4.4 50.5764
    endloop
  endfacet
  facet normal 0 -1 0
    outer loop
      vertex -57.2022 4.4 52.0451
      vertex -53.217 4.4 50.1612
      vertex -53.1062 4.4 50.374
    endloop
  endfacet
  facet normal 0 -1 0
    outer loop
      vertex -57.2022 4.4 52.0451
      vertex -53.3088 4.4 49.9396
      vertex -53.217 4.4 50.1612
    endloop
  endfacet
  facet normal 0 -1 0
    outer loop
      vertex -57.2022 4.4 52.0451
      vertex -53.3809 4.4 49.7108
      vertex -53.3088 4.4 49.9396
    endloop
  endfacet
  facet normal 0 -1 0
    outer loop
      vertex -57.2022 4.4 52.0451
      vertex -53.4328 4.4 49.4766
      vertex -53.3809 4.4 49.7108
    endloop
  endfacet
  facet normal 0 -1 0
    outer loop
      vertex -58.1865 4.4 50.5
      vertex -53.4642 4.4 49.2387
      vertex -53.4328 4.4 49.4766
    endloop
  endfacet
  facet normal 0 -1 0
    outer loop
      vertex -58.1865 4.4 50.5
      vertex -53.4746 4.4 48.999
      vertex -53.4642 4.4 49.2387
    endloop
  endfacet
  facet normal 0 -1 0
    outer loop
      vertex -53.4642 4.4 48.7593
      vertex -58.1865 4.4 50.5
      vertex -59.0325 4.4 48.875
    endloop
  endfacet
  facet normal 0 -1 0
    outer loop
      vertex -58.1865 4.4 50.5
      vertex -53.4642 4.4 48.7593
      vertex -53.4746 4.4 48.999
    endloop
  endfacet
  facet normal 0 -1 0
    outer loop
      vertex -59.0325 4.4 48.875
      vertex -53.4328 4.4 48.5215
      vertex -53.4642 4.4 48.7593
    endloop
  endfacet
  facet normal 0 -1 0
    outer loop
      vertex -59.0325 4.4 48.875
      vertex -53.3809 4.4 48.2873
      vertex -53.4328 4.4 48.5215
    endloop
  endfacet
  facet normal 0 -1 0
    outer loop
      vertex -59.0325 4.4 48.875
      vertex -53.3088 4.4 48.0585
      vertex -53.3809 4.4 48.2873
    endloop
  endfacet
  facet normal 0 -1 0
    outer loop
      vertex -59.7335 4.4 47.1824
      vertex -53.3088 4.4 48.0585
      vertex -59.0325 4.4 48.875
    endloop
  endfacet
  facet normal 0 -1 -0
    outer loop
      vertex -53.3088 4.4 48.0585
      vertex -59.7335 4.4 47.1824
      vertex -53.217 4.4 47.8368
    endloop
  endfacet
  facet normal 0 -1 -0
    outer loop
      vertex -53.217 4.4 47.8368
      vertex -59.7335 4.4 47.1824
      vertex -53.1062 4.4 47.624
    endloop
  endfacet
  facet normal 0 -1 -0
    outer loop
      vertex -53.1062 4.4 47.624
      vertex -59.7335 4.4 47.1824
      vertex -52.9773 4.4 47.4217
    endloop
  endfacet
  facet normal 0 -1 0
    outer loop
      vertex -60.2844 4.4 45.4352
      vertex -52.9773 4.4 47.4217
      vertex -59.7335 4.4 47.1824
    endloop
  endfacet
  facet normal 0 -1 -0
    outer loop
      vertex -52.9773 4.4 47.4217
      vertex -60.2844 4.4 45.4352
      vertex -52.8312 4.4 47.2314
    endloop
  endfacet
  facet normal 0 -1 -0
    outer loop
      vertex -52.8312 4.4 47.2314
      vertex -60.2844 4.4 45.4352
      vertex -52.6692 4.4 47.0545
    endloop
  endfacet
  facet normal 0 -1 0
    outer loop
      vertex -60.681 4.4 43.6466
      vertex -52.6692 4.4 47.0545
      vertex -60.2844 4.4 45.4352
    endloop
  endfacet
  facet normal 0 -1 -0
    outer loop
      vertex -52.6692 4.4 47.0545
      vertex -60.681 4.4 43.6466
      vertex -52.4923 4.4 46.8924
    endloop
  endfacet
  facet normal 0 -1 -0
    outer loop
      vertex -52.4923 4.4 46.8924
      vertex -60.681 4.4 43.6466
      vertex -52.302 4.4 46.7464
    endloop
  endfacet
  facet normal 0 -1 0
    outer loop
      vertex -60.9201 4.4 41.8303
      vertex -52.302 4.4 46.7464
      vertex -60.681 4.4 43.6466
    endloop
  endfacet
  facet normal 0 -1 -0
    outer loop
      vertex -52.302 4.4 46.7464
      vertex -60.9201 4.4 41.8303
      vertex -52.0996 4.4 46.6175
    endloop
  endfacet
  facet normal 0 -1 -0
    outer loop
      vertex -52.0996 4.4 46.6175
      vertex -60.9201 4.4 41.8303
      vertex -51.8868 4.4 46.5067
    endloop
  endfacet
  facet normal 0 -1 0
    outer loop
      vertex -61 4.4 40
      vertex -51.8868 4.4 46.5067
      vertex -60.9201 4.4 41.8303
    endloop
  endfacet
  facet normal 0 -1 -0
    outer loop
      vertex -51.6652 4.4 46.4149
      vertex -61 4.4 40
      vertex -51.4364 4.4 46.3427
    endloop
  endfacet
  facet normal 0 -1 -0
    outer loop
      vertex -51.8868 4.4 46.5067
      vertex -61 4.4 40
      vertex -51.6652 4.4 46.4149
    endloop
  endfacet
  facet normal 0 -1 0
    outer loop
      vertex -48.1405 4.4 49.9396
      vertex -40 4.4 61
      vertex -41.8303 4.4 60.9201
    endloop
  endfacet
  facet normal 0 -1 0
    outer loop
      vertex -48.2323 4.4 50.1612
      vertex -41.8303 4.4 60.9201
      vertex -43.6466 4.4 60.681
    endloop
  endfacet
  facet normal 0 -1 0
    outer loop
      vertex -48.472 4.4 50.5764
      vertex -43.6466 4.4 60.681
      vertex -45.4352 4.4 60.2844
    endloop
  endfacet
  facet normal 0 -1 0
    outer loop
      vertex -48.7801 4.4 50.9436
      vertex -45.4352 4.4 60.2844
      vertex -47.1824 4.4 59.7335
    endloop
  endfacet
  facet normal 0 -1 0
    outer loop
      vertex -49.1473 4.4 51.2517
      vertex -47.1824 4.4 59.7335
      vertex -48.875 4.4 59.0325
    endloop
  endfacet
  facet normal 0 -1 0
    outer loop
      vertex -49.5624 4.4 51.4914
      vertex -48.875 4.4 59.0325
      vertex -50.5 4.4 58.1865
    endloop
  endfacet
  facet normal 0 -1 0
    outer loop
      vertex -50.2471 4.4 51.7072
      vertex -50.5 4.4 58.1865
      vertex -52.0451 4.4 57.2022
    endloop
  endfacet
  facet normal 0 -1 0
    outer loop
      vertex -50.9643 4.4 51.7386
      vertex -52.0451 4.4 57.2022
      vertex -53.4985 4.4 56.0869
    endloop
  endfacet
  facet normal 0 -1 0
    outer loop
      vertex -50.9643 4.4 51.7386
      vertex -53.4985 4.4 56.0869
      vertex -54.8492 4.4 54.8492
    endloop
  endfacet
  facet normal 0 -1 0
    outer loop
      vertex -50.9643 4.4 51.7386
      vertex -54.8492 4.4 54.8492
      vertex -56.0869 4.4 53.4985
    endloop
  endfacet
  facet normal 0 -1 0
    outer loop
      vertex -53.1062 4.4 50.374
      vertex -56.0869 4.4 53.4985
      vertex -57.2022 4.4 52.0451
    endloop
  endfacet
  facet normal 0 -1 0
    outer loop
      vertex -52.0451 4.4 57.2022
      vertex -50.7246 4.4 51.749
      vertex -50.4849 4.4 51.7386
    endloop
  endfacet
  facet normal 0 -1 0
    outer loop
      vertex -52.0451 4.4 57.2022
      vertex -50.4849 4.4 51.7386
      vertex -50.2471 4.4 51.7072
    endloop
  endfacet
  facet normal 0 -1 0
    outer loop
      vertex -50.5 4.4 58.1865
      vertex -50.2471 4.4 51.7072
      vertex -50.0129 4.4 51.6553
    endloop
  endfacet
  facet normal 0 -1 0
    outer loop
      vertex -50.5 4.4 58.1865
      vertex -50.0129 4.4 51.6553
      vertex -49.7841 4.4 51.5832
    endloop
  endfacet
  facet normal 0 -1 0
    outer loop
      vertex -50.5 4.4 58.1865
      vertex -49.7841 4.4 51.5832
      vertex -49.5624 4.4 51.4914
    endloop
  endfacet
  facet normal 0 -1 0
    outer loop
      vertex -48.875 4.4 59.0325
      vertex -49.5624 4.4 51.4914
      vertex -49.3496 4.4 51.3806
    endloop
  endfacet
  facet normal 0 -1 0
    outer loop
      vertex -48.875 4.4 59.0325
      vertex -49.3496 4.4 51.3806
      vertex -49.1473 4.4 51.2517
    endloop
  endfacet
  facet normal 0 -1 0
    outer loop
      vertex -47.1824 4.4 59.7335
      vertex -49.1473 4.4 51.2517
      vertex -48.957 4.4 51.1056
    endloop
  endfacet
  facet normal 0 -1 0
    outer loop
      vertex -47.1824 4.4 59.7335
      vertex -48.957 4.4 51.1056
      vertex -48.7801 4.4 50.9436
    endloop
  endfacet
  facet normal 0 -1 0
    outer loop
      vertex -45.4352 4.4 60.2844
      vertex -48.7801 4.4 50.9436
      vertex -48.618 4.4 50.7667
    endloop
  endfacet
  facet normal 0 -1 0
    outer loop
      vertex -45.4352 4.4 60.2844
      vertex -48.618 4.4 50.7667
      vertex -48.472 4.4 50.5764
    endloop
  endfacet
  facet normal 0 -1 0
    outer loop
      vertex -43.6466 4.4 60.681
      vertex -48.472 4.4 50.5764
      vertex -48.3431 4.4 50.374
    endloop
  endfacet
  facet normal 0 -1 0
    outer loop
      vertex -43.6466 4.4 60.681
      vertex -48.3431 4.4 50.374
      vertex -48.2323 4.4 50.1612
    endloop
  endfacet
  facet normal 0 -1 0
    outer loop
      vertex -41.8303 4.4 60.9201
      vertex -48.2323 4.4 50.1612
      vertex -48.1405 4.4 49.9396
    endloop
  endfacet
  facet normal 0 -1 -0
    outer loop
      vertex -40 4.4 61
      vertex -48.1405 4.4 49.9396
      vertex -40 4.4 44.25
    endloop
  endfacet
  facet normal 0 -1 0
    outer loop
      vertex -40 4.4 44.25
      vertex -48.1405 4.4 49.9396
      vertex -48.0683 4.4 49.7108
    endloop
  endfacet
  facet normal 0 -1 0
    outer loop
      vertex -40.3704 4.4 44.2338
      vertex -48.0683 4.4 49.7108
      vertex -48.0164 4.4 49.4766
    endloop
  endfacet
  facet normal 0 -1 0
    outer loop
      vertex -40.3704 4.4 44.2338
      vertex -48.0164 4.4 49.4766
      vertex -47.9851 4.4 49.2387
    endloop
  endfacet
  facet normal 0 -1 0
    outer loop
      vertex -40.3704 4.4 44.2338
      vertex -47.9851 4.4 49.2387
      vertex -47.9746 4.4 48.999
    endloop
  endfacet
  facet normal 0 -1 0
    outer loop
      vertex -40.3704 4.4 44.2338
      vertex -47.9746 4.4 48.999
      vertex -47.9851 4.4 48.7593
    endloop
  endfacet
  facet normal 0 -1 0
    outer loop
      vertex -40.3704 4.4 44.2338
      vertex -47.9851 4.4 48.7593
      vertex -48.0164 4.4 48.5215
    endloop
  endfacet
  facet normal 0 -1 0
    outer loop
      vertex -40.3704 4.4 44.2338
      vertex -48.0164 4.4 48.5215
      vertex -48.0683 4.4 48.2873
    endloop
  endfacet
  facet normal 0 -1 0
    outer loop
      vertex -40.3704 4.4 44.2338
      vertex -48.0683 4.4 48.2873
      vertex -48.1405 4.4 48.0585
    endloop
  endfacet
  facet normal 0 -1 0
    outer loop
      vertex -40.3704 4.4 44.2338
      vertex -48.1405 4.4 48.0585
      vertex -48.2323 4.4 47.8368
    endloop
  endfacet
  facet normal 0 -1 0
    outer loop
      vertex -40.3704 4.4 44.2338
      vertex -48.2323 4.4 47.8368
      vertex -48.3431 4.4 47.624
    endloop
  endfacet
  facet normal 0 -1 0
    outer loop
      vertex -40.3704 4.4 44.2338
      vertex -48.3431 4.4 47.624
      vertex -48.472 4.4 47.4217
    endloop
  endfacet
  facet normal 0 -1 0
    outer loop
      vertex -40.3704 4.4 44.2338
      vertex -48.472 4.4 47.4217
      vertex -48.618 4.4 47.2314
    endloop
  endfacet
  facet normal 0 -1 0
    outer loop
      vertex -40.3704 4.4 44.2338
      vertex -48.618 4.4 47.2314
      vertex -48.7801 4.4 47.0545
    endloop
  endfacet
  facet normal 0 -1 0
    outer loop
      vertex -40.3704 4.4 44.2338
      vertex -48.7801 4.4 47.0545
      vertex -48.957 4.4 46.8924
    endloop
  endfacet
  facet normal 0 -1 0
    outer loop
      vertex -40.3704 4.4 44.2338
      vertex -48.957 4.4 46.8924
      vertex -49.1473 4.4 46.7464
    endloop
  endfacet
  facet normal 0 -1 0
    outer loop
      vertex -40.3704 4.4 44.2338
      vertex -49.1473 4.4 46.7464
      vertex -49.3496 4.4 46.6175
    endloop
  endfacet
  facet normal 0 -1 0
    outer loop
      vertex -40.3704 4.4 44.2338
      vertex -49.3496 4.4 46.6175
      vertex -49.5624 4.4 46.5067
    endloop
  endfacet
  facet normal 0 -1 0
    outer loop
      vertex -40.3704 4.4 44.2338
      vertex -49.5624 4.4 46.5067
      vertex -49.7841 4.4 46.4149
    endloop
  endfacet
  facet normal 0 -1 -0
    outer loop
      vertex -51.4364 4.4 46.3427
      vertex -61 4.4 40
      vertex -51.2022 4.4 46.2908
    endloop
  endfacet
  facet normal 0 -1 0
    outer loop
      vertex -44.1854 4.4 39.262
      vertex -51.2022 4.4 46.2908
      vertex -61 4.4 40
    endloop
  endfacet
  facet normal 0 -1 0
    outer loop
      vertex -40.3704 4.4 44.2338
      vertex -50.2471 4.4 46.2908
      vertex -50.4849 4.4 46.2595
    endloop
  endfacet
  facet normal 0 -1 0
    outer loop
      vertex -40.3704 4.4 44.2338
      vertex -50.0129 4.4 46.3427
      vertex -50.2471 4.4 46.2908
    endloop
  endfacet
  facet normal 0 -1 0
    outer loop
      vertex -40.3704 4.4 44.2338
      vertex -49.7841 4.4 46.4149
      vertex -50.0129 4.4 46.3427
    endloop
  endfacet
  facet normal 0 -1 0
    outer loop
      vertex -40 4.4 61
      vertex -40 4.4 44.25
      vertex -39.6296 4.4 44.2338
    endloop
  endfacet
  facet normal 0 -1 0
    outer loop
      vertex -40 4.4 61
      vertex -39.6296 4.4 44.2338
      vertex -39.262 4.4 44.1854
    endloop
  endfacet
  facet normal 0 -1 0
    outer loop
      vertex -40 4.4 61
      vertex -39.262 4.4 44.1854
      vertex -38.9 4.4 44.1052
    endloop
  endfacet
  facet normal 0 -1 0
    outer loop
      vertex -40 4.4 61
      vertex -38.9 4.4 44.1052
      vertex -38.5464 4.4 43.9937
    endloop
  endfacet
  facet normal 0 -1 0
    outer loop
      vertex -40 4.4 61
      vertex -38.5464 4.4 43.9937
      vertex -38.2039 4.4 43.8518
    endloop
  endfacet
  facet normal 0 -1 0
    outer loop
      vertex -40 4.4 61
      vertex -38.2039 4.4 43.8518
      vertex -37.875 4.4 43.6806
    endloop
  endfacet
  facet normal 0 -1 0
    outer loop
      vertex -40 4.4 61
      vertex -37.875 4.4 43.6806
      vertex -37.5623 4.4 43.4814
    endloop
  endfacet
  facet normal 0 -1 0
    outer loop
      vertex -40 4.4 61
      vertex -37.5623 4.4 43.4814
      vertex -37.2682 4.4 43.2557
    endloop
  endfacet
  facet normal 0 -1 0
    outer loop
      vertex -36.9948 4.4 43.0052
      vertex -40 4.4 61
      vertex -37.2682 4.4 43.2557
    endloop
  endfacet
  facet normal 0 -1 0
    outer loop
      vertex -40 4.4 61
      vertex -36.9948 4.4 43.0052
      vertex -14.0114 4.4 61
    endloop
  endfacet
  facet normal 0 -1 0
    outer loop
      vertex -36.7443 4.4 42.7318
      vertex -14.0114 4.4 61
      vertex -36.9948 4.4 43.0052
    endloop
  endfacet
  facet normal 0 -1 0
    outer loop
      vertex -36.5186 4.4 42.4377
      vertex -14.0114 4.4 61
      vertex -36.7443 4.4 42.7318
    endloop
  endfacet
  facet normal 0 -1 0
    outer loop
      vertex -36.3194 4.4 42.125
      vertex -14.0114 4.4 61
      vertex -36.5186 4.4 42.4377
    endloop
  endfacet
  facet normal 0 -1 0
    outer loop
      vertex -36.1482 4.4 41.7961
      vertex -14.0114 4.4 61
      vertex -36.3194 4.4 42.125
    endloop
  endfacet
  facet normal 0 -1 0
    outer loop
      vertex -36.0063 4.4 41.4536
      vertex -14.0114 4.4 61
      vertex -36.1482 4.4 41.7961
    endloop
  endfacet
  facet normal 0 -1 0
    outer loop
      vertex -35.8948 4.4 41.1
      vertex -14.0114 4.4 61
      vertex -36.0063 4.4 41.4536
    endloop
  endfacet
  facet normal 0 -1 0
    outer loop
      vertex -35.8146 4.4 40.738
      vertex -14.0114 4.4 61
      vertex -35.8948 4.4 41.1
    endloop
  endfacet
  facet normal 0 -1 0
    outer loop
      vertex -35.7662 4.4 40.3704
      vertex -14.0114 4.4 61
      vertex -35.8146 4.4 40.738
    endloop
  endfacet
  facet normal 0 -1 0
    outer loop
      vertex -35.75 4.4 40
      vertex -14.0114 4.4 61
      vertex -35.7662 4.4 40.3704
    endloop
  endfacet
  facet normal 0 -1 0
    outer loop
      vertex -35.7662 4.4 39.6296
      vertex -14.0114 4.4 61
      vertex -35.75 4.4 40
    endloop
  endfacet
  facet normal 0 -1 0
    outer loop
      vertex -35.8146 4.4 39.262
      vertex -14.0114 4.4 61
      vertex -35.7662 4.4 39.6296
    endloop
  endfacet
  facet normal 0 -1 0
    outer loop
      vertex -30 4.4 19
      vertex -35.8146 4.4 39.262
      vertex -35.8948 4.4 38.9
    endloop
  endfacet
  facet normal 0 -1 0
    outer loop
      vertex -30 4.4 19
      vertex -35.8948 4.4 38.9
      vertex -36.0063 4.4 38.5464
    endloop
  endfacet
  facet normal 0 -1 0
    outer loop
      vertex -30 4.4 19
      vertex -36.0063 4.4 38.5464
      vertex -36.1482 4.4 38.2039
    endloop
  endfacet
  facet normal 0 -1 0
    outer loop
      vertex -30 4.4 19
      vertex -36.1482 4.4 38.2039
      vertex -36.3194 4.4 37.875
    endloop
  endfacet
  facet normal 0 -1 0
    outer loop
      vertex -30 4.4 19
      vertex -36.3194 4.4 37.875
      vertex -36.5186 4.4 37.5623
    endloop
  endfacet
  facet normal 0 -1 0
    outer loop
      vertex -30 4.4 19
      vertex -36.5186 4.4 37.5623
      vertex -36.7443 4.4 37.2682
    endloop
  endfacet
  facet normal 0 -1 0
    outer loop
      vertex -30 4.4 19
      vertex -36.7443 4.4 37.2682
      vertex -36.9948 4.4 36.9948
    endloop
  endfacet
  facet normal 0 -1 0
    outer loop
      vertex -40 4.4 19
      vertex -39.6296 4.4 35.7662
      vertex -40 4.4 35.75
    endloop
  endfacet
  facet normal 0 -1 0
    outer loop
      vertex -40 4.4 19
      vertex -39.262 4.4 35.8146
      vertex -39.6296 4.4 35.7662
    endloop
  endfacet
  facet normal 0 -1 0
    outer loop
      vertex -40 4.4 19
      vertex -38.9 4.4 35.8948
      vertex -39.262 4.4 35.8146
    endloop
  endfacet
  facet normal 0 -1 0
    outer loop
      vertex -40 4.4 19
      vertex -38.5464 4.4 36.0063
      vertex -38.9 4.4 35.8948
    endloop
  endfacet
  facet normal 0 -1 0
    outer loop
      vertex -30 4.4 19
      vertex -38.5464 4.4 36.0063
      vertex -40 4.4 19
    endloop
  endfacet
  facet normal 0 -1 0
    outer loop
      vertex -38.5464 4.4 36.0063
      vertex -30 4.4 19
      vertex -38.2039 4.4 36.1482
    endloop
  endfacet
  facet normal 0 -1 0
    outer loop
      vertex -38.2039 4.4 36.1482
      vertex -30 4.4 19
      vertex -37.875 4.4 36.3194
    endloop
  endfacet
  facet normal 0 -1 0
    outer loop
      vertex -37.875 4.4 36.3194
      vertex -30 4.4 19
      vertex -37.5623 4.4 36.5186
    endloop
  endfacet
  facet normal 0 -1 0
    outer loop
      vertex -37.5623 4.4 36.5186
      vertex -30 4.4 19
      vertex -37.2682 4.4 36.7443
    endloop
  endfacet
  facet normal 0 -1 0
    outer loop
      vertex -37.2682 4.4 36.7443
      vertex -30 4.4 19
      vertex -36.9948 4.4 36.9948
    endloop
  endfacet
  facet normal 0 -1 0
    outer loop
      vertex -35.8146 4.4 39.262
      vertex -30 4.4 19
      vertex -14.0114 4.4 61
    endloop
  endfacet
  facet normal 0 -1 0
    outer loop
      vertex -14.0114 4.4 0
      vertex -30 4.4 19
      vertex -30 4.4 0
    endloop
  endfacet
  facet normal 0 -1 0
    outer loop
      vertex -30 4.4 19
      vertex -14.0114 4.4 0
      vertex -14.0114 4.4 61
    endloop
  endfacet
  facet normal 0 -1 0
    outer loop
      vertex -48.0683 4.4 49.7108
      vertex -40.3704 4.4 44.2338
      vertex -40 4.4 44.25
    endloop
  endfacet
  facet normal 0 -1 0
    outer loop
      vertex -50.4849 4.4 46.2595
      vertex -40.738 4.4 44.1854
      vertex -40.3704 4.4 44.2338
    endloop
  endfacet
  facet normal 0 -1 0
    outer loop
      vertex -50.4849 4.4 46.2595
      vertex -41.1 4.4 44.1052
      vertex -40.738 4.4 44.1854
    endloop
  endfacet
  facet normal 0 -1 0
    outer loop
      vertex -50.4849 4.4 46.2595
      vertex -41.4536 4.4 43.9937
      vertex -41.1 4.4 44.1052
    endloop
  endfacet
  facet normal 0 -1 0
    outer loop
      vertex -50.4849 4.4 46.2595
      vertex -41.7961 4.4 43.8518
      vertex -41.4536 4.4 43.9937
    endloop
  endfacet
  facet normal 0 -1 0
    outer loop
      vertex -50.4849 4.4 46.2595
      vertex -42.125 4.4 43.6806
      vertex -41.7961 4.4 43.8518
    endloop
  endfacet
  facet normal 0 -1 0
    outer loop
      vertex -51.2022 4.4 46.2908
      vertex -44.1854 4.4 39.262
      vertex -50.9643 4.4 46.2595
    endloop
  endfacet
  facet normal 0 -1 0
    outer loop
      vertex -50.4849 4.4 46.2595
      vertex -42.4377 4.4 43.4814
      vertex -42.125 4.4 43.6806
    endloop
  endfacet
  facet normal 0 -1 0
    outer loop
      vertex -50.4849 4.4 46.2595
      vertex -42.7318 4.4 43.2557
      vertex -42.4377 4.4 43.4814
    endloop
  endfacet
  facet normal 0 -1 0
    outer loop
      vertex -50.4849 4.4 46.2595
      vertex -43.0052 4.4 43.0052
      vertex -42.7318 4.4 43.2557
    endloop
  endfacet
  facet normal 0 -1 0
    outer loop
      vertex -50.4849 4.4 46.2595
      vertex -43.2557 4.4 42.7318
      vertex -43.0052 4.4 43.0052
    endloop
  endfacet
  facet normal 0 -1 0
    outer loop
      vertex -50.4849 4.4 46.2595
      vertex -43.4814 4.4 42.4377
      vertex -43.2557 4.4 42.7318
    endloop
  endfacet
  facet normal 0 -1 0
    outer loop
      vertex -50.4849 4.4 46.2595
      vertex -43.6806 4.4 42.125
      vertex -43.4814 4.4 42.4377
    endloop
  endfacet
  facet normal -0 -1 -0
    outer loop
      vertex -44.2338 4.4 39.6296
      vertex -50.9643 4.4 46.2595
      vertex -44.1854 4.4 39.262
    endloop
  endfacet
  facet normal 0 -1 0
    outer loop
      vertex -50.4849 4.4 46.2595
      vertex -43.8518 4.4 41.7961
      vertex -43.6806 4.4 42.125
    endloop
  endfacet
  facet normal 0 -1 0
    outer loop
      vertex -50.4849 4.4 46.2595
      vertex -43.9937 4.4 41.4536
      vertex -43.8518 4.4 41.7961
    endloop
  endfacet
  facet normal 0 -1 0
    outer loop
      vertex -50.4849 4.4 46.2595
      vertex -44.1052 4.4 41.1
      vertex -43.9937 4.4 41.4536
    endloop
  endfacet
  facet normal 0 -1 0
    outer loop
      vertex -50.4849 4.4 46.2595
      vertex -44.1854 4.4 40.738
      vertex -44.1052 4.4 41.1
    endloop
  endfacet
  facet normal 0 -1 0
    outer loop
      vertex -50.4849 4.4 46.2595
      vertex -44.2338 4.4 40.3704
      vertex -44.1854 4.4 40.738
    endloop
  endfacet
  facet normal 0 -1 0
    outer loop
      vertex -50.9643 4.4 46.2595
      vertex -44.2338 4.4 39.6296
      vertex -50.7246 4.4 46.249
    endloop
  endfacet
  facet normal 0 -1 0
    outer loop
      vertex -50.4849 4.4 46.2595
      vertex -44.25 4.4 40
      vertex -44.2338 4.4 40.3704
    endloop
  endfacet
  facet normal 0 -1 0
    outer loop
      vertex -50.7246 4.4 46.249
      vertex -44.25 4.4 40
      vertex -50.4849 4.4 46.2595
    endloop
  endfacet
  facet normal -0 -1 -0
    outer loop
      vertex -44.25 4.4 40
      vertex -50.7246 4.4 46.249
      vertex -44.2338 4.4 39.6296
    endloop
  endfacet
  facet normal 0 -1 0
    outer loop
      vertex -61 4.4 40
      vertex -44.1052 4.4 38.9
      vertex -44.1854 4.4 39.262
    endloop
  endfacet
  facet normal 0 -1 0
    outer loop
      vertex -61 4.4 40
      vertex -43.9937 4.4 38.5464
      vertex -44.1052 4.4 38.9
    endloop
  endfacet
  facet normal 0 -1 0
    outer loop
      vertex -61 4.4 40
      vertex -43.8518 4.4 38.2039
      vertex -43.9937 4.4 38.5464
    endloop
  endfacet
  facet normal 0 -1 0
    outer loop
      vertex -61 4.4 40
      vertex -43.6806 4.4 37.875
      vertex -43.8518 4.4 38.2039
    endloop
  endfacet
  facet normal 0 -1 0
    outer loop
      vertex -61 4.4 40
      vertex -43.4814 4.4 37.5623
      vertex -43.6806 4.4 37.875
    endloop
  endfacet
  facet normal 0 -1 0
    outer loop
      vertex -61 4.4 40
      vertex -43.2557 4.4 37.2682
      vertex -43.4814 4.4 37.5623
    endloop
  endfacet
  facet normal 0 -1 0
    outer loop
      vertex -61 4.4 40
      vertex -43.0052 4.4 36.9948
      vertex -43.2557 4.4 37.2682
    endloop
  endfacet
  facet normal 0 -1 0
    outer loop
      vertex -40 4.4 19
      vertex -43.0052 4.4 36.9948
      vertex -61 4.4 40
    endloop
  endfacet
  facet normal 0 -1 0
    outer loop
      vertex -43.0052 4.4 36.9948
      vertex -40 4.4 19
      vertex -42.7318 4.4 36.7443
    endloop
  endfacet
  facet normal 0 -1 0
    outer loop
      vertex -42.7318 4.4 36.7443
      vertex -40 4.4 19
      vertex -42.4377 4.4 36.5186
    endloop
  endfacet
  facet normal 0 -1 0
    outer loop
      vertex -42.4377 4.4 36.5186
      vertex -40 4.4 19
      vertex -42.125 4.4 36.3194
    endloop
  endfacet
  facet normal 0 -1 0
    outer loop
      vertex -42.125 4.4 36.3194
      vertex -40 4.4 19
      vertex -41.7961 4.4 36.1482
    endloop
  endfacet
  facet normal 0 -1 0
    outer loop
      vertex -41.7961 4.4 36.1482
      vertex -40 4.4 19
      vertex -41.4536 4.4 36.0063
    endloop
  endfacet
  facet normal 0 -1 0
    outer loop
      vertex -41.4536 4.4 36.0063
      vertex -40 4.4 19
      vertex -41.1 4.4 35.8948
    endloop
  endfacet
  facet normal 0 -1 0
    outer loop
      vertex -40.3704 4.4 35.7662
      vertex -40 4.4 19
      vertex -40 4.4 35.75
    endloop
  endfacet
  facet normal 0 -1 0
    outer loop
      vertex -40.738 4.4 35.8146
      vertex -40 4.4 19
      vertex -40.3704 4.4 35.7662
    endloop
  endfacet
  facet normal 0 -1 0
    outer loop
      vertex -41.1 4.4 35.8948
      vertex -40 4.4 19
      vertex -40.738 4.4 35.8146
    endloop
  endfacet
  facet normal 0 0 -1
    outer loop
      vertex 30 4.4 19
      vertex 40 10.4 19
      vertex 40 4.4 19
    endloop
  endfacet
  facet normal -0 0 -1
    outer loop
      vertex 40 10.4 19
      vertex 30 4.4 19
      vertex 30 10.4 19
    endloop
  endfacet
  facet normal 0.707107 0 -0.707107
    outer loop
      vertex 61 4.4 40
      vertex 40 10.4 19
      vertex 61 10.4 40
    endloop
  endfacet
  facet normal 0.707107 0 -0.707107
    outer loop
      vertex 40 10.4 19
      vertex 61 4.4 40
      vertex 40 4.4 19
    endloop
  endfacet
  facet normal 0.999049 -0 0.0436125
    outer loop
      vertex 60.9201 4.4 41.8303
      vertex 61 10.4 40
      vertex 60.9201 10.4 41.8303
    endloop
  endfacet
  facet normal 0.999049 0 0.0436125
    outer loop
      vertex 61 10.4 40
      vertex 60.9201 4.4 41.8303
      vertex 61 4.4 40
    endloop
  endfacet
  facet normal 0.991446 -0 0.130515
    outer loop
      vertex 60.681 4.4 43.6466
      vertex 60.9201 10.4 41.8303
      vertex 60.681 10.4 43.6466
    endloop
  endfacet
  facet normal 0.991446 0 0.130515
    outer loop
      vertex 60.9201 10.4 41.8303
      vertex 60.681 4.4 43.6466
      vertex 60.9201 4.4 41.8303
    endloop
  endfacet
  facet normal 0.976287 -0 0.21648
    outer loop
      vertex 60.2844 4.4 45.4352
      vertex 60.681 10.4 43.6466
      vertex 60.2844 10.4 45.4352
    endloop
  endfacet
  facet normal 0.976287 0 0.21648
    outer loop
      vertex 60.681 10.4 43.6466
      vertex 60.2844 4.4 45.4352
      vertex 60.681 4.4 43.6466
    endloop
  endfacet
  facet normal 0.953715 -0 0.300711
    outer loop
      vertex 59.7335 4.4 47.1824
      vertex 60.2844 10.4 45.4352
      vertex 59.7335 10.4 47.1824
    endloop
  endfacet
  facet normal 0.953715 0 0.300711
    outer loop
      vertex 60.2844 10.4 45.4352
      vertex 59.7335 4.4 47.1824
      vertex 60.2844 4.4 45.4352
    endloop
  endfacet
  facet normal 0.923898 -0 0.382638
    outer loop
      vertex 59.0325 4.4 48.875
      vertex 59.7335 10.4 47.1824
      vertex 59.0325 10.4 48.875
    endloop
  endfacet
  facet normal 0.923898 0 0.382638
    outer loop
      vertex 59.7335 10.4 47.1824
      vertex 59.0325 4.4 48.875
      vertex 59.7335 4.4 47.1824
    endloop
  endfacet
  facet normal 0.886993 -0 0.461782
    outer loop
      vertex 58.1865 4.4 50.5
      vertex 59.0325 10.4 48.875
      vertex 58.1865 10.4 50.5
    endloop
  endfacet
  facet normal 0.886993 0 0.461782
    outer loop
      vertex 59.0325 10.4 48.875
      vertex 58.1865 4.4 50.5
      vertex 59.0325 4.4 48.875
    endloop
  endfacet
  facet normal 0.843401 -0 0.537285
    outer loop
      vertex 57.2022 4.4 52.0451
      vertex 58.1865 10.4 50.5
      vertex 57.2022 10.4 52.0451
    endloop
  endfacet
  facet normal 0.843401 0 0.537285
    outer loop
      vertex 58.1865 10.4 50.5
      vertex 57.2022 4.4 52.0451
      vertex 58.1865 4.4 50.5
    endloop
  endfacet
  facet normal 0.793336 -0 0.608784
    outer loop
      vertex 56.0869 4.4 53.4985
      vertex 57.2022 10.4 52.0451
      vertex 56.0869 10.4 53.4985
    endloop
  endfacet
  facet normal 0.793336 0 0.608784
    outer loop
      vertex 57.2022 10.4 52.0451
      vertex 56.0869 4.4 53.4985
      vertex 57.2022 4.4 52.0451
    endloop
  endfacet
  facet normal 0.737274 -0 0.675594
    outer loop
      vertex 54.8492 4.4 54.8492
      vertex 56.0869 10.4 53.4985
      vertex 54.8492 10.4 54.8492
    endloop
  endfacet
  facet normal 0.737274 0 0.675594
    outer loop
      vertex 56.0869 10.4 53.4985
      vertex 54.8492 4.4 54.8492
      vertex 56.0869 4.4 53.4985
    endloop
  endfacet
  facet normal 0.675594 0 0.737274
    outer loop
      vertex 53.4985 10.4 56.0869
      vertex 54.8492 4.4 54.8492
      vertex 54.8492 10.4 54.8492
    endloop
  endfacet
  facet normal 0.675594 0 0.737274
    outer loop
      vertex 54.8492 4.4 54.8492
      vertex 53.4985 10.4 56.0869
      vertex 53.4985 4.4 56.0869
    endloop
  endfacet
  facet normal 0.608784 0 0.793336
    outer loop
      vertex 52.0451 10.4 57.2022
      vertex 53.4985 4.4 56.0869
      vertex 53.4985 10.4 56.0869
    endloop
  endfacet
  facet normal 0.608784 0 0.793336
    outer loop
      vertex 53.4985 4.4 56.0869
      vertex 52.0451 10.4 57.2022
      vertex 52.0451 4.4 57.2022
    endloop
  endfacet
  facet normal 0.537285 0 0.843401
    outer loop
      vertex 50.5 10.4 58.1865
      vertex 52.0451 4.4 57.2022
      vertex 52.0451 10.4 57.2022
    endloop
  endfacet
  facet normal 0.537285 0 0.843401
    outer loop
      vertex 52.0451 4.4 57.2022
      vertex 50.5 10.4 58.1865
      vertex 50.5 4.4 58.1865
    endloop
  endfacet
  facet normal 0.461782 0 0.886993
    outer loop
      vertex 48.875 10.4 59.0325
      vertex 50.5 4.4 58.1865
      vertex 50.5 10.4 58.1865
    endloop
  endfacet
  facet normal 0.461782 0 0.886993
    outer loop
      vertex 50.5 4.4 58.1865
      vertex 48.875 10.4 59.0325
      vertex 48.875 4.4 59.0325
    endloop
  endfacet
  facet normal 0.382638 0 0.923898
    outer loop
      vertex 47.1824 10.4 59.7335
      vertex 48.875 4.4 59.0325
      vertex 48.875 10.4 59.0325
    endloop
  endfacet
  facet normal 0.382638 0 0.923898
    outer loop
      vertex 48.875 4.4 59.0325
      vertex 47.1824 10.4 59.7335
      vertex 47.1824 4.4 59.7335
    endloop
  endfacet
  facet normal 0.300711 0 0.953715
    outer loop
      vertex 45.4352 10.4 60.2844
      vertex 47.1824 4.4 59.7335
      vertex 47.1824 10.4 59.7335
    endloop
  endfacet
  facet normal 0.300711 0 0.953715
    outer loop
      vertex 47.1824 4.4 59.7335
      vertex 45.4352 10.4 60.2844
      vertex 45.4352 4.4 60.2844
    endloop
  endfacet
  facet normal 0.21648 0 0.976287
    outer loop
      vertex 43.6466 10.4 60.681
      vertex 45.4352 4.4 60.2844
      vertex 45.4352 10.4 60.2844
    endloop
  endfacet
  facet normal 0.21648 0 0.976287
    outer loop
      vertex 45.4352 4.4 60.2844
      vertex 43.6466 10.4 60.681
      vertex 43.6466 4.4 60.681
    endloop
  endfacet
  facet normal 0.130515 0 0.991446
    outer loop
      vertex 41.8303 10.4 60.9201
      vertex 43.6466 4.4 60.681
      vertex 43.6466 10.4 60.681
    endloop
  endfacet
  facet normal 0.130515 0 0.991446
    outer loop
      vertex 43.6466 4.4 60.681
      vertex 41.8303 10.4 60.9201
      vertex 41.8303 4.4 60.9201
    endloop
  endfacet
  facet normal 0.0436125 0 0.999049
    outer loop
      vertex 40 10.4 61
      vertex 41.8303 4.4 60.9201
      vertex 41.8303 10.4 60.9201
    endloop
  endfacet
  facet normal 0.0436125 0 0.999049
    outer loop
      vertex 41.8303 4.4 60.9201
      vertex 40 10.4 61
      vertex 40 4.4 61
    endloop
  endfacet
  facet normal 0 0 1
    outer loop
      vertex 40 10.4 61
      vertex 14.0114 4.4 61
      vertex 40 4.4 61
    endloop
  endfacet
  facet normal 0 0 1
    outer loop
      vertex 14.6441 -1.28119 61
      vertex 13.4387 -1.17574 61
      vertex 14.4767 -2.55263 61
    endloop
  endfacet
  facet normal 0 0 1
    outer loop
      vertex 14.1991 3.80464 61
      vertex 13.4898 0.00498616 61
      vertex 13.4901 0 61
    endloop
  endfacet
  facet normal 0 0 1
    outer loop
      vertex 14.1991 3.80464 61
      vertex 13.4387 1.17574 61
      vertex 13.4898 0.00498616 61
    endloop
  endfacet
  facet normal 0 0 1
    outer loop
      vertex 14.1991 3.80464 61
      vertex 13.2858 2.33757 61
      vertex 13.4387 1.17574 61
    endloop
  endfacet
  facet normal 0 0 1
    outer loop
      vertex 14.1991 3.80464 61
      vertex 13.2851 2.34252 61
      vertex 13.2858 2.33757 61
    endloop
  endfacet
  facet normal 0 0 1
    outer loop
      vertex 14.1991 3.80464 61
      vertex 13.0315 3.48661 61
      vertex 13.2851 2.34252 61
    endloop
  endfacet
  facet normal 0 0 1
    outer loop
      vertex 14.1991 3.80464 61
      vertex 13.0304 3.49148 61
      vertex 13.0315 3.48661 61
    endloop
  endfacet
  facet normal 0 0 1
    outer loop
      vertex 14.0114 4.4 61
      vertex 12.678 4.60911 61
      vertex 13.0304 3.49148 61
    endloop
  endfacet
  facet normal -0 0 1
    outer loop
      vertex 10.3884 10.4 61
      vertex 14.0114 4.4 61
      vertex 40 10.4 61
    endloop
  endfacet
  facet normal 0 0 1
    outer loop
      vertex 14.0114 4.4 61
      vertex 12.6765 4.61387 61
      vertex 12.678 4.60911 61
    endloop
  endfacet
  facet normal 0 0 1
    outer loop
      vertex 14.0114 4.4 61
      vertex 12.228 5.69653 61
      vertex 12.6765 4.61387 61
    endloop
  endfacet
  facet normal 0 0 1
    outer loop
      vertex 14.0114 4.4 61
      vertex 12.2261 5.70114 61
      vertex 12.228 5.69653 61
    endloop
  endfacet
  facet normal 0 0 1
    outer loop
      vertex 14.0114 4.4 61
      vertex 12.2238 5.70557 61
      vertex 12.2261 5.70114 61
    endloop
  endfacet
  facet normal 0 0 1
    outer loop
      vertex 14.0114 4.4 61
      vertex 11.6827 6.74503 61
      vertex 12.2238 5.70557 61
    endloop
  endfacet
  facet normal -0 -0 1
    outer loop
      vertex 11.68 6.74923 61
      vertex 14.0114 4.4 61
      vertex 10.3884 10.4 61
    endloop
  endfacet
  facet normal 0 0 1
    outer loop
      vertex 14.0114 4.4 61
      vertex 11.68 6.74923 61
      vertex 11.6827 6.74503 61
    endloop
  endfacet
  facet normal 0 0 1
    outer loop
      vertex 11.68 6.74923 61
      vertex 10.3884 10.4 61
      vertex 11.0504 7.73757 61
    endloop
  endfacet
  facet normal 0 0 1
    outer loop
      vertex 10.3884 10.4 61
      vertex 10.337 8.66728 61
      vertex 11.0504 7.73757 61
    endloop
  endfacet
  facet normal 0 0 1
    outer loop
      vertex 10.3884 10.4 61
      vertex 10.334 8.67124 61
      vertex 10.337 8.66728 61
    endloop
  endfacet
  facet normal 0 0 1
    outer loop
      vertex 10.3884 10.4 61
      vertex 9.54228 9.53523 61
      vertex 10.334 8.67124 61
    endloop
  endfacet
  facet normal 0 0 1
    outer loop
      vertex 10.3884 10.4 61
      vertex 9.53891 9.53891 61
      vertex 9.54228 9.53523 61
    endloop
  endfacet
  facet normal 0 0 1
    outer loop
      vertex 10.3884 10.4 61
      vertex 9.53523 9.54228 61
      vertex 9.53891 9.53891 61
    endloop
  endfacet
  facet normal 0 0 1
    outer loop
      vertex 9.44898 11.2609 61
      vertex 9.53523 9.54228 61
      vertex 10.3884 10.4 61
    endloop
  endfacet
  facet normal 0 0 1
    outer loop
      vertex 9.44898 11.2609 61
      vertex 8.67124 10.334 61
      vertex 9.53523 9.54228 61
    endloop
  endfacet
  facet normal 0 0 1
    outer loop
      vertex 9.44898 11.2609 61
      vertex 8.66728 10.337 61
      vertex 8.67124 10.334 61
    endloop
  endfacet
  facet normal 0 0 1
    outer loop
      vertex 8.43157 12.0415 61
      vertex 8.66728 10.337 61
      vertex 9.44898 11.2609 61
    endloop
  endfacet
  facet normal 0 0 1
    outer loop
      vertex 8.43157 12.0415 61
      vertex 7.73757 11.0504 61
      vertex 8.66728 10.337 61
    endloop
  endfacet
  facet normal 0 0 1
    outer loop
      vertex 7.35 12.7306 61
      vertex 7.73757 11.0504 61
      vertex 8.43157 12.0415 61
    endloop
  endfacet
  facet normal 0 0 1
    outer loop
      vertex 7.35 12.7306 61
      vertex 6.74923 11.68 61
      vertex 7.73757 11.0504 61
    endloop
  endfacet
  facet normal 0 0 1
    outer loop
      vertex 7.35 12.7306 61
      vertex 6.74503 11.6827 61
      vertex 6.74923 11.68 61
    endloop
  endfacet
  facet normal 0 0 1
    outer loop
      vertex 6.21249 13.3227 61
      vertex 6.74503 11.6827 61
      vertex 7.35 12.7306 61
    endloop
  endfacet
  facet normal 0 0 1
    outer loop
      vertex 6.21249 13.3227 61
      vertex 5.70557 12.2238 61
      vertex 6.74503 11.6827 61
    endloop
  endfacet
  facet normal 0 0 1
    outer loop
      vertex 6.21249 13.3227 61
      vertex 5.70114 12.2261 61
      vertex 5.70557 12.2238 61
    endloop
  endfacet
  facet normal 0 0 1
    outer loop
      vertex 6.21249 13.3227 61
      vertex 5.69653 12.228 61
      vertex 5.70114 12.2261 61
    endloop
  endfacet
  facet normal 0 0 1
    outer loop
      vertex 5.0277 13.8135 61
      vertex 5.69653 12.228 61
      vertex 6.21249 13.3227 61
    endloop
  endfacet
  facet normal 0 0 1
    outer loop
      vertex 5.0277 13.8135 61
      vertex 4.61387 12.6765 61
      vertex 5.69653 12.228 61
    endloop
  endfacet
  facet normal 0 0 1
    outer loop
      vertex 5.0277 13.8135 61
      vertex 4.60911 12.678 61
      vertex 4.61387 12.6765 61
    endloop
  endfacet
  facet normal 0 0 1
    outer loop
      vertex 3.80464 14.1991 61
      vertex 4.60911 12.678 61
      vertex 5.0277 13.8135 61
    endloop
  endfacet
  facet normal 0 0 1
    outer loop
      vertex 3.80464 14.1991 61
      vertex 3.49148 13.0304 61
      vertex 4.60911 12.678 61
    endloop
  endfacet
  facet normal 0 0 1
    outer loop
      vertex 3.80464 14.1991 61
      vertex 3.48661 13.0315 61
      vertex 3.49148 13.0304 61
    endloop
  endfacet
  facet normal 0 0 1
    outer loop
      vertex 2.55263 14.4767 61
      vertex 3.48661 13.0315 61
      vertex 3.80464 14.1991 61
    endloop
  endfacet
  facet normal 0 0 1
    outer loop
      vertex 2.55263 14.4767 61
      vertex 2.34252 13.2851 61
      vertex 3.48661 13.0315 61
    endloop
  endfacet
  facet normal 0 0 1
    outer loop
      vertex 2.55263 14.4767 61
      vertex 2.33757 13.2858 61
      vertex 2.34252 13.2851 61
    endloop
  endfacet
  facet normal 0 0 1
    outer loop
      vertex 1.28119 14.6441 61
      vertex 2.33757 13.2858 61
      vertex 2.55263 14.4767 61
    endloop
  endfacet
  facet normal 0 0 1
    outer loop
      vertex 1.28119 14.6441 61
      vertex 1.17574 13.4387 61
      vertex 2.33757 13.2858 61
    endloop
  endfacet
  facet normal 0 0 1
    outer loop
      vertex 1.28119 14.6441 61
      vertex 0.00498616 13.4898 61
      vertex 1.17574 13.4387 61
    endloop
  endfacet
  facet normal 0 0 1
    outer loop
      vertex 0 14.7 61
      vertex 0.00498616 13.4898 61
      vertex 1.28119 14.6441 61
    endloop
  endfacet
  facet normal 0 0 1
    outer loop
      vertex 0 14.7 61
      vertex 0 13.4901 61
      vertex 0.00498616 13.4898 61
    endloop
  endfacet
  facet normal 0 0 1
    outer loop
      vertex 0 14.7 61
      vertex -0.00498616 13.4898 61
      vertex 0 13.4901 61
    endloop
  endfacet
  facet normal 0 0 1
    outer loop
      vertex 0 14.7 61
      vertex -1.17574 13.4387 61
      vertex -0.00498616 13.4898 61
    endloop
  endfacet
  facet normal -0 0 1
    outer loop
      vertex -1.28119 14.6441 61
      vertex -1.17574 13.4387 61
      vertex 0 14.7 61
    endloop
  endfacet
  facet normal 0 0 1
    outer loop
      vertex -1.28119 14.6441 61
      vertex -2.33757 13.2858 61
      vertex -1.17574 13.4387 61
    endloop
  endfacet
  facet normal -0 0 1
    outer loop
      vertex -2.55263 14.4767 61
      vertex -2.33757 13.2858 61
      vertex -1.28119 14.6441 61
    endloop
  endfacet
  facet normal 0 0 1
    outer loop
      vertex -2.33757 13.2858 61
      vertex -2.55263 14.4767 61
      vertex -2.34252 13.2851 61
    endloop
  endfacet
  facet normal 0 0 1
    outer loop
      vertex -2.55263 14.4767 61
      vertex -3.48661 13.0315 61
      vertex -2.34252 13.2851 61
    endloop
  endfacet
  facet normal -0 0 1
    outer loop
      vertex -3.80464 14.1991 61
      vertex -3.48661 13.0315 61
      vertex -2.55263 14.4767 61
    endloop
  endfacet
  facet normal 0 0 1
    outer loop
      vertex -3.48661 13.0315 61
      vertex -3.80464 14.1991 61
      vertex -3.49148 13.0304 61
    endloop
  endfacet
  facet normal 0 0 1
    outer loop
      vertex -3.80464 14.1991 61
      vertex -4.60911 12.678 61
      vertex -3.49148 13.0304 61
    endloop
  endfacet
  facet normal -0 0 1
    outer loop
      vertex -5.0277 13.8135 61
      vertex -4.60911 12.678 61
      vertex -3.80464 14.1991 61
    endloop
  endfacet
  facet normal 0 0 1
    outer loop
      vertex -4.60911 12.678 61
      vertex -5.0277 13.8135 61
      vertex -4.61387 12.6765 61
    endloop
  endfacet
  facet normal 0 0 1
    outer loop
      vertex -5.0277 13.8135 61
      vertex -5.69653 12.228 61
      vertex -4.61387 12.6765 61
    endloop
  endfacet
  facet normal -0 0 1
    outer loop
      vertex -6.21249 13.3227 61
      vertex -5.69653 12.228 61
      vertex -5.0277 13.8135 61
    endloop
  endfacet
  facet normal 0 0 1
    outer loop
      vertex -5.69653 12.228 61
      vertex -6.21249 13.3227 61
      vertex -5.70114 12.2261 61
    endloop
  endfacet
  facet normal 0 0 1
    outer loop
      vertex -5.70114 12.2261 61
      vertex -6.21249 13.3227 61
      vertex -5.70557 12.2238 61
    endloop
  endfacet
  facet normal 0 0 1
    outer loop
      vertex -6.21249 13.3227 61
      vertex -6.74503 11.6827 61
      vertex -5.70557 12.2238 61
    endloop
  endfacet
  facet normal -0 0 1
    outer loop
      vertex -7.35 12.7306 61
      vertex -6.74503 11.6827 61
      vertex -6.21249 13.3227 61
    endloop
  endfacet
  facet normal 0 0 1
    outer loop
      vertex -6.74503 11.6827 61
      vertex -7.35 12.7306 61
      vertex -6.74923 11.68 61
    endloop
  endfacet
  facet normal 0 0 1
    outer loop
      vertex -7.35 12.7306 61
      vertex -7.73757 11.0504 61
      vertex -6.74923 11.68 61
    endloop
  endfacet
  facet normal -0 0 1
    outer loop
      vertex -8.43157 12.0415 61
      vertex -7.73757 11.0504 61
      vertex -7.35 12.7306 61
    endloop
  endfacet
  facet normal 0 0 1
    outer loop
      vertex -8.43157 12.0415 61
      vertex -8.66728 10.337 61
      vertex -7.73757 11.0504 61
    endloop
  endfacet
  facet normal -0 0 1
    outer loop
      vertex -9.44898 11.2609 61
      vertex -8.66728 10.337 61
      vertex -8.43157 12.0415 61
    endloop
  endfacet
  facet normal 0 0 1
    outer loop
      vertex -8.66728 10.337 61
      vertex -9.44898 11.2609 61
      vertex -8.67124 10.334 61
    endloop
  endfacet
  facet normal 0 0 1
    outer loop
      vertex -9.44898 11.2609 61
      vertex -9.53523 9.54228 61
      vertex -8.67124 10.334 61
    endloop
  endfacet
  facet normal -0 0 1
    outer loop
      vertex -10.3884 10.4 61
      vertex -9.53523 9.54228 61
      vertex -9.44898 11.2609 61
    endloop
  endfacet
  facet normal 0 0 1
    outer loop
      vertex -9.53523 9.54228 61
      vertex -10.3884 10.4 61
      vertex -9.53891 9.53891 61
    endloop
  endfacet
  facet normal 0 0 1
    outer loop
      vertex -9.53891 9.53891 61
      vertex -10.3884 10.4 61
      vertex -9.54228 9.53523 61
    endloop
  endfacet
  facet normal 0 0 1
    outer loop
      vertex -9.54228 9.53523 61
      vertex -10.3884 10.4 61
      vertex -10.334 8.67124 61
    endloop
  endfacet
  facet normal 0 0 1
    outer loop
      vertex -10.334 8.67124 61
      vertex -10.3884 10.4 61
      vertex -10.337 8.66728 61
    endloop
  endfacet
  facet normal 0 0 1
    outer loop
      vertex -10.3884 10.4 61
      vertex -11.0504 7.73757 61
      vertex -10.337 8.66728 61
    endloop
  endfacet
  facet normal 0 0 1
    outer loop
      vertex -10.3884 10.4 61
      vertex -11.68 6.74923 61
      vertex -11.0504 7.73757 61
    endloop
  endfacet
  facet normal 0 0 1
    outer loop
      vertex -14.0114 4.4 61
      vertex -11.68 6.74923 61
      vertex -10.3884 10.4 61
    endloop
  endfacet
  facet normal 0 0 1
    outer loop
      vertex -11.68 6.74923 61
      vertex -14.0114 4.4 61
      vertex -11.6827 6.74503 61
    endloop
  endfacet
  facet normal 0 0 1
    outer loop
      vertex -11.6827 6.74503 61
      vertex -14.0114 4.4 61
      vertex -12.2238 5.70557 61
    endloop
  endfacet
  facet normal 0 0 1
    outer loop
      vertex -12.2238 5.70557 61
      vertex -14.0114 4.4 61
      vertex -12.2261 5.70114 61
    endloop
  endfacet
  facet normal 0 0 1
    outer loop
      vertex -12.2261 5.70114 61
      vertex -14.0114 4.4 61
      vertex -12.228 5.69653 61
    endloop
  endfacet
  facet normal 0 0 1
    outer loop
      vertex -14.1991 3.80464 61
      vertex -13.0315 3.48661 61
      vertex -13.0304 3.49148 61
    endloop
  endfacet
  facet normal 0 0 1
    outer loop
      vertex -14.4767 2.55263 61
      vertex -13.2858 2.33757 61
      vertex -13.2851 2.34252 61
    endloop
  endfacet
  facet normal 0 0 1
    outer loop
      vertex -14.7 0 61
      vertex -13.4901 0 61
      vertex -13.4898 0.00498616 61
    endloop
  endfacet
  facet normal 0 0 1
    outer loop
      vertex -14.7 0 61
      vertex -13.4898 0.00498616 61
      vertex -13.4387 1.17574 61
    endloop
  endfacet
  facet normal -0 0 1
    outer loop
      vertex -14.4767 2.55263 61
      vertex -13.2851 2.34252 61
      vertex -14.1991 3.80464 61
    endloop
  endfacet
  facet normal 0 0 1
    outer loop
      vertex -13.0315 3.48661 61
      vertex -14.1991 3.80464 61
      vertex -13.2851 2.34252 61
    endloop
  endfacet
  facet normal -0 0 1
    outer loop
      vertex -14.1991 3.80464 61
      vertex -13.0304 3.49148 61
      vertex -14.0114 4.4 61
    endloop
  endfacet
  facet normal 0 0 1
    outer loop
      vertex -12.678 4.60911 61
      vertex -14.0114 4.4 61
      vertex -13.0304 3.49148 61
    endloop
  endfacet
  facet normal 0 0 1
    outer loop
      vertex -12.6765 4.61387 61
      vertex -14.0114 4.4 61
      vertex -12.678 4.60911 61
    endloop
  endfacet
  facet normal 0 0 1
    outer loop
      vertex -12.228 5.69653 61
      vertex -14.0114 4.4 61
      vertex -12.6765 4.61387 61
    endloop
  endfacet
  facet normal -0 0 1
    outer loop
      vertex -40 10.4 61
      vertex -14.0114 4.4 61
      vertex -10.3884 10.4 61
    endloop
  endfacet
  facet normal 0 0 1
    outer loop
      vertex -14.0114 4.4 61
      vertex -40 10.4 61
      vertex -40 4.4 61
    endloop
  endfacet
  facet normal 0 0 1
    outer loop
      vertex 13.4901 0 61
      vertex 14.7 0 61
      vertex 14.6441 1.28119 61
    endloop
  endfacet
  facet normal 0 0 1
    outer loop
      vertex 13.4901 0 61
      vertex 14.6441 1.28119 61
      vertex 14.4767 2.55263 61
    endloop
  endfacet
  facet normal 0 0 1
    outer loop
      vertex 13.4898 -0.00498616 61
      vertex 14.7 0 61
      vertex 13.4901 0 61
    endloop
  endfacet
  facet normal 0 0 1
    outer loop
      vertex 13.0304 3.49148 61
      vertex 14.1991 3.80464 61
      vertex 14.0114 4.4 61
    endloop
  endfacet
  facet normal 0 0 1
    outer loop
      vertex 14.1991 3.80464 61
      vertex 13.4901 0 61
      vertex 14.4767 2.55263 61
    endloop
  endfacet
  facet normal 0 0 1
    outer loop
      vertex 14.7 0 61
      vertex 13.4898 -0.00498616 61
      vertex 14.6441 -1.28119 61
    endloop
  endfacet
  facet normal -0 0 1
    outer loop
      vertex 13.4387 -1.17574 61
      vertex 14.6441 -1.28119 61
      vertex 13.4898 -0.00498616 61
    endloop
  endfacet
  facet normal -0 0 1
    outer loop
      vertex 13.2858 -2.33757 61
      vertex 14.4767 -2.55263 61
      vertex 13.4387 -1.17574 61
    endloop
  endfacet
  facet normal -0 0 1
    outer loop
      vertex 13.2851 -2.34252 61
      vertex 14.4767 -2.55263 61
      vertex 13.2858 -2.33757 61
    endloop
  endfacet
  facet normal 0 0 1
    outer loop
      vertex 14.4767 -2.55263 61
      vertex 13.2851 -2.34252 61
      vertex 14.1991 -3.80464 61
    endloop
  endfacet
  facet normal -0 0 1
    outer loop
      vertex 13.0315 -3.48661 61
      vertex 14.1991 -3.80464 61
      vertex 13.2851 -2.34252 61
    endloop
  endfacet
  facet normal -0 0 1
    outer loop
      vertex 13.0304 -3.49148 61
      vertex 14.1991 -3.80464 61
      vertex 13.0315 -3.48661 61
    endloop
  endfacet
  facet normal 0 0 1
    outer loop
      vertex 14.1991 -3.80464 61
      vertex 13.0304 -3.49148 61
      vertex 13.8135 -5.0277 61
    endloop
  endfacet
  facet normal -0 0 1
    outer loop
      vertex 12.678 -4.60911 61
      vertex 13.8135 -5.0277 61
      vertex 13.0304 -3.49148 61
    endloop
  endfacet
  facet normal -0 0 1
    outer loop
      vertex 12.6765 -4.61387 61
      vertex 13.8135 -5.0277 61
      vertex 12.678 -4.60911 61
    endloop
  endfacet
  facet normal 0 0 1
    outer loop
      vertex 13.8135 -5.0277 61
      vertex 12.6765 -4.61387 61
      vertex 13.3227 -6.21249 61
    endloop
  endfacet
  facet normal -0 0 1
    outer loop
      vertex 12.228 -5.69653 61
      vertex 13.3227 -6.21249 61
      vertex 12.6765 -4.61387 61
    endloop
  endfacet
  facet normal -0 0 1
    outer loop
      vertex 12.2261 -5.70114 61
      vertex 13.3227 -6.21249 61
      vertex 12.228 -5.69653 61
    endloop
  endfacet
  facet normal -0 0 1
    outer loop
      vertex 12.2238 -5.70557 61
      vertex 13.3227 -6.21249 61
      vertex 12.2261 -5.70114 61
    endloop
  endfacet
  facet normal 0 0 1
    outer loop
      vertex 13.3227 -6.21249 61
      vertex 12.2238 -5.70557 61
      vertex 12.7306 -7.35 61
    endloop
  endfacet
  facet normal -0 0 1
    outer loop
      vertex 11.6827 -6.74503 61
      vertex 12.7306 -7.35 61
      vertex 12.2238 -5.70557 61
    endloop
  endfacet
  facet normal -0 0 1
    outer loop
      vertex 11.68 -6.74923 61
      vertex 12.7306 -7.35 61
      vertex 11.6827 -6.74503 61
    endloop
  endfacet
  facet normal 0 0 1
    outer loop
      vertex 12.7306 -7.35 61
      vertex 11.68 -6.74923 61
      vertex 12.0415 -8.43157 61
    endloop
  endfacet
  facet normal -0 0 1
    outer loop
      vertex 11.0504 -7.73757 61
      vertex 12.0415 -8.43157 61
      vertex 11.68 -6.74923 61
    endloop
  endfacet
  facet normal 0 0 1
    outer loop
      vertex 12.0415 -8.43157 61
      vertex 11.0504 -7.73757 61
      vertex 11.2609 -9.44898 61
    endloop
  endfacet
  facet normal -0 0 1
    outer loop
      vertex 10.337 -8.66728 61
      vertex 11.2609 -9.44898 61
      vertex 11.0504 -7.73757 61
    endloop
  endfacet
  facet normal -0 0 1
    outer loop
      vertex 10.334 -8.67124 61
      vertex 11.2609 -9.44898 61
      vertex 10.337 -8.66728 61
    endloop
  endfacet
  facet normal 0 0 1
    outer loop
      vertex 11.2609 -9.44898 61
      vertex 10.334 -8.67124 61
      vertex 10.3945 -10.3945 61
    endloop
  endfacet
  facet normal -0 0 1
    outer loop
      vertex 10.3884 -10.4 61
      vertex 40 -16.4 61
      vertex 40 -10.4 61
    endloop
  endfacet
  facet normal -0 0 1
    outer loop
      vertex 9.54228 -9.53523 61
      vertex 10.3945 -10.3945 61
      vertex 10.334 -8.67124 61
    endloop
  endfacet
  facet normal -0 0 1
    outer loop
      vertex 9.53891 -9.53891 61
      vertex 10.3945 -10.3945 61
      vertex 9.54228 -9.53523 61
    endloop
  endfacet
  facet normal 0 0 1
    outer loop
      vertex 10.3945 -10.3945 61
      vertex 9.53891 -9.53891 61
      vertex 10.3884 -10.4 61
    endloop
  endfacet
  facet normal -0 0 1
    outer loop
      vertex 9.53523 -9.54228 61
      vertex 10.3884 -10.4 61
      vertex 9.53891 -9.53891 61
    endloop
  endfacet
  facet normal -0 0 1
    outer loop
      vertex 8.67124 -10.334 61
      vertex 10.3884 -10.4 61
      vertex 9.53523 -9.54228 61
    endloop
  endfacet
  facet normal -0 0 1
    outer loop
      vertex 8.66728 -10.337 61
      vertex 10.3884 -10.4 61
      vertex 8.67124 -10.334 61
    endloop
  endfacet
  facet normal 0 0 1
    outer loop
      vertex 7.73757 -11.0504 61
      vertex 10.3884 -10.4 61
      vertex 8.66728 -10.337 61
    endloop
  endfacet
  facet normal 0 0 1
    outer loop
      vertex 6.74923 -11.68 61
      vertex 10.3884 -10.4 61
      vertex 7.73757 -11.0504 61
    endloop
  endfacet
  facet normal 0 0 1
    outer loop
      vertex 6.74503 -11.6827 61
      vertex 10.3884 -10.4 61
      vertex 6.74923 -11.68 61
    endloop
  endfacet
  facet normal 0 0 1
    outer loop
      vertex 5.70557 -12.2238 61
      vertex 10.3884 -10.4 61
      vertex 6.74503 -11.6827 61
    endloop
  endfacet
  facet normal 0 0 1
    outer loop
      vertex 5.70114 -12.2261 61
      vertex 10.3884 -10.4 61
      vertex 5.70557 -12.2238 61
    endloop
  endfacet
  facet normal 0 0 1
    outer loop
      vertex 10.3884 -10.4 61
      vertex 5.70114 -12.2261 61
      vertex 40 -16.4 61
    endloop
  endfacet
  facet normal -0 0 1
    outer loop
      vertex 5.69653 -12.228 61
      vertex 40 -16.4 61
      vertex 5.70114 -12.2261 61
    endloop
  endfacet
  facet normal -0 0 1
    outer loop
      vertex 4.61387 -12.6765 61
      vertex 40 -16.4 61
      vertex 5.69653 -12.228 61
    endloop
  endfacet
  facet normal -0 0 1
    outer loop
      vertex 4.60911 -12.678 61
      vertex 40 -16.4 61
      vertex 4.61387 -12.6765 61
    endloop
  endfacet
  facet normal -0 0 1
    outer loop
      vertex 3.49148 -13.0304 61
      vertex 40 -16.4 61
      vertex 4.60911 -12.678 61
    endloop
  endfacet
  facet normal -0 0 1
    outer loop
      vertex 3.48661 -13.0315 61
      vertex 40 -16.4 61
      vertex 3.49148 -13.0304 61
    endloop
  endfacet
  facet normal -0 0 1
    outer loop
      vertex 2.34252 -13.2851 61
      vertex 40 -16.4 61
      vertex 3.48661 -13.0315 61
    endloop
  endfacet
  facet normal -0 0 1
    outer loop
      vertex 2.33757 -13.2858 61
      vertex 40 -16.4 61
      vertex 2.34252 -13.2851 61
    endloop
  endfacet
  facet normal -0 0 1
    outer loop
      vertex 1.17574 -13.4387 61
      vertex 40 -16.4 61
      vertex 2.33757 -13.2858 61
    endloop
  endfacet
  facet normal -0 0 1
    outer loop
      vertex 0.00498616 -13.4898 61
      vertex 40 -16.4 61
      vertex 1.17574 -13.4387 61
    endloop
  endfacet
  facet normal -0 0 1
    outer loop
      vertex 0 -13.4901 61
      vertex 40 -16.4 61
      vertex 0.00498616 -13.4898 61
    endloop
  endfacet
  facet normal 0 0 1
    outer loop
      vertex -40 -16.4 61
      vertex 0 -13.4901 61
      vertex -0.00498616 -13.4898 61
    endloop
  endfacet
  facet normal 0 0 1
    outer loop
      vertex -40 -16.4 61
      vertex -0.00498616 -13.4898 61
      vertex -1.17574 -13.4387 61
    endloop
  endfacet
  facet normal 0 0 -1
    outer loop
      vertex -2.34252 -13.2851 61
      vertex -1.17574 -13.4387 61
      vertex -2.33757 -13.2858 61
    endloop
  endfacet
  facet normal 0 0 -1
    outer loop
      vertex -3.49148 -13.0304 61
      vertex -2.34252 -13.2851 61
      vertex -3.48661 -13.0315 61
    endloop
  endfacet
  facet normal 0 0 1
    outer loop
      vertex -40 -16.4 61
      vertex -5.69653 -12.228 61
      vertex -5.70114 -12.2261 61
    endloop
  endfacet
  facet normal 0 0 1
    outer loop
      vertex -10.3884 -10.4 61
      vertex -5.70557 -12.2238 61
      vertex -6.74503 -11.6827 61
    endloop
  endfacet
  facet normal 0 0 1
    outer loop
      vertex -10.3884 -10.4 61
      vertex -9.53523 -9.54228 61
      vertex -9.53891 -9.53891 61
    endloop
  endfacet
  facet normal 0 0 1
    outer loop
      vertex -10.3945 -10.3945 61
      vertex -9.54228 -9.53523 61
      vertex -10.334 -8.67124 61
    endloop
  endfacet
  facet normal 0 0 1
    outer loop
      vertex -11.2609 -9.44898 61
      vertex -10.334 -8.67124 61
      vertex -10.337 -8.66728 61
    endloop
  endfacet
  facet normal 0 0 1
    outer loop
      vertex -9.54228 -9.53523 61
      vertex -10.3945 -10.3945 61
      vertex -9.53891 -9.53891 61
    endloop
  endfacet
  facet normal 0 0 1
    outer loop
      vertex -9.53523 -9.54228 61
      vertex -10.3884 -10.4 61
      vertex -8.67124 -10.334 61
    endloop
  endfacet
  facet normal 0 0 1
    outer loop
      vertex -10.3884 -10.4 61
      vertex -8.66728 -10.337 61
      vertex -8.67124 -10.334 61
    endloop
  endfacet
  facet normal -0 0 1
    outer loop
      vertex -10.3884 -10.4 61
      vertex -7.73757 -11.0504 61
      vertex -8.66728 -10.337 61
    endloop
  endfacet
  facet normal 0 0 1
    outer loop
      vertex -10.3884 -10.4 61
      vertex -6.74923 -11.68 61
      vertex -7.73757 -11.0504 61
    endloop
  endfacet
  facet normal 0 0 1
    outer loop
      vertex -10.3884 -10.4 61
      vertex -6.74503 -11.6827 61
      vertex -6.74923 -11.68 61
    endloop
  endfacet
  facet normal 0 0 1
    outer loop
      vertex -5.70557 -12.2238 61
      vertex -10.3884 -10.4 61
      vertex -5.70114 -12.2261 61
    endloop
  endfacet
  facet normal 0 0 1
    outer loop
      vertex -40 -16.4 61
      vertex -5.70114 -12.2261 61
      vertex -10.3884 -10.4 61
    endloop
  endfacet
  facet normal 0 0 1
    outer loop
      vertex -40 -16.4 61
      vertex -10.3884 -10.4 61
      vertex -40 -10.4 61
    endloop
  endfacet
  facet normal 0 0 1
    outer loop
      vertex -5.69653 -12.228 61
      vertex -40 -16.4 61
      vertex -4.61387 -12.6765 61
    endloop
  endfacet
  facet normal 0 0 1
    outer loop
      vertex -4.61387 -12.6765 61
      vertex -40 -16.4 61
      vertex -4.60911 -12.678 61
    endloop
  endfacet
  facet normal 0 0 1
    outer loop
      vertex -4.60911 -12.678 61
      vertex -40 -16.4 61
      vertex -3.49148 -13.0304 61
    endloop
  endfacet
  facet normal 0 0 1
    outer loop
      vertex -3.49148 -13.0304 61
      vertex -40 -16.4 61
      vertex -2.34252 -13.2851 61
    endloop
  endfacet
  facet normal 0 0 1
    outer loop
      vertex 0 -13.4901 61
      vertex -40 -16.4 61
      vertex 40 -16.4 61
    endloop
  endfacet
  facet normal 0 0 1
    outer loop
      vertex -2.34252 -13.2851 61
      vertex -40 -16.4 61
      vertex -1.17574 -13.4387 61
    endloop
  endfacet
  facet normal 0 0 1
    outer loop
      vertex -9.53891 -9.53891 61
      vertex -10.3945 -10.3945 61
      vertex -10.3884 -10.4 61
    endloop
  endfacet
  facet normal 0 0 1
    outer loop
      vertex -11.2609 -9.44898 61
      vertex -10.337 -8.66728 61
      vertex -11.0504 -7.73757 61
    endloop
  endfacet
  facet normal 0 0 1
    outer loop
      vertex -10.334 -8.67124 61
      vertex -11.2609 -9.44898 61
      vertex -10.3945 -10.3945 61
    endloop
  endfacet
  facet normal 0 0 1
    outer loop
      vertex -12.0415 -8.43157 61
      vertex -11.0504 -7.73757 61
      vertex -11.68 -6.74923 61
    endloop
  endfacet
  facet normal 0 0 1
    outer loop
      vertex -12.7306 -7.35 61
      vertex -11.68 -6.74923 61
      vertex -11.6827 -6.74503 61
    endloop
  endfacet
  facet normal 0 0 1
    outer loop
      vertex -11.0504 -7.73757 61
      vertex -12.0415 -8.43157 61
      vertex -11.2609 -9.44898 61
    endloop
  endfacet
  facet normal 0 0 1
    outer loop
      vertex -12.7306 -7.35 61
      vertex -11.6827 -6.74503 61
      vertex -12.2238 -5.70557 61
    endloop
  endfacet
  facet normal 0 0 1
    outer loop
      vertex -13.3227 -6.21249 61
      vertex -12.2238 -5.70557 61
      vertex -12.2261 -5.70114 61
    endloop
  endfacet
  facet normal 0 0 1
    outer loop
      vertex -13.3227 -6.21249 61
      vertex -12.2261 -5.70114 61
      vertex -12.228 -5.69653 61
    endloop
  endfacet
  facet normal 0 0 1
    outer loop
      vertex -13.3227 -6.21249 61
      vertex -12.228 -5.69653 61
      vertex -12.6765 -4.61387 61
    endloop
  endfacet
  facet normal 0 0 1
    outer loop
      vertex -13.8135 -5.0277 61
      vertex -12.6765 -4.61387 61
      vertex -12.678 -4.60911 61
    endloop
  endfacet
  facet normal 0 0 1
    outer loop
      vertex -11.68 -6.74923 61
      vertex -12.7306 -7.35 61
      vertex -12.0415 -8.43157 61
    endloop
  endfacet
  facet normal 0 0 1
    outer loop
      vertex -13.8135 -5.0277 61
      vertex -12.678 -4.60911 61
      vertex -13.0304 -3.49148 61
    endloop
  endfacet
  facet normal 0 0 1
    outer loop
      vertex -13.8135 -5.0277 61
      vertex -13.0304 -3.49148 61
      vertex -13.0315 -3.48661 61
    endloop
  endfacet
  facet normal 0 0 1
    outer loop
      vertex -13.8135 -5.0277 61
      vertex -13.0315 -3.48661 61
      vertex -13.2851 -2.34252 61
    endloop
  endfacet
  facet normal 0 0 1
    outer loop
      vertex -13.8135 -5.0277 61
      vertex -13.2851 -2.34252 61
      vertex -13.2858 -2.33757 61
    endloop
  endfacet
  facet normal 0 0 1
    outer loop
      vertex -12.2238 -5.70557 61
      vertex -13.3227 -6.21249 61
      vertex -12.7306 -7.35 61
    endloop
  endfacet
  facet normal 0 0 1
    outer loop
      vertex -13.8135 -5.0277 61
      vertex -13.2858 -2.33757 61
      vertex -13.4387 -1.17574 61
    endloop
  endfacet
  facet normal 0 0 1
    outer loop
      vertex -13.8135 -5.0277 61
      vertex -13.4387 -1.17574 61
      vertex -13.4898 -0.00498616 61
    endloop
  endfacet
  facet normal 0 0 1
    outer loop
      vertex -13.8135 -5.0277 61
      vertex -13.4898 -0.00498616 61
      vertex -13.4901 0 61
    endloop
  endfacet
  facet normal 0 0 1
    outer loop
      vertex -12.6765 -4.61387 61
      vertex -13.8135 -5.0277 61
      vertex -13.3227 -6.21249 61
    endloop
  endfacet
  facet normal 0 0 1
    outer loop
      vertex -13.2858 2.33757 61
      vertex -14.4767 2.55263 61
      vertex -13.4387 1.17574 61
    endloop
  endfacet
  facet normal 0 0 1
    outer loop
      vertex -13.4901 0 61
      vertex -14.1991 -3.80464 61
      vertex -13.8135 -5.0277 61
    endloop
  endfacet
  facet normal -0 0 1
    outer loop
      vertex -14.6441 1.28119 61
      vertex -13.4387 1.17574 61
      vertex -14.4767 2.55263 61
    endloop
  endfacet
  facet normal 0 0 1
    outer loop
      vertex -13.4901 0 61
      vertex -14.4767 -2.55263 61
      vertex -14.1991 -3.80464 61
    endloop
  endfacet
  facet normal 0 0 1
    outer loop
      vertex -14.7 0 61
      vertex -13.4387 1.17574 61
      vertex -14.6441 1.28119 61
    endloop
  endfacet
  facet normal 0 0 1
    outer loop
      vertex -13.4901 0 61
      vertex -14.6441 -1.28119 61
      vertex -14.4767 -2.55263 61
    endloop
  endfacet
  facet normal 0 0 1
    outer loop
      vertex -13.4901 0 61
      vertex -14.7 0 61
      vertex -14.6441 -1.28119 61
    endloop
  endfacet
  facet normal -0.0436125 0 0.999049
    outer loop
      vertex -41.8303 10.4 60.9201
      vertex -40 4.4 61
      vertex -40 10.4 61
    endloop
  endfacet
  facet normal -0.0436125 0 0.999049
    outer loop
      vertex -40 4.4 61
      vertex -41.8303 10.4 60.9201
      vertex -41.8303 4.4 60.9201
    endloop
  endfacet
  facet normal -0.130515 0 0.991446
    outer loop
      vertex -43.6466 10.4 60.681
      vertex -41.8303 4.4 60.9201
      vertex -41.8303 10.4 60.9201
    endloop
  endfacet
  facet normal -0.130515 0 0.991446
    outer loop
      vertex -41.8303 4.4 60.9201
      vertex -43.6466 10.4 60.681
      vertex -43.6466 4.4 60.681
    endloop
  endfacet
  facet normal -0.21648 0 0.976287
    outer loop
      vertex -45.4352 10.4 60.2844
      vertex -43.6466 4.4 60.681
      vertex -43.6466 10.4 60.681
    endloop
  endfacet
  facet normal -0.21648 0 0.976287
    outer loop
      vertex -43.6466 4.4 60.681
      vertex -45.4352 10.4 60.2844
      vertex -45.4352 4.4 60.2844
    endloop
  endfacet
  facet normal -0.300711 0 0.953715
    outer loop
      vertex -47.1824 10.4 59.7335
      vertex -45.4352 4.4 60.2844
      vertex -45.4352 10.4 60.2844
    endloop
  endfacet
  facet normal -0.300711 0 0.953715
    outer loop
      vertex -45.4352 4.4 60.2844
      vertex -47.1824 10.4 59.7335
      vertex -47.1824 4.4 59.7335
    endloop
  endfacet
  facet normal -0.382638 0 0.923898
    outer loop
      vertex -48.875 10.4 59.0325
      vertex -47.1824 4.4 59.7335
      vertex -47.1824 10.4 59.7335
    endloop
  endfacet
  facet normal -0.382638 0 0.923898
    outer loop
      vertex -47.1824 4.4 59.7335
      vertex -48.875 10.4 59.0325
      vertex -48.875 4.4 59.0325
    endloop
  endfacet
  facet normal -0.461782 0 0.886993
    outer loop
      vertex -50.5 10.4 58.1865
      vertex -48.875 4.4 59.0325
      vertex -48.875 10.4 59.0325
    endloop
  endfacet
  facet normal -0.461782 0 0.886993
    outer loop
      vertex -48.875 4.4 59.0325
      vertex -50.5 10.4 58.1865
      vertex -50.5 4.4 58.1865
    endloop
  endfacet
  facet normal -0.537285 0 0.843401
    outer loop
      vertex -52.0451 10.4 57.2022
      vertex -50.5 4.4 58.1865
      vertex -50.5 10.4 58.1865
    endloop
  endfacet
  facet normal -0.537285 0 0.843401
    outer loop
      vertex -50.5 4.4 58.1865
      vertex -52.0451 10.4 57.2022
      vertex -52.0451 4.4 57.2022
    endloop
  endfacet
  facet normal -0.608784 0 0.793336
    outer loop
      vertex -53.4985 10.4 56.0869
      vertex -52.0451 4.4 57.2022
      vertex -52.0451 10.4 57.2022
    endloop
  endfacet
  facet normal -0.608784 0 0.793336
    outer loop
      vertex -52.0451 4.4 57.2022
      vertex -53.4985 10.4 56.0869
      vertex -53.4985 4.4 56.0869
    endloop
  endfacet
  facet normal -0.675594 0 0.737274
    outer loop
      vertex -54.8492 10.4 54.8492
      vertex -53.4985 4.4 56.0869
      vertex -53.4985 10.4 56.0869
    endloop
  endfacet
  facet normal -0.675594 0 0.737274
    outer loop
      vertex -53.4985 4.4 56.0869
      vertex -54.8492 10.4 54.8492
      vertex -54.8492 4.4 54.8492
    endloop
  endfacet
  facet normal -0.737274 0 0.675594
    outer loop
      vertex -56.0869 4.4 53.4985
      vertex -54.8492 10.4 54.8492
      vertex -56.0869 10.4 53.4985
    endloop
  endfacet
  facet normal -0.737274 0 0.675594
    outer loop
      vertex -54.8492 10.4 54.8492
      vertex -56.0869 4.4 53.4985
      vertex -54.8492 4.4 54.8492
    endloop
  endfacet
  facet normal -0.793336 0 0.608784
    outer loop
      vertex -57.2022 4.4 52.0451
      vertex -56.0869 10.4 53.4985
      vertex -57.2022 10.4 52.0451
    endloop
  endfacet
  facet normal -0.793336 0 0.608784
    outer loop
      vertex -56.0869 10.4 53.4985
      vertex -57.2022 4.4 52.0451
      vertex -56.0869 4.4 53.4985
    endloop
  endfacet
  facet normal -0.843401 0 0.537285
    outer loop
      vertex -58.1865 4.4 50.5
      vertex -57.2022 10.4 52.0451
      vertex -58.1865 10.4 50.5
    endloop
  endfacet
  facet normal -0.843401 0 0.537285
    outer loop
      vertex -57.2022 10.4 52.0451
      vertex -58.1865 4.4 50.5
      vertex -57.2022 4.4 52.0451
    endloop
  endfacet
  facet normal -0.886993 0 0.461782
    outer loop
      vertex -59.0325 4.4 48.875
      vertex -58.1865 10.4 50.5
      vertex -59.0325 10.4 48.875
    endloop
  endfacet
  facet normal -0.886993 0 0.461782
    outer loop
      vertex -58.1865 10.4 50.5
      vertex -59.0325 4.4 48.875
      vertex -58.1865 4.4 50.5
    endloop
  endfacet
  facet normal -0.923898 0 0.382638
    outer loop
      vertex -59.7335 4.4 47.1824
      vertex -59.0325 10.4 48.875
      vertex -59.7335 10.4 47.1824
    endloop
  endfacet
  facet normal -0.923898 0 0.382638
    outer loop
      vertex -59.0325 10.4 48.875
      vertex -59.7335 4.4 47.1824
      vertex -59.0325 4.4 48.875
    endloop
  endfacet
  facet normal -0.953715 0 0.300711
    outer loop
      vertex -60.2844 4.4 45.4352
      vertex -59.7335 10.4 47.1824
      vertex -60.2844 10.4 45.4352
    endloop
  endfacet
  facet normal -0.953715 0 0.300711
    outer loop
      vertex -59.7335 10.4 47.1824
      vertex -60.2844 4.4 45.4352
      vertex -59.7335 4.4 47.1824
    endloop
  endfacet
  facet normal -0.976287 0 0.21648
    outer loop
      vertex -60.681 4.4 43.6466
      vertex -60.2844 10.4 45.4352
      vertex -60.681 10.4 43.6466
    endloop
  endfacet
  facet normal -0.976287 0 0.21648
    outer loop
      vertex -60.2844 10.4 45.4352
      vertex -60.681 4.4 43.6466
      vertex -60.2844 4.4 45.4352
    endloop
  endfacet
  facet normal -0.991446 0 0.130515
    outer loop
      vertex -60.9201 4.4 41.8303
      vertex -60.681 10.4 43.6466
      vertex -60.9201 10.4 41.8303
    endloop
  endfacet
  facet normal -0.991446 0 0.130515
    outer loop
      vertex -60.681 10.4 43.6466
      vertex -60.9201 4.4 41.8303
      vertex -60.681 4.4 43.6466
    endloop
  endfacet
  facet normal -0.999049 0 0.0436125
    outer loop
      vertex -61 4.4 40
      vertex -60.9201 10.4 41.8303
      vertex -61 10.4 40
    endloop
  endfacet
  facet normal -0.999049 0 0.0436125
    outer loop
      vertex -60.9201 10.4 41.8303
      vertex -61 4.4 40
      vertex -60.9201 4.4 41.8303
    endloop
  endfacet
  facet normal -0.707107 0 -0.707107
    outer loop
      vertex -40 4.4 19
      vertex -61 10.4 40
      vertex -40 10.4 19
    endloop
  endfacet
  facet normal -0.707107 -0 -0.707107
    outer loop
      vertex -61 10.4 40
      vertex -40 4.4 19
      vertex -61 4.4 40
    endloop
  endfacet
  facet normal 0 0 -1
    outer loop
      vertex -40 4.4 19
      vertex -30 10.4 19
      vertex -30 4.4 19
    endloop
  endfacet
  facet normal -0 0 -1
    outer loop
      vertex -30 10.4 19
      vertex -40 4.4 19
      vertex -40 10.4 19
    endloop
  endfacet
  facet normal -1 0 0
    outer loop
      vertex -30 4.4 0
      vertex -30 10.4 19
      vertex -30 10.4 0
    endloop
  endfacet
  facet normal -1 -0 0
    outer loop
      vertex -30 10.4 19
      vertex -30 4.4 0
      vertex -30 4.4 19
    endloop
  endfacet
  facet normal 0 0 -1
    outer loop
      vertex 11.5 0 0
      vertex 14.7 0 0
      vertex 14.6441 -1.28119 0
    endloop
  endfacet
  facet normal 0 0 -1
    outer loop
      vertex 11.4562 -1.00229 0
      vertex 14.6441 -1.28119 0
      vertex 14.4767 -2.55263 0
    endloop
  endfacet
  facet normal 0 0 -1
    outer loop
      vertex 14.7 0 0
      vertex 11.5 0 0
      vertex 14.6441 1.28119 0
    endloop
  endfacet
  facet normal 0 0 -1
    outer loop
      vertex 11.3253 -1.99695 0
      vertex 14.4767 -2.55263 0
      vertex 14.1991 -3.80464 0
    endloop
  endfacet
  facet normal 0 0 -1
    outer loop
      vertex 11.4562 1.00229 0
      vertex 14.6441 1.28119 0
      vertex 11.5 0 0
    endloop
  endfacet
  facet normal -0 0 -1
    outer loop
      vertex 14.6441 1.28119 0
      vertex 11.4562 1.00229 0
      vertex 14.4767 2.55263 0
    endloop
  endfacet
  facet normal 0 0 -1
    outer loop
      vertex 11.1081 -2.97642 0
      vertex 14.1991 -3.80464 0
      vertex 13.8135 -5.0277 0
    endloop
  endfacet
  facet normal 0 0 -1
    outer loop
      vertex 14.0114 4.4 0
      vertex 30 10.4 0
      vertex 30 4.4 0
    endloop
  endfacet
  facet normal 0 0 -1
    outer loop
      vertex 10.8065 -3.93323 0
      vertex 13.8135 -5.0277 0
      vertex 13.3227 -6.21249 0
    endloop
  endfacet
  facet normal 0 0 -1
    outer loop
      vertex 10.4225 -4.86011 0
      vertex 13.3227 -6.21249 0
      vertex 12.7306 -7.35 0
    endloop
  endfacet
  facet normal 0 0 -1
    outer loop
      vertex 9.95929 -5.75 0
      vertex 12.7306 -7.35 0
      vertex 12.0415 -8.43157 0
    endloop
  endfacet
  facet normal 0 0 -1
    outer loop
      vertex 14.4767 -2.55263 0
      vertex 11.3253 -1.99695 0
      vertex 11.4562 -1.00229 0
    endloop
  endfacet
  facet normal -0 0 -1
    outer loop
      vertex 14.4767 2.55263 0
      vertex 11.3253 1.99695 0
      vertex 14.1991 3.80464 0
    endloop
  endfacet
  facet normal 0 0 -1
    outer loop
      vertex 11.1081 2.97642 0
      vertex 14.1991 3.80464 0
      vertex 11.3253 1.99695 0
    endloop
  endfacet
  facet normal -0 0 -1
    outer loop
      vertex 14.1991 3.80464 0
      vertex 11.1081 2.97642 0
      vertex 14.0114 4.4 0
    endloop
  endfacet
  facet normal 0 0 -1
    outer loop
      vertex 10.8065 3.93323 0
      vertex 14.0114 4.4 0
      vertex 11.1081 2.97642 0
    endloop
  endfacet
  facet normal 0 0 -1
    outer loop
      vertex 10.4225 4.86011 0
      vertex 14.0114 4.4 0
      vertex 10.8065 3.93323 0
    endloop
  endfacet
  facet normal 0 0 -1
    outer loop
      vertex 9.95929 5.75 0
      vertex 14.0114 4.4 0
      vertex 10.4225 4.86011 0
    endloop
  endfacet
  facet normal 0 0 -1
    outer loop
      vertex 14.0114 4.4 0
      vertex 10.3884 10.4 0
      vertex 30 10.4 0
    endloop
  endfacet
  facet normal 0 0 -1
    outer loop
      vertex 14.0114 4.4 0
      vertex 9.95929 5.75 0
      vertex 10.3884 10.4 0
    endloop
  endfacet
  facet normal 0 0 -1
    outer loop
      vertex 9.42025 6.59613 0
      vertex 10.3884 10.4 0
      vertex 9.95929 5.75 0
    endloop
  endfacet
  facet normal 0 0 -1
    outer loop
      vertex 8.80951 7.39206 0
      vertex 10.3884 10.4 0
      vertex 9.42025 6.59613 0
    endloop
  endfacet
  facet normal 0 0 -1
    outer loop
      vertex 8.13173 8.13173 0
      vertex 10.3884 10.4 0
      vertex 8.80951 7.39206 0
    endloop
  endfacet
  facet normal -0 0 -1
    outer loop
      vertex 10.3884 10.4 0
      vertex 8.13173 8.13173 0
      vertex 9.44898 11.2609 0
    endloop
  endfacet
  facet normal 0 0 -1
    outer loop
      vertex 7.39206 8.80951 0
      vertex 9.44898 11.2609 0
      vertex 8.13173 8.13173 0
    endloop
  endfacet
  facet normal -0 0 -1
    outer loop
      vertex 9.44898 11.2609 0
      vertex 7.39206 8.80951 0
      vertex 8.43157 12.0415 0
    endloop
  endfacet
  facet normal 0 0 -1
    outer loop
      vertex 6.59613 9.42025 0
      vertex 8.43157 12.0415 0
      vertex 7.39206 8.80951 0
    endloop
  endfacet
  facet normal -0 0 -1
    outer loop
      vertex 8.43157 12.0415 0
      vertex 6.59613 9.42025 0
      vertex 7.35 12.7306 0
    endloop
  endfacet
  facet normal 0 0 -1
    outer loop
      vertex 5.75 9.95929 0
      vertex 7.35 12.7306 0
      vertex 6.59613 9.42025 0
    endloop
  endfacet
  facet normal -0 0 -1
    outer loop
      vertex 7.35 12.7306 0
      vertex 5.75 9.95929 0
      vertex 6.21249 13.3227 0
    endloop
  endfacet
  facet normal 0 0 -1
    outer loop
      vertex 4.86011 10.4225 0
      vertex 6.21249 13.3227 0
      vertex 5.75 9.95929 0
    endloop
  endfacet
  facet normal -0 0 -1
    outer loop
      vertex 6.21249 13.3227 0
      vertex 4.86011 10.4225 0
      vertex 5.0277 13.8135 0
    endloop
  endfacet
  facet normal 0 0 -1
    outer loop
      vertex 3.93323 10.8065 0
      vertex 5.0277 13.8135 0
      vertex 4.86011 10.4225 0
    endloop
  endfacet
  facet normal 0 0 -1
    outer loop
      vertex 3.93323 10.8065 0
      vertex 3.80464 14.1991 0
      vertex 5.0277 13.8135 0
    endloop
  endfacet
  facet normal 0 0 -1
    outer loop
      vertex 2.97642 11.1081 0
      vertex 3.80464 14.1991 0
      vertex 3.93323 10.8065 0
    endloop
  endfacet
  facet normal 0 0 -1
    outer loop
      vertex 2.97642 11.1081 0
      vertex 2.55263 14.4767 0
      vertex 3.80464 14.1991 0
    endloop
  endfacet
  facet normal 0 0 -1
    outer loop
      vertex 1.99695 11.3253 0
      vertex 2.55263 14.4767 0
      vertex 2.97642 11.1081 0
    endloop
  endfacet
  facet normal 0 0 -1
    outer loop
      vertex 1.99695 11.3253 0
      vertex 1.28119 14.6441 0
      vertex 2.55263 14.4767 0
    endloop
  endfacet
  facet normal 0 0 -1
    outer loop
      vertex 1.00229 11.4562 0
      vertex 1.28119 14.6441 0
      vertex 1.99695 11.3253 0
    endloop
  endfacet
  facet normal 0 0 -1
    outer loop
      vertex 0 11.5 0
      vertex 1.28119 14.6441 0
      vertex 1.00229 11.4562 0
    endloop
  endfacet
  facet normal 0 0 -1
    outer loop
      vertex 0 11.5 0
      vertex 0 14.7 0
      vertex 1.28119 14.6441 0
    endloop
  endfacet
  facet normal 0 0 -1
    outer loop
      vertex -1.00229 11.4562 0
      vertex 0 14.7 0
      vertex 0 11.5 0
    endloop
  endfacet
  facet normal 0 0 -1
    outer loop
      vertex -1.00229 11.4562 0
      vertex -1.28119 14.6441 0
      vertex 0 14.7 0
    endloop
  endfacet
  facet normal 0 0 -1
    outer loop
      vertex -1.99695 11.3253 0
      vertex -1.28119 14.6441 0
      vertex -1.00229 11.4562 0
    endloop
  endfacet
  facet normal 0 0 -1
    outer loop
      vertex -1.99695 11.3253 0
      vertex -2.55263 14.4767 0
      vertex -1.28119 14.6441 0
    endloop
  endfacet
  facet normal 0 0 -1
    outer loop
      vertex -2.97642 11.1081 0
      vertex -2.55263 14.4767 0
      vertex -1.99695 11.3253 0
    endloop
  endfacet
  facet normal 0 0 -1
    outer loop
      vertex -2.97642 11.1081 0
      vertex -3.80464 14.1991 0
      vertex -2.55263 14.4767 0
    endloop
  endfacet
  facet normal 0 0 -1
    outer loop
      vertex -3.93323 10.8065 0
      vertex -3.80464 14.1991 0
      vertex -2.97642 11.1081 0
    endloop
  endfacet
  facet normal 0 0 -1
    outer loop
      vertex -5.0277 13.8135 0
      vertex -3.93323 10.8065 0
      vertex -4.86011 10.4225 0
    endloop
  endfacet
  facet normal 0 0 -1
    outer loop
      vertex -3.93323 10.8065 0
      vertex -5.0277 13.8135 0
      vertex -3.80464 14.1991 0
    endloop
  endfacet
  facet normal 0 0 -1
    outer loop
      vertex -6.21249 13.3227 0
      vertex -4.86011 10.4225 0
      vertex -5.75 9.95929 0
    endloop
  endfacet
  facet normal 0 0 -1
    outer loop
      vertex -4.86011 10.4225 0
      vertex -6.21249 13.3227 0
      vertex -5.0277 13.8135 0
    endloop
  endfacet
  facet normal 0 0 -1
    outer loop
      vertex -7.35 12.7306 0
      vertex -5.75 9.95929 0
      vertex -6.59613 9.42025 0
    endloop
  endfacet
  facet normal 0 0 -1
    outer loop
      vertex -5.75 9.95929 0
      vertex -7.35 12.7306 0
      vertex -6.21249 13.3227 0
    endloop
  endfacet
  facet normal 0 0 -1
    outer loop
      vertex -8.43157 12.0415 0
      vertex -6.59613 9.42025 0
      vertex -7.39206 8.80951 0
    endloop
  endfacet
  facet normal 0 0 -1
    outer loop
      vertex -9.44898 11.2609 0
      vertex -7.39206 8.80951 0
      vertex -8.13173 8.13173 0
    endloop
  endfacet
  facet normal 0 0 -1
    outer loop
      vertex -6.59613 9.42025 0
      vertex -8.43157 12.0415 0
      vertex -7.35 12.7306 0
    endloop
  endfacet
  facet normal 0 0 -1
    outer loop
      vertex -10.3884 10.4 0
      vertex -8.13173 8.13173 0
      vertex -8.80951 7.39206 0
    endloop
  endfacet
  facet normal 0 0 -1
    outer loop
      vertex -10.3884 10.4 0
      vertex -8.80951 7.39206 0
      vertex -9.42025 6.59613 0
    endloop
  endfacet
  facet normal 0 0 -1
    outer loop
      vertex -7.39206 8.80951 0
      vertex -9.44898 11.2609 0
      vertex -8.43157 12.0415 0
    endloop
  endfacet
  facet normal 0 0 -1
    outer loop
      vertex -10.3884 10.4 0
      vertex -9.42025 6.59613 0
      vertex -9.95929 5.75 0
    endloop
  endfacet
  facet normal 0 0 -1
    outer loop
      vertex -8.13173 8.13173 0
      vertex -10.3884 10.4 0
      vertex -9.44898 11.2609 0
    endloop
  endfacet
  facet normal 0 0 -1
    outer loop
      vertex -14.0114 4.4 0
      vertex -9.95929 5.75 0
      vertex -10.4225 4.86011 0
    endloop
  endfacet
  facet normal 0 0 -1
    outer loop
      vertex -14.0114 4.4 0
      vertex -10.4225 4.86011 0
      vertex -10.8065 3.93323 0
    endloop
  endfacet
  facet normal 0 0 -1
    outer loop
      vertex -14.0114 4.4 0
      vertex -10.8065 3.93323 0
      vertex -11.1081 2.97642 0
    endloop
  endfacet
  facet normal 0 0 -1
    outer loop
      vertex -14.1991 3.80464 0
      vertex -11.1081 2.97642 0
      vertex -11.3253 1.99695 0
    endloop
  endfacet
  facet normal 0 0 -1
    outer loop
      vertex -14.4767 2.55263 0
      vertex -11.3253 1.99695 0
      vertex -11.4562 1.00229 0
    endloop
  endfacet
  facet normal 0 0 -1
    outer loop
      vertex -14.1991 -3.80464 0
      vertex -11.1081 -2.97642 0
      vertex -13.8135 -5.0277 0
    endloop
  endfacet
  facet normal -0 0 -1
    outer loop
      vertex -11.1081 -2.97642 0
      vertex -14.1991 -3.80464 0
      vertex -11.3253 -1.99695 0
    endloop
  endfacet
  facet normal 0 0 -1
    outer loop
      vertex -14.4767 -2.55263 0
      vertex -11.3253 -1.99695 0
      vertex -14.1991 -3.80464 0
    endloop
  endfacet
  facet normal -0 0 -1
    outer loop
      vertex -11.3253 -1.99695 0
      vertex -14.4767 -2.55263 0
      vertex -11.4562 -1.00229 0
    endloop
  endfacet
  facet normal 0 0 -1
    outer loop
      vertex -14.6441 -1.28119 0
      vertex -11.4562 -1.00229 0
      vertex -14.4767 -2.55263 0
    endloop
  endfacet
  facet normal -0 0 -1
    outer loop
      vertex -9.95929 5.75 0
      vertex -14.0114 4.4 0
      vertex -10.3884 10.4 0
    endloop
  endfacet
  facet normal 0 0 -1
    outer loop
      vertex -30 10.4 0
      vertex -14.0114 4.4 0
      vertex -30 4.4 0
    endloop
  endfacet
  facet normal 0 0 -1
    outer loop
      vertex -14.0114 4.4 0
      vertex -30 10.4 0
      vertex -10.3884 10.4 0
    endloop
  endfacet
  facet normal -0 0 -1
    outer loop
      vertex -11.4562 -1.00229 0
      vertex -14.6441 -1.28119 0
      vertex -11.5 0 0
    endloop
  endfacet
  facet normal 0 0 -1
    outer loop
      vertex -14.7 0 0
      vertex -11.5 0 0
      vertex -14.6441 -1.28119 0
    endloop
  endfacet
  facet normal 0 0 -1
    outer loop
      vertex -11.3253 1.99695 0
      vertex -14.4767 2.55263 0
      vertex -14.1991 3.80464 0
    endloop
  endfacet
  facet normal 0 0 -1
    outer loop
      vertex -11.1081 2.97642 0
      vertex -14.1991 3.80464 0
      vertex -14.0114 4.4 0
    endloop
  endfacet
  facet normal 0 0 -1
    outer loop
      vertex -11.5 0 0
      vertex -14.7 0 0
      vertex -11.4562 1.00229 0
    endloop
  endfacet
  facet normal 0 0 -1
    outer loop
      vertex -11.4562 1.00229 0
      vertex -14.6441 1.28119 0
      vertex -14.4767 2.55263 0
    endloop
  endfacet
  facet normal -0 0 -1
    outer loop
      vertex -11.4562 1.00229 0
      vertex -14.7 0 0
      vertex -14.6441 1.28119 0
    endloop
  endfacet
  facet normal 0 0 -1
    outer loop
      vertex 30 -16.4 0
      vertex 10.3884 -10.4 0
      vertex 30 -10.4 0
    endloop
  endfacet
  facet normal 0 0 -1
    outer loop
      vertex 12.0415 -8.43157 0
      vertex 9.42025 -6.59613 0
      vertex 9.95929 -5.75 0
    endloop
  endfacet
  facet normal 0 0 -1
    outer loop
      vertex 10.3945 -10.3945 0
      vertex 8.80951 -7.39206 0
      vertex 9.42025 -6.59613 0
    endloop
  endfacet
  facet normal 0 0 -1
    outer loop
      vertex 10.3945 -10.3945 0
      vertex 8.13173 -8.13173 0
      vertex 8.80951 -7.39206 0
    endloop
  endfacet
  facet normal 0 0 -1
    outer loop
      vertex 10.3884 -10.4 0
      vertex 7.39206 -8.80951 0
      vertex 8.13173 -8.13173 0
    endloop
  endfacet
  facet normal 0 0 -1
    outer loop
      vertex 10.3884 -10.4 0
      vertex 6.59613 -9.42025 0
      vertex 7.39206 -8.80951 0
    endloop
  endfacet
  facet normal 0 0 -1
    outer loop
      vertex 2.97642 -11.1081 0
      vertex 10.3884 -10.4 0
      vertex 30 -16.4 0
    endloop
  endfacet
  facet normal 0 0 -1
    outer loop
      vertex 10.3884 -10.4 0
      vertex 5.75 -9.95929 0
      vertex 6.59613 -9.42025 0
    endloop
  endfacet
  facet normal -0 0 -1
    outer loop
      vertex 10.3884 -10.4 0
      vertex 4.86011 -10.4225 0
      vertex 5.75 -9.95929 0
    endloop
  endfacet
  facet normal 0 0 -1
    outer loop
      vertex 10.3884 -10.4 0
      vertex 3.93323 -10.8065 0
      vertex 4.86011 -10.4225 0
    endloop
  endfacet
  facet normal 0 0 -1
    outer loop
      vertex 10.3884 -10.4 0
      vertex 2.97642 -11.1081 0
      vertex 3.93323 -10.8065 0
    endloop
  endfacet
  facet normal 0 0 -1
    outer loop
      vertex 30 -16.4 0
      vertex 1.99695 -11.3253 0
      vertex 2.97642 -11.1081 0
    endloop
  endfacet
  facet normal 0 0 -1
    outer loop
      vertex 30 -16.4 0
      vertex 1.00229 -11.4562 0
      vertex 1.99695 -11.3253 0
    endloop
  endfacet
  facet normal 0 0 -1
    outer loop
      vertex 30 -16.4 0
      vertex 0 -11.5 0
      vertex 1.00229 -11.4562 0
    endloop
  endfacet
  facet normal 0 0 -1
    outer loop
      vertex -30 -16.4 0
      vertex 0 -11.5 0
      vertex 30 -16.4 0
    endloop
  endfacet
  facet normal -0 0 -1
    outer loop
      vertex 0 -11.5 0
      vertex -30 -16.4 0
      vertex -1.00229 -11.4562 0
    endloop
  endfacet
  facet normal 0 0 -1
    outer loop
      vertex -11.2609 -9.44898 0
      vertex -8.80951 -7.39206 0
      vertex -10.3945 -10.3945 0
    endloop
  endfacet
  facet normal -0 0 -1
    outer loop
      vertex -8.13173 -8.13173 0
      vertex -10.3945 -10.3945 0
      vertex -8.80951 -7.39206 0
    endloop
  endfacet
  facet normal 0 0 -1
    outer loop
      vertex -10.3945 -10.3945 0
      vertex -8.13173 -8.13173 0
      vertex -10.3884 -10.4 0
    endloop
  endfacet
  facet normal -0 0 -1
    outer loop
      vertex -7.39206 -8.80951 0
      vertex -10.3884 -10.4 0
      vertex -8.13173 -8.13173 0
    endloop
  endfacet
  facet normal -0 0 -1
    outer loop
      vertex -6.59613 -9.42025 0
      vertex -10.3884 -10.4 0
      vertex -7.39206 -8.80951 0
    endloop
  endfacet
  facet normal -0 0 -1
    outer loop
      vertex -5.75 -9.95929 0
      vertex -10.3884 -10.4 0
      vertex -6.59613 -9.42025 0
    endloop
  endfacet
  facet normal 0 0 -1
    outer loop
      vertex -4.86011 -10.4225 0
      vertex -10.3884 -10.4 0
      vertex -5.75 -9.95929 0
    endloop
  endfacet
  facet normal 0 0 -1
    outer loop
      vertex -3.93323 -10.8065 0
      vertex -10.3884 -10.4 0
      vertex -4.86011 -10.4225 0
    endloop
  endfacet
  facet normal 0 0 -1
    outer loop
      vertex -2.97642 -11.1081 0
      vertex -10.3884 -10.4 0
      vertex -3.93323 -10.8065 0
    endloop
  endfacet
  facet normal 0 0 -1
    outer loop
      vertex -1.99695 -11.3253 0
      vertex -10.3884 -10.4 0
      vertex -2.97642 -11.1081 0
    endloop
  endfacet
  facet normal -0 0 -1
    outer loop
      vertex -1.00229 -11.4562 0
      vertex -30 -16.4 0
      vertex -1.99695 -11.3253 0
    endloop
  endfacet
  facet normal -0 0 -1
    outer loop
      vertex -1.99695 -11.3253 0
      vertex -30 -16.4 0
      vertex -10.3884 -10.4 0
    endloop
  endfacet
  facet normal -0 0 -1
    outer loop
      vertex -10.3884 -10.4 0
      vertex -30 -16.4 0
      vertex -30 -10.4 0
    endloop
  endfacet
  facet normal 0 0 -1
    outer loop
      vertex 11.3253 1.99695 0
      vertex 14.4767 2.55263 0
      vertex 11.4562 1.00229 0
    endloop
  endfacet
  facet normal 0 0 -1
    outer loop
      vertex 14.6441 -1.28119 0
      vertex 11.4562 -1.00229 0
      vertex 11.5 0 0
    endloop
  endfacet
  facet normal 0 0 -1
    outer loop
      vertex 9.42025 -6.59613 0
      vertex 12.0415 -8.43157 0
      vertex 11.2609 -9.44898 0
    endloop
  endfacet
  facet normal 0 0 -1
    outer loop
      vertex 14.1991 -3.80464 0
      vertex 11.1081 -2.97642 0
      vertex 11.3253 -1.99695 0
    endloop
  endfacet
  facet normal 0 0 -1
    outer loop
      vertex 13.8135 -5.0277 0
      vertex 10.8065 -3.93323 0
      vertex 11.1081 -2.97642 0
    endloop
  endfacet
  facet normal 0 0 -1
    outer loop
      vertex 13.3227 -6.21249 0
      vertex 10.4225 -4.86011 0
      vertex 10.8065 -3.93323 0
    endloop
  endfacet
  facet normal 0 0 -1
    outer loop
      vertex 9.42025 -6.59613 0
      vertex 11.2609 -9.44898 0
      vertex 10.3945 -10.3945 0
    endloop
  endfacet
  facet normal 0 0 -1
    outer loop
      vertex 8.13173 -8.13173 0
      vertex 10.3945 -10.3945 0
      vertex 10.3884 -10.4 0
    endloop
  endfacet
  facet normal 0 0 -1
    outer loop
      vertex 12.7306 -7.35 0
      vertex 9.95929 -5.75 0
      vertex 10.4225 -4.86011 0
    endloop
  endfacet
  facet normal -0 0 -1
    outer loop
      vertex -8.80951 -7.39206 0
      vertex -11.2609 -9.44898 0
      vertex -9.42025 -6.59613 0
    endloop
  endfacet
  facet normal 0 0 -1
    outer loop
      vertex -12.0415 -8.43157 0
      vertex -9.42025 -6.59613 0
      vertex -11.2609 -9.44898 0
    endloop
  endfacet
  facet normal -0 0 -1
    outer loop
      vertex -9.42025 -6.59613 0
      vertex -12.0415 -8.43157 0
      vertex -9.95929 -5.75 0
    endloop
  endfacet
  facet normal 0 0 -1
    outer loop
      vertex -12.7306 -7.35 0
      vertex -9.95929 -5.75 0
      vertex -12.0415 -8.43157 0
    endloop
  endfacet
  facet normal -0 0 -1
    outer loop
      vertex -9.95929 -5.75 0
      vertex -12.7306 -7.35 0
      vertex -10.4225 -4.86011 0
    endloop
  endfacet
  facet normal 0 0 -1
    outer loop
      vertex -13.3227 -6.21249 0
      vertex -10.4225 -4.86011 0
      vertex -12.7306 -7.35 0
    endloop
  endfacet
  facet normal -0 0 -1
    outer loop
      vertex -10.4225 -4.86011 0
      vertex -13.3227 -6.21249 0
      vertex -10.8065 -3.93323 0
    endloop
  endfacet
  facet normal 0 0 -1
    outer loop
      vertex -13.8135 -5.0277 0
      vertex -10.8065 -3.93323 0
      vertex -13.3227 -6.21249 0
    endloop
  endfacet
  facet normal -0 0 -1
    outer loop
      vertex -10.8065 -3.93323 0
      vertex -13.8135 -5.0277 0
      vertex -11.1081 -2.97642 0
    endloop
  endfacet
  facet normal 1 -0 0
    outer loop
      vertex 30 4.4 19
      vertex 30 10.4 0
      vertex 30 10.4 19
    endloop
  endfacet
  facet normal 1 0 0
    outer loop
      vertex 30 10.4 0
      vertex 30 4.4 19
      vertex 30 4.4 0
    endloop
  endfacet
  facet normal 0 1 0
    outer loop
      vertex 48.0683 -10.4 49.7108
      vertex 40.3704 -10.4 44.2338
      vertex 40 -10.4 44.25
    endloop
  endfacet
  facet normal 0 1 0
    outer loop
      vertex 50.7246 -10.4 46.249
      vertex 40.738 -10.4 44.1854
      vertex 40.3704 -10.4 44.2338
    endloop
  endfacet
  facet normal 0 1 0
    outer loop
      vertex 50.7246 -10.4 46.249
      vertex 41.1 -10.4 44.1052
      vertex 40.738 -10.4 44.1854
    endloop
  endfacet
  facet normal 0 1 0
    outer loop
      vertex 50.7246 -10.4 46.249
      vertex 41.4536 -10.4 43.9937
      vertex 41.1 -10.4 44.1052
    endloop
  endfacet
  facet normal 0 1 0
    outer loop
      vertex 50.7246 -10.4 46.249
      vertex 41.7961 -10.4 43.8518
      vertex 41.4536 -10.4 43.9937
    endloop
  endfacet
  facet normal 0 1 0
    outer loop
      vertex 50.7246 -10.4 46.249
      vertex 42.125 -10.4 43.6806
      vertex 41.7961 -10.4 43.8518
    endloop
  endfacet
  facet normal 0 1 0
    outer loop
      vertex 44.1854 -10.4 39.262
      vertex 51.2022 -10.4 46.2908
      vertex 61 -10.4 40
    endloop
  endfacet
  facet normal 0 1 0
    outer loop
      vertex 50.7246 -10.4 46.249
      vertex 42.4377 -10.4 43.4814
      vertex 42.125 -10.4 43.6806
    endloop
  endfacet
  facet normal 0 1 0
    outer loop
      vertex 50.7246 -10.4 46.249
      vertex 42.7318 -10.4 43.2557
      vertex 42.4377 -10.4 43.4814
    endloop
  endfacet
  facet normal 0 1 0
    outer loop
      vertex 50.7246 -10.4 46.249
      vertex 43.0052 -10.4 43.0052
      vertex 42.7318 -10.4 43.2557
    endloop
  endfacet
  facet normal 0 1 0
    outer loop
      vertex 50.7246 -10.4 46.249
      vertex 43.2557 -10.4 42.7318
      vertex 43.0052 -10.4 43.0052
    endloop
  endfacet
  facet normal 0 1 0
    outer loop
      vertex 50.7246 -10.4 46.249
      vertex 43.4814 -10.4 42.4377
      vertex 43.2557 -10.4 42.7318
    endloop
  endfacet
  facet normal 0 1 0
    outer loop
      vertex 50.7246 -10.4 46.249
      vertex 43.6806 -10.4 42.125
      vertex 43.4814 -10.4 42.4377
    endloop
  endfacet
  facet normal 0 1 0
    outer loop
      vertex 51.2022 -10.4 46.2908
      vertex 44.1854 -10.4 39.262
      vertex 50.9643 -10.4 46.2595
    endloop
  endfacet
  facet normal 0 1 0
    outer loop
      vertex 50.7246 -10.4 46.249
      vertex 43.8518 -10.4 41.7961
      vertex 43.6806 -10.4 42.125
    endloop
  endfacet
  facet normal 0 1 0
    outer loop
      vertex 50.7246 -10.4 46.249
      vertex 43.9937 -10.4 41.4536
      vertex 43.8518 -10.4 41.7961
    endloop
  endfacet
  facet normal 0 1 0
    outer loop
      vertex 50.7246 -10.4 46.249
      vertex 44.1052 -10.4 41.1
      vertex 43.9937 -10.4 41.4536
    endloop
  endfacet
  facet normal 0 1 0
    outer loop
      vertex 50.7246 -10.4 46.249
      vertex 44.1854 -10.4 40.738
      vertex 44.1052 -10.4 41.1
    endloop
  endfacet
  facet normal 0 1 0
    outer loop
      vertex 50.7246 -10.4 46.249
      vertex 44.2338 -10.4 40.3704
      vertex 44.1854 -10.4 40.738
    endloop
  endfacet
  facet normal -0 1 0
    outer loop
      vertex 44.2338 -10.4 39.6296
      vertex 50.9643 -10.4 46.2595
      vertex 44.1854 -10.4 39.262
    endloop
  endfacet
  facet normal 0 1 0
    outer loop
      vertex 50.7246 -10.4 46.249
      vertex 44.25 -10.4 40
      vertex 44.2338 -10.4 40.3704
    endloop
  endfacet
  facet normal 0 1 0
    outer loop
      vertex 50.7246 -10.4 46.249
      vertex 44.2338 -10.4 39.6296
      vertex 44.25 -10.4 40
    endloop
  endfacet
  facet normal 0 1 0
    outer loop
      vertex 50.9643 -10.4 46.2595
      vertex 44.2338 -10.4 39.6296
      vertex 50.7246 -10.4 46.249
    endloop
  endfacet
  facet normal 0 1 0
    outer loop
      vertex 61 -10.4 40
      vertex 44.1052 -10.4 38.9
      vertex 44.1854 -10.4 39.262
    endloop
  endfacet
  facet normal 0 1 0
    outer loop
      vertex 61 -10.4 40
      vertex 43.9937 -10.4 38.5464
      vertex 44.1052 -10.4 38.9
    endloop
  endfacet
  facet normal 0 1 0
    outer loop
      vertex 61 -10.4 40
      vertex 43.8518 -10.4 38.2039
      vertex 43.9937 -10.4 38.5464
    endloop
  endfacet
  facet normal 0 1 0
    outer loop
      vertex 61 -10.4 40
      vertex 43.6806 -10.4 37.875
      vertex 43.8518 -10.4 38.2039
    endloop
  endfacet
  facet normal 0 1 0
    outer loop
      vertex 61 -10.4 40
      vertex 43.4814 -10.4 37.5623
      vertex 43.6806 -10.4 37.875
    endloop
  endfacet
  facet normal 0 1 0
    outer loop
      vertex 61 -10.4 40
      vertex 43.2557 -10.4 37.2682
      vertex 43.4814 -10.4 37.5623
    endloop
  endfacet
  facet normal 0 1 0
    outer loop
      vertex 61 -10.4 40
      vertex 43.0052 -10.4 36.9948
      vertex 43.2557 -10.4 37.2682
    endloop
  endfacet
  facet normal 0 1 0
    outer loop
      vertex 40 -10.4 19
      vertex 43.0052 -10.4 36.9948
      vertex 61 -10.4 40
    endloop
  endfacet
  facet normal 0 1 0
    outer loop
      vertex 43.0052 -10.4 36.9948
      vertex 40 -10.4 19
      vertex 42.7318 -10.4 36.7443
    endloop
  endfacet
  facet normal 0 1 0
    outer loop
      vertex 42.7318 -10.4 36.7443
      vertex 40 -10.4 19
      vertex 42.4377 -10.4 36.5186
    endloop
  endfacet
  facet normal 0 1 0
    outer loop
      vertex 42.4377 -10.4 36.5186
      vertex 40 -10.4 19
      vertex 42.125 -10.4 36.3194
    endloop
  endfacet
  facet normal 0 1 0
    outer loop
      vertex 42.125 -10.4 36.3194
      vertex 40 -10.4 19
      vertex 41.7961 -10.4 36.1482
    endloop
  endfacet
  facet normal 0 1 0
    outer loop
      vertex 41.7961 -10.4 36.1482
      vertex 40 -10.4 19
      vertex 41.4536 -10.4 36.0063
    endloop
  endfacet
  facet normal 0 1 0
    outer loop
      vertex 41.4536 -10.4 36.0063
      vertex 40 -10.4 19
      vertex 41.1 -10.4 35.8948
    endloop
  endfacet
  facet normal 0 1 0
    outer loop
      vertex 40.3704 -10.4 35.7662
      vertex 40 -10.4 19
      vertex 40 -10.4 35.75
    endloop
  endfacet
  facet normal 0 1 0
    outer loop
      vertex 40.738 -10.4 35.8146
      vertex 40 -10.4 19
      vertex 40.3704 -10.4 35.7662
    endloop
  endfacet
  facet normal 0 1 0
    outer loop
      vertex 41.1 -10.4 35.8948
      vertex 40 -10.4 19
      vertex 40.738 -10.4 35.8146
    endloop
  endfacet
  facet normal 0 1 0
    outer loop
      vertex 52.0451 -10.4 57.2022
      vertex 50.9643 -10.4 51.7386
      vertex 50.7246 -10.4 51.749
    endloop
  endfacet
  facet normal 0 1 0
    outer loop
      vertex 56.0869 -10.4 53.4985
      vertex 51.2022 -10.4 51.7072
      vertex 50.9643 -10.4 51.7386
    endloop
  endfacet
  facet normal 0 1 0
    outer loop
      vertex 56.0869 -10.4 53.4985
      vertex 51.4364 -10.4 51.6553
      vertex 51.2022 -10.4 51.7072
    endloop
  endfacet
  facet normal 0 1 0
    outer loop
      vertex 56.0869 -10.4 53.4985
      vertex 51.6652 -10.4 51.5832
      vertex 51.4364 -10.4 51.6553
    endloop
  endfacet
  facet normal 0 1 0
    outer loop
      vertex 56.0869 -10.4 53.4985
      vertex 51.8868 -10.4 51.4914
      vertex 51.6652 -10.4 51.5832
    endloop
  endfacet
  facet normal 0 1 0
    outer loop
      vertex 56.0869 -10.4 53.4985
      vertex 52.0996 -10.4 51.3806
      vertex 51.8868 -10.4 51.4914
    endloop
  endfacet
  facet normal 0 1 0
    outer loop
      vertex 56.0869 -10.4 53.4985
      vertex 52.302 -10.4 51.2517
      vertex 52.0996 -10.4 51.3806
    endloop
  endfacet
  facet normal 0 1 0
    outer loop
      vertex 56.0869 -10.4 53.4985
      vertex 52.4923 -10.4 51.1056
      vertex 52.302 -10.4 51.2517
    endloop
  endfacet
  facet normal 0 1 0
    outer loop
      vertex 56.0869 -10.4 53.4985
      vertex 52.6692 -10.4 50.9436
      vertex 52.4923 -10.4 51.1056
    endloop
  endfacet
  facet normal 0 1 0
    outer loop
      vertex 56.0869 -10.4 53.4985
      vertex 52.8312 -10.4 50.7667
      vertex 52.6692 -10.4 50.9436
    endloop
  endfacet
  facet normal 0 1 0
    outer loop
      vertex 56.0869 -10.4 53.4985
      vertex 52.9773 -10.4 50.5764
      vertex 52.8312 -10.4 50.7667
    endloop
  endfacet
  facet normal 0 1 0
    outer loop
      vertex 53.4328 -10.4 49.4766
      vertex 57.2022 -10.4 52.0451
      vertex 58.1865 -10.4 50.5
    endloop
  endfacet
  facet normal 0 1 0
    outer loop
      vertex 56.0869 -10.4 53.4985
      vertex 53.1062 -10.4 50.374
      vertex 52.9773 -10.4 50.5764
    endloop
  endfacet
  facet normal 0 1 0
    outer loop
      vertex 57.2022 -10.4 52.0451
      vertex 53.217 -10.4 50.1612
      vertex 53.1062 -10.4 50.374
    endloop
  endfacet
  facet normal 0 1 0
    outer loop
      vertex 57.2022 -10.4 52.0451
      vertex 53.3088 -10.4 49.9396
      vertex 53.217 -10.4 50.1612
    endloop
  endfacet
  facet normal 0 1 0
    outer loop
      vertex 57.2022 -10.4 52.0451
      vertex 53.3809 -10.4 49.7108
      vertex 53.3088 -10.4 49.9396
    endloop
  endfacet
  facet normal 0 1 0
    outer loop
      vertex 57.2022 -10.4 52.0451
      vertex 53.4328 -10.4 49.4766
      vertex 53.3809 -10.4 49.7108
    endloop
  endfacet
  facet normal 0 1 0
    outer loop
      vertex 58.1865 -10.4 50.5
      vertex 53.4642 -10.4 49.2387
      vertex 53.4328 -10.4 49.4766
    endloop
  endfacet
  facet normal 0 1 0
    outer loop
      vertex 58.1865 -10.4 50.5
      vertex 53.4746 -10.4 48.999
      vertex 53.4642 -10.4 49.2387
    endloop
  endfacet
  facet normal 0 1 0
    outer loop
      vertex 53.4642 -10.4 48.7593
      vertex 58.1865 -10.4 50.5
      vertex 59.0325 -10.4 48.875
    endloop
  endfacet
  facet normal 0 1 0
    outer loop
      vertex 58.1865 -10.4 50.5
      vertex 53.4642 -10.4 48.7593
      vertex 53.4746 -10.4 48.999
    endloop
  endfacet
  facet normal 0 1 0
    outer loop
      vertex 59.0325 -10.4 48.875
      vertex 53.4328 -10.4 48.5215
      vertex 53.4642 -10.4 48.7593
    endloop
  endfacet
  facet normal 0 1 0
    outer loop
      vertex 59.0325 -10.4 48.875
      vertex 53.3809 -10.4 48.2873
      vertex 53.4328 -10.4 48.5215
    endloop
  endfacet
  facet normal 0 1 0
    outer loop
      vertex 59.0325 -10.4 48.875
      vertex 53.3088 -10.4 48.0585
      vertex 53.3809 -10.4 48.2873
    endloop
  endfacet
  facet normal 0 1 0
    outer loop
      vertex 59.7335 -10.4 47.1824
      vertex 53.3088 -10.4 48.0585
      vertex 59.0325 -10.4 48.875
    endloop
  endfacet
  facet normal 0 1 0
    outer loop
      vertex 53.3088 -10.4 48.0585
      vertex 59.7335 -10.4 47.1824
      vertex 53.217 -10.4 47.8368
    endloop
  endfacet
  facet normal 0 1 0
    outer loop
      vertex 53.217 -10.4 47.8368
      vertex 59.7335 -10.4 47.1824
      vertex 53.1062 -10.4 47.624
    endloop
  endfacet
  facet normal 0 1 0
    outer loop
      vertex 53.1062 -10.4 47.624
      vertex 59.7335 -10.4 47.1824
      vertex 52.9773 -10.4 47.4217
    endloop
  endfacet
  facet normal 0 1 0
    outer loop
      vertex 60.2844 -10.4 45.4352
      vertex 52.9773 -10.4 47.4217
      vertex 59.7335 -10.4 47.1824
    endloop
  endfacet
  facet normal 0 1 0
    outer loop
      vertex 52.9773 -10.4 47.4217
      vertex 60.2844 -10.4 45.4352
      vertex 52.8312 -10.4 47.2314
    endloop
  endfacet
  facet normal 0 1 0
    outer loop
      vertex 52.8312 -10.4 47.2314
      vertex 60.2844 -10.4 45.4352
      vertex 52.6692 -10.4 47.0545
    endloop
  endfacet
  facet normal 0 1 0
    outer loop
      vertex 60.681 -10.4 43.6466
      vertex 52.6692 -10.4 47.0545
      vertex 60.2844 -10.4 45.4352
    endloop
  endfacet
  facet normal 0 1 0
    outer loop
      vertex 52.6692 -10.4 47.0545
      vertex 60.681 -10.4 43.6466
      vertex 52.4923 -10.4 46.8924
    endloop
  endfacet
  facet normal 0 1 0
    outer loop
      vertex 52.4923 -10.4 46.8924
      vertex 60.681 -10.4 43.6466
      vertex 52.302 -10.4 46.7464
    endloop
  endfacet
  facet normal 0 1 0
    outer loop
      vertex 60.9201 -10.4 41.8303
      vertex 52.302 -10.4 46.7464
      vertex 60.681 -10.4 43.6466
    endloop
  endfacet
  facet normal 0 1 0
    outer loop
      vertex 52.302 -10.4 46.7464
      vertex 60.9201 -10.4 41.8303
      vertex 52.0996 -10.4 46.6175
    endloop
  endfacet
  facet normal 0 1 0
    outer loop
      vertex 52.0996 -10.4 46.6175
      vertex 60.9201 -10.4 41.8303
      vertex 51.8868 -10.4 46.5067
    endloop
  endfacet
  facet normal 0 1 0
    outer loop
      vertex 61 -10.4 40
      vertex 51.8868 -10.4 46.5067
      vertex 60.9201 -10.4 41.8303
    endloop
  endfacet
  facet normal 0 1 0
    outer loop
      vertex 51.6652 -10.4 46.4149
      vertex 61 -10.4 40
      vertex 51.4364 -10.4 46.3427
    endloop
  endfacet
  facet normal 0 1 0
    outer loop
      vertex 51.8868 -10.4 46.5067
      vertex 61 -10.4 40
      vertex 51.6652 -10.4 46.4149
    endloop
  endfacet
  facet normal 0 1 0
    outer loop
      vertex 48.1405 -10.4 49.9396
      vertex 40 -10.4 61
      vertex 41.8303 -10.4 60.9201
    endloop
  endfacet
  facet normal 0 1 0
    outer loop
      vertex 48.2323 -10.4 50.1612
      vertex 41.8303 -10.4 60.9201
      vertex 43.6466 -10.4 60.681
    endloop
  endfacet
  facet normal 0 1 0
    outer loop
      vertex 48.472 -10.4 50.5764
      vertex 43.6466 -10.4 60.681
      vertex 45.4352 -10.4 60.2844
    endloop
  endfacet
  facet normal 0 1 0
    outer loop
      vertex 48.7801 -10.4 50.9436
      vertex 45.4352 -10.4 60.2844
      vertex 47.1824 -10.4 59.7335
    endloop
  endfacet
  facet normal 0 1 0
    outer loop
      vertex 49.1473 -10.4 51.2517
      vertex 47.1824 -10.4 59.7335
      vertex 48.875 -10.4 59.0325
    endloop
  endfacet
  facet normal 0 1 -0
    outer loop
      vertex 49.5624 -10.4 51.4914
      vertex 48.875 -10.4 59.0325
      vertex 50.5 -10.4 58.1865
    endloop
  endfacet
  facet normal 0 1 0
    outer loop
      vertex 50.2471 -10.4 51.7072
      vertex 50.5 -10.4 58.1865
      vertex 52.0451 -10.4 57.2022
    endloop
  endfacet
  facet normal 0 1 0
    outer loop
      vertex 50.9643 -10.4 51.7386
      vertex 52.0451 -10.4 57.2022
      vertex 53.4985 -10.4 56.0869
    endloop
  endfacet
  facet normal 0 1 0
    outer loop
      vertex 50.9643 -10.4 51.7386
      vertex 53.4985 -10.4 56.0869
      vertex 54.8492 -10.4 54.8492
    endloop
  endfacet
  facet normal 0 1 0
    outer loop
      vertex 50.9643 -10.4 51.7386
      vertex 54.8492 -10.4 54.8492
      vertex 56.0869 -10.4 53.4985
    endloop
  endfacet
  facet normal 0 1 0
    outer loop
      vertex 53.1062 -10.4 50.374
      vertex 56.0869 -10.4 53.4985
      vertex 57.2022 -10.4 52.0451
    endloop
  endfacet
  facet normal 0 1 0
    outer loop
      vertex 52.0451 -10.4 57.2022
      vertex 50.7246 -10.4 51.749
      vertex 50.4849 -10.4 51.7386
    endloop
  endfacet
  facet normal 0 1 0
    outer loop
      vertex 52.0451 -10.4 57.2022
      vertex 50.4849 -10.4 51.7386
      vertex 50.2471 -10.4 51.7072
    endloop
  endfacet
  facet normal 0 1 0
    outer loop
      vertex 50.5 -10.4 58.1865
      vertex 50.2471 -10.4 51.7072
      vertex 50.0129 -10.4 51.6553
    endloop
  endfacet
  facet normal 0 1 0
    outer loop
      vertex 50.5 -10.4 58.1865
      vertex 50.0129 -10.4 51.6553
      vertex 49.7841 -10.4 51.5832
    endloop
  endfacet
  facet normal 0 1 0
    outer loop
      vertex 50.5 -10.4 58.1865
      vertex 49.7841 -10.4 51.5832
      vertex 49.5624 -10.4 51.4914
    endloop
  endfacet
  facet normal 0 1 0
    outer loop
      vertex 48.875 -10.4 59.0325
      vertex 49.5624 -10.4 51.4914
      vertex 49.3496 -10.4 51.3806
    endloop
  endfacet
  facet normal 0 1 0
    outer loop
      vertex 48.875 -10.4 59.0325
      vertex 49.3496 -10.4 51.3806
      vertex 49.1473 -10.4 51.2517
    endloop
  endfacet
  facet normal 0 1 0
    outer loop
      vertex 47.1824 -10.4 59.7335
      vertex 49.1473 -10.4 51.2517
      vertex 48.957 -10.4 51.1056
    endloop
  endfacet
  facet normal 0 1 0
    outer loop
      vertex 47.1824 -10.4 59.7335
      vertex 48.957 -10.4 51.1056
      vertex 48.7801 -10.4 50.9436
    endloop
  endfacet
  facet normal 0 1 0
    outer loop
      vertex 45.4352 -10.4 60.2844
      vertex 48.7801 -10.4 50.9436
      vertex 48.618 -10.4 50.7667
    endloop
  endfacet
  facet normal 0 1 0
    outer loop
      vertex 45.4352 -10.4 60.2844
      vertex 48.618 -10.4 50.7667
      vertex 48.472 -10.4 50.5764
    endloop
  endfacet
  facet normal 0 1 0
    outer loop
      vertex 43.6466 -10.4 60.681
      vertex 48.472 -10.4 50.5764
      vertex 48.3431 -10.4 50.374
    endloop
  endfacet
  facet normal 0 1 0
    outer loop
      vertex 43.6466 -10.4 60.681
      vertex 48.3431 -10.4 50.374
      vertex 48.2323 -10.4 50.1612
    endloop
  endfacet
  facet normal 0 1 0
    outer loop
      vertex 41.8303 -10.4 60.9201
      vertex 48.2323 -10.4 50.1612
      vertex 48.1405 -10.4 49.9396
    endloop
  endfacet
  facet normal 0 1 0
    outer loop
      vertex 40 -10.4 61
      vertex 48.1405 -10.4 49.9396
      vertex 40 -10.4 44.25
    endloop
  endfacet
  facet normal 0 1 0
    outer loop
      vertex 40 -10.4 44.25
      vertex 48.1405 -10.4 49.9396
      vertex 48.0683 -10.4 49.7108
    endloop
  endfacet
  facet normal 0 1 0
    outer loop
      vertex 40.3704 -10.4 44.2338
      vertex 48.0683 -10.4 49.7108
      vertex 48.0164 -10.4 49.4766
    endloop
  endfacet
  facet normal 0 1 0
    outer loop
      vertex 40.3704 -10.4 44.2338
      vertex 48.0164 -10.4 49.4766
      vertex 47.9851 -10.4 49.2387
    endloop
  endfacet
  facet normal 0 1 0
    outer loop
      vertex 40.3704 -10.4 44.2338
      vertex 47.9851 -10.4 49.2387
      vertex 47.9746 -10.4 48.999
    endloop
  endfacet
  facet normal 0 1 0
    outer loop
      vertex 40.3704 -10.4 44.2338
      vertex 47.9746 -10.4 48.999
      vertex 47.9851 -10.4 48.7593
    endloop
  endfacet
  facet normal 0 1 0
    outer loop
      vertex 40.3704 -10.4 44.2338
      vertex 47.9851 -10.4 48.7593
      vertex 48.0164 -10.4 48.5215
    endloop
  endfacet
  facet normal 0 1 0
    outer loop
      vertex 40.3704 -10.4 44.2338
      vertex 48.0164 -10.4 48.5215
      vertex 48.0683 -10.4 48.2873
    endloop
  endfacet
  facet normal 0 1 0
    outer loop
      vertex 40.3704 -10.4 44.2338
      vertex 48.0683 -10.4 48.2873
      vertex 48.1405 -10.4 48.0585
    endloop
  endfacet
  facet normal 0 1 0
    outer loop
      vertex 40.3704 -10.4 44.2338
      vertex 48.1405 -10.4 48.0585
      vertex 48.2323 -10.4 47.8368
    endloop
  endfacet
  facet normal 0 1 0
    outer loop
      vertex 40.3704 -10.4 44.2338
      vertex 48.2323 -10.4 47.8368
      vertex 48.3431 -10.4 47.624
    endloop
  endfacet
  facet normal 0 1 0
    outer loop
      vertex 40.3704 -10.4 44.2338
      vertex 48.3431 -10.4 47.624
      vertex 48.472 -10.4 47.4217
    endloop
  endfacet
  facet normal 0 1 0
    outer loop
      vertex 40.3704 -10.4 44.2338
      vertex 48.472 -10.4 47.4217
      vertex 48.618 -10.4 47.2314
    endloop
  endfacet
  facet normal 0 1 0
    outer loop
      vertex 40.3704 -10.4 44.2338
      vertex 48.618 -10.4 47.2314
      vertex 48.7801 -10.4 47.0545
    endloop
  endfacet
  facet normal 0 1 0
    outer loop
      vertex 40.3704 -10.4 44.2338
      vertex 48.7801 -10.4 47.0545
      vertex 48.957 -10.4 46.8924
    endloop
  endfacet
  facet normal 0 1 0
    outer loop
      vertex 40.3704 -10.4 44.2338
      vertex 48.957 -10.4 46.8924
      vertex 49.1473 -10.4 46.7464
    endloop
  endfacet
  facet normal 0 1 0
    outer loop
      vertex 40.3704 -10.4 44.2338
      vertex 49.1473 -10.4 46.7464
      vertex 49.3496 -10.4 46.6175
    endloop
  endfacet
  facet normal 0 1 0
    outer loop
      vertex 40.3704 -10.4 44.2338
      vertex 49.3496 -10.4 46.6175
      vertex 49.5624 -10.4 46.5067
    endloop
  endfacet
  facet normal 0 1 0
    outer loop
      vertex 40.3704 -10.4 44.2338
      vertex 49.5624 -10.4 46.5067
      vertex 49.7841 -10.4 46.4149
    endloop
  endfacet
  facet normal 0 1 0
    outer loop
      vertex 51.4364 -10.4 46.3427
      vertex 61 -10.4 40
      vertex 51.2022 -10.4 46.2908
    endloop
  endfacet
  facet normal 0 1 0
    outer loop
      vertex 40.3704 -10.4 44.2338
      vertex 50.4849 -10.4 46.2595
      vertex 50.7246 -10.4 46.249
    endloop
  endfacet
  facet normal 0 1 0
    outer loop
      vertex 40.3704 -10.4 44.2338
      vertex 50.2471 -10.4 46.2908
      vertex 50.4849 -10.4 46.2595
    endloop
  endfacet
  facet normal 0 1 0
    outer loop
      vertex 40.3704 -10.4 44.2338
      vertex 50.0129 -10.4 46.3427
      vertex 50.2471 -10.4 46.2908
    endloop
  endfacet
  facet normal 0 1 0
    outer loop
      vertex 40.3704 -10.4 44.2338
      vertex 49.7841 -10.4 46.4149
      vertex 50.0129 -10.4 46.3427
    endloop
  endfacet
  facet normal 0 1 0
    outer loop
      vertex 40 -10.4 61
      vertex 40 -10.4 44.25
      vertex 39.6296 -10.4 44.2338
    endloop
  endfacet
  facet normal 0 1 0
    outer loop
      vertex 40 -10.4 61
      vertex 39.6296 -10.4 44.2338
      vertex 39.262 -10.4 44.1854
    endloop
  endfacet
  facet normal 0 1 0
    outer loop
      vertex 40 -10.4 61
      vertex 39.262 -10.4 44.1854
      vertex 38.9 -10.4 44.1052
    endloop
  endfacet
  facet normal 0 1 0
    outer loop
      vertex 40 -10.4 61
      vertex 38.9 -10.4 44.1052
      vertex 38.5464 -10.4 43.9937
    endloop
  endfacet
  facet normal 0 1 0
    outer loop
      vertex 40 -10.4 61
      vertex 38.5464 -10.4 43.9937
      vertex 38.2039 -10.4 43.8518
    endloop
  endfacet
  facet normal 0 1 0
    outer loop
      vertex 40 -10.4 61
      vertex 38.2039 -10.4 43.8518
      vertex 37.875 -10.4 43.6806
    endloop
  endfacet
  facet normal 0 1 0
    outer loop
      vertex 40 -10.4 61
      vertex 37.875 -10.4 43.6806
      vertex 37.5623 -10.4 43.4814
    endloop
  endfacet
  facet normal 0 1 0
    outer loop
      vertex 40 -10.4 61
      vertex 37.5623 -10.4 43.4814
      vertex 37.2682 -10.4 43.2557
    endloop
  endfacet
  facet normal 0 1 0
    outer loop
      vertex 36.9948 -10.4 43.0052
      vertex 40 -10.4 61
      vertex 37.2682 -10.4 43.2557
    endloop
  endfacet
  facet normal 0 1 0
    outer loop
      vertex 40 -10.4 61
      vertex 36.9948 -10.4 43.0052
      vertex 10.3884 -10.4 61
    endloop
  endfacet
  facet normal 0 1 -0
    outer loop
      vertex 36.7443 -10.4 42.7318
      vertex 10.3884 -10.4 61
      vertex 36.9948 -10.4 43.0052
    endloop
  endfacet
  facet normal 0 1 -0
    outer loop
      vertex 36.5186 -10.4 42.4377
      vertex 10.3884 -10.4 61
      vertex 36.7443 -10.4 42.7318
    endloop
  endfacet
  facet normal 0 1 -0
    outer loop
      vertex 36.3194 -10.4 42.125
      vertex 10.3884 -10.4 61
      vertex 36.5186 -10.4 42.4377
    endloop
  endfacet
  facet normal 0 1 -0
    outer loop
      vertex 36.1482 -10.4 41.7961
      vertex 10.3884 -10.4 61
      vertex 36.3194 -10.4 42.125
    endloop
  endfacet
  facet normal 0 1 -0
    outer loop
      vertex 36.0063 -10.4 41.4536
      vertex 10.3884 -10.4 61
      vertex 36.1482 -10.4 41.7961
    endloop
  endfacet
  facet normal 0 1 -0
    outer loop
      vertex 35.8948 -10.4 41.1
      vertex 10.3884 -10.4 61
      vertex 36.0063 -10.4 41.4536
    endloop
  endfacet
  facet normal 0 1 -0
    outer loop
      vertex 35.8146 -10.4 40.738
      vertex 10.3884 -10.4 61
      vertex 35.8948 -10.4 41.1
    endloop
  endfacet
  facet normal 0 1 -0
    outer loop
      vertex 35.7662 -10.4 40.3704
      vertex 10.3884 -10.4 61
      vertex 35.8146 -10.4 40.738
    endloop
  endfacet
  facet normal 0 1 -0
    outer loop
      vertex 35.75 -10.4 40
      vertex 10.3884 -10.4 61
      vertex 35.7662 -10.4 40.3704
    endloop
  endfacet
  facet normal 0 1 0
    outer loop
      vertex 35.7662 -10.4 39.6296
      vertex 10.3884 -10.4 61
      vertex 35.75 -10.4 40
    endloop
  endfacet
  facet normal 0 1 0
    outer loop
      vertex 35.8146 -10.4 39.262
      vertex 10.3884 -10.4 61
      vertex 35.7662 -10.4 39.6296
    endloop
  endfacet
  facet normal 0 1 0
    outer loop
      vertex 30 -10.4 19
      vertex 35.8146 -10.4 39.262
      vertex 35.8948 -10.4 38.9
    endloop
  endfacet
  facet normal 0 1 0
    outer loop
      vertex 30 -10.4 19
      vertex 35.8948 -10.4 38.9
      vertex 36.0063 -10.4 38.5464
    endloop
  endfacet
  facet normal 0 1 0
    outer loop
      vertex 30 -10.4 19
      vertex 36.0063 -10.4 38.5464
      vertex 36.1482 -10.4 38.2039
    endloop
  endfacet
  facet normal 0 1 0
    outer loop
      vertex 30 -10.4 19
      vertex 36.1482 -10.4 38.2039
      vertex 36.3194 -10.4 37.875
    endloop
  endfacet
  facet normal 0 1 0
    outer loop
      vertex 30 -10.4 19
      vertex 36.3194 -10.4 37.875
      vertex 36.5186 -10.4 37.5623
    endloop
  endfacet
  facet normal 0 1 0
    outer loop
      vertex 30 -10.4 19
      vertex 36.5186 -10.4 37.5623
      vertex 36.7443 -10.4 37.2682
    endloop
  endfacet
  facet normal 0 1 0
    outer loop
      vertex 30 -10.4 19
      vertex 36.7443 -10.4 37.2682
      vertex 36.9948 -10.4 36.9948
    endloop
  endfacet
  facet normal 0 1 0
    outer loop
      vertex 30 -10.4 19
      vertex 36.9948 -10.4 36.9948
      vertex 37.2682 -10.4 36.7443
    endloop
  endfacet
  facet normal 0 1 -0
    outer loop
      vertex 40 -10.4 19
      vertex 39.6296 -10.4 35.7662
      vertex 40 -10.4 35.75
    endloop
  endfacet
  facet normal 0 1 0
    outer loop
      vertex 40 -10.4 19
      vertex 39.262 -10.4 35.8146
      vertex 39.6296 -10.4 35.7662
    endloop
  endfacet
  facet normal 0 1 0
    outer loop
      vertex 40 -10.4 19
      vertex 38.9 -10.4 35.8948
      vertex 39.262 -10.4 35.8146
    endloop
  endfacet
  facet normal 0 1 0
    outer loop
      vertex 40 -10.4 19
      vertex 38.5464 -10.4 36.0063
      vertex 38.9 -10.4 35.8948
    endloop
  endfacet
  facet normal 0 1 0
    outer loop
      vertex 30 -10.4 19
      vertex 38.5464 -10.4 36.0063
      vertex 40 -10.4 19
    endloop
  endfacet
  facet normal 0 1 0
    outer loop
      vertex 38.5464 -10.4 36.0063
      vertex 30 -10.4 19
      vertex 38.2039 -10.4 36.1482
    endloop
  endfacet
  facet normal 0 1 0
    outer loop
      vertex 38.2039 -10.4 36.1482
      vertex 30 -10.4 19
      vertex 37.875 -10.4 36.3194
    endloop
  endfacet
  facet normal 0 1 0
    outer loop
      vertex 37.875 -10.4 36.3194
      vertex 30 -10.4 19
      vertex 37.5623 -10.4 36.5186
    endloop
  endfacet
  facet normal 0 1 0
    outer loop
      vertex 37.5623 -10.4 36.5186
      vertex 30 -10.4 19
      vertex 37.2682 -10.4 36.7443
    endloop
  endfacet
  facet normal 0 1 0
    outer loop
      vertex 35.8146 -10.4 39.262
      vertex 30 -10.4 19
      vertex 10.3884 -10.4 61
    endloop
  endfacet
  facet normal 0 1 0
    outer loop
      vertex 10.3884 -10.4 0
      vertex 30 -10.4 19
      vertex 30 -10.4 0
    endloop
  endfacet
  facet normal 0 1 0
    outer loop
      vertex 30 -10.4 19
      vertex 10.3884 -10.4 0
      vertex 10.3884 -10.4 61
    endloop
  endfacet
  facet normal 0 1 -0
    outer loop
      vertex -36.9948 -10.4 43.0052
      vertex -40 -10.4 61
      vertex -10.3884 -10.4 61
    endloop
  endfacet
  facet normal -0 1 -0
    outer loop
      vertex -37.5623 -10.4 43.4814
      vertex -40 -10.4 61
      vertex -37.2682 -10.4 43.2557
    endloop
  endfacet
  facet normal -0 1 -0
    outer loop
      vertex -38.2039 -10.4 43.8518
      vertex -40 -10.4 61
      vertex -37.875 -10.4 43.6806
    endloop
  endfacet
  facet normal -0 1 -0
    outer loop
      vertex -38.5464 -10.4 43.9937
      vertex -40 -10.4 61
      vertex -38.2039 -10.4 43.8518
    endloop
  endfacet
  facet normal -0 1 -0
    outer loop
      vertex -39.262 -10.4 44.1854
      vertex -40 -10.4 61
      vertex -38.9 -10.4 44.1052
    endloop
  endfacet
  facet normal -0 1 0
    outer loop
      vertex -40 -10.4 44.25
      vertex -40 -10.4 61
      vertex -39.6296 -10.4 44.2338
    endloop
  endfacet
  facet normal 0 1 0
    outer loop
      vertex -40 -10.4 61
      vertex -48.1405 -10.4 49.9396
      vertex -41.8303 -10.4 60.9201
    endloop
  endfacet
  facet normal -0 1 0
    outer loop
      vertex -48.2323 -10.4 50.1612
      vertex -41.8303 -10.4 60.9201
      vertex -48.1405 -10.4 49.9396
    endloop
  endfacet
  facet normal -0 1 0
    outer loop
      vertex -49.5624 -10.4 51.4914
      vertex -48.875 -10.4 59.0325
      vertex -49.3496 -10.4 51.3806
    endloop
  endfacet
  facet normal -0 1 -0
    outer loop
      vertex -50.2471 -10.4 51.7072
      vertex -50.5 -10.4 58.1865
      vertex -50.0129 -10.4 51.6553
    endloop
  endfacet
  facet normal -0 1 -0
    outer loop
      vertex -50.7246 -10.4 51.749
      vertex -52.0451 -10.4 57.2022
      vertex -50.4849 -10.4 51.7386
    endloop
  endfacet
  facet normal 0 1 -0
    outer loop
      vertex -51.4364 -10.4 51.6553
      vertex -53.4985 -10.4 56.0869
      vertex -51.2022 -10.4 51.7072
    endloop
  endfacet
  facet normal 0 1 -0
    outer loop
      vertex -51.2022 -10.4 51.7072
      vertex -53.4985 -10.4 56.0869
      vertex -50.9643 -10.4 51.7386
    endloop
  endfacet
  facet normal 0 1 0
    outer loop
      vertex -52.0451 -10.4 57.2022
      vertex -50.9643 -10.4 51.7386
      vertex -53.4985 -10.4 56.0869
    endloop
  endfacet
  facet normal 0 1 -0
    outer loop
      vertex -50.9643 -10.4 51.7386
      vertex -52.0451 -10.4 57.2022
      vertex -50.7246 -10.4 51.749
    endloop
  endfacet
  facet normal -0 1 -0
    outer loop
      vertex -50.4849 -10.4 51.7386
      vertex -52.0451 -10.4 57.2022
      vertex -50.2471 -10.4 51.7072
    endloop
  endfacet
  facet normal 0 1 0
    outer loop
      vertex -50.5 -10.4 58.1865
      vertex -50.2471 -10.4 51.7072
      vertex -52.0451 -10.4 57.2022
    endloop
  endfacet
  facet normal -0 1 -0
    outer loop
      vertex -50.0129 -10.4 51.6553
      vertex -50.5 -10.4 58.1865
      vertex -49.7841 -10.4 51.5832
    endloop
  endfacet
  facet normal -0 1 -0
    outer loop
      vertex -49.7841 -10.4 51.5832
      vertex -50.5 -10.4 58.1865
      vertex -49.5624 -10.4 51.4914
    endloop
  endfacet
  facet normal 0 1 0
    outer loop
      vertex -48.875 -10.4 59.0325
      vertex -49.5624 -10.4 51.4914
      vertex -50.5 -10.4 58.1865
    endloop
  endfacet
  facet normal -0 1 0
    outer loop
      vertex -49.3496 -10.4 51.3806
      vertex -48.875 -10.4 59.0325
      vertex -49.1473 -10.4 51.2517
    endloop
  endfacet
  facet normal 0 1 0
    outer loop
      vertex -47.1824 -10.4 59.7335
      vertex -49.1473 -10.4 51.2517
      vertex -48.875 -10.4 59.0325
    endloop
  endfacet
  facet normal -0 1 0
    outer loop
      vertex -48.472 -10.4 50.5764
      vertex -43.6466 -10.4 60.681
      vertex -48.3431 -10.4 50.374
    endloop
  endfacet
  facet normal -0 1 0
    outer loop
      vertex -49.1473 -10.4 51.2517
      vertex -47.1824 -10.4 59.7335
      vertex -48.957 -10.4 51.1056
    endloop
  endfacet
  facet normal -0 1 0
    outer loop
      vertex -48.957 -10.4 51.1056
      vertex -47.1824 -10.4 59.7335
      vertex -48.7801 -10.4 50.9436
    endloop
  endfacet
  facet normal 0 1 0
    outer loop
      vertex -45.4352 -10.4 60.2844
      vertex -48.7801 -10.4 50.9436
      vertex -47.1824 -10.4 59.7335
    endloop
  endfacet
  facet normal -0 1 0
    outer loop
      vertex -48.618 -10.4 50.7667
      vertex -45.4352 -10.4 60.2844
      vertex -48.472 -10.4 50.5764
    endloop
  endfacet
  facet normal 0 1 0
    outer loop
      vertex -43.6466 -10.4 60.681
      vertex -48.472 -10.4 50.5764
      vertex -45.4352 -10.4 60.2844
    endloop
  endfacet
  facet normal -0 1 0
    outer loop
      vertex -48.3431 -10.4 50.374
      vertex -43.6466 -10.4 60.681
      vertex -48.2323 -10.4 50.1612
    endloop
  endfacet
  facet normal 0 1 0
    outer loop
      vertex -41.8303 -10.4 60.9201
      vertex -48.2323 -10.4 50.1612
      vertex -43.6466 -10.4 60.681
    endloop
  endfacet
  facet normal 0 1 0
    outer loop
      vertex -48.1405 -10.4 49.9396
      vertex -40 -10.4 44.25
      vertex -48.0683 -10.4 49.7108
    endloop
  endfacet
  facet normal 0 1 -0
    outer loop
      vertex -40.3704 -10.4 44.2338
      vertex -48.0683 -10.4 49.7108
      vertex -40 -10.4 44.25
    endloop
  endfacet
  facet normal 0 1 0
    outer loop
      vertex -48.0683 -10.4 49.7108
      vertex -40.3704 -10.4 44.2338
      vertex -48.0164 -10.4 49.4766
    endloop
  endfacet
  facet normal 0 1 0
    outer loop
      vertex -48.0164 -10.4 49.4766
      vertex -40.738 -10.4 44.1854
      vertex -47.9851 -10.4 49.2387
    endloop
  endfacet
  facet normal 0 1 -0
    outer loop
      vertex -41.1 -10.4 44.1052
      vertex -47.9851 -10.4 49.2387
      vertex -40.738 -10.4 44.1854
    endloop
  endfacet
  facet normal 0 1 0
    outer loop
      vertex -47.9851 -10.4 49.2387
      vertex -41.1 -10.4 44.1052
      vertex -47.9746 -10.4 48.999
    endloop
  endfacet
  facet normal 0 1 -0
    outer loop
      vertex -41.4536 -10.4 43.9937
      vertex -47.9746 -10.4 48.999
      vertex -41.1 -10.4 44.1052
    endloop
  endfacet
  facet normal 0 1 0
    outer loop
      vertex -47.9746 -10.4 48.999
      vertex -41.4536 -10.4 43.9937
      vertex -47.9851 -10.4 48.7593
    endloop
  endfacet
  facet normal 0 1 0
    outer loop
      vertex -47.9851 -10.4 48.7593
      vertex -41.7961 -10.4 43.8518
      vertex -48.0164 -10.4 48.5215
    endloop
  endfacet
  facet normal 0 1 0
    outer loop
      vertex -48.0164 -10.4 48.5215
      vertex -41.7961 -10.4 43.8518
      vertex -48.0683 -10.4 48.2873
    endloop
  endfacet
  facet normal 0 1 -0
    outer loop
      vertex -42.125 -10.4 43.6806
      vertex -48.0683 -10.4 48.2873
      vertex -41.7961 -10.4 43.8518
    endloop
  endfacet
  facet normal 0 1 0
    outer loop
      vertex -48.0683 -10.4 48.2873
      vertex -42.125 -10.4 43.6806
      vertex -48.1405 -10.4 48.0585
    endloop
  endfacet
  facet normal 0 1 -0
    outer loop
      vertex -42.4377 -10.4 43.4814
      vertex -48.1405 -10.4 48.0585
      vertex -42.125 -10.4 43.6806
    endloop
  endfacet
  facet normal 0 1 0
    outer loop
      vertex -48.1405 -10.4 48.0585
      vertex -42.4377 -10.4 43.4814
      vertex -48.2323 -10.4 47.8368
    endloop
  endfacet
  facet normal 0 1 0
    outer loop
      vertex -44.25 -10.4 40
      vertex -50.7246 -10.4 46.249
      vertex -50.4849 -10.4 46.2595
    endloop
  endfacet
  facet normal 0 1 0
    outer loop
      vertex -48.472 -10.4 47.4217
      vertex -43.2557 -10.4 42.7318
      vertex -48.618 -10.4 47.2314
    endloop
  endfacet
  facet normal 0 1 -0
    outer loop
      vertex -43.2557 -10.4 42.7318
      vertex -48.472 -10.4 47.4217
      vertex -43.0052 -10.4 43.0052
    endloop
  endfacet
  facet normal 0 1 0
    outer loop
      vertex -48.3431 -10.4 47.624
      vertex -43.0052 -10.4 43.0052
      vertex -48.472 -10.4 47.4217
    endloop
  endfacet
  facet normal 0 1 -0
    outer loop
      vertex -43.0052 -10.4 43.0052
      vertex -48.3431 -10.4 47.624
      vertex -42.7318 -10.4 43.2557
    endloop
  endfacet
  facet normal 0 1 0
    outer loop
      vertex -48.2323 -10.4 47.8368
      vertex -42.7318 -10.4 43.2557
      vertex -48.3431 -10.4 47.624
    endloop
  endfacet
  facet normal 0 1 -0
    outer loop
      vertex -42.7318 -10.4 43.2557
      vertex -48.2323 -10.4 47.8368
      vertex -42.4377 -10.4 43.4814
    endloop
  endfacet
  facet normal 0 1 -0
    outer loop
      vertex -41.7961 -10.4 43.8518
      vertex -47.9851 -10.4 48.7593
      vertex -41.4536 -10.4 43.9937
    endloop
  endfacet
  facet normal 0 1 -0
    outer loop
      vertex -40.738 -10.4 44.1854
      vertex -48.0164 -10.4 49.4766
      vertex -40.3704 -10.4 44.2338
    endloop
  endfacet
  facet normal -0 1 0
    outer loop
      vertex -48.7801 -10.4 50.9436
      vertex -45.4352 -10.4 60.2844
      vertex -48.618 -10.4 50.7667
    endloop
  endfacet
  facet normal -0 1 0
    outer loop
      vertex -48.1405 -10.4 49.9396
      vertex -40 -10.4 61
      vertex -40 -10.4 44.25
    endloop
  endfacet
  facet normal -0 1 -0
    outer loop
      vertex -39.6296 -10.4 44.2338
      vertex -40 -10.4 61
      vertex -39.262 -10.4 44.1854
    endloop
  endfacet
  facet normal -0 1 -0
    outer loop
      vertex -38.9 -10.4 44.1052
      vertex -40 -10.4 61
      vertex -38.5464 -10.4 43.9937
    endloop
  endfacet
  facet normal -0 1 -0
    outer loop
      vertex -37.875 -10.4 43.6806
      vertex -40 -10.4 61
      vertex -37.5623 -10.4 43.4814
    endloop
  endfacet
  facet normal 0 1 0
    outer loop
      vertex -40 -10.4 61
      vertex -36.9948 -10.4 43.0052
      vertex -37.2682 -10.4 43.2557
    endloop
  endfacet
  facet normal 0 1 0
    outer loop
      vertex -10.3884 -10.4 61
      vertex -36.7443 -10.4 42.7318
      vertex -36.9948 -10.4 43.0052
    endloop
  endfacet
  facet normal 0 1 0
    outer loop
      vertex -10.3884 -10.4 61
      vertex -36.5186 -10.4 42.4377
      vertex -36.7443 -10.4 42.7318
    endloop
  endfacet
  facet normal 0 1 0
    outer loop
      vertex -10.3884 -10.4 61
      vertex -36.3194 -10.4 42.125
      vertex -36.5186 -10.4 42.4377
    endloop
  endfacet
  facet normal 0 1 0
    outer loop
      vertex -10.3884 -10.4 61
      vertex -36.1482 -10.4 41.7961
      vertex -36.3194 -10.4 42.125
    endloop
  endfacet
  facet normal 0 1 0
    outer loop
      vertex -10.3884 -10.4 61
      vertex -36.0063 -10.4 41.4536
      vertex -36.1482 -10.4 41.7961
    endloop
  endfacet
  facet normal 0 1 0
    outer loop
      vertex -10.3884 -10.4 61
      vertex -35.8948 -10.4 41.1
      vertex -36.0063 -10.4 41.4536
    endloop
  endfacet
  facet normal 0 1 0
    outer loop
      vertex -10.3884 -10.4 61
      vertex -35.8146 -10.4 40.738
      vertex -35.8948 -10.4 41.1
    endloop
  endfacet
  facet normal 0 1 0
    outer loop
      vertex -10.3884 -10.4 61
      vertex -35.7662 -10.4 40.3704
      vertex -35.8146 -10.4 40.738
    endloop
  endfacet
  facet normal 0 1 0
    outer loop
      vertex -10.3884 -10.4 61
      vertex -35.75 -10.4 40
      vertex -35.7662 -10.4 40.3704
    endloop
  endfacet
  facet normal 0 1 0
    outer loop
      vertex -10.3884 -10.4 61
      vertex -35.7662 -10.4 39.6296
      vertex -35.75 -10.4 40
    endloop
  endfacet
  facet normal 0 1 0
    outer loop
      vertex -10.3884 -10.4 61
      vertex -35.8146 -10.4 39.262
      vertex -35.7662 -10.4 39.6296
    endloop
  endfacet
  facet normal 0 1 -0
    outer loop
      vertex -30 -10.4 19
      vertex -35.8146 -10.4 39.262
      vertex -10.3884 -10.4 61
    endloop
  endfacet
  facet normal 0 1 0
    outer loop
      vertex -35.8146 -10.4 39.262
      vertex -30 -10.4 19
      vertex -35.8948 -10.4 38.9
    endloop
  endfacet
  facet normal 0 1 0
    outer loop
      vertex -35.8948 -10.4 38.9
      vertex -30 -10.4 19
      vertex -36.0063 -10.4 38.5464
    endloop
  endfacet
  facet normal 0 1 0
    outer loop
      vertex -36.0063 -10.4 38.5464
      vertex -30 -10.4 19
      vertex -36.1482 -10.4 38.2039
    endloop
  endfacet
  facet normal 0 1 0
    outer loop
      vertex -36.1482 -10.4 38.2039
      vertex -30 -10.4 19
      vertex -36.3194 -10.4 37.875
    endloop
  endfacet
  facet normal 0 1 0
    outer loop
      vertex -36.3194 -10.4 37.875
      vertex -30 -10.4 19
      vertex -36.5186 -10.4 37.5623
    endloop
  endfacet
  facet normal 0 1 0
    outer loop
      vertex -36.5186 -10.4 37.5623
      vertex -30 -10.4 19
      vertex -36.7443 -10.4 37.2682
    endloop
  endfacet
  facet normal 0 1 0
    outer loop
      vertex -36.7443 -10.4 37.2682
      vertex -30 -10.4 19
      vertex -36.9948 -10.4 36.9948
    endloop
  endfacet
  facet normal 0 1 0
    outer loop
      vertex -39.262 -10.4 35.8146
      vertex -40 -10.4 19
      vertex -39.6296 -10.4 35.7662
    endloop
  endfacet
  facet normal 0 1 0
    outer loop
      vertex -38.9 -10.4 35.8948
      vertex -40 -10.4 19
      vertex -39.262 -10.4 35.8146
    endloop
  endfacet
  facet normal 0 1 0
    outer loop
      vertex -38.5464 -10.4 36.0063
      vertex -40 -10.4 19
      vertex -38.9 -10.4 35.8948
    endloop
  endfacet
  facet normal 0 1 0
    outer loop
      vertex -40 -10.4 19
      vertex -38.5464 -10.4 36.0063
      vertex -30 -10.4 19
    endloop
  endfacet
  facet normal 0 1 0
    outer loop
      vertex -38.2039 -10.4 36.1482
      vertex -30 -10.4 19
      vertex -38.5464 -10.4 36.0063
    endloop
  endfacet
  facet normal 0 1 0
    outer loop
      vertex -37.875 -10.4 36.3194
      vertex -30 -10.4 19
      vertex -38.2039 -10.4 36.1482
    endloop
  endfacet
  facet normal 0 1 0
    outer loop
      vertex -37.5623 -10.4 36.5186
      vertex -30 -10.4 19
      vertex -37.875 -10.4 36.3194
    endloop
  endfacet
  facet normal 0 1 0
    outer loop
      vertex -37.2682 -10.4 36.7443
      vertex -30 -10.4 19
      vertex -37.5623 -10.4 36.5186
    endloop
  endfacet
  facet normal 0 1 0
    outer loop
      vertex -36.9948 -10.4 36.9948
      vertex -30 -10.4 19
      vertex -37.2682 -10.4 36.7443
    endloop
  endfacet
  facet normal 0 1 -0
    outer loop
      vertex -10.3884 -10.4 0
      vertex -30 -10.4 19
      vertex -10.3884 -10.4 61
    endloop
  endfacet
  facet normal 0 1 0
    outer loop
      vertex -30 -10.4 19
      vertex -10.3884 -10.4 0
      vertex -30 -10.4 0
    endloop
  endfacet
  facet normal 0 1 -0
    outer loop
      vertex -51.6652 -10.4 51.5832
      vertex -53.4985 -10.4 56.0869
      vertex -51.4364 -10.4 51.6553
    endloop
  endfacet
  facet normal 0 1 0
    outer loop
      vertex -53.4985 -10.4 56.0869
      vertex -51.6652 -10.4 51.5832
      vertex -54.8492 -10.4 54.8492
    endloop
  endfacet
  facet normal 0 1 -0
    outer loop
      vertex -51.8868 -10.4 51.4914
      vertex -54.8492 -10.4 54.8492
      vertex -51.6652 -10.4 51.5832
    endloop
  endfacet
  facet normal 0 1 -0
    outer loop
      vertex -52.0996 -10.4 51.3806
      vertex -54.8492 -10.4 54.8492
      vertex -51.8868 -10.4 51.4914
    endloop
  endfacet
  facet normal 0 1 -0
    outer loop
      vertex -52.302 -10.4 51.2517
      vertex -54.8492 -10.4 54.8492
      vertex -52.0996 -10.4 51.3806
    endloop
  endfacet
  facet normal 0 1 -0
    outer loop
      vertex -52.4923 -10.4 51.1056
      vertex -54.8492 -10.4 54.8492
      vertex -52.302 -10.4 51.2517
    endloop
  endfacet
  facet normal 0 1 0
    outer loop
      vertex -54.8492 -10.4 54.8492
      vertex -52.4923 -10.4 51.1056
      vertex -56.0869 -10.4 53.4985
    endloop
  endfacet
  facet normal 0 1 -0
    outer loop
      vertex -52.6692 -10.4 50.9436
      vertex -56.0869 -10.4 53.4985
      vertex -52.4923 -10.4 51.1056
    endloop
  endfacet
  facet normal 0 1 -0
    outer loop
      vertex -52.8312 -10.4 50.7667
      vertex -56.0869 -10.4 53.4985
      vertex -52.6692 -10.4 50.9436
    endloop
  endfacet
  facet normal 0 1 -0
    outer loop
      vertex -52.9773 -10.4 50.5764
      vertex -56.0869 -10.4 53.4985
      vertex -52.8312 -10.4 50.7667
    endloop
  endfacet
  facet normal 0 1 -0
    outer loop
      vertex -53.1062 -10.4 50.374
      vertex -56.0869 -10.4 53.4985
      vertex -52.9773 -10.4 50.5764
    endloop
  endfacet
  facet normal 0 1 0
    outer loop
      vertex -56.0869 -10.4 53.4985
      vertex -53.1062 -10.4 50.374
      vertex -57.2022 -10.4 52.0451
    endloop
  endfacet
  facet normal 0 1 -0
    outer loop
      vertex -53.217 -10.4 50.1612
      vertex -57.2022 -10.4 52.0451
      vertex -53.1062 -10.4 50.374
    endloop
  endfacet
  facet normal 0 1 -0
    outer loop
      vertex -53.3088 -10.4 49.9396
      vertex -57.2022 -10.4 52.0451
      vertex -53.217 -10.4 50.1612
    endloop
  endfacet
  facet normal 0 1 -0
    outer loop
      vertex -53.3809 -10.4 49.7108
      vertex -57.2022 -10.4 52.0451
      vertex -53.3088 -10.4 49.9396
    endloop
  endfacet
  facet normal 0 1 -0
    outer loop
      vertex -53.4328 -10.4 49.4766
      vertex -57.2022 -10.4 52.0451
      vertex -53.3809 -10.4 49.7108
    endloop
  endfacet
  facet normal 0 1 0
    outer loop
      vertex -57.2022 -10.4 52.0451
      vertex -53.4328 -10.4 49.4766
      vertex -58.1865 -10.4 50.5
    endloop
  endfacet
  facet normal 0 1 -0
    outer loop
      vertex -53.4642 -10.4 49.2387
      vertex -58.1865 -10.4 50.5
      vertex -53.4328 -10.4 49.4766
    endloop
  endfacet
  facet normal 0 1 -0
    outer loop
      vertex -53.4746 -10.4 48.999
      vertex -58.1865 -10.4 50.5
      vertex -53.4642 -10.4 49.2387
    endloop
  endfacet
  facet normal 0 1 0
    outer loop
      vertex -53.4642 -10.4 48.7593
      vertex -58.1865 -10.4 50.5
      vertex -53.4746 -10.4 48.999
    endloop
  endfacet
  facet normal 0 1 0
    outer loop
      vertex -58.1865 -10.4 50.5
      vertex -53.4642 -10.4 48.7593
      vertex -59.0325 -10.4 48.875
    endloop
  endfacet
  facet normal 0 1 0
    outer loop
      vertex -53.4328 -10.4 48.5215
      vertex -59.0325 -10.4 48.875
      vertex -53.4642 -10.4 48.7593
    endloop
  endfacet
  facet normal 0 1 0
    outer loop
      vertex -53.3809 -10.4 48.2873
      vertex -59.0325 -10.4 48.875
      vertex -53.4328 -10.4 48.5215
    endloop
  endfacet
  facet normal 0 1 0
    outer loop
      vertex -53.3088 -10.4 48.0585
      vertex -59.0325 -10.4 48.875
      vertex -53.3809 -10.4 48.2873
    endloop
  endfacet
  facet normal 0 1 0
    outer loop
      vertex -59.7335 -10.4 47.1824
      vertex -53.3088 -10.4 48.0585
      vertex -53.217 -10.4 47.8368
    endloop
  endfacet
  facet normal 0 1 0
    outer loop
      vertex -59.7335 -10.4 47.1824
      vertex -53.217 -10.4 47.8368
      vertex -53.1062 -10.4 47.624
    endloop
  endfacet
  facet normal 0 1 0
    outer loop
      vertex -59.7335 -10.4 47.1824
      vertex -53.1062 -10.4 47.624
      vertex -52.9773 -10.4 47.4217
    endloop
  endfacet
  facet normal 0 1 0
    outer loop
      vertex -60.2844 -10.4 45.4352
      vertex -52.9773 -10.4 47.4217
      vertex -52.8312 -10.4 47.2314
    endloop
  endfacet
  facet normal 0 1 0
    outer loop
      vertex -53.3088 -10.4 48.0585
      vertex -59.7335 -10.4 47.1824
      vertex -59.0325 -10.4 48.875
    endloop
  endfacet
  facet normal 0 1 0
    outer loop
      vertex -60.2844 -10.4 45.4352
      vertex -52.8312 -10.4 47.2314
      vertex -52.6692 -10.4 47.0545
    endloop
  endfacet
  facet normal 0 1 0
    outer loop
      vertex -60.2844 -10.4 45.4352
      vertex -52.6692 -10.4 47.0545
      vertex -52.4923 -10.4 46.8924
    endloop
  endfacet
  facet normal 0 1 0
    outer loop
      vertex -60.2844 -10.4 45.4352
      vertex -52.4923 -10.4 46.8924
      vertex -52.302 -10.4 46.7464
    endloop
  endfacet
  facet normal 0 1 0
    outer loop
      vertex -60.2844 -10.4 45.4352
      vertex -52.302 -10.4 46.7464
      vertex -52.0996 -10.4 46.6175
    endloop
  endfacet
  facet normal 0 1 0
    outer loop
      vertex -60.2844 -10.4 45.4352
      vertex -52.0996 -10.4 46.6175
      vertex -51.8868 -10.4 46.5067
    endloop
  endfacet
  facet normal 0 1 0
    outer loop
      vertex -60.2844 -10.4 45.4352
      vertex -51.8868 -10.4 46.5067
      vertex -51.6652 -10.4 46.4149
    endloop
  endfacet
  facet normal 0 1 0
    outer loop
      vertex -60.2844 -10.4 45.4352
      vertex -51.6652 -10.4 46.4149
      vertex -51.4364 -10.4 46.3427
    endloop
  endfacet
  facet normal 0 1 0
    outer loop
      vertex -60.2844 -10.4 45.4352
      vertex -51.4364 -10.4 46.3427
      vertex -51.2022 -10.4 46.2908
    endloop
  endfacet
  facet normal 0 1 0
    outer loop
      vertex -60.2844 -10.4 45.4352
      vertex -51.2022 -10.4 46.2908
      vertex -50.9643 -10.4 46.2595
    endloop
  endfacet
  facet normal 0 1 0
    outer loop
      vertex -52.9773 -10.4 47.4217
      vertex -60.2844 -10.4 45.4352
      vertex -59.7335 -10.4 47.1824
    endloop
  endfacet
  facet normal 0 1 0
    outer loop
      vertex -60.2844 -10.4 45.4352
      vertex -50.9643 -10.4 46.2595
      vertex -50.7246 -10.4 46.249
    endloop
  endfacet
  facet normal 0 1 0
    outer loop
      vertex -48.618 -10.4 47.2314
      vertex -43.2557 -10.4 42.7318
      vertex -48.7801 -10.4 47.0545
    endloop
  endfacet
  facet normal 0 1 -0
    outer loop
      vertex -43.4814 -10.4 42.4377
      vertex -48.7801 -10.4 47.0545
      vertex -43.2557 -10.4 42.7318
    endloop
  endfacet
  facet normal 0 1 0
    outer loop
      vertex -48.7801 -10.4 47.0545
      vertex -43.4814 -10.4 42.4377
      vertex -48.957 -10.4 46.8924
    endloop
  endfacet
  facet normal 0 1 -0
    outer loop
      vertex -43.6806 -10.4 42.125
      vertex -48.957 -10.4 46.8924
      vertex -43.4814 -10.4 42.4377
    endloop
  endfacet
  facet normal 0 1 0
    outer loop
      vertex -48.957 -10.4 46.8924
      vertex -43.6806 -10.4 42.125
      vertex -49.1473 -10.4 46.7464
    endloop
  endfacet
  facet normal 0 1 -0
    outer loop
      vertex -43.8518 -10.4 41.7961
      vertex -49.1473 -10.4 46.7464
      vertex -43.6806 -10.4 42.125
    endloop
  endfacet
  facet normal 0 1 0
    outer loop
      vertex -49.1473 -10.4 46.7464
      vertex -43.8518 -10.4 41.7961
      vertex -49.3496 -10.4 46.6175
    endloop
  endfacet
  facet normal 0 1 -0
    outer loop
      vertex -43.9937 -10.4 41.4536
      vertex -49.3496 -10.4 46.6175
      vertex -43.8518 -10.4 41.7961
    endloop
  endfacet
  facet normal 0 1 0
    outer loop
      vertex -49.3496 -10.4 46.6175
      vertex -43.9937 -10.4 41.4536
      vertex -49.5624 -10.4 46.5067
    endloop
  endfacet
  facet normal 0 1 0
    outer loop
      vertex -49.5624 -10.4 46.5067
      vertex -43.9937 -10.4 41.4536
      vertex -49.7841 -10.4 46.4149
    endloop
  endfacet
  facet normal 0 1 -0
    outer loop
      vertex -44.1052 -10.4 41.1
      vertex -49.7841 -10.4 46.4149
      vertex -43.9937 -10.4 41.4536
    endloop
  endfacet
  facet normal 0 1 0
    outer loop
      vertex -49.7841 -10.4 46.4149
      vertex -44.1052 -10.4 41.1
      vertex -50.0129 -10.4 46.3427
    endloop
  endfacet
  facet normal 0 1 -0
    outer loop
      vertex -44.1854 -10.4 40.738
      vertex -50.0129 -10.4 46.3427
      vertex -44.1052 -10.4 41.1
    endloop
  endfacet
  facet normal 0 1 0
    outer loop
      vertex -50.0129 -10.4 46.3427
      vertex -44.1854 -10.4 40.738
      vertex -50.2471 -10.4 46.2908
    endloop
  endfacet
  facet normal 0 1 -0
    outer loop
      vertex -44.2338 -10.4 40.3704
      vertex -50.2471 -10.4 46.2908
      vertex -44.1854 -10.4 40.738
    endloop
  endfacet
  facet normal 0 1 0
    outer loop
      vertex -50.7246 -10.4 46.249
      vertex -60.681 -10.4 43.6466
      vertex -60.2844 -10.4 45.4352
    endloop
  endfacet
  facet normal 0 1 0
    outer loop
      vertex -50.2471 -10.4 46.2908
      vertex -44.2338 -10.4 40.3704
      vertex -50.4849 -10.4 46.2595
    endloop
  endfacet
  facet normal 0 1 0
    outer loop
      vertex -50.7246 -10.4 46.249
      vertex -60.9201 -10.4 41.8303
      vertex -60.681 -10.4 43.6466
    endloop
  endfacet
  facet normal 0 1 -0
    outer loop
      vertex -44.25 -10.4 40
      vertex -50.4849 -10.4 46.2595
      vertex -44.2338 -10.4 40.3704
    endloop
  endfacet
  facet normal 0 1 0
    outer loop
      vertex -50.7246 -10.4 46.249
      vertex -44.25 -10.4 40
      vertex -44.2338 -10.4 39.6296
    endloop
  endfacet
  facet normal 0 1 0
    outer loop
      vertex -50.7246 -10.4 46.249
      vertex -61 -10.4 40
      vertex -60.9201 -10.4 41.8303
    endloop
  endfacet
  facet normal 0 1 0
    outer loop
      vertex -50.7246 -10.4 46.249
      vertex -44.2338 -10.4 39.6296
      vertex -44.1854 -10.4 39.262
    endloop
  endfacet
  facet normal 0 1 0
    outer loop
      vertex -50.7246 -10.4 46.249
      vertex -44.1854 -10.4 39.262
      vertex -61 -10.4 40
    endloop
  endfacet
  facet normal 0 1 0
    outer loop
      vertex -44.1052 -10.4 38.9
      vertex -61 -10.4 40
      vertex -44.1854 -10.4 39.262
    endloop
  endfacet
  facet normal 0 1 0
    outer loop
      vertex -43.9937 -10.4 38.5464
      vertex -61 -10.4 40
      vertex -44.1052 -10.4 38.9
    endloop
  endfacet
  facet normal 0 1 0
    outer loop
      vertex -43.8518 -10.4 38.2039
      vertex -61 -10.4 40
      vertex -43.9937 -10.4 38.5464
    endloop
  endfacet
  facet normal 0 1 0
    outer loop
      vertex -43.6806 -10.4 37.875
      vertex -61 -10.4 40
      vertex -43.8518 -10.4 38.2039
    endloop
  endfacet
  facet normal 0 1 0
    outer loop
      vertex -43.4814 -10.4 37.5623
      vertex -61 -10.4 40
      vertex -43.6806 -10.4 37.875
    endloop
  endfacet
  facet normal 0 1 0
    outer loop
      vertex -43.2557 -10.4 37.2682
      vertex -61 -10.4 40
      vertex -43.4814 -10.4 37.5623
    endloop
  endfacet
  facet normal 0 1 0
    outer loop
      vertex -43.0052 -10.4 36.9948
      vertex -61 -10.4 40
      vertex -43.2557 -10.4 37.2682
    endloop
  endfacet
  facet normal 0 1 0
    outer loop
      vertex -40 -10.4 19
      vertex -43.0052 -10.4 36.9948
      vertex -42.7318 -10.4 36.7443
    endloop
  endfacet
  facet normal 0 1 0
    outer loop
      vertex -40 -10.4 19
      vertex -42.7318 -10.4 36.7443
      vertex -42.4377 -10.4 36.5186
    endloop
  endfacet
  facet normal 0 1 0
    outer loop
      vertex -40 -10.4 19
      vertex -42.4377 -10.4 36.5186
      vertex -42.125 -10.4 36.3194
    endloop
  endfacet
  facet normal 0 1 0
    outer loop
      vertex -40 -10.4 19
      vertex -42.125 -10.4 36.3194
      vertex -41.7961 -10.4 36.1482
    endloop
  endfacet
  facet normal 0 1 0
    outer loop
      vertex -40 -10.4 19
      vertex -41.7961 -10.4 36.1482
      vertex -41.4536 -10.4 36.0063
    endloop
  endfacet
  facet normal 0 1 0
    outer loop
      vertex -40 -10.4 19
      vertex -41.4536 -10.4 36.0063
      vertex -41.1 -10.4 35.8948
    endloop
  endfacet
  facet normal 0 1 0
    outer loop
      vertex -40 -10.4 19
      vertex -41.1 -10.4 35.8948
      vertex -40.738 -10.4 35.8146
    endloop
  endfacet
  facet normal 0 1 0
    outer loop
      vertex -39.6296 -10.4 35.7662
      vertex -40 -10.4 19
      vertex -40 -10.4 35.75
    endloop
  endfacet
  facet normal 0 1 0
    outer loop
      vertex -40 -10.4 35.75
      vertex -40 -10.4 19
      vertex -40.3704 -10.4 35.7662
    endloop
  endfacet
  facet normal 0 1 0
    outer loop
      vertex -40.3704 -10.4 35.7662
      vertex -40 -10.4 19
      vertex -40.738 -10.4 35.8146
    endloop
  endfacet
  facet normal 0 1 0
    outer loop
      vertex -43.0052 -10.4 36.9948
      vertex -40 -10.4 19
      vertex -61 -10.4 40
    endloop
  endfacet
  facet normal 0 -1 0
    outer loop
      vertex -30 -16.4 0
      vertex 30 -16.4 19
      vertex -30 -16.4 19
    endloop
  endfacet
  facet normal 0 -1 -0
    outer loop
      vertex 30 -16.4 19
      vertex -30 -16.4 0
      vertex 30 -16.4 0
    endloop
  endfacet
  facet normal 0 -1 0
    outer loop
      vertex -38.9 -16.4 44.1052
      vertex -40 -16.4 61
      vertex -39.262 -16.4 44.1854
    endloop
  endfacet
  facet normal 0 -1 -0
    outer loop
      vertex 40 -16.4 61
      vertex 39.6296 -16.4 44.2338
      vertex 40 -16.4 44.25
    endloop
  endfacet
  facet normal 0 -1 0
    outer loop
      vertex -38.5464 -16.4 43.9937
      vertex -40 -16.4 61
      vertex -38.9 -16.4 44.1052
    endloop
  endfacet
  facet normal 0 -1 0
    outer loop
      vertex 40 -16.4 61
      vertex 39.262 -16.4 44.1854
      vertex 39.6296 -16.4 44.2338
    endloop
  endfacet
  facet normal 0 -1 0
    outer loop
      vertex -38.2039 -16.4 43.8518
      vertex -40 -16.4 61
      vertex -38.5464 -16.4 43.9937
    endloop
  endfacet
  facet normal 0 -1 0
    outer loop
      vertex 40 -16.4 61
      vertex 38.9 -16.4 44.1052
      vertex 39.262 -16.4 44.1854
    endloop
  endfacet
  facet normal 0 -1 0
    outer loop
      vertex -37.875 -16.4 43.6806
      vertex -40 -16.4 61
      vertex -38.2039 -16.4 43.8518
    endloop
  endfacet
  facet normal 0 -1 0
    outer loop
      vertex 40 -16.4 61
      vertex 38.5464 -16.4 43.9937
      vertex 38.9 -16.4 44.1052
    endloop
  endfacet
  facet normal 0 -1 0
    outer loop
      vertex -37.5623 -16.4 43.4814
      vertex -40 -16.4 61
      vertex -37.875 -16.4 43.6806
    endloop
  endfacet
  facet normal 0 -1 0
    outer loop
      vertex 40 -16.4 61
      vertex 38.2039 -16.4 43.8518
      vertex 38.5464 -16.4 43.9937
    endloop
  endfacet
  facet normal 0 -1 0
    outer loop
      vertex -37.2682 -16.4 43.2557
      vertex -40 -16.4 61
      vertex -37.5623 -16.4 43.4814
    endloop
  endfacet
  facet normal 0 -1 0
    outer loop
      vertex 40 -16.4 61
      vertex 37.875 -16.4 43.6806
      vertex 38.2039 -16.4 43.8518
    endloop
  endfacet
  facet normal 0 -1 0
    outer loop
      vertex -36.9948 -16.4 43.0052
      vertex -40 -16.4 61
      vertex -37.2682 -16.4 43.2557
    endloop
  endfacet
  facet normal 0 -1 0
    outer loop
      vertex 40 -16.4 61
      vertex 37.5623 -16.4 43.4814
      vertex 37.875 -16.4 43.6806
    endloop
  endfacet
  facet normal 0 -1 0
    outer loop
      vertex -36.7443 -16.4 42.7318
      vertex -40 -16.4 61
      vertex -36.9948 -16.4 43.0052
    endloop
  endfacet
  facet normal 0 -1 0
    outer loop
      vertex 40 -16.4 61
      vertex 37.2682 -16.4 43.2557
      vertex 37.5623 -16.4 43.4814
    endloop
  endfacet
  facet normal 0 -1 0
    outer loop
      vertex -36.5186 -16.4 42.4377
      vertex -40 -16.4 61
      vertex -36.7443 -16.4 42.7318
    endloop
  endfacet
  facet normal 0 -1 0
    outer loop
      vertex 40 -16.4 61
      vertex 36.9948 -16.4 43.0052
      vertex 37.2682 -16.4 43.2557
    endloop
  endfacet
  facet normal 0 -1 0
    outer loop
      vertex -36.3194 -16.4 42.125
      vertex -40 -16.4 61
      vertex -36.5186 -16.4 42.4377
    endloop
  endfacet
  facet normal 0 -1 0
    outer loop
      vertex 40 -16.4 61
      vertex 36.7443 -16.4 42.7318
      vertex 36.9948 -16.4 43.0052
    endloop
  endfacet
  facet normal 0 -1 0
    outer loop
      vertex -36.1482 -16.4 41.7961
      vertex -40 -16.4 61
      vertex -36.3194 -16.4 42.125
    endloop
  endfacet
  facet normal 0 -1 0
    outer loop
      vertex 40 -16.4 61
      vertex 36.5186 -16.4 42.4377
      vertex 36.7443 -16.4 42.7318
    endloop
  endfacet
  facet normal 0 -1 0
    outer loop
      vertex -40 -16.4 61
      vertex -36.1482 -16.4 41.7961
      vertex 40 -16.4 61
    endloop
  endfacet
  facet normal 0 -1 0
    outer loop
      vertex 40 -16.4 61
      vertex 36.3194 -16.4 42.125
      vertex 36.5186 -16.4 42.4377
    endloop
  endfacet
  facet normal 0 -1 0
    outer loop
      vertex 36.1482 -16.4 41.7961
      vertex 40 -16.4 61
      vertex -36.1482 -16.4 41.7961
    endloop
  endfacet
  facet normal 0 -1 0
    outer loop
      vertex 40 -16.4 61
      vertex 36.1482 -16.4 41.7961
      vertex 36.3194 -16.4 42.125
    endloop
  endfacet
  facet normal 0 -1 0
    outer loop
      vertex -36.0063 -16.4 41.4536
      vertex 36.1482 -16.4 41.7961
      vertex -36.1482 -16.4 41.7961
    endloop
  endfacet
  facet normal 0 -1 0
    outer loop
      vertex -36.0063 -16.4 41.4536
      vertex 36.0063 -16.4 41.4536
      vertex 36.1482 -16.4 41.7961
    endloop
  endfacet
  facet normal 0 -1 0
    outer loop
      vertex -35.8948 -16.4 41.1
      vertex 36.0063 -16.4 41.4536
      vertex -36.0063 -16.4 41.4536
    endloop
  endfacet
  facet normal 0 -1 0
    outer loop
      vertex -35.8948 -16.4 41.1
      vertex 35.8948 -16.4 41.1
      vertex 36.0063 -16.4 41.4536
    endloop
  endfacet
  facet normal 0 -1 0
    outer loop
      vertex -35.8146 -16.4 40.738
      vertex 35.8948 -16.4 41.1
      vertex -35.8948 -16.4 41.1
    endloop
  endfacet
  facet normal 0 -1 0
    outer loop
      vertex -35.8146 -16.4 40.738
      vertex 35.8146 -16.4 40.738
      vertex 35.8948 -16.4 41.1
    endloop
  endfacet
  facet normal 0 -1 0
    outer loop
      vertex -35.7662 -16.4 40.3704
      vertex 35.8146 -16.4 40.738
      vertex -35.8146 -16.4 40.738
    endloop
  endfacet
  facet normal 0 -1 0
    outer loop
      vertex -35.7662 -16.4 40.3704
      vertex 35.7662 -16.4 40.3704
      vertex 35.8146 -16.4 40.738
    endloop
  endfacet
  facet normal 0 -1 0
    outer loop
      vertex -35.75 -16.4 40
      vertex 35.7662 -16.4 40.3704
      vertex -35.7662 -16.4 40.3704
    endloop
  endfacet
  facet normal 0 -1 0
    outer loop
      vertex -35.75 -16.4 40
      vertex 35.75 -16.4 40
      vertex 35.7662 -16.4 40.3704
    endloop
  endfacet
  facet normal 0 -1 0
    outer loop
      vertex -35.7662 -16.4 39.6296
      vertex 35.75 -16.4 40
      vertex -35.75 -16.4 40
    endloop
  endfacet
  facet normal 0 -1 0
    outer loop
      vertex -35.7662 -16.4 39.6296
      vertex 35.7662 -16.4 39.6296
      vertex 35.75 -16.4 40
    endloop
  endfacet
  facet normal 0 -1 0
    outer loop
      vertex -30 -16.4 19
      vertex -35.7662 -16.4 39.6296
      vertex -35.8146 -16.4 39.262
    endloop
  endfacet
  facet normal 0 -1 0
    outer loop
      vertex -35.7662 -16.4 39.6296
      vertex -30 -16.4 19
      vertex 35.7662 -16.4 39.6296
    endloop
  endfacet
  facet normal 0 -1 0
    outer loop
      vertex -30 -16.4 19
      vertex -35.8146 -16.4 39.262
      vertex -35.8948 -16.4 38.9
    endloop
  endfacet
  facet normal 0 -1 0
    outer loop
      vertex 30 -16.4 19
      vertex 35.7662 -16.4 39.6296
      vertex -30 -16.4 19
    endloop
  endfacet
  facet normal 0 -1 0
    outer loop
      vertex -30 -16.4 19
      vertex -35.8948 -16.4 38.9
      vertex -36.0063 -16.4 38.5464
    endloop
  endfacet
  facet normal 0 -1 -0
    outer loop
      vertex 35.7662 -16.4 39.6296
      vertex 30 -16.4 19
      vertex 35.8146 -16.4 39.262
    endloop
  endfacet
  facet normal 0 -1 0
    outer loop
      vertex -30 -16.4 19
      vertex -36.0063 -16.4 38.5464
      vertex -36.1482 -16.4 38.2039
    endloop
  endfacet
  facet normal 0 -1 -0
    outer loop
      vertex 35.8146 -16.4 39.262
      vertex 30 -16.4 19
      vertex 35.8948 -16.4 38.9
    endloop
  endfacet
  facet normal 0 -1 0
    outer loop
      vertex -30 -16.4 19
      vertex -36.1482 -16.4 38.2039
      vertex -36.3194 -16.4 37.875
    endloop
  endfacet
  facet normal 0 -1 -0
    outer loop
      vertex 35.8948 -16.4 38.9
      vertex 30 -16.4 19
      vertex 36.0063 -16.4 38.5464
    endloop
  endfacet
  facet normal 0 -1 0
    outer loop
      vertex -30 -16.4 19
      vertex -36.3194 -16.4 37.875
      vertex -36.5186 -16.4 37.5623
    endloop
  endfacet
  facet normal 0 -1 -0
    outer loop
      vertex 36.0063 -16.4 38.5464
      vertex 30 -16.4 19
      vertex 36.1482 -16.4 38.2039
    endloop
  endfacet
  facet normal 0 -1 0
    outer loop
      vertex -30 -16.4 19
      vertex -36.5186 -16.4 37.5623
      vertex -36.7443 -16.4 37.2682
    endloop
  endfacet
  facet normal 0 -1 -0
    outer loop
      vertex 36.1482 -16.4 38.2039
      vertex 30 -16.4 19
      vertex 36.3194 -16.4 37.875
    endloop
  endfacet
  facet normal 0 -1 0
    outer loop
      vertex -30 -16.4 19
      vertex -36.7443 -16.4 37.2682
      vertex -36.9948 -16.4 36.9948
    endloop
  endfacet
  facet normal 0 -1 -0
    outer loop
      vertex 36.3194 -16.4 37.875
      vertex 30 -16.4 19
      vertex 36.5186 -16.4 37.5623
    endloop
  endfacet
  facet normal 0 -1 0
    outer loop
      vertex -30 -16.4 19
      vertex -36.9948 -16.4 36.9948
      vertex -37.2682 -16.4 36.7443
    endloop
  endfacet
  facet normal 0 -1 -0
    outer loop
      vertex 36.5186 -16.4 37.5623
      vertex 30 -16.4 19
      vertex 36.7443 -16.4 37.2682
    endloop
  endfacet
  facet normal 0 -1 0
    outer loop
      vertex -30 -16.4 19
      vertex -37.2682 -16.4 36.7443
      vertex -37.5623 -16.4 36.5186
    endloop
  endfacet
  facet normal 0 -1 -0
    outer loop
      vertex 36.7443 -16.4 37.2682
      vertex 30 -16.4 19
      vertex 36.9948 -16.4 36.9948
    endloop
  endfacet
  facet normal 0 -1 0
    outer loop
      vertex -30 -16.4 19
      vertex -37.5623 -16.4 36.5186
      vertex -37.875 -16.4 36.3194
    endloop
  endfacet
  facet normal 0 -1 -0
    outer loop
      vertex 36.9948 -16.4 36.9948
      vertex 30 -16.4 19
      vertex 37.2682 -16.4 36.7443
    endloop
  endfacet
  facet normal 0 -1 0
    outer loop
      vertex -30 -16.4 19
      vertex -37.875 -16.4 36.3194
      vertex -38.2039 -16.4 36.1482
    endloop
  endfacet
  facet normal 0 -1 -0
    outer loop
      vertex 37.2682 -16.4 36.7443
      vertex 30 -16.4 19
      vertex 37.5623 -16.4 36.5186
    endloop
  endfacet
  facet normal 0 -1 0
    outer loop
      vertex -30 -16.4 19
      vertex -38.2039 -16.4 36.1482
      vertex -38.5464 -16.4 36.0063
    endloop
  endfacet
  facet normal 0 -1 -0
    outer loop
      vertex 37.5623 -16.4 36.5186
      vertex 30 -16.4 19
      vertex 37.875 -16.4 36.3194
    endloop
  endfacet
  facet normal 0 -1 0
    outer loop
      vertex -40 -16.4 19
      vertex -38.5464 -16.4 36.0063
      vertex -38.9 -16.4 35.8948
    endloop
  endfacet
  facet normal 0 -1 -0
    outer loop
      vertex 37.875 -16.4 36.3194
      vertex 30 -16.4 19
      vertex 38.2039 -16.4 36.1482
    endloop
  endfacet
  facet normal 0 -1 0
    outer loop
      vertex -40 -16.4 19
      vertex -38.9 -16.4 35.8948
      vertex -39.262 -16.4 35.8146
    endloop
  endfacet
  facet normal 0 -1 -0
    outer loop
      vertex 38.2039 -16.4 36.1482
      vertex 30 -16.4 19
      vertex 38.5464 -16.4 36.0063
    endloop
  endfacet
  facet normal 0 -1 0
    outer loop
      vertex -40 -16.4 19
      vertex -39.262 -16.4 35.8146
      vertex -39.6296 -16.4 35.7662
    endloop
  endfacet
  facet normal 0 -1 0
    outer loop
      vertex 40 -16.4 19
      vertex 38.5464 -16.4 36.0063
      vertex 30 -16.4 19
    endloop
  endfacet
  facet normal 0 -1 0
    outer loop
      vertex -40 -16.4 19
      vertex -39.6296 -16.4 35.7662
      vertex -40 -16.4 35.75
    endloop
  endfacet
  facet normal 0 -1 0
    outer loop
      vertex 38.5464 -16.4 36.0063
      vertex 40 -16.4 19
      vertex 38.9 -16.4 35.8948
    endloop
  endfacet
  facet normal 0 -1 -0
    outer loop
      vertex 48.618 -16.4 47.2314
      vertex 43.2557 -16.4 42.7318
      vertex 48.7801 -16.4 47.0545
    endloop
  endfacet
  facet normal 0 -1 0
    outer loop
      vertex 43.4814 -16.4 42.4377
      vertex 48.7801 -16.4 47.0545
      vertex 43.2557 -16.4 42.7318
    endloop
  endfacet
  facet normal 0 -1 -0
    outer loop
      vertex 48.7801 -16.4 47.0545
      vertex 43.4814 -16.4 42.4377
      vertex 48.957 -16.4 46.8924
    endloop
  endfacet
  facet normal 0 -1 0
    outer loop
      vertex 43.6806 -16.4 42.125
      vertex 48.957 -16.4 46.8924
      vertex 43.4814 -16.4 42.4377
    endloop
  endfacet
  facet normal 0 -1 -0
    outer loop
      vertex 48.957 -16.4 46.8924
      vertex 43.6806 -16.4 42.125
      vertex 49.1473 -16.4 46.7464
    endloop
  endfacet
  facet normal 0 -1 0
    outer loop
      vertex 43.8518 -16.4 41.7961
      vertex 49.1473 -16.4 46.7464
      vertex 43.6806 -16.4 42.125
    endloop
  endfacet
  facet normal 0 -1 -0
    outer loop
      vertex 49.1473 -16.4 46.7464
      vertex 43.8518 -16.4 41.7961
      vertex 49.3496 -16.4 46.6175
    endloop
  endfacet
  facet normal 0 -1 0
    outer loop
      vertex 43.9937 -16.4 41.4536
      vertex 49.3496 -16.4 46.6175
      vertex 43.8518 -16.4 41.7961
    endloop
  endfacet
  facet normal 0 -1 -0
    outer loop
      vertex 49.3496 -16.4 46.6175
      vertex 43.9937 -16.4 41.4536
      vertex 49.5624 -16.4 46.5067
    endloop
  endfacet
  facet normal 0 -1 -0
    outer loop
      vertex 49.5624 -16.4 46.5067
      vertex 43.9937 -16.4 41.4536
      vertex 49.7841 -16.4 46.4149
    endloop
  endfacet
  facet normal 0 -1 0
    outer loop
      vertex 44.1052 -16.4 41.1
      vertex 49.7841 -16.4 46.4149
      vertex 43.9937 -16.4 41.4536
    endloop
  endfacet
  facet normal 0 -1 -0
    outer loop
      vertex 49.7841 -16.4 46.4149
      vertex 44.1052 -16.4 41.1
      vertex 50.0129 -16.4 46.3427
    endloop
  endfacet
  facet normal 0 -1 0
    outer loop
      vertex 44.1854 -16.4 40.738
      vertex 50.0129 -16.4 46.3427
      vertex 44.1052 -16.4 41.1
    endloop
  endfacet
  facet normal 0 -1 -0
    outer loop
      vertex 50.0129 -16.4 46.3427
      vertex 44.1854 -16.4 40.738
      vertex 50.2471 -16.4 46.2908
    endloop
  endfacet
  facet normal 0 -1 0
    outer loop
      vertex 44.2338 -16.4 40.3704
      vertex 50.2471 -16.4 46.2908
      vertex 44.1854 -16.4 40.738
    endloop
  endfacet
  facet normal 0 -1 -0
    outer loop
      vertex 50.2471 -16.4 46.2908
      vertex 44.2338 -16.4 40.3704
      vertex 50.4849 -16.4 46.2595
    endloop
  endfacet
  facet normal 0 -1 0
    outer loop
      vertex 50.7246 -16.4 46.249
      vertex 60.681 -16.4 43.6466
      vertex 60.2844 -16.4 45.4352
    endloop
  endfacet
  facet normal 0 -1 0
    outer loop
      vertex 44.25 -16.4 40
      vertex 50.4849 -16.4 46.2595
      vertex 44.2338 -16.4 40.3704
    endloop
  endfacet
  facet normal 0 -1 0
    outer loop
      vertex 50.7246 -16.4 46.249
      vertex 60.9201 -16.4 41.8303
      vertex 60.681 -16.4 43.6466
    endloop
  endfacet
  facet normal 0 -1 -0
    outer loop
      vertex 50.4849 -16.4 46.2595
      vertex 44.25 -16.4 40
      vertex 50.7246 -16.4 46.249
    endloop
  endfacet
  facet normal 0 -1 0
    outer loop
      vertex 44.2338 -16.4 39.6296
      vertex 50.7246 -16.4 46.249
      vertex 44.25 -16.4 40
    endloop
  endfacet
  facet normal 0 -1 0
    outer loop
      vertex 50.7246 -16.4 46.249
      vertex 61 -16.4 40
      vertex 60.9201 -16.4 41.8303
    endloop
  endfacet
  facet normal 0 -1 0
    outer loop
      vertex 44.1854 -16.4 39.262
      vertex 50.7246 -16.4 46.249
      vertex 44.2338 -16.4 39.6296
    endloop
  endfacet
  facet normal 0 -1 -0
    outer loop
      vertex 50.7246 -16.4 46.249
      vertex 44.1854 -16.4 39.262
      vertex 61 -16.4 40
    endloop
  endfacet
  facet normal 0 -1 0
    outer loop
      vertex 44.1052 -16.4 38.9
      vertex 61 -16.4 40
      vertex 44.1854 -16.4 39.262
    endloop
  endfacet
  facet normal 0 -1 0
    outer loop
      vertex 43.9937 -16.4 38.5464
      vertex 61 -16.4 40
      vertex 44.1052 -16.4 38.9
    endloop
  endfacet
  facet normal 0 -1 0
    outer loop
      vertex 43.8518 -16.4 38.2039
      vertex 61 -16.4 40
      vertex 43.9937 -16.4 38.5464
    endloop
  endfacet
  facet normal 0 -1 0
    outer loop
      vertex 43.6806 -16.4 37.875
      vertex 61 -16.4 40
      vertex 43.8518 -16.4 38.2039
    endloop
  endfacet
  facet normal 0 -1 0
    outer loop
      vertex 43.4814 -16.4 37.5623
      vertex 61 -16.4 40
      vertex 43.6806 -16.4 37.875
    endloop
  endfacet
  facet normal 0 -1 0
    outer loop
      vertex 43.2557 -16.4 37.2682
      vertex 61 -16.4 40
      vertex 43.4814 -16.4 37.5623
    endloop
  endfacet
  facet normal 0 -1 0
    outer loop
      vertex 43.0052 -16.4 36.9948
      vertex 61 -16.4 40
      vertex 43.2557 -16.4 37.2682
    endloop
  endfacet
  facet normal 0 -1 0
    outer loop
      vertex 40 -16.4 19
      vertex 43.0052 -16.4 36.9948
      vertex 42.7318 -16.4 36.7443
    endloop
  endfacet
  facet normal 0 -1 0
    outer loop
      vertex 40 -16.4 19
      vertex 42.7318 -16.4 36.7443
      vertex 42.4377 -16.4 36.5186
    endloop
  endfacet
  facet normal 0 -1 0
    outer loop
      vertex 40 -16.4 19
      vertex 42.4377 -16.4 36.5186
      vertex 42.125 -16.4 36.3194
    endloop
  endfacet
  facet normal 0 -1 0
    outer loop
      vertex 40 -16.4 19
      vertex 42.125 -16.4 36.3194
      vertex 41.7961 -16.4 36.1482
    endloop
  endfacet
  facet normal 0 -1 0
    outer loop
      vertex 40 -16.4 19
      vertex 41.7961 -16.4 36.1482
      vertex 41.4536 -16.4 36.0063
    endloop
  endfacet
  facet normal 0 -1 0
    outer loop
      vertex 40 -16.4 19
      vertex 41.4536 -16.4 36.0063
      vertex 41.1 -16.4 35.8948
    endloop
  endfacet
  facet normal 0 -1 0
    outer loop
      vertex 40 -16.4 19
      vertex 41.1 -16.4 35.8948
      vertex 40.738 -16.4 35.8146
    endloop
  endfacet
  facet normal 0 -1 0
    outer loop
      vertex 38.9 -16.4 35.8948
      vertex 40 -16.4 19
      vertex 39.262 -16.4 35.8146
    endloop
  endfacet
  facet normal 0 -1 0
    outer loop
      vertex 39.262 -16.4 35.8146
      vertex 40 -16.4 19
      vertex 39.6296 -16.4 35.7662
    endloop
  endfacet
  facet normal 0 -1 0
    outer loop
      vertex 39.6296 -16.4 35.7662
      vertex 40 -16.4 19
      vertex 40 -16.4 35.75
    endloop
  endfacet
  facet normal 0 -1 0
    outer loop
      vertex 40 -16.4 35.75
      vertex 40 -16.4 19
      vertex 40.3704 -16.4 35.7662
    endloop
  endfacet
  facet normal 0 -1 -0
    outer loop
      vertex 40.3704 -16.4 35.7662
      vertex 40 -16.4 19
      vertex 40.738 -16.4 35.8146
    endloop
  endfacet
  facet normal 0 -1 -0
    outer loop
      vertex 43.0052 -16.4 36.9948
      vertex 40 -16.4 19
      vertex 61 -16.4 40
    endloop
  endfacet
  facet normal 0 -1 -0
    outer loop
      vertex -48.875 -16.4 59.0325
      vertex -49.1473 -16.4 51.2517
      vertex -47.1824 -16.4 59.7335
    endloop
  endfacet
  facet normal 0 -1 0
    outer loop
      vertex 40 -16.4 61
      vertex 50.4849 -16.4 51.7386
      vertex 50.7246 -16.4 51.749
    endloop
  endfacet
  facet normal 0 -1 0
    outer loop
      vertex -48.957 -16.4 51.1056
      vertex -47.1824 -16.4 59.7335
      vertex -49.1473 -16.4 51.2517
    endloop
  endfacet
  facet normal 0 -1 0
    outer loop
      vertex 40 -16.4 61
      vertex 50.2471 -16.4 51.7072
      vertex 50.4849 -16.4 51.7386
    endloop
  endfacet
  facet normal 0 -1 0
    outer loop
      vertex -48.7801 -16.4 50.9436
      vertex -47.1824 -16.4 59.7335
      vertex -48.957 -16.4 51.1056
    endloop
  endfacet
  facet normal 0 -1 0
    outer loop
      vertex 40 -16.4 61
      vertex 50.0129 -16.4 51.6553
      vertex 50.2471 -16.4 51.7072
    endloop
  endfacet
  facet normal 0 -1 -0
    outer loop
      vertex -47.1824 -16.4 59.7335
      vertex -48.7801 -16.4 50.9436
      vertex -45.4352 -16.4 60.2844
    endloop
  endfacet
  facet normal 0 -1 0
    outer loop
      vertex 40 -16.4 61
      vertex 49.7841 -16.4 51.5832
      vertex 50.0129 -16.4 51.6553
    endloop
  endfacet
  facet normal 0 -1 0
    outer loop
      vertex -48.618 -16.4 50.7667
      vertex -45.4352 -16.4 60.2844
      vertex -48.7801 -16.4 50.9436
    endloop
  endfacet
  facet normal 0 -1 0
    outer loop
      vertex 40 -16.4 61
      vertex 49.5624 -16.4 51.4914
      vertex 49.7841 -16.4 51.5832
    endloop
  endfacet
  facet normal 0 -1 0
    outer loop
      vertex -48.472 -16.4 50.5764
      vertex -45.4352 -16.4 60.2844
      vertex -48.618 -16.4 50.7667
    endloop
  endfacet
  facet normal 0 -1 0
    outer loop
      vertex 40 -16.4 61
      vertex 49.3496 -16.4 51.3806
      vertex 49.5624 -16.4 51.4914
    endloop
  endfacet
  facet normal 0 -1 -0
    outer loop
      vertex -45.4352 -16.4 60.2844
      vertex -48.472 -16.4 50.5764
      vertex -43.6466 -16.4 60.681
    endloop
  endfacet
  facet normal 0 -1 0
    outer loop
      vertex 40 -16.4 61
      vertex 49.1473 -16.4 51.2517
      vertex 49.3496 -16.4 51.3806
    endloop
  endfacet
  facet normal 0 -1 0
    outer loop
      vertex -39.6296 -16.4 44.2338
      vertex -40 -16.4 61
      vertex -40 -16.4 44.25
    endloop
  endfacet
  facet normal 0 -1 0
    outer loop
      vertex 40 -16.4 61
      vertex 48.957 -16.4 51.1056
      vertex 49.1473 -16.4 51.2517
    endloop
  endfacet
  facet normal 0 -1 0
    outer loop
      vertex -48.3431 -16.4 50.374
      vertex -43.6466 -16.4 60.681
      vertex -48.472 -16.4 50.5764
    endloop
  endfacet
  facet normal 0 -1 0
    outer loop
      vertex -39.262 -16.4 44.1854
      vertex -40 -16.4 61
      vertex -39.6296 -16.4 44.2338
    endloop
  endfacet
  facet normal 0 -1 -0
    outer loop
      vertex -43.6466 -16.4 60.681
      vertex -48.3431 -16.4 50.374
      vertex -41.8303 -16.4 60.9201
    endloop
  endfacet
  facet normal 0 -1 0
    outer loop
      vertex 40 -16.4 61
      vertex 48.7801 -16.4 50.9436
      vertex 48.957 -16.4 51.1056
    endloop
  endfacet
  facet normal 0 -1 0
    outer loop
      vertex -48.2323 -16.4 50.1612
      vertex -41.8303 -16.4 60.9201
      vertex -48.3431 -16.4 50.374
    endloop
  endfacet
  facet normal 0 -1 0
    outer loop
      vertex 40 -16.4 61
      vertex 48.618 -16.4 50.7667
      vertex 48.7801 -16.4 50.9436
    endloop
  endfacet
  facet normal 0 -1 0
    outer loop
      vertex -48.1405 -16.4 49.9396
      vertex -41.8303 -16.4 60.9201
      vertex -48.2323 -16.4 50.1612
    endloop
  endfacet
  facet normal 0 -1 0
    outer loop
      vertex 40 -16.4 61
      vertex 48.472 -16.4 50.5764
      vertex 48.618 -16.4 50.7667
    endloop
  endfacet
  facet normal 0 -1 -0
    outer loop
      vertex -41.8303 -16.4 60.9201
      vertex -48.1405 -16.4 49.9396
      vertex -40 -16.4 61
    endloop
  endfacet
  facet normal 0 -1 0
    outer loop
      vertex 40 -16.4 61
      vertex 48.3431 -16.4 50.374
      vertex 48.472 -16.4 50.5764
    endloop
  endfacet
  facet normal 0 -1 -0
    outer loop
      vertex -40 -16.4 61
      vertex -48.1405 -16.4 49.9396
      vertex -40 -16.4 44.25
    endloop
  endfacet
  facet normal 0 -1 0
    outer loop
      vertex 40 -16.4 61
      vertex 48.2323 -16.4 50.1612
      vertex 48.3431 -16.4 50.374
    endloop
  endfacet
  facet normal 0 -1 0
    outer loop
      vertex -40 -16.4 44.25
      vertex -48.1405 -16.4 49.9396
      vertex -48.0683 -16.4 49.7108
    endloop
  endfacet
  facet normal 0 -1 0
    outer loop
      vertex 40 -16.4 61
      vertex 48.1405 -16.4 49.9396
      vertex 48.2323 -16.4 50.1612
    endloop
  endfacet
  facet normal 0 -1 0
    outer loop
      vertex -40.3704 -16.4 44.2338
      vertex -48.0683 -16.4 49.7108
      vertex -48.0164 -16.4 49.4766
    endloop
  endfacet
  facet normal 0 -1 0
    outer loop
      vertex 40 -16.4 44.25
      vertex 48.1405 -16.4 49.9396
      vertex 40 -16.4 61
    endloop
  endfacet
  facet normal 0 -1 0
    outer loop
      vertex -40.738 -16.4 44.1854
      vertex -48.0164 -16.4 49.4766
      vertex -47.9851 -16.4 49.2387
    endloop
  endfacet
  facet normal 0 -1 0
    outer loop
      vertex 48.1405 -16.4 49.9396
      vertex 40 -16.4 44.25
      vertex 48.0683 -16.4 49.7108
    endloop
  endfacet
  facet normal 0 -1 0
    outer loop
      vertex -41.1 -16.4 44.1052
      vertex -47.9851 -16.4 49.2387
      vertex -47.9746 -16.4 48.999
    endloop
  endfacet
  facet normal 0 -1 0
    outer loop
      vertex 40.3704 -16.4 44.2338
      vertex 48.0683 -16.4 49.7108
      vertex 40 -16.4 44.25
    endloop
  endfacet
  facet normal 0 -1 0
    outer loop
      vertex -41.4536 -16.4 43.9937
      vertex -47.9746 -16.4 48.999
      vertex -47.9851 -16.4 48.7593
    endloop
  endfacet
  facet normal 0 -1 0
    outer loop
      vertex 48.0683 -16.4 49.7108
      vertex 40.3704 -16.4 44.2338
      vertex 48.0164 -16.4 49.4766
    endloop
  endfacet
  facet normal 0 -1 0
    outer loop
      vertex -41.7961 -16.4 43.8518
      vertex -47.9851 -16.4 48.7593
      vertex -48.0164 -16.4 48.5215
    endloop
  endfacet
  facet normal 0 -1 0
    outer loop
      vertex 40.738 -16.4 44.1854
      vertex 48.0164 -16.4 49.4766
      vertex 40.3704 -16.4 44.2338
    endloop
  endfacet
  facet normal 0 -1 0
    outer loop
      vertex -41.7961 -16.4 43.8518
      vertex -48.0164 -16.4 48.5215
      vertex -48.0683 -16.4 48.2873
    endloop
  endfacet
  facet normal 0 -1 0
    outer loop
      vertex 48.0164 -16.4 49.4766
      vertex 40.738 -16.4 44.1854
      vertex 47.9851 -16.4 49.2387
    endloop
  endfacet
  facet normal 0 -1 0
    outer loop
      vertex -42.125 -16.4 43.6806
      vertex -48.0683 -16.4 48.2873
      vertex -48.1405 -16.4 48.0585
    endloop
  endfacet
  facet normal 0 -1 0
    outer loop
      vertex 41.1 -16.4 44.1052
      vertex 47.9851 -16.4 49.2387
      vertex 40.738 -16.4 44.1854
    endloop
  endfacet
  facet normal 0 -1 0
    outer loop
      vertex -42.4377 -16.4 43.4814
      vertex -48.1405 -16.4 48.0585
      vertex -48.2323 -16.4 47.8368
    endloop
  endfacet
  facet normal 0 -1 0
    outer loop
      vertex 47.9851 -16.4 49.2387
      vertex 41.1 -16.4 44.1052
      vertex 47.9746 -16.4 48.999
    endloop
  endfacet
  facet normal 0 -1 0
    outer loop
      vertex -42.7318 -16.4 43.2557
      vertex -48.2323 -16.4 47.8368
      vertex -48.3431 -16.4 47.624
    endloop
  endfacet
  facet normal 0 -1 0
    outer loop
      vertex 41.4536 -16.4 43.9937
      vertex 47.9746 -16.4 48.999
      vertex 41.1 -16.4 44.1052
    endloop
  endfacet
  facet normal 0 -1 0
    outer loop
      vertex -43.0052 -16.4 43.0052
      vertex -48.3431 -16.4 47.624
      vertex -48.472 -16.4 47.4217
    endloop
  endfacet
  facet normal 0 -1 -0
    outer loop
      vertex 47.9746 -16.4 48.999
      vertex 41.4536 -16.4 43.9937
      vertex 47.9851 -16.4 48.7593
    endloop
  endfacet
  facet normal 0 -1 0
    outer loop
      vertex -43.2557 -16.4 42.7318
      vertex -48.472 -16.4 47.4217
      vertex -48.618 -16.4 47.2314
    endloop
  endfacet
  facet normal 0 -1 0
    outer loop
      vertex 41.7961 -16.4 43.8518
      vertex 47.9851 -16.4 48.7593
      vertex 41.4536 -16.4 43.9937
    endloop
  endfacet
  facet normal 0 -1 0
    outer loop
      vertex -43.2557 -16.4 42.7318
      vertex -48.618 -16.4 47.2314
      vertex -48.7801 -16.4 47.0545
    endloop
  endfacet
  facet normal 0 -1 -0
    outer loop
      vertex 47.9851 -16.4 48.7593
      vertex 41.7961 -16.4 43.8518
      vertex 48.0164 -16.4 48.5215
    endloop
  endfacet
  facet normal 0 -1 0
    outer loop
      vertex -43.4814 -16.4 42.4377
      vertex -48.7801 -16.4 47.0545
      vertex -48.957 -16.4 46.8924
    endloop
  endfacet
  facet normal 0 -1 -0
    outer loop
      vertex 48.0164 -16.4 48.5215
      vertex 41.7961 -16.4 43.8518
      vertex 48.0683 -16.4 48.2873
    endloop
  endfacet
  facet normal 0 -1 0
    outer loop
      vertex -43.6806 -16.4 42.125
      vertex -48.957 -16.4 46.8924
      vertex -49.1473 -16.4 46.7464
    endloop
  endfacet
  facet normal 0 -1 0
    outer loop
      vertex 42.125 -16.4 43.6806
      vertex 48.0683 -16.4 48.2873
      vertex 41.7961 -16.4 43.8518
    endloop
  endfacet
  facet normal 0 -1 0
    outer loop
      vertex -43.8518 -16.4 41.7961
      vertex -49.1473 -16.4 46.7464
      vertex -49.3496 -16.4 46.6175
    endloop
  endfacet
  facet normal 0 -1 -0
    outer loop
      vertex 48.0683 -16.4 48.2873
      vertex 42.125 -16.4 43.6806
      vertex 48.1405 -16.4 48.0585
    endloop
  endfacet
  facet normal 0 -1 0
    outer loop
      vertex -43.9937 -16.4 41.4536
      vertex -49.3496 -16.4 46.6175
      vertex -49.5624 -16.4 46.5067
    endloop
  endfacet
  facet normal 0 -1 0
    outer loop
      vertex 42.4377 -16.4 43.4814
      vertex 48.1405 -16.4 48.0585
      vertex 42.125 -16.4 43.6806
    endloop
  endfacet
  facet normal 0 -1 0
    outer loop
      vertex -43.9937 -16.4 41.4536
      vertex -49.5624 -16.4 46.5067
      vertex -49.7841 -16.4 46.4149
    endloop
  endfacet
  facet normal 0 -1 -0
    outer loop
      vertex 48.1405 -16.4 48.0585
      vertex 42.4377 -16.4 43.4814
      vertex 48.2323 -16.4 47.8368
    endloop
  endfacet
  facet normal 0 -1 0
    outer loop
      vertex -44.1052 -16.4 41.1
      vertex -49.7841 -16.4 46.4149
      vertex -50.0129 -16.4 46.3427
    endloop
  endfacet
  facet normal 0 -1 0
    outer loop
      vertex 42.7318 -16.4 43.2557
      vertex 48.2323 -16.4 47.8368
      vertex 42.4377 -16.4 43.4814
    endloop
  endfacet
  facet normal 0 -1 0
    outer loop
      vertex -44.1854 -16.4 40.738
      vertex -50.0129 -16.4 46.3427
      vertex -50.2471 -16.4 46.2908
    endloop
  endfacet
  facet normal 0 -1 -0
    outer loop
      vertex 48.2323 -16.4 47.8368
      vertex 42.7318 -16.4 43.2557
      vertex 48.3431 -16.4 47.624
    endloop
  endfacet
  facet normal 0 -1 0
    outer loop
      vertex -44.2338 -16.4 40.3704
      vertex -50.2471 -16.4 46.2908
      vertex -50.4849 -16.4 46.2595
    endloop
  endfacet
  facet normal 0 -1 0
    outer loop
      vertex 43.0052 -16.4 43.0052
      vertex 48.3431 -16.4 47.624
      vertex 42.7318 -16.4 43.2557
    endloop
  endfacet
  facet normal 0 -1 0
    outer loop
      vertex -44.25 -16.4 40
      vertex -50.4849 -16.4 46.2595
      vertex -50.7246 -16.4 46.249
    endloop
  endfacet
  facet normal 0 -1 -0
    outer loop
      vertex 48.3431 -16.4 47.624
      vertex 43.0052 -16.4 43.0052
      vertex 48.472 -16.4 47.4217
    endloop
  endfacet
  facet normal 0 -1 0
    outer loop
      vertex -50.5 -16.4 58.1865
      vertex -49.5624 -16.4 51.4914
      vertex -48.875 -16.4 59.0325
    endloop
  endfacet
  facet normal 0 -1 0
    outer loop
      vertex -49.3496 -16.4 51.3806
      vertex -48.875 -16.4 59.0325
      vertex -49.5624 -16.4 51.4914
    endloop
  endfacet
  facet normal 0 -1 0
    outer loop
      vertex -49.5624 -16.4 51.4914
      vertex -50.5 -16.4 58.1865
      vertex -49.7841 -16.4 51.5832
    endloop
  endfacet
  facet normal 0 -1 0
    outer loop
      vertex -49.1473 -16.4 51.2517
      vertex -48.875 -16.4 59.0325
      vertex -49.3496 -16.4 51.3806
    endloop
  endfacet
  facet normal 0 -1 0
    outer loop
      vertex -49.7841 -16.4 51.5832
      vertex -50.5 -16.4 58.1865
      vertex -50.0129 -16.4 51.6553
    endloop
  endfacet
  facet normal 0 -1 0
    outer loop
      vertex 40 -16.4 61
      vertex 50.7246 -16.4 51.749
      vertex 41.8303 -16.4 60.9201
    endloop
  endfacet
  facet normal 0 -1 0
    outer loop
      vertex -50.0129 -16.4 51.6553
      vertex -50.5 -16.4 58.1865
      vertex -50.2471 -16.4 51.7072
    endloop
  endfacet
  facet normal 0 -1 0
    outer loop
      vertex 41.8303 -16.4 60.9201
      vertex 50.7246 -16.4 51.749
      vertex 43.6466 -16.4 60.681
    endloop
  endfacet
  facet normal 0 -1 0
    outer loop
      vertex -52.0451 -16.4 57.2022
      vertex -50.2471 -16.4 51.7072
      vertex -50.5 -16.4 58.1865
    endloop
  endfacet
  facet normal 0 -1 0
    outer loop
      vertex 43.6466 -16.4 60.681
      vertex 50.7246 -16.4 51.749
      vertex 45.4352 -16.4 60.2844
    endloop
  endfacet
  facet normal 0 -1 0
    outer loop
      vertex -50.2471 -16.4 51.7072
      vertex -52.0451 -16.4 57.2022
      vertex -50.4849 -16.4 51.7386
    endloop
  endfacet
  facet normal 0 -1 0
    outer loop
      vertex 45.4352 -16.4 60.2844
      vertex 50.7246 -16.4 51.749
      vertex 47.1824 -16.4 59.7335
    endloop
  endfacet
  facet normal 0 -1 0
    outer loop
      vertex -50.4849 -16.4 51.7386
      vertex -52.0451 -16.4 57.2022
      vertex -50.7246 -16.4 51.749
    endloop
  endfacet
  facet normal 0 -1 0
    outer loop
      vertex 47.1824 -16.4 59.7335
      vertex 50.7246 -16.4 51.749
      vertex 48.875 -16.4 59.0325
    endloop
  endfacet
  facet normal 0 -1 0
    outer loop
      vertex -50.9643 -16.4 51.7386
      vertex -52.0451 -16.4 57.2022
      vertex -53.4985 -16.4 56.0869
    endloop
  endfacet
  facet normal 0 -1 0
    outer loop
      vertex 48.875 -16.4 59.0325
      vertex 50.7246 -16.4 51.749
      vertex 50.5 -16.4 58.1865
    endloop
  endfacet
  facet normal 0 -1 0
    outer loop
      vertex -51.6652 -16.4 51.5832
      vertex -53.4985 -16.4 56.0869
      vertex -54.8492 -16.4 54.8492
    endloop
  endfacet
  facet normal 0 -1 0
    outer loop
      vertex 50.5 -16.4 58.1865
      vertex 50.7246 -16.4 51.749
      vertex 52.0451 -16.4 57.2022
    endloop
  endfacet
  facet normal 0 -1 0
    outer loop
      vertex -52.4923 -16.4 51.1056
      vertex -54.8492 -16.4 54.8492
      vertex -56.0869 -16.4 53.4985
    endloop
  endfacet
  facet normal 0 -1 0
    outer loop
      vertex 50.9643 -16.4 51.7386
      vertex 52.0451 -16.4 57.2022
      vertex 50.7246 -16.4 51.749
    endloop
  endfacet
  facet normal 0 -1 0
    outer loop
      vertex -53.1062 -16.4 50.374
      vertex -56.0869 -16.4 53.4985
      vertex -57.2022 -16.4 52.0451
    endloop
  endfacet
  facet normal 0 -1 -0
    outer loop
      vertex 52.0451 -16.4 57.2022
      vertex 50.9643 -16.4 51.7386
      vertex 53.4985 -16.4 56.0869
    endloop
  endfacet
  facet normal 0 -1 0
    outer loop
      vertex 51.2022 -16.4 51.7072
      vertex 53.4985 -16.4 56.0869
      vertex 50.9643 -16.4 51.7386
    endloop
  endfacet
  facet normal 0 -1 0
    outer loop
      vertex -52.0451 -16.4 57.2022
      vertex -50.9643 -16.4 51.7386
      vertex -50.7246 -16.4 51.749
    endloop
  endfacet
  facet normal 0 -1 0
    outer loop
      vertex -53.4985 -16.4 56.0869
      vertex -51.2022 -16.4 51.7072
      vertex -50.9643 -16.4 51.7386
    endloop
  endfacet
  facet normal 0 -1 0
    outer loop
      vertex -53.4985 -16.4 56.0869
      vertex -51.4364 -16.4 51.6553
      vertex -51.2022 -16.4 51.7072
    endloop
  endfacet
  facet normal 0 -1 0
    outer loop
      vertex -53.4985 -16.4 56.0869
      vertex -51.6652 -16.4 51.5832
      vertex -51.4364 -16.4 51.6553
    endloop
  endfacet
  facet normal 0 -1 0
    outer loop
      vertex -54.8492 -16.4 54.8492
      vertex -51.8868 -16.4 51.4914
      vertex -51.6652 -16.4 51.5832
    endloop
  endfacet
  facet normal 0 -1 0
    outer loop
      vertex -54.8492 -16.4 54.8492
      vertex -52.0996 -16.4 51.3806
      vertex -51.8868 -16.4 51.4914
    endloop
  endfacet
  facet normal 0 -1 0
    outer loop
      vertex -54.8492 -16.4 54.8492
      vertex -52.302 -16.4 51.2517
      vertex -52.0996 -16.4 51.3806
    endloop
  endfacet
  facet normal 0 -1 0
    outer loop
      vertex -54.8492 -16.4 54.8492
      vertex -52.4923 -16.4 51.1056
      vertex -52.302 -16.4 51.2517
    endloop
  endfacet
  facet normal 0 -1 0
    outer loop
      vertex -56.0869 -16.4 53.4985
      vertex -52.6692 -16.4 50.9436
      vertex -52.4923 -16.4 51.1056
    endloop
  endfacet
  facet normal 0 -1 0
    outer loop
      vertex -56.0869 -16.4 53.4985
      vertex -52.8312 -16.4 50.7667
      vertex -52.6692 -16.4 50.9436
    endloop
  endfacet
  facet normal 0 -1 0
    outer loop
      vertex -56.0869 -16.4 53.4985
      vertex -52.9773 -16.4 50.5764
      vertex -52.8312 -16.4 50.7667
    endloop
  endfacet
  facet normal 0 -1 0
    outer loop
      vertex -53.4328 -16.4 49.4766
      vertex -57.2022 -16.4 52.0451
      vertex -58.1865 -16.4 50.5
    endloop
  endfacet
  facet normal 0 -1 0
    outer loop
      vertex -56.0869 -16.4 53.4985
      vertex -53.1062 -16.4 50.374
      vertex -52.9773 -16.4 50.5764
    endloop
  endfacet
  facet normal 0 -1 0
    outer loop
      vertex -57.2022 -16.4 52.0451
      vertex -53.217 -16.4 50.1612
      vertex -53.1062 -16.4 50.374
    endloop
  endfacet
  facet normal 0 -1 0
    outer loop
      vertex -57.2022 -16.4 52.0451
      vertex -53.3088 -16.4 49.9396
      vertex -53.217 -16.4 50.1612
    endloop
  endfacet
  facet normal 0 -1 0
    outer loop
      vertex -57.2022 -16.4 52.0451
      vertex -53.3809 -16.4 49.7108
      vertex -53.3088 -16.4 49.9396
    endloop
  endfacet
  facet normal 0 -1 0
    outer loop
      vertex -57.2022 -16.4 52.0451
      vertex -53.4328 -16.4 49.4766
      vertex -53.3809 -16.4 49.7108
    endloop
  endfacet
  facet normal 0 -1 0
    outer loop
      vertex -58.1865 -16.4 50.5
      vertex -53.4642 -16.4 49.2387
      vertex -53.4328 -16.4 49.4766
    endloop
  endfacet
  facet normal 0 -1 0
    outer loop
      vertex -58.1865 -16.4 50.5
      vertex -53.4746 -16.4 48.999
      vertex -53.4642 -16.4 49.2387
    endloop
  endfacet
  facet normal 0 -1 0
    outer loop
      vertex -53.4642 -16.4 48.7593
      vertex -58.1865 -16.4 50.5
      vertex -59.0325 -16.4 48.875
    endloop
  endfacet
  facet normal 0 -1 0
    outer loop
      vertex -58.1865 -16.4 50.5
      vertex -53.4642 -16.4 48.7593
      vertex -53.4746 -16.4 48.999
    endloop
  endfacet
  facet normal 0 -1 0
    outer loop
      vertex -59.0325 -16.4 48.875
      vertex -53.4328 -16.4 48.5215
      vertex -53.4642 -16.4 48.7593
    endloop
  endfacet
  facet normal 0 -1 0
    outer loop
      vertex -59.0325 -16.4 48.875
      vertex -53.3809 -16.4 48.2873
      vertex -53.4328 -16.4 48.5215
    endloop
  endfacet
  facet normal 0 -1 0
    outer loop
      vertex -59.0325 -16.4 48.875
      vertex -53.3088 -16.4 48.0585
      vertex -53.3809 -16.4 48.2873
    endloop
  endfacet
  facet normal 0 -1 0
    outer loop
      vertex -59.7335 -16.4 47.1824
      vertex -53.3088 -16.4 48.0585
      vertex -59.0325 -16.4 48.875
    endloop
  endfacet
  facet normal 0 -1 -0
    outer loop
      vertex -53.3088 -16.4 48.0585
      vertex -59.7335 -16.4 47.1824
      vertex -53.217 -16.4 47.8368
    endloop
  endfacet
  facet normal 0 -1 -0
    outer loop
      vertex -53.217 -16.4 47.8368
      vertex -59.7335 -16.4 47.1824
      vertex -53.1062 -16.4 47.624
    endloop
  endfacet
  facet normal 0 -1 -0
    outer loop
      vertex -53.1062 -16.4 47.624
      vertex -59.7335 -16.4 47.1824
      vertex -52.9773 -16.4 47.4217
    endloop
  endfacet
  facet normal 0 -1 0
    outer loop
      vertex -60.2844 -16.4 45.4352
      vertex -52.9773 -16.4 47.4217
      vertex -59.7335 -16.4 47.1824
    endloop
  endfacet
  facet normal 0 -1 -0
    outer loop
      vertex -52.9773 -16.4 47.4217
      vertex -60.2844 -16.4 45.4352
      vertex -52.8312 -16.4 47.2314
    endloop
  endfacet
  facet normal 0 -1 -0
    outer loop
      vertex -52.8312 -16.4 47.2314
      vertex -60.2844 -16.4 45.4352
      vertex -52.6692 -16.4 47.0545
    endloop
  endfacet
  facet normal 0 -1 0
    outer loop
      vertex -60.681 -16.4 43.6466
      vertex -52.6692 -16.4 47.0545
      vertex -60.2844 -16.4 45.4352
    endloop
  endfacet
  facet normal 0 -1 -0
    outer loop
      vertex -52.6692 -16.4 47.0545
      vertex -60.681 -16.4 43.6466
      vertex -52.4923 -16.4 46.8924
    endloop
  endfacet
  facet normal 0 -1 -0
    outer loop
      vertex -52.4923 -16.4 46.8924
      vertex -60.681 -16.4 43.6466
      vertex -52.302 -16.4 46.7464
    endloop
  endfacet
  facet normal 0 -1 0
    outer loop
      vertex -60.9201 -16.4 41.8303
      vertex -52.302 -16.4 46.7464
      vertex -60.681 -16.4 43.6466
    endloop
  endfacet
  facet normal 0 -1 -0
    outer loop
      vertex -52.302 -16.4 46.7464
      vertex -60.9201 -16.4 41.8303
      vertex -52.0996 -16.4 46.6175
    endloop
  endfacet
  facet normal 0 -1 -0
    outer loop
      vertex -52.0996 -16.4 46.6175
      vertex -60.9201 -16.4 41.8303
      vertex -51.8868 -16.4 46.5067
    endloop
  endfacet
  facet normal 0 -1 0
    outer loop
      vertex -61 -16.4 40
      vertex -51.8868 -16.4 46.5067
      vertex -60.9201 -16.4 41.8303
    endloop
  endfacet
  facet normal 0 -1 -0
    outer loop
      vertex -51.4364 -16.4 46.3427
      vertex -61 -16.4 40
      vertex -51.2022 -16.4 46.2908
    endloop
  endfacet
  facet normal 0 -1 -0
    outer loop
      vertex -51.6652 -16.4 46.4149
      vertex -61 -16.4 40
      vertex -51.4364 -16.4 46.3427
    endloop
  endfacet
  facet normal 0 -1 -0
    outer loop
      vertex -51.8868 -16.4 46.5067
      vertex -61 -16.4 40
      vertex -51.6652 -16.4 46.4149
    endloop
  endfacet
  facet normal 0 -1 0
    outer loop
      vertex 51.4364 -16.4 51.6553
      vertex 53.4985 -16.4 56.0869
      vertex 51.2022 -16.4 51.7072
    endloop
  endfacet
  facet normal 0 -1 0
    outer loop
      vertex 51.6652 -16.4 51.5832
      vertex 53.4985 -16.4 56.0869
      vertex 51.4364 -16.4 51.6553
    endloop
  endfacet
  facet normal 0 -1 -0
    outer loop
      vertex 53.4985 -16.4 56.0869
      vertex 51.6652 -16.4 51.5832
      vertex 54.8492 -16.4 54.8492
    endloop
  endfacet
  facet normal 0 -1 0
    outer loop
      vertex 51.8868 -16.4 51.4914
      vertex 54.8492 -16.4 54.8492
      vertex 51.6652 -16.4 51.5832
    endloop
  endfacet
  facet normal 0 -1 0
    outer loop
      vertex 52.0996 -16.4 51.3806
      vertex 54.8492 -16.4 54.8492
      vertex 51.8868 -16.4 51.4914
    endloop
  endfacet
  facet normal 0 -1 0
    outer loop
      vertex 52.302 -16.4 51.2517
      vertex 54.8492 -16.4 54.8492
      vertex 52.0996 -16.4 51.3806
    endloop
  endfacet
  facet normal 0 -1 0
    outer loop
      vertex 52.4923 -16.4 51.1056
      vertex 54.8492 -16.4 54.8492
      vertex 52.302 -16.4 51.2517
    endloop
  endfacet
  facet normal 0 -1 -0
    outer loop
      vertex 54.8492 -16.4 54.8492
      vertex 52.4923 -16.4 51.1056
      vertex 56.0869 -16.4 53.4985
    endloop
  endfacet
  facet normal 0 -1 0
    outer loop
      vertex 52.6692 -16.4 50.9436
      vertex 56.0869 -16.4 53.4985
      vertex 52.4923 -16.4 51.1056
    endloop
  endfacet
  facet normal 0 -1 0
    outer loop
      vertex 52.8312 -16.4 50.7667
      vertex 56.0869 -16.4 53.4985
      vertex 52.6692 -16.4 50.9436
    endloop
  endfacet
  facet normal 0 -1 0
    outer loop
      vertex 52.9773 -16.4 50.5764
      vertex 56.0869 -16.4 53.4985
      vertex 52.8312 -16.4 50.7667
    endloop
  endfacet
  facet normal 0 -1 0
    outer loop
      vertex 53.1062 -16.4 50.374
      vertex 56.0869 -16.4 53.4985
      vertex 52.9773 -16.4 50.5764
    endloop
  endfacet
  facet normal 0 -1 -0
    outer loop
      vertex 56.0869 -16.4 53.4985
      vertex 53.1062 -16.4 50.374
      vertex 57.2022 -16.4 52.0451
    endloop
  endfacet
  facet normal 0 -1 0
    outer loop
      vertex 53.217 -16.4 50.1612
      vertex 57.2022 -16.4 52.0451
      vertex 53.1062 -16.4 50.374
    endloop
  endfacet
  facet normal 0 -1 0
    outer loop
      vertex 53.3088 -16.4 49.9396
      vertex 57.2022 -16.4 52.0451
      vertex 53.217 -16.4 50.1612
    endloop
  endfacet
  facet normal 0 -1 0
    outer loop
      vertex 53.3809 -16.4 49.7108
      vertex 57.2022 -16.4 52.0451
      vertex 53.3088 -16.4 49.9396
    endloop
  endfacet
  facet normal 0 -1 0
    outer loop
      vertex 53.4328 -16.4 49.4766
      vertex 57.2022 -16.4 52.0451
      vertex 53.3809 -16.4 49.7108
    endloop
  endfacet
  facet normal 0 -1 -0
    outer loop
      vertex 57.2022 -16.4 52.0451
      vertex 53.4328 -16.4 49.4766
      vertex 58.1865 -16.4 50.5
    endloop
  endfacet
  facet normal 0 -1 0
    outer loop
      vertex 53.4642 -16.4 49.2387
      vertex 58.1865 -16.4 50.5
      vertex 53.4328 -16.4 49.4766
    endloop
  endfacet
  facet normal 0 -1 0
    outer loop
      vertex 53.4746 -16.4 48.999
      vertex 58.1865 -16.4 50.5
      vertex 53.4642 -16.4 49.2387
    endloop
  endfacet
  facet normal 0 -1 0
    outer loop
      vertex 53.4642 -16.4 48.7593
      vertex 58.1865 -16.4 50.5
      vertex 53.4746 -16.4 48.999
    endloop
  endfacet
  facet normal 0 -1 -0
    outer loop
      vertex 58.1865 -16.4 50.5
      vertex 53.4642 -16.4 48.7593
      vertex 59.0325 -16.4 48.875
    endloop
  endfacet
  facet normal 0 -1 0
    outer loop
      vertex 53.4328 -16.4 48.5215
      vertex 59.0325 -16.4 48.875
      vertex 53.4642 -16.4 48.7593
    endloop
  endfacet
  facet normal 0 -1 0
    outer loop
      vertex 53.3809 -16.4 48.2873
      vertex 59.0325 -16.4 48.875
      vertex 53.4328 -16.4 48.5215
    endloop
  endfacet
  facet normal 0 -1 0
    outer loop
      vertex 53.3088 -16.4 48.0585
      vertex 59.0325 -16.4 48.875
      vertex 53.3809 -16.4 48.2873
    endloop
  endfacet
  facet normal 0 -1 0
    outer loop
      vertex 59.7335 -16.4 47.1824
      vertex 53.3088 -16.4 48.0585
      vertex 53.217 -16.4 47.8368
    endloop
  endfacet
  facet normal 0 -1 0
    outer loop
      vertex 59.7335 -16.4 47.1824
      vertex 53.217 -16.4 47.8368
      vertex 53.1062 -16.4 47.624
    endloop
  endfacet
  facet normal 0 -1 0
    outer loop
      vertex 59.7335 -16.4 47.1824
      vertex 53.1062 -16.4 47.624
      vertex 52.9773 -16.4 47.4217
    endloop
  endfacet
  facet normal 0 -1 0
    outer loop
      vertex 60.2844 -16.4 45.4352
      vertex 52.9773 -16.4 47.4217
      vertex 52.8312 -16.4 47.2314
    endloop
  endfacet
  facet normal 0 -1 0
    outer loop
      vertex 53.3088 -16.4 48.0585
      vertex 59.7335 -16.4 47.1824
      vertex 59.0325 -16.4 48.875
    endloop
  endfacet
  facet normal 0 -1 0
    outer loop
      vertex 60.2844 -16.4 45.4352
      vertex 52.8312 -16.4 47.2314
      vertex 52.6692 -16.4 47.0545
    endloop
  endfacet
  facet normal 0 -1 0
    outer loop
      vertex 60.2844 -16.4 45.4352
      vertex 52.6692 -16.4 47.0545
      vertex 52.4923 -16.4 46.8924
    endloop
  endfacet
  facet normal 0 -1 0
    outer loop
      vertex 60.2844 -16.4 45.4352
      vertex 52.4923 -16.4 46.8924
      vertex 52.302 -16.4 46.7464
    endloop
  endfacet
  facet normal 0 -1 0
    outer loop
      vertex 60.2844 -16.4 45.4352
      vertex 52.302 -16.4 46.7464
      vertex 52.0996 -16.4 46.6175
    endloop
  endfacet
  facet normal 0 -1 0
    outer loop
      vertex 60.2844 -16.4 45.4352
      vertex 52.0996 -16.4 46.6175
      vertex 51.8868 -16.4 46.5067
    endloop
  endfacet
  facet normal 0 -1 0
    outer loop
      vertex 60.2844 -16.4 45.4352
      vertex 51.8868 -16.4 46.5067
      vertex 51.6652 -16.4 46.4149
    endloop
  endfacet
  facet normal 0 -1 0
    outer loop
      vertex 60.2844 -16.4 45.4352
      vertex 51.6652 -16.4 46.4149
      vertex 51.4364 -16.4 46.3427
    endloop
  endfacet
  facet normal 0 -1 0
    outer loop
      vertex 60.2844 -16.4 45.4352
      vertex 51.4364 -16.4 46.3427
      vertex 51.2022 -16.4 46.2908
    endloop
  endfacet
  facet normal 0 -1 0
    outer loop
      vertex 60.2844 -16.4 45.4352
      vertex 51.2022 -16.4 46.2908
      vertex 50.9643 -16.4 46.2595
    endloop
  endfacet
  facet normal 0 -1 0
    outer loop
      vertex 52.9773 -16.4 47.4217
      vertex 60.2844 -16.4 45.4352
      vertex 59.7335 -16.4 47.1824
    endloop
  endfacet
  facet normal 0 -1 0
    outer loop
      vertex 50.7246 -16.4 46.249
      vertex 60.2844 -16.4 45.4352
      vertex 50.9643 -16.4 46.2595
    endloop
  endfacet
  facet normal 0 -1 0
    outer loop
      vertex 43.2557 -16.4 42.7318
      vertex 48.472 -16.4 47.4217
      vertex 43.0052 -16.4 43.0052
    endloop
  endfacet
  facet normal 0 -1 -0
    outer loop
      vertex 48.472 -16.4 47.4217
      vertex 43.2557 -16.4 42.7318
      vertex 48.618 -16.4 47.2314
    endloop
  endfacet
  facet normal 0 -1 0
    outer loop
      vertex -48.0683 -16.4 49.7108
      vertex -40.3704 -16.4 44.2338
      vertex -40 -16.4 44.25
    endloop
  endfacet
  facet normal 0 -1 0
    outer loop
      vertex -48.0164 -16.4 49.4766
      vertex -40.738 -16.4 44.1854
      vertex -40.3704 -16.4 44.2338
    endloop
  endfacet
  facet normal 0 -1 0
    outer loop
      vertex -47.9851 -16.4 49.2387
      vertex -41.1 -16.4 44.1052
      vertex -40.738 -16.4 44.1854
    endloop
  endfacet
  facet normal 0 -1 0
    outer loop
      vertex -47.9746 -16.4 48.999
      vertex -41.4536 -16.4 43.9937
      vertex -41.1 -16.4 44.1052
    endloop
  endfacet
  facet normal 0 -1 0
    outer loop
      vertex -47.9851 -16.4 48.7593
      vertex -41.7961 -16.4 43.8518
      vertex -41.4536 -16.4 43.9937
    endloop
  endfacet
  facet normal 0 -1 0
    outer loop
      vertex -48.0683 -16.4 48.2873
      vertex -42.125 -16.4 43.6806
      vertex -41.7961 -16.4 43.8518
    endloop
  endfacet
  facet normal 0 -1 0
    outer loop
      vertex -44.1854 -16.4 39.262
      vertex -51.2022 -16.4 46.2908
      vertex -61 -16.4 40
    endloop
  endfacet
  facet normal 0 -1 0
    outer loop
      vertex -48.1405 -16.4 48.0585
      vertex -42.4377 -16.4 43.4814
      vertex -42.125 -16.4 43.6806
    endloop
  endfacet
  facet normal 0 -1 0
    outer loop
      vertex -48.2323 -16.4 47.8368
      vertex -42.7318 -16.4 43.2557
      vertex -42.4377 -16.4 43.4814
    endloop
  endfacet
  facet normal 0 -1 0
    outer loop
      vertex -48.3431 -16.4 47.624
      vertex -43.0052 -16.4 43.0052
      vertex -42.7318 -16.4 43.2557
    endloop
  endfacet
  facet normal 0 -1 0
    outer loop
      vertex -48.472 -16.4 47.4217
      vertex -43.2557 -16.4 42.7318
      vertex -43.0052 -16.4 43.0052
    endloop
  endfacet
  facet normal 0 -1 0
    outer loop
      vertex -48.7801 -16.4 47.0545
      vertex -43.4814 -16.4 42.4377
      vertex -43.2557 -16.4 42.7318
    endloop
  endfacet
  facet normal 0 -1 0
    outer loop
      vertex -48.957 -16.4 46.8924
      vertex -43.6806 -16.4 42.125
      vertex -43.4814 -16.4 42.4377
    endloop
  endfacet
  facet normal 0 -1 0
    outer loop
      vertex -51.2022 -16.4 46.2908
      vertex -44.1854 -16.4 39.262
      vertex -50.9643 -16.4 46.2595
    endloop
  endfacet
  facet normal 0 -1 0
    outer loop
      vertex -49.1473 -16.4 46.7464
      vertex -43.8518 -16.4 41.7961
      vertex -43.6806 -16.4 42.125
    endloop
  endfacet
  facet normal 0 -1 0
    outer loop
      vertex -49.3496 -16.4 46.6175
      vertex -43.9937 -16.4 41.4536
      vertex -43.8518 -16.4 41.7961
    endloop
  endfacet
  facet normal 0 -1 0
    outer loop
      vertex -49.7841 -16.4 46.4149
      vertex -44.1052 -16.4 41.1
      vertex -43.9937 -16.4 41.4536
    endloop
  endfacet
  facet normal 0 -1 0
    outer loop
      vertex -50.0129 -16.4 46.3427
      vertex -44.1854 -16.4 40.738
      vertex -44.1052 -16.4 41.1
    endloop
  endfacet
  facet normal 0 -1 0
    outer loop
      vertex -50.2471 -16.4 46.2908
      vertex -44.2338 -16.4 40.3704
      vertex -44.1854 -16.4 40.738
    endloop
  endfacet
  facet normal -0 -1 -0
    outer loop
      vertex -44.2338 -16.4 39.6296
      vertex -50.9643 -16.4 46.2595
      vertex -44.1854 -16.4 39.262
    endloop
  endfacet
  facet normal 0 -1 0
    outer loop
      vertex -50.4849 -16.4 46.2595
      vertex -44.25 -16.4 40
      vertex -44.2338 -16.4 40.3704
    endloop
  endfacet
  facet normal 0 -1 0
    outer loop
      vertex -50.7246 -16.4 46.249
      vertex -44.2338 -16.4 39.6296
      vertex -44.25 -16.4 40
    endloop
  endfacet
  facet normal 0 -1 0
    outer loop
      vertex -50.9643 -16.4 46.2595
      vertex -44.2338 -16.4 39.6296
      vertex -50.7246 -16.4 46.249
    endloop
  endfacet
  facet normal 0 -1 0
    outer loop
      vertex -61 -16.4 40
      vertex -44.1052 -16.4 38.9
      vertex -44.1854 -16.4 39.262
    endloop
  endfacet
  facet normal 0 -1 0
    outer loop
      vertex -61 -16.4 40
      vertex -43.9937 -16.4 38.5464
      vertex -44.1052 -16.4 38.9
    endloop
  endfacet
  facet normal 0 -1 0
    outer loop
      vertex -61 -16.4 40
      vertex -43.8518 -16.4 38.2039
      vertex -43.9937 -16.4 38.5464
    endloop
  endfacet
  facet normal 0 -1 0
    outer loop
      vertex -61 -16.4 40
      vertex -43.6806 -16.4 37.875
      vertex -43.8518 -16.4 38.2039
    endloop
  endfacet
  facet normal 0 -1 0
    outer loop
      vertex -61 -16.4 40
      vertex -43.4814 -16.4 37.5623
      vertex -43.6806 -16.4 37.875
    endloop
  endfacet
  facet normal 0 -1 0
    outer loop
      vertex -61 -16.4 40
      vertex -43.2557 -16.4 37.2682
      vertex -43.4814 -16.4 37.5623
    endloop
  endfacet
  facet normal 0 -1 0
    outer loop
      vertex -61 -16.4 40
      vertex -43.0052 -16.4 36.9948
      vertex -43.2557 -16.4 37.2682
    endloop
  endfacet
  facet normal 0 -1 0
    outer loop
      vertex -40 -16.4 19
      vertex -43.0052 -16.4 36.9948
      vertex -61 -16.4 40
    endloop
  endfacet
  facet normal 0 -1 0
    outer loop
      vertex -43.0052 -16.4 36.9948
      vertex -40 -16.4 19
      vertex -42.7318 -16.4 36.7443
    endloop
  endfacet
  facet normal 0 -1 0
    outer loop
      vertex -42.7318 -16.4 36.7443
      vertex -40 -16.4 19
      vertex -42.4377 -16.4 36.5186
    endloop
  endfacet
  facet normal 0 -1 0
    outer loop
      vertex -42.4377 -16.4 36.5186
      vertex -40 -16.4 19
      vertex -42.125 -16.4 36.3194
    endloop
  endfacet
  facet normal 0 -1 0
    outer loop
      vertex -42.125 -16.4 36.3194
      vertex -40 -16.4 19
      vertex -41.7961 -16.4 36.1482
    endloop
  endfacet
  facet normal 0 -1 0
    outer loop
      vertex -41.7961 -16.4 36.1482
      vertex -40 -16.4 19
      vertex -41.4536 -16.4 36.0063
    endloop
  endfacet
  facet normal 0 -1 0
    outer loop
      vertex -41.4536 -16.4 36.0063
      vertex -40 -16.4 19
      vertex -41.1 -16.4 35.8948
    endloop
  endfacet
  facet normal 0 -1 -0
    outer loop
      vertex -38.5464 -16.4 36.0063
      vertex -40 -16.4 19
      vertex -30 -16.4 19
    endloop
  endfacet
  facet normal 0 -1 0
    outer loop
      vertex -40.3704 -16.4 35.7662
      vertex -40 -16.4 19
      vertex -40 -16.4 35.75
    endloop
  endfacet
  facet normal 0 -1 0
    outer loop
      vertex -40.738 -16.4 35.8146
      vertex -40 -16.4 19
      vertex -40.3704 -16.4 35.7662
    endloop
  endfacet
  facet normal 0 -1 0
    outer loop
      vertex -41.1 -16.4 35.8948
      vertex -40 -16.4 19
      vertex -40.738 -16.4 35.8146
    endloop
  endfacet
  facet normal 0 0 -1
    outer loop
      vertex 30 -16.4 19
      vertex 40 -10.4 19
      vertex 40 -16.4 19
    endloop
  endfacet
  facet normal -0 0 -1
    outer loop
      vertex 40 -10.4 19
      vertex 30 -16.4 19
      vertex 30 -10.4 19
    endloop
  endfacet
  facet normal 0.707107 0 -0.707107
    outer loop
      vertex 61 -16.4 40
      vertex 40 -10.4 19
      vertex 61 -10.4 40
    endloop
  endfacet
  facet normal 0.707107 0 -0.707107
    outer loop
      vertex 40 -10.4 19
      vertex 61 -16.4 40
      vertex 40 -16.4 19
    endloop
  endfacet
  facet normal 0.999049 -0 0.0436125
    outer loop
      vertex 60.9201 -16.4 41.8303
      vertex 61 -10.4 40
      vertex 60.9201 -10.4 41.8303
    endloop
  endfacet
  facet normal 0.999049 0 0.0436125
    outer loop
      vertex 61 -10.4 40
      vertex 60.9201 -16.4 41.8303
      vertex 61 -16.4 40
    endloop
  endfacet
  facet normal 0.991446 -0 0.130515
    outer loop
      vertex 60.681 -16.4 43.6466
      vertex 60.9201 -10.4 41.8303
      vertex 60.681 -10.4 43.6466
    endloop
  endfacet
  facet normal 0.991446 0 0.130515
    outer loop
      vertex 60.9201 -10.4 41.8303
      vertex 60.681 -16.4 43.6466
      vertex 60.9201 -16.4 41.8303
    endloop
  endfacet
  facet normal 0.976287 -0 0.21648
    outer loop
      vertex 60.2844 -16.4 45.4352
      vertex 60.681 -10.4 43.6466
      vertex 60.2844 -10.4 45.4352
    endloop
  endfacet
  facet normal 0.976287 0 0.21648
    outer loop
      vertex 60.681 -10.4 43.6466
      vertex 60.2844 -16.4 45.4352
      vertex 60.681 -16.4 43.6466
    endloop
  endfacet
  facet normal 0.953715 -0 0.300711
    outer loop
      vertex 59.7335 -16.4 47.1824
      vertex 60.2844 -10.4 45.4352
      vertex 59.7335 -10.4 47.1824
    endloop
  endfacet
  facet normal 0.953715 0 0.300711
    outer loop
      vertex 60.2844 -10.4 45.4352
      vertex 59.7335 -16.4 47.1824
      vertex 60.2844 -16.4 45.4352
    endloop
  endfacet
  facet normal 0.923898 -0 0.382638
    outer loop
      vertex 59.0325 -16.4 48.875
      vertex 59.7335 -10.4 47.1824
      vertex 59.0325 -10.4 48.875
    endloop
  endfacet
  facet normal 0.923898 0 0.382638
    outer loop
      vertex 59.7335 -10.4 47.1824
      vertex 59.0325 -16.4 48.875
      vertex 59.7335 -16.4 47.1824
    endloop
  endfacet
  facet normal 0.886993 -0 0.461782
    outer loop
      vertex 58.1865 -16.4 50.5
      vertex 59.0325 -10.4 48.875
      vertex 58.1865 -10.4 50.5
    endloop
  endfacet
  facet normal 0.886993 0 0.461782
    outer loop
      vertex 59.0325 -10.4 48.875
      vertex 58.1865 -16.4 50.5
      vertex 59.0325 -16.4 48.875
    endloop
  endfacet
  facet normal 0.843401 -0 0.537285
    outer loop
      vertex 57.2022 -16.4 52.0451
      vertex 58.1865 -10.4 50.5
      vertex 57.2022 -10.4 52.0451
    endloop
  endfacet
  facet normal 0.843401 0 0.537285
    outer loop
      vertex 58.1865 -10.4 50.5
      vertex 57.2022 -16.4 52.0451
      vertex 58.1865 -16.4 50.5
    endloop
  endfacet
  facet normal 0.793336 -0 0.608784
    outer loop
      vertex 56.0869 -16.4 53.4985
      vertex 57.2022 -10.4 52.0451
      vertex 56.0869 -10.4 53.4985
    endloop
  endfacet
  facet normal 0.793336 0 0.608784
    outer loop
      vertex 57.2022 -10.4 52.0451
      vertex 56.0869 -16.4 53.4985
      vertex 57.2022 -16.4 52.0451
    endloop
  endfacet
  facet normal 0.737274 -0 0.675594
    outer loop
      vertex 54.8492 -16.4 54.8492
      vertex 56.0869 -10.4 53.4985
      vertex 54.8492 -10.4 54.8492
    endloop
  endfacet
  facet normal 0.737274 0 0.675594
    outer loop
      vertex 56.0869 -10.4 53.4985
      vertex 54.8492 -16.4 54.8492
      vertex 56.0869 -16.4 53.4985
    endloop
  endfacet
  facet normal 0.675594 0 0.737274
    outer loop
      vertex 53.4985 -10.4 56.0869
      vertex 54.8492 -16.4 54.8492
      vertex 54.8492 -10.4 54.8492
    endloop
  endfacet
  facet normal 0.675594 0 0.737274
    outer loop
      vertex 54.8492 -16.4 54.8492
      vertex 53.4985 -10.4 56.0869
      vertex 53.4985 -16.4 56.0869
    endloop
  endfacet
  facet normal 0.608784 0 0.793336
    outer loop
      vertex 52.0451 -10.4 57.2022
      vertex 53.4985 -16.4 56.0869
      vertex 53.4985 -10.4 56.0869
    endloop
  endfacet
  facet normal 0.608784 0 0.793336
    outer loop
      vertex 53.4985 -16.4 56.0869
      vertex 52.0451 -10.4 57.2022
      vertex 52.0451 -16.4 57.2022
    endloop
  endfacet
  facet normal 0.537285 0 0.843401
    outer loop
      vertex 50.5 -10.4 58.1865
      vertex 52.0451 -16.4 57.2022
      vertex 52.0451 -10.4 57.2022
    endloop
  endfacet
  facet normal 0.537285 0 0.843401
    outer loop
      vertex 52.0451 -16.4 57.2022
      vertex 50.5 -10.4 58.1865
      vertex 50.5 -16.4 58.1865
    endloop
  endfacet
  facet normal 0.461782 0 0.886993
    outer loop
      vertex 48.875 -10.4 59.0325
      vertex 50.5 -16.4 58.1865
      vertex 50.5 -10.4 58.1865
    endloop
  endfacet
  facet normal 0.461782 0 0.886993
    outer loop
      vertex 50.5 -16.4 58.1865
      vertex 48.875 -10.4 59.0325
      vertex 48.875 -16.4 59.0325
    endloop
  endfacet
  facet normal 0.382638 0 0.923898
    outer loop
      vertex 47.1824 -10.4 59.7335
      vertex 48.875 -16.4 59.0325
      vertex 48.875 -10.4 59.0325
    endloop
  endfacet
  facet normal 0.382638 0 0.923898
    outer loop
      vertex 48.875 -16.4 59.0325
      vertex 47.1824 -10.4 59.7335
      vertex 47.1824 -16.4 59.7335
    endloop
  endfacet
  facet normal 0.300711 0 0.953715
    outer loop
      vertex 45.4352 -10.4 60.2844
      vertex 47.1824 -16.4 59.7335
      vertex 47.1824 -10.4 59.7335
    endloop
  endfacet
  facet normal 0.300711 0 0.953715
    outer loop
      vertex 47.1824 -16.4 59.7335
      vertex 45.4352 -10.4 60.2844
      vertex 45.4352 -16.4 60.2844
    endloop
  endfacet
  facet normal 0.21648 0 0.976287
    outer loop
      vertex 43.6466 -10.4 60.681
      vertex 45.4352 -16.4 60.2844
      vertex 45.4352 -10.4 60.2844
    endloop
  endfacet
  facet normal 0.21648 0 0.976287
    outer loop
      vertex 45.4352 -16.4 60.2844
      vertex 43.6466 -10.4 60.681
      vertex 43.6466 -16.4 60.681
    endloop
  endfacet
  facet normal 0.130515 0 0.991446
    outer loop
      vertex 41.8303 -10.4 60.9201
      vertex 43.6466 -16.4 60.681
      vertex 43.6466 -10.4 60.681
    endloop
  endfacet
  facet normal 0.130515 0 0.991446
    outer loop
      vertex 43.6466 -16.4 60.681
      vertex 41.8303 -10.4 60.9201
      vertex 41.8303 -16.4 60.9201
    endloop
  endfacet
  facet normal 0.0436125 0 0.999049
    outer loop
      vertex 40 -10.4 61
      vertex 41.8303 -16.4 60.9201
      vertex 41.8303 -10.4 60.9201
    endloop
  endfacet
  facet normal 0.0436125 0 0.999049
    outer loop
      vertex 41.8303 -16.4 60.9201
      vertex 40 -10.4 61
      vertex 40 -16.4 61
    endloop
  endfacet
  facet normal -0.0436125 0 0.999049
    outer loop
      vertex -41.8303 -10.4 60.9201
      vertex -40 -16.4 61
      vertex -40 -10.4 61
    endloop
  endfacet
  facet normal -0.0436125 0 0.999049
    outer loop
      vertex -40 -16.4 61
      vertex -41.8303 -10.4 60.9201
      vertex -41.8303 -16.4 60.9201
    endloop
  endfacet
  facet normal -0.130515 0 0.991446
    outer loop
      vertex -43.6466 -10.4 60.681
      vertex -41.8303 -16.4 60.9201
      vertex -41.8303 -10.4 60.9201
    endloop
  endfacet
  facet normal -0.130515 0 0.991446
    outer loop
      vertex -41.8303 -16.4 60.9201
      vertex -43.6466 -10.4 60.681
      vertex -43.6466 -16.4 60.681
    endloop
  endfacet
  facet normal -0.21648 0 0.976287
    outer loop
      vertex -45.4352 -10.4 60.2844
      vertex -43.6466 -16.4 60.681
      vertex -43.6466 -10.4 60.681
    endloop
  endfacet
  facet normal -0.21648 0 0.976287
    outer loop
      vertex -43.6466 -16.4 60.681
      vertex -45.4352 -10.4 60.2844
      vertex -45.4352 -16.4 60.2844
    endloop
  endfacet
  facet normal -0.300711 0 0.953715
    outer loop
      vertex -47.1824 -10.4 59.7335
      vertex -45.4352 -16.4 60.2844
      vertex -45.4352 -10.4 60.2844
    endloop
  endfacet
  facet normal -0.300711 0 0.953715
    outer loop
      vertex -45.4352 -16.4 60.2844
      vertex -47.1824 -10.4 59.7335
      vertex -47.1824 -16.4 59.7335
    endloop
  endfacet
  facet normal -0.382638 0 0.923898
    outer loop
      vertex -48.875 -10.4 59.0325
      vertex -47.1824 -16.4 59.7335
      vertex -47.1824 -10.4 59.7335
    endloop
  endfacet
  facet normal -0.382638 0 0.923898
    outer loop
      vertex -47.1824 -16.4 59.7335
      vertex -48.875 -10.4 59.0325
      vertex -48.875 -16.4 59.0325
    endloop
  endfacet
  facet normal -0.461782 0 0.886993
    outer loop
      vertex -50.5 -10.4 58.1865
      vertex -48.875 -16.4 59.0325
      vertex -48.875 -10.4 59.0325
    endloop
  endfacet
  facet normal -0.461782 0 0.886993
    outer loop
      vertex -48.875 -16.4 59.0325
      vertex -50.5 -10.4 58.1865
      vertex -50.5 -16.4 58.1865
    endloop
  endfacet
  facet normal -0.537285 0 0.843401
    outer loop
      vertex -52.0451 -10.4 57.2022
      vertex -50.5 -16.4 58.1865
      vertex -50.5 -10.4 58.1865
    endloop
  endfacet
  facet normal -0.537285 0 0.843401
    outer loop
      vertex -50.5 -16.4 58.1865
      vertex -52.0451 -10.4 57.2022
      vertex -52.0451 -16.4 57.2022
    endloop
  endfacet
  facet normal -0.608784 0 0.793336
    outer loop
      vertex -53.4985 -10.4 56.0869
      vertex -52.0451 -16.4 57.2022
      vertex -52.0451 -10.4 57.2022
    endloop
  endfacet
  facet normal -0.608784 0 0.793336
    outer loop
      vertex -52.0451 -16.4 57.2022
      vertex -53.4985 -10.4 56.0869
      vertex -53.4985 -16.4 56.0869
    endloop
  endfacet
  facet normal -0.675594 0 0.737274
    outer loop
      vertex -54.8492 -10.4 54.8492
      vertex -53.4985 -16.4 56.0869
      vertex -53.4985 -10.4 56.0869
    endloop
  endfacet
  facet normal -0.675594 0 0.737274
    outer loop
      vertex -53.4985 -16.4 56.0869
      vertex -54.8492 -10.4 54.8492
      vertex -54.8492 -16.4 54.8492
    endloop
  endfacet
  facet normal -0.737274 0 0.675594
    outer loop
      vertex -56.0869 -16.4 53.4985
      vertex -54.8492 -10.4 54.8492
      vertex -56.0869 -10.4 53.4985
    endloop
  endfacet
  facet normal -0.737274 0 0.675594
    outer loop
      vertex -54.8492 -10.4 54.8492
      vertex -56.0869 -16.4 53.4985
      vertex -54.8492 -16.4 54.8492
    endloop
  endfacet
  facet normal -0.793336 0 0.608784
    outer loop
      vertex -57.2022 -16.4 52.0451
      vertex -56.0869 -10.4 53.4985
      vertex -57.2022 -10.4 52.0451
    endloop
  endfacet
  facet normal -0.793336 0 0.608784
    outer loop
      vertex -56.0869 -10.4 53.4985
      vertex -57.2022 -16.4 52.0451
      vertex -56.0869 -16.4 53.4985
    endloop
  endfacet
  facet normal -0.843401 0 0.537285
    outer loop
      vertex -58.1865 -16.4 50.5
      vertex -57.2022 -10.4 52.0451
      vertex -58.1865 -10.4 50.5
    endloop
  endfacet
  facet normal -0.843401 0 0.537285
    outer loop
      vertex -57.2022 -10.4 52.0451
      vertex -58.1865 -16.4 50.5
      vertex -57.2022 -16.4 52.0451
    endloop
  endfacet
  facet normal -0.886993 0 0.461782
    outer loop
      vertex -59.0325 -16.4 48.875
      vertex -58.1865 -10.4 50.5
      vertex -59.0325 -10.4 48.875
    endloop
  endfacet
  facet normal -0.886993 0 0.461782
    outer loop
      vertex -58.1865 -10.4 50.5
      vertex -59.0325 -16.4 48.875
      vertex -58.1865 -16.4 50.5
    endloop
  endfacet
  facet normal -0.923898 0 0.382638
    outer loop
      vertex -59.7335 -16.4 47.1824
      vertex -59.0325 -10.4 48.875
      vertex -59.7335 -10.4 47.1824
    endloop
  endfacet
  facet normal -0.923898 0 0.382638
    outer loop
      vertex -59.0325 -10.4 48.875
      vertex -59.7335 -16.4 47.1824
      vertex -59.0325 -16.4 48.875
    endloop
  endfacet
  facet normal -0.953715 0 0.300711
    outer loop
      vertex -60.2844 -16.4 45.4352
      vertex -59.7335 -10.4 47.1824
      vertex -60.2844 -10.4 45.4352
    endloop
  endfacet
  facet normal -0.953715 0 0.300711
    outer loop
      vertex -59.7335 -10.4 47.1824
      vertex -60.2844 -16.4 45.4352
      vertex -59.7335 -16.4 47.1824
    endloop
  endfacet
  facet normal -0.976287 0 0.21648
    outer loop
      vertex -60.681 -16.4 43.6466
      vertex -60.2844 -10.4 45.4352
      vertex -60.681 -10.4 43.6466
    endloop
  endfacet
  facet normal -0.976287 0 0.21648
    outer loop
      vertex -60.2844 -10.4 45.4352
      vertex -60.681 -16.4 43.6466
      vertex -60.2844 -16.4 45.4352
    endloop
  endfacet
  facet normal -0.991446 0 0.130515
    outer loop
      vertex -60.9201 -16.4 41.8303
      vertex -60.681 -10.4 43.6466
      vertex -60.9201 -10.4 41.8303
    endloop
  endfacet
  facet normal -0.991446 0 0.130515
    outer loop
      vertex -60.681 -10.4 43.6466
      vertex -60.9201 -16.4 41.8303
      vertex -60.681 -16.4 43.6466
    endloop
  endfacet
  facet normal -0.999049 0 0.0436125
    outer loop
      vertex -61 -16.4 40
      vertex -60.9201 -10.4 41.8303
      vertex -61 -10.4 40
    endloop
  endfacet
  facet normal -0.999049 0 0.0436125
    outer loop
      vertex -60.9201 -10.4 41.8303
      vertex -61 -16.4 40
      vertex -60.9201 -16.4 41.8303
    endloop
  endfacet
  facet normal -0.707107 0 -0.707107
    outer loop
      vertex -40 -16.4 19
      vertex -61 -10.4 40
      vertex -40 -10.4 19
    endloop
  endfacet
  facet normal -0.707107 -0 -0.707107
    outer loop
      vertex -61 -10.4 40
      vertex -40 -16.4 19
      vertex -61 -16.4 40
    endloop
  endfacet
  facet normal 0 0 -1
    outer loop
      vertex -40 -16.4 19
      vertex -30 -10.4 19
      vertex -30 -16.4 19
    endloop
  endfacet
  facet normal -0 0 -1
    outer loop
      vertex -30 -10.4 19
      vertex -40 -16.4 19
      vertex -40 -10.4 19
    endloop
  endfacet
  facet normal -1 0 0
    outer loop
      vertex -30 -16.4 0
      vertex -30 -10.4 19
      vertex -30 -10.4 0
    endloop
  endfacet
  facet normal -1 -0 0
    outer loop
      vertex -30 -10.4 19
      vertex -30 -16.4 0
      vertex -30 -16.4 19
    endloop
  endfacet
  facet normal 1 -0 0
    outer loop
      vertex 30 -16.4 19
      vertex 30 -10.4 0
      vertex 30 -10.4 19
    endloop
  endfacet
  facet normal 1 0 0
    outer loop
      vertex 30 -10.4 0
      vertex 30 -16.4 19
      vertex 30 -16.4 0
    endloop
  endfacet
  facet normal 0.953724 0.300682 0
    outer loop
      vertex 14.1991 3.80464 61
      vertex 14.0114 4.4 0
      vertex 14.0114 4.4 61
    endloop
  endfacet
  facet normal 0.953724 0.300682 0
    outer loop
      vertex 14.0114 4.4 0
      vertex 14.1991 3.80464 61
      vertex 14.1991 3.80464 0
    endloop
  endfacet
  facet normal -0.669637 -0.742688 0
    outer loop
      vertex -10.3945 -10.3945 0
      vertex -10.3884 -10.4 61
      vertex -10.3945 -10.3945 61
    endloop
  endfacet
  facet normal -0.669637 -0.742688 -0
    outer loop
      vertex -10.3884 -10.4 61
      vertex -10.3945 -10.3945 0
      vertex -10.3884 -10.4 0
    endloop
  endfacet
  facet normal 0.461718 0.887027 -0
    outer loop
      vertex 7.35 12.7306 0
      vertex 6.21249 13.3227 61
      vertex 7.35 12.7306 61
    endloop
  endfacet
  facet normal 0.461718 0.887027 0
    outer loop
      vertex 6.21249 13.3227 61
      vertex 7.35 12.7306 0
      vertex 6.21249 13.3227 0
    endloop
  endfacet
  facet normal 0.99143 0.130638 0
    outer loop
      vertex 14.485 2.48964 9.91094
      vertex 14.4767 2.55263 0
      vertex 14.4767 2.55263 9.99302
    endloop
  endfacet
  facet normal 0.991456 0.130442 -1.26246e-06
    outer loop
      vertex 14.5102 2.2981 9.7019
      vertex 14.4767 2.55263 0
      vertex 14.485 2.48964 9.91094
    endloop
  endfacet
  facet normal 0.991457 0.130431 -1.55867e-06
    outer loop
      vertex 14.5377 2.08906 9.51035
      vertex 14.4767 2.55263 0
      vertex 14.5102 2.2981 9.7019
    endloop
  endfacet
  facet normal 0.991453 0.130466 1.4832e-07
    outer loop
      vertex 14.5673 1.86412 9.33776
      vertex 14.4767 2.55263 0
      vertex 14.5377 2.08906 9.51035
    endloop
  endfacet
  facet normal 0.991435 0.130598 1.00906e-05
    outer loop
      vertex 14.5988 1.625 9.18542
      vertex 14.4767 2.55263 0
      vertex 14.5673 1.86412 9.33776
    endloop
  endfacet
  facet normal 0.99145 0.130491 -9.68825e-07
    outer loop
      vertex 14.6319 1.37351 9.0545
      vertex 14.4767 2.55263 0
      vertex 14.5988 1.625 9.18542
    endloop
  endfacet
  facet normal 0.991384 0.130984 6.43668e-05
    outer loop
      vertex 14.6441 1.28119 9.01626
      vertex 14.4767 2.55263 0
      vertex 14.6319 1.37351 9.0545
    endloop
  endfacet
  facet normal 0.991444 0.130535 0
    outer loop
      vertex 14.4767 2.55263 0
      vertex 14.6441 1.28119 9.01626
      vertex 14.6441 1.28119 0
    endloop
  endfacet
  facet normal 0.99143 0.130638 0
    outer loop
      vertex 14.4767 2.55263 61
      vertex 14.485 2.48964 14.0891
      vertex 14.4767 2.55263 14.007
    endloop
  endfacet
  facet normal 0.991456 0.130441 2.68179e-07
    outer loop
      vertex 14.4767 2.55263 61
      vertex 14.5102 2.2981 14.2981
      vertex 14.485 2.48964 14.0891
    endloop
  endfacet
  facet normal 0.991457 0.13043 3.29937e-07
    outer loop
      vertex 14.4767 2.55263 61
      vertex 14.5377 2.08906 14.4896
      vertex 14.5102 2.2981 14.2981
    endloop
  endfacet
  facet normal 0.991453 0.130466 -3.12237e-08
    outer loop
      vertex 14.4767 2.55263 61
      vertex 14.5673 1.86412 14.6622
      vertex 14.5377 2.08906 14.4896
    endloop
  endfacet
  facet normal 0.991435 0.130603 -2.10896e-06
    outer loop
      vertex 14.4767 2.55263 61
      vertex 14.5988 1.625 14.8146
      vertex 14.5673 1.86412 14.6622
    endloop
  endfacet
  facet normal 0.99145 0.13049 2.00713e-07
    outer loop
      vertex 14.4767 2.55263 61
      vertex 14.6319 1.37351 14.9455
      vertex 14.5988 1.625 14.8146
    endloop
  endfacet
  facet normal 0.991444 0.130535 -0
    outer loop
      vertex 14.6441 1.28119 14.9837
      vertex 14.4767 2.55263 61
      vertex 14.6441 1.28119 61
    endloop
  endfacet
  facet normal 0.991382 0.131005 -1.31975e-05
    outer loop
      vertex 14.4767 2.55263 61
      vertex 14.6441 1.28119 14.9837
      vertex 14.6319 1.37351 14.9455
    endloop
  endfacet
  facet normal -0.793386 -0.608719 0
    outer loop
      vertex -11.2609 -9.44898 0
      vertex -12.0415 -8.43157 61
      vertex -12.0415 -8.43157 0
    endloop
  endfacet
  facet normal -0.793386 -0.608719 0
    outer loop
      vertex -12.0415 -8.43157 61
      vertex -11.2609 -9.44898 0
      vertex -11.2609 -9.44898 61
    endloop
  endfacet
  facet normal 0.887027 -0.461718 0
    outer loop
      vertex 12.7306 -7.35 61
      vertex 13.3227 -6.21249 0
      vertex 13.3227 -6.21249 61
    endloop
  endfacet
  facet normal 0.887027 -0.461718 0
    outer loop
      vertex 13.3227 -6.21249 0
      vertex 12.7306 -7.35 61
      vertex 12.7306 -7.35 0
    endloop
  endfacet
  facet normal -0.300685 0.953724 0
    outer loop
      vertex -3.80464 14.1991 0
      vertex -5.0277 13.8135 61
      vertex -3.80464 14.1991 61
    endloop
  endfacet
  facet normal -0.300685 0.953724 0
    outer loop
      vertex -5.0277 13.8135 61
      vertex -3.80464 14.1991 0
      vertex -5.0277 13.8135 0
    endloop
  endfacet
  facet normal 0.130535 0.991444 -0
    outer loop
      vertex 2.55263 14.4767 0
      vertex 1.28119 14.6441 61
      vertex 2.55263 14.4767 61
    endloop
  endfacet
  facet normal 0.130535 0.991444 0
    outer loop
      vertex 1.28119 14.6441 61
      vertex 2.55263 14.4767 0
      vertex 1.28119 14.6441 0
    endloop
  endfacet
  facet normal -0.99143 0.130638 0
    outer loop
      vertex -14.485 2.48964 14.0891
      vertex -14.4767 2.55263 61
      vertex -14.4767 2.55263 14.007
    endloop
  endfacet
  facet normal -0.991456 0.130441 2.68179e-07
    outer loop
      vertex -14.5102 2.2981 14.2981
      vertex -14.4767 2.55263 61
      vertex -14.485 2.48964 14.0891
    endloop
  endfacet
  facet normal -0.991457 0.13043 3.29937e-07
    outer loop
      vertex -14.5377 2.08906 14.4896
      vertex -14.4767 2.55263 61
      vertex -14.5102 2.2981 14.2981
    endloop
  endfacet
  facet normal -0.991453 0.130466 -3.12237e-08
    outer loop
      vertex -14.5673 1.86412 14.6622
      vertex -14.4767 2.55263 61
      vertex -14.5377 2.08906 14.4896
    endloop
  endfacet
  facet normal -0.991435 0.130603 -2.10896e-06
    outer loop
      vertex -14.5988 1.625 14.8146
      vertex -14.4767 2.55263 61
      vertex -14.5673 1.86412 14.6622
    endloop
  endfacet
  facet normal -0.99145 0.13049 2.00713e-07
    outer loop
      vertex -14.6319 1.37351 14.9455
      vertex -14.4767 2.55263 61
      vertex -14.5988 1.625 14.8146
    endloop
  endfacet
  facet normal -0.991382 0.131005 -1.31975e-05
    outer loop
      vertex -14.6441 1.28119 14.9837
      vertex -14.4767 2.55263 61
      vertex -14.6319 1.37351 14.9455
    endloop
  endfacet
  facet normal -0.991444 0.130535 0
    outer loop
      vertex -14.4767 2.55263 61
      vertex -14.6441 1.28119 14.9837
      vertex -14.6441 1.28119 61
    endloop
  endfacet
  facet normal -0.99143 0.130638 0
    outer loop
      vertex -14.4767 2.55263 0
      vertex -14.485 2.48964 9.91094
      vertex -14.4767 2.55263 9.99302
    endloop
  endfacet
  facet normal -0.991456 0.130442 -1.26246e-06
    outer loop
      vertex -14.4767 2.55263 0
      vertex -14.5102 2.2981 9.7019
      vertex -14.485 2.48964 9.91094
    endloop
  endfacet
  facet normal -0.991457 0.130431 -1.55867e-06
    outer loop
      vertex -14.4767 2.55263 0
      vertex -14.5377 2.08906 9.51035
      vertex -14.5102 2.2981 9.7019
    endloop
  endfacet
  facet normal -0.991453 0.130466 1.4832e-07
    outer loop
      vertex -14.4767 2.55263 0
      vertex -14.5673 1.86412 9.33776
      vertex -14.5377 2.08906 9.51035
    endloop
  endfacet
  facet normal -0.991435 0.130598 1.00906e-05
    outer loop
      vertex -14.4767 2.55263 0
      vertex -14.5988 1.625 9.18542
      vertex -14.5673 1.86412 9.33776
    endloop
  endfacet
  facet normal -0.99145 0.130491 -9.68825e-07
    outer loop
      vertex -14.4767 2.55263 0
      vertex -14.6319 1.37351 9.0545
      vertex -14.5988 1.625 9.18542
    endloop
  endfacet
  facet normal -0.991444 0.130535 0
    outer loop
      vertex -14.6441 1.28119 9.01626
      vertex -14.4767 2.55263 0
      vertex -14.6441 1.28119 0
    endloop
  endfacet
  facet normal -0.991384 0.130984 6.43668e-05
    outer loop
      vertex -14.4767 2.55263 0
      vertex -14.6441 1.28119 9.01626
      vertex -14.6319 1.37351 9.0545
    endloop
  endfacet
  facet normal 0.793386 -0.608719 0
    outer loop
      vertex 11.2609 -9.44898 61
      vertex 12.0415 -8.43157 0
      vertex 12.0415 -8.43157 61
    endloop
  endfacet
  facet normal 0.793386 -0.608719 0
    outer loop
      vertex 12.0415 -8.43157 0
      vertex 11.2609 -9.44898 61
      vertex 11.2609 -9.44898 0
    endloop
  endfacet
  facet normal 0.99905 0.0435829 0
    outer loop
      vertex 14.6441 1.28119 61
      vertex 14.6515 1.11156 15.054
      vertex 14.6441 1.28119 14.9837
    endloop
  endfacet
  facet normal 0.999049 0.0435979 -5.53252e-08
    outer loop
      vertex 14.6441 1.28119 61
      vertex 14.6633 0.841162 15.1393
      vertex 14.6515 1.11156 15.054
    endloop
  endfacet
  facet normal 0.999046 0.0436711 -7.58903e-07
    outer loop
      vertex 14.6441 1.28119 61
      vertex 14.6754 0.564356 15.2006
      vertex 14.6633 0.841162 15.1393
    endloop
  endfacet
  facet normal 0.999059 0.0433606 4.1087e-06
    outer loop
      vertex 14.6441 1.28119 61
      vertex 14.6876 0.283256 15.2376
      vertex 14.6754 0.564356 15.2006
    endloop
  endfacet
  facet normal 0.99905 0.0435898 -0
    outer loop
      vertex 14.7 0 15.25
      vertex 14.6441 1.28119 61
      vertex 14.7 0 61
    endloop
  endfacet
  facet normal 0.999043 0.0437346 -4.06133e-06
    outer loop
      vertex 14.6441 1.28119 61
      vertex 14.7 0 15.25
      vertex 14.6876 0.283256 15.2376
    endloop
  endfacet
  facet normal 0.99905 0.0435829 0
    outer loop
      vertex 14.6515 1.11156 8.946
      vertex 14.6441 1.28119 0
      vertex 14.6441 1.28119 9.01626
    endloop
  endfacet
  facet normal 0.999049 0.0435978 2.82787e-07
    outer loop
      vertex 14.6633 0.841162 8.86074
      vertex 14.6441 1.28119 0
      vertex 14.6515 1.11156 8.946
    endloop
  endfacet
  facet normal 0.999046 0.0436704 3.89335e-06
    outer loop
      vertex 14.6754 0.564356 8.79937
      vertex 14.6441 1.28119 0
      vertex 14.6633 0.841162 8.86074
    endloop
  endfacet
  facet normal 0.999059 0.0433629 -2.12019e-05
    outer loop
      vertex 14.6876 0.283256 8.76237
      vertex 14.6441 1.28119 0
      vertex 14.6754 0.564356 8.79937
    endloop
  endfacet
  facet normal 0.999043 0.0437348 -0
    outer loop
      vertex 14.7 0 0
      vertex 14.6876 0.283256 8.76237
      vertex 14.7 0 8.75
    endloop
  endfacet
  facet normal 0.99905 0.0435898 4.69395e-06
    outer loop
      vertex 14.6876 0.283256 8.76237
      vertex 14.7 0 0
      vertex 14.6441 1.28119 0
    endloop
  endfacet
  facet normal 0.97629 -0.216466 0
    outer loop
      vertex 14.1991 -3.80464 61
      vertex 14.4767 -2.55263 14.007
      vertex 14.4767 -2.55263 61
    endloop
  endfacet
  facet normal 0.976296 -0.216441 7.13105e-07
    outer loop
      vertex 14.4767 -2.55263 14.007
      vertex 14.1991 -3.80464 61
      vertex 14.4524 -2.66224 13.8641
    endloop
  endfacet
  facet normal 0.97626 -0.2166 -3.32649e-06
    outer loop
      vertex 14.4524 -2.66224 13.8641
      vertex 14.1991 -3.80464 61
      vertex 14.4186 -2.81458 13.625
    endloop
  endfacet
  facet normal 0.976333 -0.216274 3.81372e-06
    outer loop
      vertex 14.4186 -2.81458 13.625
      vertex 14.1991 -3.80464 61
      vertex 14.3896 -2.9455 13.3735
    endloop
  endfacet
  facet normal 0.976212 -0.21682 -6.52149e-06
    outer loop
      vertex 14.3896 -2.9455 13.3735
      vertex 14.1991 -3.80464 61
      vertex 14.3655 -3.054 13.1116
    endloop
  endfacet
  facet normal 0.9763 -0.216421 3.8269e-08
    outer loop
      vertex 14.3655 -3.054 13.1116
      vertex 14.1991 -3.80464 61
      vertex 14.3466 -3.13926 12.8412
    endloop
  endfacet
  facet normal 0.976306 -0.216393 4.45359e-07
    outer loop
      vertex 14.3466 -3.13926 12.8412
      vertex 14.1991 -3.80464 61
      vertex 14.333 -3.20062 12.5644
    endloop
  endfacet
  facet normal 0.976321 -0.216326 1.33086e-06
    outer loop
      vertex 14.333 -3.20062 12.5644
      vertex 14.1991 -3.80464 61
      vertex 14.3248 -3.23763 12.2833
    endloop
  endfacet
  facet normal 0.976851 -0.21392 3.06932e-05
    outer loop
      vertex 14.3248 -3.23763 12.2833
      vertex 14.1991 -3.80464 61
      vertex 14.3221 -3.25 12
    endloop
  endfacet
  facet normal 0.976295 -0.216444 -2.98277e-06
    outer loop
      vertex 14.1991 -3.80464 0
      vertex 14.4767 -2.55263 9.99302
      vertex 14.4524 -2.66224 10.1359
    endloop
  endfacet
  facet normal 0.976264 -0.216584 1.36443e-05
    outer loop
      vertex 14.1991 -3.80464 0
      vertex 14.4524 -2.66224 10.1359
      vertex 14.4186 -2.81458 10.375
    endloop
  endfacet
  facet normal 0.976328 -0.216295 -1.53074e-05
    outer loop
      vertex 14.1991 -3.80464 0
      vertex 14.4186 -2.81458 10.375
      vertex 14.3896 -2.9455 10.6265
    endloop
  endfacet
  facet normal 0.976221 -0.216776 2.55209e-05
    outer loop
      vertex 14.1991 -3.80464 0
      vertex 14.3896 -2.9455 10.6265
      vertex 14.3655 -3.054 10.8884
    endloop
  endfacet
  facet normal 0.9763 -0.216422 -1.4498e-07
    outer loop
      vertex 14.1991 -3.80464 0
      vertex 14.3655 -3.054 10.8884
      vertex 14.3466 -3.13926 11.1588
    endloop
  endfacet
  facet normal 0.976305 -0.216398 -1.60905e-06
    outer loop
      vertex 14.1991 -3.80464 0
      vertex 14.3466 -3.13926 11.1588
      vertex 14.333 -3.20062 11.4356
    endloop
  endfacet
  facet normal 0.976316 -0.216348 -4.40396e-06
    outer loop
      vertex 14.1991 -3.80464 0
      vertex 14.333 -3.20062 11.4356
      vertex 14.3248 -3.23763 11.7167
    endloop
  endfacet
  facet normal 0.97629 -0.216466 0
    outer loop
      vertex 14.4767 -2.55263 9.99302
      vertex 14.1991 -3.80464 0
      vertex 14.4767 -2.55263 0
    endloop
  endfacet
  facet normal 0.976631 -0.214925 -7.66489e-05
    outer loop
      vertex 14.3221 -3.25 12
      vertex 14.1991 -3.80464 0
      vertex 14.3248 -3.23763 11.7167
    endloop
  endfacet
  facet normal 0.976281 -0.216506 0
    outer loop
      vertex 14.1991 -3.80464 0
      vertex 14.3221 -3.25 12
      vertex 14.1991 -3.80464 61
    endloop
  endfacet
  facet normal -0.130535 0.991444 0
    outer loop
      vertex -1.28119 14.6441 0
      vertex -2.55263 14.4767 61
      vertex -1.28119 14.6441 61
    endloop
  endfacet
  facet normal -0.130535 0.991444 0
    outer loop
      vertex -2.55263 14.4767 61
      vertex -1.28119 14.6441 0
      vertex -2.55263 14.4767 0
    endloop
  endfacet
  facet normal 0.99905 -0.0435898 0
    outer loop
      vertex 14.6441 -1.28119 61
      vertex 14.7 0 15.25
      vertex 14.7 0 61
    endloop
  endfacet
  facet normal 0.999043 -0.0437346 -4.06133e-06
    outer loop
      vertex 14.7 0 15.25
      vertex 14.6441 -1.28119 61
      vertex 14.6876 -0.283256 15.2376
    endloop
  endfacet
  facet normal 0.999059 -0.0433606 4.1087e-06
    outer loop
      vertex 14.6876 -0.283256 15.2376
      vertex 14.6441 -1.28119 61
      vertex 14.6754 -0.564356 15.2006
    endloop
  endfacet
  facet normal 0.999046 -0.0436711 -7.58903e-07
    outer loop
      vertex 14.6754 -0.564356 15.2006
      vertex 14.6441 -1.28119 61
      vertex 14.6633 -0.841162 15.1393
    endloop
  endfacet
  facet normal 0.999049 -0.0435979 -5.53252e-08
    outer loop
      vertex 14.6633 -0.841162 15.1393
      vertex 14.6441 -1.28119 61
      vertex 14.6515 -1.11156 15.054
    endloop
  endfacet
  facet normal 0.99905 -0.0435829 0
    outer loop
      vertex 14.6515 -1.11156 15.054
      vertex 14.6441 -1.28119 61
      vertex 14.6441 -1.28119 14.9837
    endloop
  endfacet
  facet normal 0.999043 -0.0437348 0
    outer loop
      vertex 14.6876 -0.283256 8.76237
      vertex 14.7 0 0
      vertex 14.7 0 8.75
    endloop
  endfacet
  facet normal 0.999059 -0.0433629 -2.12019e-05
    outer loop
      vertex 14.6441 -1.28119 0
      vertex 14.6876 -0.283256 8.76237
      vertex 14.6754 -0.564356 8.79937
    endloop
  endfacet
  facet normal 0.999046 -0.0436704 3.89335e-06
    outer loop
      vertex 14.6441 -1.28119 0
      vertex 14.6754 -0.564356 8.79937
      vertex 14.6633 -0.841162 8.86074
    endloop
  endfacet
  facet normal 0.999049 -0.0435978 2.82787e-07
    outer loop
      vertex 14.6441 -1.28119 0
      vertex 14.6633 -0.841162 8.86074
      vertex 14.6515 -1.11156 8.946
    endloop
  endfacet
  facet normal 0.99905 -0.0435829 0
    outer loop
      vertex 14.6441 -1.28119 0
      vertex 14.6515 -1.11156 8.946
      vertex 14.6441 -1.28119 9.01626
    endloop
  endfacet
  facet normal 0.99905 -0.0435898 4.69395e-06
    outer loop
      vertex 14.6876 -0.283256 8.76237
      vertex 14.6441 -1.28119 0
      vertex 14.7 0 0
    endloop
  endfacet
  facet normal 0.976281 0.216506 0
    outer loop
      vertex 14.1991 3.80464 61
      vertex 14.3221 3.25 12
      vertex 14.1991 3.80464 0
    endloop
  endfacet
  facet normal 0.976851 0.21392 3.06932e-05
    outer loop
      vertex 14.1991 3.80464 61
      vertex 14.3248 3.23763 12.2833
      vertex 14.3221 3.25 12
    endloop
  endfacet
  facet normal 0.976321 0.216326 1.33086e-06
    outer loop
      vertex 14.1991 3.80464 61
      vertex 14.333 3.20062 12.5644
      vertex 14.3248 3.23763 12.2833
    endloop
  endfacet
  facet normal 0.976306 0.216393 4.45359e-07
    outer loop
      vertex 14.1991 3.80464 61
      vertex 14.3466 3.13926 12.8412
      vertex 14.333 3.20062 12.5644
    endloop
  endfacet
  facet normal 0.9763 0.216421 3.8269e-08
    outer loop
      vertex 14.1991 3.80464 61
      vertex 14.3655 3.054 13.1116
      vertex 14.3466 3.13926 12.8412
    endloop
  endfacet
  facet normal 0.976212 0.21682 -6.52149e-06
    outer loop
      vertex 14.1991 3.80464 61
      vertex 14.3896 2.9455 13.3735
      vertex 14.3655 3.054 13.1116
    endloop
  endfacet
  facet normal 0.976333 0.216274 3.81372e-06
    outer loop
      vertex 14.1991 3.80464 61
      vertex 14.4186 2.81458 13.625
      vertex 14.3896 2.9455 13.3735
    endloop
  endfacet
  facet normal 0.97626 0.2166 -3.32649e-06
    outer loop
      vertex 14.1991 3.80464 61
      vertex 14.4524 2.66224 13.8641
      vertex 14.4186 2.81458 13.625
    endloop
  endfacet
  facet normal 0.97629 0.216466 -0
    outer loop
      vertex 14.4767 2.55263 14.007
      vertex 14.1991 3.80464 61
      vertex 14.4767 2.55263 61
    endloop
  endfacet
  facet normal 0.976296 0.216441 7.13105e-07
    outer loop
      vertex 14.1991 3.80464 61
      vertex 14.4767 2.55263 14.007
      vertex 14.4524 2.66224 13.8641
    endloop
  endfacet
  facet normal 0.976631 0.214925 -7.66489e-05
    outer loop
      vertex 14.3248 3.23763 11.7167
      vertex 14.1991 3.80464 0
      vertex 14.3221 3.25 12
    endloop
  endfacet
  facet normal 0.976316 0.216348 -4.40396e-06
    outer loop
      vertex 14.333 3.20062 11.4356
      vertex 14.1991 3.80464 0
      vertex 14.3248 3.23763 11.7167
    endloop
  endfacet
  facet normal 0.976305 0.216398 -1.60905e-06
    outer loop
      vertex 14.3466 3.13926 11.1588
      vertex 14.1991 3.80464 0
      vertex 14.333 3.20062 11.4356
    endloop
  endfacet
  facet normal 0.9763 0.216422 -1.4498e-07
    outer loop
      vertex 14.3655 3.054 10.8884
      vertex 14.1991 3.80464 0
      vertex 14.3466 3.13926 11.1588
    endloop
  endfacet
  facet normal 0.976221 0.216776 2.55209e-05
    outer loop
      vertex 14.3896 2.9455 10.6265
      vertex 14.1991 3.80464 0
      vertex 14.3655 3.054 10.8884
    endloop
  endfacet
  facet normal 0.976328 0.216295 -1.53074e-05
    outer loop
      vertex 14.4186 2.81458 10.375
      vertex 14.1991 3.80464 0
      vertex 14.3896 2.9455 10.6265
    endloop
  endfacet
  facet normal 0.976264 0.216584 1.36443e-05
    outer loop
      vertex 14.4524 2.66224 10.1359
      vertex 14.1991 3.80464 0
      vertex 14.4186 2.81458 10.375
    endloop
  endfacet
  facet normal 0.976295 0.216444 -2.98277e-06
    outer loop
      vertex 14.4767 2.55263 9.99302
      vertex 14.1991 3.80464 0
      vertex 14.4524 2.66224 10.1359
    endloop
  endfacet
  facet normal 0.97629 0.216466 0
    outer loop
      vertex 14.1991 3.80464 0
      vertex 14.4767 2.55263 9.99302
      vertex 14.4767 2.55263 0
    endloop
  endfacet
  facet normal -0.953724 -0.300685 0
    outer loop
      vertex -13.8135 -5.0277 0
      vertex -14.1991 -3.80464 61
      vertex -14.1991 -3.80464 0
    endloop
  endfacet
  facet normal -0.953724 -0.300685 0
    outer loop
      vertex -14.1991 -3.80464 61
      vertex -13.8135 -5.0277 0
      vertex -13.8135 -5.0277 61
    endloop
  endfacet
  facet normal -0.991444 -0.130535 0
    outer loop
      vertex -14.4767 -2.55263 0
      vertex -14.6441 -1.28119 9.01626
      vertex -14.6441 -1.28119 0
    endloop
  endfacet
  facet normal -0.991384 -0.130984 6.43668e-05
    outer loop
      vertex -14.6441 -1.28119 9.01626
      vertex -14.4767 -2.55263 0
      vertex -14.6319 -1.37351 9.0545
    endloop
  endfacet
  facet normal -0.99145 -0.130491 -9.68825e-07
    outer loop
      vertex -14.6319 -1.37351 9.0545
      vertex -14.4767 -2.55263 0
      vertex -14.5988 -1.625 9.18542
    endloop
  endfacet
  facet normal -0.991435 -0.130598 1.00906e-05
    outer loop
      vertex -14.5988 -1.625 9.18542
      vertex -14.4767 -2.55263 0
      vertex -14.5673 -1.86412 9.33776
    endloop
  endfacet
  facet normal -0.991453 -0.130466 1.4832e-07
    outer loop
      vertex -14.5673 -1.86412 9.33776
      vertex -14.4767 -2.55263 0
      vertex -14.5377 -2.08906 9.51035
    endloop
  endfacet
  facet normal -0.991457 -0.130431 -1.55867e-06
    outer loop
      vertex -14.5377 -2.08906 9.51035
      vertex -14.4767 -2.55263 0
      vertex -14.5102 -2.2981 9.7019
    endloop
  endfacet
  facet normal -0.991456 -0.130442 -1.26246e-06
    outer loop
      vertex -14.5102 -2.2981 9.7019
      vertex -14.4767 -2.55263 0
      vertex -14.485 -2.48964 9.91094
    endloop
  endfacet
  facet normal -0.99143 -0.130638 0
    outer loop
      vertex -14.485 -2.48964 9.91094
      vertex -14.4767 -2.55263 0
      vertex -14.4767 -2.55263 9.99302
    endloop
  endfacet
  facet normal -0.991382 -0.131005 -1.31975e-05
    outer loop
      vertex -14.4767 -2.55263 61
      vertex -14.6441 -1.28119 14.9837
      vertex -14.6319 -1.37351 14.9455
    endloop
  endfacet
  facet normal -0.99145 -0.13049 2.00713e-07
    outer loop
      vertex -14.4767 -2.55263 61
      vertex -14.6319 -1.37351 14.9455
      vertex -14.5988 -1.625 14.8146
    endloop
  endfacet
  facet normal -0.991435 -0.130603 -2.10896e-06
    outer loop
      vertex -14.4767 -2.55263 61
      vertex -14.5988 -1.625 14.8146
      vertex -14.5673 -1.86412 14.6622
    endloop
  endfacet
  facet normal -0.991453 -0.130466 -3.12237e-08
    outer loop
      vertex -14.4767 -2.55263 61
      vertex -14.5673 -1.86412 14.6622
      vertex -14.5377 -2.08906 14.4896
    endloop
  endfacet
  facet normal -0.991457 -0.13043 3.29937e-07
    outer loop
      vertex -14.4767 -2.55263 61
      vertex -14.5377 -2.08906 14.4896
      vertex -14.5102 -2.2981 14.2981
    endloop
  endfacet
  facet normal -0.991456 -0.130441 2.68179e-07
    outer loop
      vertex -14.4767 -2.55263 61
      vertex -14.5102 -2.2981 14.2981
      vertex -14.485 -2.48964 14.0891
    endloop
  endfacet
  facet normal -0.99143 -0.130638 -0
    outer loop
      vertex -14.4767 -2.55263 61
      vertex -14.485 -2.48964 14.0891
      vertex -14.4767 -2.55263 14.007
    endloop
  endfacet
  facet normal -0.991444 -0.130535 0
    outer loop
      vertex -14.6441 -1.28119 14.9837
      vertex -14.4767 -2.55263 61
      vertex -14.6441 -1.28119 61
    endloop
  endfacet
  facet normal -0.675624 0.737246 0
    outer loop
      vertex -9.44898 11.2609 0
      vertex -10.3884 10.4 61
      vertex -9.44898 11.2609 61
    endloop
  endfacet
  facet normal -0.675624 0.737246 0
    outer loop
      vertex -10.3884 10.4 61
      vertex -9.44898 11.2609 0
      vertex -10.3884 10.4 0
    endloop
  endfacet
  facet normal -0.976281 0.216506 0
    outer loop
      vertex -14.1991 3.80464 0
      vertex -14.3221 3.25 12
      vertex -14.1991 3.80464 61
    endloop
  endfacet
  facet normal -0.976631 0.214925 -7.66489e-05
    outer loop
      vertex -14.1991 3.80464 0
      vertex -14.3248 3.23763 11.7167
      vertex -14.3221 3.25 12
    endloop
  endfacet
  facet normal -0.976316 0.216348 -4.40396e-06
    outer loop
      vertex -14.1991 3.80464 0
      vertex -14.333 3.20062 11.4356
      vertex -14.3248 3.23763 11.7167
    endloop
  endfacet
  facet normal -0.976305 0.216398 -1.60905e-06
    outer loop
      vertex -14.1991 3.80464 0
      vertex -14.3466 3.13926 11.1588
      vertex -14.333 3.20062 11.4356
    endloop
  endfacet
  facet normal -0.9763 0.216422 -1.4498e-07
    outer loop
      vertex -14.1991 3.80464 0
      vertex -14.3655 3.054 10.8884
      vertex -14.3466 3.13926 11.1588
    endloop
  endfacet
  facet normal -0.976221 0.216776 2.55209e-05
    outer loop
      vertex -14.1991 3.80464 0
      vertex -14.3896 2.9455 10.6265
      vertex -14.3655 3.054 10.8884
    endloop
  endfacet
  facet normal -0.976328 0.216295 -1.53074e-05
    outer loop
      vertex -14.1991 3.80464 0
      vertex -14.4186 2.81458 10.375
      vertex -14.3896 2.9455 10.6265
    endloop
  endfacet
  facet normal -0.976264 0.216584 1.36443e-05
    outer loop
      vertex -14.1991 3.80464 0
      vertex -14.4524 2.66224 10.1359
      vertex -14.4186 2.81458 10.375
    endloop
  endfacet
  facet normal -0.97629 0.216466 0
    outer loop
      vertex -14.4767 2.55263 9.99302
      vertex -14.1991 3.80464 0
      vertex -14.4767 2.55263 0
    endloop
  endfacet
  facet normal -0.976295 0.216444 -2.98277e-06
    outer loop
      vertex -14.1991 3.80464 0
      vertex -14.4767 2.55263 9.99302
      vertex -14.4524 2.66224 10.1359
    endloop
  endfacet
  facet normal -0.976851 0.21392 3.06932e-05
    outer loop
      vertex -14.3248 3.23763 12.2833
      vertex -14.1991 3.80464 61
      vertex -14.3221 3.25 12
    endloop
  endfacet
  facet normal -0.976321 0.216326 1.33086e-06
    outer loop
      vertex -14.333 3.20062 12.5644
      vertex -14.1991 3.80464 61
      vertex -14.3248 3.23763 12.2833
    endloop
  endfacet
  facet normal -0.976306 0.216393 4.45359e-07
    outer loop
      vertex -14.3466 3.13926 12.8412
      vertex -14.1991 3.80464 61
      vertex -14.333 3.20062 12.5644
    endloop
  endfacet
  facet normal -0.9763 0.216421 3.8269e-08
    outer loop
      vertex -14.3655 3.054 13.1116
      vertex -14.1991 3.80464 61
      vertex -14.3466 3.13926 12.8412
    endloop
  endfacet
  facet normal -0.976212 0.21682 -6.52149e-06
    outer loop
      vertex -14.3896 2.9455 13.3735
      vertex -14.1991 3.80464 61
      vertex -14.3655 3.054 13.1116
    endloop
  endfacet
  facet normal -0.976333 0.216274 3.81372e-06
    outer loop
      vertex -14.4186 2.81458 13.625
      vertex -14.1991 3.80464 61
      vertex -14.3896 2.9455 13.3735
    endloop
  endfacet
  facet normal -0.97626 0.2166 -3.32649e-06
    outer loop
      vertex -14.4524 2.66224 13.8641
      vertex -14.1991 3.80464 61
      vertex -14.4186 2.81458 13.625
    endloop
  endfacet
  facet normal -0.976296 0.216441 7.13105e-07
    outer loop
      vertex -14.4767 2.55263 14.007
      vertex -14.1991 3.80464 61
      vertex -14.4524 2.66224 13.8641
    endloop
  endfacet
  facet normal -0.97629 0.216466 0
    outer loop
      vertex -14.1991 3.80464 61
      vertex -14.4767 2.55263 14.007
      vertex -14.4767 2.55263 61
    endloop
  endfacet
  facet normal -0.537335 0.843369 0
    outer loop
      vertex -7.35 12.7306 0
      vertex -8.43157 12.0415 61
      vertex -7.35 12.7306 61
    endloop
  endfacet
  facet normal -0.537335 0.843369 0
    outer loop
      vertex -8.43157 12.0415 61
      vertex -7.35 12.7306 0
      vertex -8.43157 12.0415 0
    endloop
  endfacet
  facet normal 0.843369 -0.537335 0
    outer loop
      vertex 12.0415 -8.43157 61
      vertex 12.7306 -7.35 0
      vertex 12.7306 -7.35 61
    endloop
  endfacet
  facet normal 0.843369 -0.537335 0
    outer loop
      vertex 12.7306 -7.35 0
      vertex 12.0415 -8.43157 61
      vertex 12.0415 -8.43157 0
    endloop
  endfacet
  facet normal -0.461718 0.887027 0
    outer loop
      vertex -6.21249 13.3227 0
      vertex -7.35 12.7306 61
      vertex -6.21249 13.3227 61
    endloop
  endfacet
  facet normal -0.461718 0.887027 0
    outer loop
      vertex -7.35 12.7306 61
      vertex -6.21249 13.3227 0
      vertex -7.35 12.7306 0
    endloop
  endfacet
  facet normal -0.0435898 0.99905 0
    outer loop
      vertex 0 14.7 0
      vertex -1.28119 14.6441 61
      vertex 0 14.7 61
    endloop
  endfacet
  facet normal -0.0435898 0.99905 0
    outer loop
      vertex -1.28119 14.6441 61
      vertex 0 14.7 0
      vertex -1.28119 14.6441 0
    endloop
  endfacet
  facet normal -0.99905 0.0435829 0
    outer loop
      vertex -14.6441 1.28119 0
      vertex -14.6515 1.11156 8.946
      vertex -14.6441 1.28119 9.01626
    endloop
  endfacet
  facet normal -0.999049 0.0435978 2.82787e-07
    outer loop
      vertex -14.6441 1.28119 0
      vertex -14.6633 0.841162 8.86074
      vertex -14.6515 1.11156 8.946
    endloop
  endfacet
  facet normal -0.999046 0.0436704 3.89335e-06
    outer loop
      vertex -14.6441 1.28119 0
      vertex -14.6754 0.564356 8.79937
      vertex -14.6633 0.841162 8.86074
    endloop
  endfacet
  facet normal -0.999059 0.0433629 -2.12019e-05
    outer loop
      vertex -14.6441 1.28119 0
      vertex -14.6876 0.283256 8.76237
      vertex -14.6754 0.564356 8.79937
    endloop
  endfacet
  facet normal -0.99905 0.0435898 4.69395e-06
    outer loop
      vertex -14.7 0 0
      vertex -14.6876 0.283256 8.76237
      vertex -14.6441 1.28119 0
    endloop
  endfacet
  facet normal -0.999043 0.0437348 0
    outer loop
      vertex -14.6876 0.283256 8.76237
      vertex -14.7 0 0
      vertex -14.7 0 8.75
    endloop
  endfacet
  facet normal -0.99905 0.0435829 0
    outer loop
      vertex -14.6515 1.11156 15.054
      vertex -14.6441 1.28119 61
      vertex -14.6441 1.28119 14.9837
    endloop
  endfacet
  facet normal -0.999049 0.0435979 -5.53252e-08
    outer loop
      vertex -14.6633 0.841162 15.1393
      vertex -14.6441 1.28119 61
      vertex -14.6515 1.11156 15.054
    endloop
  endfacet
  facet normal -0.999046 0.0436711 -7.58903e-07
    outer loop
      vertex -14.6754 0.564356 15.2006
      vertex -14.6441 1.28119 61
      vertex -14.6633 0.841162 15.1393
    endloop
  endfacet
  facet normal -0.999059 0.0433606 4.1087e-06
    outer loop
      vertex -14.6876 0.283256 15.2376
      vertex -14.6441 1.28119 61
      vertex -14.6754 0.564356 15.2006
    endloop
  endfacet
  facet normal -0.999043 0.0437346 -4.06133e-06
    outer loop
      vertex -14.7 0 15.25
      vertex -14.6441 1.28119 61
      vertex -14.6876 0.283256 15.2376
    endloop
  endfacet
  facet normal -0.99905 0.0435898 0
    outer loop
      vertex -14.6441 1.28119 61
      vertex -14.7 0 15.25
      vertex -14.7 0 61
    endloop
  endfacet
  facet normal 0.991384 -0.130984 6.43668e-05
    outer loop
      vertex 14.4767 -2.55263 0
      vertex 14.6441 -1.28119 9.01626
      vertex 14.6319 -1.37351 9.0545
    endloop
  endfacet
  facet normal 0.99145 -0.130491 -9.68825e-07
    outer loop
      vertex 14.4767 -2.55263 0
      vertex 14.6319 -1.37351 9.0545
      vertex 14.5988 -1.625 9.18542
    endloop
  endfacet
  facet normal 0.991435 -0.130598 1.00906e-05
    outer loop
      vertex 14.4767 -2.55263 0
      vertex 14.5988 -1.625 9.18542
      vertex 14.5673 -1.86412 9.33776
    endloop
  endfacet
  facet normal 0.991453 -0.130466 1.4832e-07
    outer loop
      vertex 14.4767 -2.55263 0
      vertex 14.5673 -1.86412 9.33776
      vertex 14.5377 -2.08906 9.51035
    endloop
  endfacet
  facet normal 0.991457 -0.130431 -1.55867e-06
    outer loop
      vertex 14.4767 -2.55263 0
      vertex 14.5377 -2.08906 9.51035
      vertex 14.5102 -2.2981 9.7019
    endloop
  endfacet
  facet normal 0.991456 -0.130442 -1.26246e-06
    outer loop
      vertex 14.4767 -2.55263 0
      vertex 14.5102 -2.2981 9.7019
      vertex 14.485 -2.48964 9.91094
    endloop
  endfacet
  facet normal 0.99143 -0.130638 0
    outer loop
      vertex 14.4767 -2.55263 0
      vertex 14.485 -2.48964 9.91094
      vertex 14.4767 -2.55263 9.99302
    endloop
  endfacet
  facet normal 0.991444 -0.130535 0
    outer loop
      vertex 14.6441 -1.28119 9.01626
      vertex 14.4767 -2.55263 0
      vertex 14.6441 -1.28119 0
    endloop
  endfacet
  facet normal 0.991444 -0.130535 0
    outer loop
      vertex 14.4767 -2.55263 61
      vertex 14.6441 -1.28119 14.9837
      vertex 14.6441 -1.28119 61
    endloop
  endfacet
  facet normal 0.991382 -0.131005 -1.31975e-05
    outer loop
      vertex 14.6441 -1.28119 14.9837
      vertex 14.4767 -2.55263 61
      vertex 14.6319 -1.37351 14.9455
    endloop
  endfacet
  facet normal 0.99145 -0.13049 2.00713e-07
    outer loop
      vertex 14.6319 -1.37351 14.9455
      vertex 14.4767 -2.55263 61
      vertex 14.5988 -1.625 14.8146
    endloop
  endfacet
  facet normal 0.991435 -0.130603 -2.10896e-06
    outer loop
      vertex 14.5988 -1.625 14.8146
      vertex 14.4767 -2.55263 61
      vertex 14.5673 -1.86412 14.6622
    endloop
  endfacet
  facet normal 0.991453 -0.130466 -3.12237e-08
    outer loop
      vertex 14.5673 -1.86412 14.6622
      vertex 14.4767 -2.55263 61
      vertex 14.5377 -2.08906 14.4896
    endloop
  endfacet
  facet normal 0.991457 -0.13043 3.29937e-07
    outer loop
      vertex 14.5377 -2.08906 14.4896
      vertex 14.4767 -2.55263 61
      vertex 14.5102 -2.2981 14.2981
    endloop
  endfacet
  facet normal 0.991456 -0.130441 2.68179e-07
    outer loop
      vertex 14.5102 -2.2981 14.2981
      vertex 14.4767 -2.55263 61
      vertex 14.485 -2.48964 14.0891
    endloop
  endfacet
  facet normal 0.99143 -0.130638 0
    outer loop
      vertex 14.485 -2.48964 14.0891
      vertex 14.4767 -2.55263 61
      vertex 14.4767 -2.55263 14.007
    endloop
  endfacet
  facet normal -0.216466 0.97629 0
    outer loop
      vertex -2.55263 14.4767 0
      vertex -3.80464 14.1991 61
      vertex -2.55263 14.4767 61
    endloop
  endfacet
  facet normal -0.216466 0.97629 0
    outer loop
      vertex -3.80464 14.1991 61
      vertex -2.55263 14.4767 0
      vertex -3.80464 14.1991 0
    endloop
  endfacet
  facet normal -0.923867 -0.382713 0
    outer loop
      vertex -13.3227 -6.21249 0
      vertex -13.8135 -5.0277 61
      vertex -13.8135 -5.0277 0
    endloop
  endfacet
  facet normal -0.923867 -0.382713 0
    outer loop
      vertex -13.8135 -5.0277 61
      vertex -13.3227 -6.21249 0
      vertex -13.3227 -6.21249 61
    endloop
  endfacet
  facet normal 0.923867 -0.382713 0
    outer loop
      vertex 13.3227 -6.21249 61
      vertex 13.8135 -5.0277 0
      vertex 13.8135 -5.0277 61
    endloop
  endfacet
  facet normal 0.923867 -0.382713 0
    outer loop
      vertex 13.8135 -5.0277 0
      vertex 13.3227 -6.21249 61
      vertex 13.3227 -6.21249 0
    endloop
  endfacet
  facet normal 0.608719 0.793386 -0
    outer loop
      vertex 9.44898 11.2609 0
      vertex 8.43157 12.0415 61
      vertex 9.44898 11.2609 61
    endloop
  endfacet
  facet normal 0.608719 0.793386 0
    outer loop
      vertex 8.43157 12.0415 61
      vertex 9.44898 11.2609 0
      vertex 8.43157 12.0415 0
    endloop
  endfacet
  facet normal 0.382713 0.923867 -0
    outer loop
      vertex 6.21249 13.3227 0
      vertex 5.0277 13.8135 61
      vertex 6.21249 13.3227 61
    endloop
  endfacet
  facet normal 0.382713 0.923867 0
    outer loop
      vertex 5.0277 13.8135 61
      vertex 6.21249 13.3227 0
      vertex 5.0277 13.8135 0
    endloop
  endfacet
  facet normal -0.608719 0.793386 0
    outer loop
      vertex -8.43157 12.0415 0
      vertex -9.44898 11.2609 61
      vertex -8.43157 12.0415 61
    endloop
  endfacet
  facet normal -0.608719 0.793386 0
    outer loop
      vertex -9.44898 11.2609 61
      vertex -8.43157 12.0415 0
      vertex -9.44898 11.2609 0
    endloop
  endfacet
  facet normal 0.537335 0.843369 -0
    outer loop
      vertex 8.43157 12.0415 0
      vertex 7.35 12.7306 61
      vertex 8.43157 12.0415 61
    endloop
  endfacet
  facet normal 0.537335 0.843369 0
    outer loop
      vertex 7.35 12.7306 61
      vertex 8.43157 12.0415 0
      vertex 7.35 12.7306 0
    endloop
  endfacet
  facet normal -0.887027 -0.461718 0
    outer loop
      vertex -12.7306 -7.35 0
      vertex -13.3227 -6.21249 61
      vertex -13.3227 -6.21249 0
    endloop
  endfacet
  facet normal -0.887027 -0.461718 0
    outer loop
      vertex -13.3227 -6.21249 61
      vertex -12.7306 -7.35 0
      vertex -12.7306 -7.35 61
    endloop
  endfacet
  facet normal -0.953724 0.300682 0
    outer loop
      vertex -14.1991 3.80464 0
      vertex -14.0114 4.4 61
      vertex -14.0114 4.4 0
    endloop
  endfacet
  facet normal -0.953724 0.300682 0
    outer loop
      vertex -14.0114 4.4 61
      vertex -14.1991 3.80464 0
      vertex -14.1991 3.80464 61
    endloop
  endfacet
  facet normal 0.737281 -0.675586 0
    outer loop
      vertex 10.3945 -10.3945 61
      vertex 11.2609 -9.44898 0
      vertex 11.2609 -9.44898 61
    endloop
  endfacet
  facet normal 0.737281 -0.675586 0
    outer loop
      vertex 11.2609 -9.44898 0
      vertex 10.3945 -10.3945 61
      vertex 10.3945 -10.3945 0
    endloop
  endfacet
  facet normal -0.737281 -0.675586 0
    outer loop
      vertex -10.3945 -10.3945 0
      vertex -11.2609 -9.44898 61
      vertex -11.2609 -9.44898 0
    endloop
  endfacet
  facet normal -0.737281 -0.675586 0
    outer loop
      vertex -11.2609 -9.44898 61
      vertex -10.3945 -10.3945 0
      vertex -10.3945 -10.3945 61
    endloop
  endfacet
  facet normal 0.675624 0.737246 -0
    outer loop
      vertex 10.3884 10.4 0
      vertex 9.44898 11.2609 61
      vertex 10.3884 10.4 61
    endloop
  endfacet
  facet normal 0.675624 0.737246 0
    outer loop
      vertex 9.44898 11.2609 61
      vertex 10.3884 10.4 0
      vertex 9.44898 11.2609 0
    endloop
  endfacet
  facet normal -0.382713 0.923867 0
    outer loop
      vertex -5.0277 13.8135 0
      vertex -6.21249 13.3227 61
      vertex -5.0277 13.8135 61
    endloop
  endfacet
  facet normal -0.382713 0.923867 0
    outer loop
      vertex -6.21249 13.3227 61
      vertex -5.0277 13.8135 0
      vertex -6.21249 13.3227 0
    endloop
  endfacet
  facet normal 0.953724 -0.300685 0
    outer loop
      vertex 13.8135 -5.0277 61
      vertex 14.1991 -3.80464 0
      vertex 14.1991 -3.80464 61
    endloop
  endfacet
  facet normal 0.953724 -0.300685 0
    outer loop
      vertex 14.1991 -3.80464 0
      vertex 13.8135 -5.0277 61
      vertex 13.8135 -5.0277 0
    endloop
  endfacet
  facet normal 0.0435898 0.99905 -0
    outer loop
      vertex 1.28119 14.6441 0
      vertex 0 14.7 61
      vertex 1.28119 14.6441 61
    endloop
  endfacet
  facet normal 0.0435898 0.99905 0
    outer loop
      vertex 0 14.7 61
      vertex 1.28119 14.6441 0
      vertex 0 14.7 0
    endloop
  endfacet
  facet normal -0.999043 -0.0437348 0
    outer loop
      vertex -14.7 0 0
      vertex -14.6876 -0.283256 8.76237
      vertex -14.7 0 8.75
    endloop
  endfacet
  facet normal -0.99905 -0.0435898 4.69395e-06
    outer loop
      vertex -14.6441 -1.28119 0
      vertex -14.6876 -0.283256 8.76237
      vertex -14.7 0 0
    endloop
  endfacet
  facet normal -0.999059 -0.0433629 -2.12019e-05
    outer loop
      vertex -14.6876 -0.283256 8.76237
      vertex -14.6441 -1.28119 0
      vertex -14.6754 -0.564356 8.79937
    endloop
  endfacet
  facet normal -0.999046 -0.0436704 3.89335e-06
    outer loop
      vertex -14.6754 -0.564356 8.79937
      vertex -14.6441 -1.28119 0
      vertex -14.6633 -0.841162 8.86074
    endloop
  endfacet
  facet normal -0.999049 -0.0435978 2.82787e-07
    outer loop
      vertex -14.6633 -0.841162 8.86074
      vertex -14.6441 -1.28119 0
      vertex -14.6515 -1.11156 8.946
    endloop
  endfacet
  facet normal -0.99905 -0.0435829 0
    outer loop
      vertex -14.6515 -1.11156 8.946
      vertex -14.6441 -1.28119 0
      vertex -14.6441 -1.28119 9.01626
    endloop
  endfacet
  facet normal -0.999043 -0.0437346 -4.06133e-06
    outer loop
      vertex -14.6441 -1.28119 61
      vertex -14.7 0 15.25
      vertex -14.6876 -0.283256 15.2376
    endloop
  endfacet
  facet normal -0.999059 -0.0433606 4.1087e-06
    outer loop
      vertex -14.6441 -1.28119 61
      vertex -14.6876 -0.283256 15.2376
      vertex -14.6754 -0.564356 15.2006
    endloop
  endfacet
  facet normal -0.999046 -0.0436711 -7.58903e-07
    outer loop
      vertex -14.6441 -1.28119 61
      vertex -14.6754 -0.564356 15.2006
      vertex -14.6633 -0.841162 15.1393
    endloop
  endfacet
  facet normal -0.999049 -0.0435979 -5.53252e-08
    outer loop
      vertex -14.6441 -1.28119 61
      vertex -14.6633 -0.841162 15.1393
      vertex -14.6515 -1.11156 15.054
    endloop
  endfacet
  facet normal -0.99905 -0.0435829 -0
    outer loop
      vertex -14.6441 -1.28119 61
      vertex -14.6515 -1.11156 15.054
      vertex -14.6441 -1.28119 14.9837
    endloop
  endfacet
  facet normal -0.99905 -0.0435898 0
    outer loop
      vertex -14.7 0 15.25
      vertex -14.6441 -1.28119 61
      vertex -14.7 0 61
    endloop
  endfacet
  facet normal -0.97629 -0.216466 0
    outer loop
      vertex -14.1991 -3.80464 0
      vertex -14.4767 -2.55263 9.99302
      vertex -14.4767 -2.55263 0
    endloop
  endfacet
  facet normal -0.976295 -0.216444 -2.98277e-06
    outer loop
      vertex -14.4767 -2.55263 9.99302
      vertex -14.1991 -3.80464 0
      vertex -14.4524 -2.66224 10.1359
    endloop
  endfacet
  facet normal -0.976264 -0.216584 1.36443e-05
    outer loop
      vertex -14.4524 -2.66224 10.1359
      vertex -14.1991 -3.80464 0
      vertex -14.4186 -2.81458 10.375
    endloop
  endfacet
  facet normal -0.976328 -0.216295 -1.53074e-05
    outer loop
      vertex -14.4186 -2.81458 10.375
      vertex -14.1991 -3.80464 0
      vertex -14.3896 -2.9455 10.6265
    endloop
  endfacet
  facet normal -0.976221 -0.216776 2.55209e-05
    outer loop
      vertex -14.3896 -2.9455 10.6265
      vertex -14.1991 -3.80464 0
      vertex -14.3655 -3.054 10.8884
    endloop
  endfacet
  facet normal -0.9763 -0.216422 -1.4498e-07
    outer loop
      vertex -14.3655 -3.054 10.8884
      vertex -14.1991 -3.80464 0
      vertex -14.3466 -3.13926 11.1588
    endloop
  endfacet
  facet normal -0.976305 -0.216398 -1.60905e-06
    outer loop
      vertex -14.3466 -3.13926 11.1588
      vertex -14.1991 -3.80464 0
      vertex -14.333 -3.20062 11.4356
    endloop
  endfacet
  facet normal -0.976631 -0.214925 -7.66489e-05
    outer loop
      vertex -14.3248 -3.23763 11.7167
      vertex -14.1991 -3.80464 0
      vertex -14.3221 -3.25 12
    endloop
  endfacet
  facet normal -0.976316 -0.216348 -4.40396e-06
    outer loop
      vertex -14.333 -3.20062 11.4356
      vertex -14.1991 -3.80464 0
      vertex -14.3248 -3.23763 11.7167
    endloop
  endfacet
  facet normal -0.976296 -0.216441 7.13105e-07
    outer loop
      vertex -14.1991 -3.80464 61
      vertex -14.4767 -2.55263 14.007
      vertex -14.4524 -2.66224 13.8641
    endloop
  endfacet
  facet normal -0.97626 -0.2166 -3.32649e-06
    outer loop
      vertex -14.1991 -3.80464 61
      vertex -14.4524 -2.66224 13.8641
      vertex -14.4186 -2.81458 13.625
    endloop
  endfacet
  facet normal -0.976333 -0.216274 3.81372e-06
    outer loop
      vertex -14.1991 -3.80464 61
      vertex -14.4186 -2.81458 13.625
      vertex -14.3896 -2.9455 13.3735
    endloop
  endfacet
  facet normal -0.976212 -0.21682 -6.52149e-06
    outer loop
      vertex -14.1991 -3.80464 61
      vertex -14.3896 -2.9455 13.3735
      vertex -14.3655 -3.054 13.1116
    endloop
  endfacet
  facet normal -0.9763 -0.216421 3.8269e-08
    outer loop
      vertex -14.1991 -3.80464 61
      vertex -14.3655 -3.054 13.1116
      vertex -14.3466 -3.13926 12.8412
    endloop
  endfacet
  facet normal -0.976306 -0.216393 4.45359e-07
    outer loop
      vertex -14.1991 -3.80464 61
      vertex -14.3466 -3.13926 12.8412
      vertex -14.333 -3.20062 12.5644
    endloop
  endfacet
  facet normal -0.976321 -0.216326 1.33086e-06
    outer loop
      vertex -14.1991 -3.80464 61
      vertex -14.333 -3.20062 12.5644
      vertex -14.3248 -3.23763 12.2833
    endloop
  endfacet
  facet normal -0.976851 -0.21392 3.06932e-05
    outer loop
      vertex -14.1991 -3.80464 61
      vertex -14.3248 -3.23763 12.2833
      vertex -14.3221 -3.25 12
    endloop
  endfacet
  facet normal -0.976281 -0.216506 -0
    outer loop
      vertex -14.1991 -3.80464 61
      vertex -14.3221 -3.25 12
      vertex -14.1991 -3.80464 0
    endloop
  endfacet
  facet normal -0.97629 -0.216466 0
    outer loop
      vertex -14.4767 -2.55263 14.007
      vertex -14.1991 -3.80464 61
      vertex -14.4767 -2.55263 61
    endloop
  endfacet
  facet normal -0.843369 -0.537335 0
    outer loop
      vertex -12.0415 -8.43157 0
      vertex -12.7306 -7.35 61
      vertex -12.7306 -7.35 0
    endloop
  endfacet
  facet normal -0.843369 -0.537335 0
    outer loop
      vertex -12.7306 -7.35 61
      vertex -12.0415 -8.43157 0
      vertex -12.0415 -8.43157 61
    endloop
  endfacet
  facet normal 0.669637 -0.742688 0
    outer loop
      vertex 10.3884 -10.4 0
      vertex 10.3945 -10.3945 61
      vertex 10.3884 -10.4 61
    endloop
  endfacet
  facet normal 0.669637 -0.742688 0
    outer loop
      vertex 10.3945 -10.3945 61
      vertex 10.3884 -10.4 0
      vertex 10.3945 -10.3945 0
    endloop
  endfacet
  facet normal 0.216466 0.97629 -0
    outer loop
      vertex 3.80464 14.1991 0
      vertex 2.55263 14.4767 61
      vertex 3.80464 14.1991 61
    endloop
  endfacet
  facet normal 0.216466 0.97629 0
    outer loop
      vertex 2.55263 14.4767 61
      vertex 3.80464 14.1991 0
      vertex 2.55263 14.4767 0
    endloop
  endfacet
  facet normal 0.300685 0.953724 -0
    outer loop
      vertex 5.0277 13.8135 0
      vertex 3.80464 14.1991 61
      vertex 5.0277 13.8135 61
    endloop
  endfacet
  facet normal 0.300685 0.953724 0
    outer loop
      vertex 3.80464 14.1991 61
      vertex 5.0277 13.8135 0
      vertex 3.80464 14.1991 0
    endloop
  endfacet
  facet normal -0.991433 -0.130619 0
    outer loop
      vertex 11.3253 1.99695 0
      vertex 11.3428 1.86412 9.33776
      vertex 11.3253 1.99695 9.43968
    endloop
  endfacet
  facet normal -0.991435 -0.130605 2.00216e-07
    outer loop
      vertex 11.3253 1.99695 0
      vertex 11.3743 1.625 9.18542
      vertex 11.3428 1.86412 9.33776
    endloop
  endfacet
  facet normal -0.991449 -0.130493 4.81909e-06
    outer loop
      vertex 11.3253 1.99695 0
      vertex 11.4074 1.37351 9.0545
      vertex 11.3743 1.625 9.18542
    endloop
  endfacet
  facet normal -0.991438 -0.130576 -1.05058e-06
    outer loop
      vertex 11.3253 1.99695 0
      vertex 11.4419 1.11156 8.946
      vertex 11.4074 1.37351 9.0545
    endloop
  endfacet
  facet normal -0.991451 -0.130478 -0
    outer loop
      vertex 11.4562 1.00229 8.91154
      vertex 11.3253 1.99695 0
      vertex 11.4562 1.00229 0
    endloop
  endfacet
  facet normal -0.991542 -0.129786 7.84989e-05
    outer loop
      vertex 11.3253 1.99695 0
      vertex 11.4562 1.00229 8.91154
      vertex 11.4419 1.11156 8.946
    endloop
  endfacet
  facet normal -0.991433 -0.130619 0
    outer loop
      vertex 11.3428 1.86412 14.6622
      vertex 11.3253 1.99695 59
      vertex 11.3253 1.99695 14.5603
    endloop
  endfacet
  facet normal -0.991435 -0.130605 -4.24675e-08
    outer loop
      vertex 11.3743 1.625 14.8146
      vertex 11.3253 1.99695 59
      vertex 11.3428 1.86412 14.6622
    endloop
  endfacet
  facet normal -0.99145 -0.130491 -1.01847e-06
    outer loop
      vertex 11.4074 1.37351 14.9455
      vertex 11.3253 1.99695 59
      vertex 11.3743 1.625 14.8146
    endloop
  endfacet
  facet normal -0.991438 -0.130577 2.2079e-07
    outer loop
      vertex 11.4419 1.11156 15.054
      vertex 11.3253 1.99695 59
      vertex 11.4074 1.37351 14.9455
    endloop
  endfacet
  facet normal -0.991545 -0.129767 -1.63745e-05
    outer loop
      vertex 11.4562 1.00229 15.0885
      vertex 11.3253 1.99695 59
      vertex 11.4419 1.11156 15.054
    endloop
  endfacet
  facet normal -0.991451 -0.130478 0
    outer loop
      vertex 11.3253 1.99695 59
      vertex 11.4562 1.00229 15.0885
      vertex 11.4562 1.00229 59
    endloop
  endfacet
  facet normal -0.999031 -0.0440216 0
    outer loop
      vertex 11.4562 1.00229 0
      vertex 11.4633 0.841162 8.86074
      vertex 11.4562 1.00229 8.91154
    endloop
  endfacet
  facet normal -0.999046 -0.0436726 6.35868e-06
    outer loop
      vertex 11.4562 1.00229 0
      vertex 11.4754 0.564356 8.79937
      vertex 11.4633 0.841162 8.86074
    endloop
  endfacet
  facet normal -0.999059 -0.043363 2.17994e-05
    outer loop
      vertex 11.4562 1.00229 0
      vertex 11.4876 0.283256 8.76237
      vertex 11.4754 0.564356 8.79937
    endloop
  endfacet
  facet normal -0.999047 -0.0436583 -2.47795e-06
    outer loop
      vertex 11.5 0 0
      vertex 11.4876 0.283256 8.76237
      vertex 11.4562 1.00229 0
    endloop
  endfacet
  facet normal -0.999043 -0.0437348 0
    outer loop
      vertex 11.4876 0.283256 8.76237
      vertex 11.5 0 0
      vertex 11.5 0 8.75
    endloop
  endfacet
  facet normal -0.999031 -0.0440216 0
    outer loop
      vertex 11.4633 0.841162 15.1393
      vertex 11.4562 1.00229 59
      vertex 11.4562 1.00229 15.0885
    endloop
  endfacet
  facet normal -0.999046 -0.0436715 -1.28871e-06
    outer loop
      vertex 11.4754 0.564356 15.2006
      vertex 11.4562 1.00229 59
      vertex 11.4633 0.841162 15.1393
    endloop
  endfacet
  facet normal -0.999059 -0.0433607 -4.40243e-06
    outer loop
      vertex 11.4876 0.283256 15.2376
      vertex 11.4562 1.00229 59
      vertex 11.4754 0.564356 15.2006
    endloop
  endfacet
  facet normal -0.999043 -0.0437347 1.75434e-06
    outer loop
      vertex 11.5 0 15.25
      vertex 11.4562 1.00229 59
      vertex 11.4876 0.283256 15.2376
    endloop
  endfacet
  facet normal -0.999047 -0.0436583 0
    outer loop
      vertex 11.4562 1.00229 59
      vertex 11.5 0 15.25
      vertex 11.5 0 59
    endloop
  endfacet
  facet normal -0.975994 -0.217799 0
    outer loop
      vertex 11.1081 2.97642 0
      vertex 11.115 2.9455 10.6265
      vertex 11.1081 2.97642 10.7011
    endloop
  endfacet
  facet normal -0.976332 -0.216276 4.65346e-06
    outer loop
      vertex 11.1081 2.97642 0
      vertex 11.144 2.81458 10.375
      vertex 11.115 2.9455 10.6265
    endloop
  endfacet
  facet normal -0.97626 -0.216604 -7.15061e-07
    outer loop
      vertex 11.1081 2.97642 0
      vertex 11.1778 2.66224 10.1359
      vertex 11.144 2.81458 10.375
    endloop
  endfacet
  facet normal -0.976254 -0.216629 -1.54151e-06
    outer loop
      vertex 11.1081 2.97642 0
      vertex 11.2161 2.48964 9.91094
      vertex 11.1778 2.66224 10.1359
    endloop
  endfacet
  facet normal -0.976359 -0.216155 2.28691e-05
    outer loop
      vertex 11.1081 2.97642 0
      vertex 11.2585 2.2981 9.7019
      vertex 11.2161 2.48964 9.91094
    endloop
  endfacet
  facet normal -0.976243 -0.216679 -1.55763e-05
    outer loop
      vertex 11.1081 2.97642 0
      vertex 11.3049 2.08906 9.51035
      vertex 11.2585 2.2981 9.7019
    endloop
  endfacet
  facet normal -0.976284 -0.216494 -0
    outer loop
      vertex 11.3253 1.99695 9.43968
      vertex 11.1081 2.97642 0
      vertex 11.3253 1.99695 0
    endloop
  endfacet
  facet normal -0.976337 -0.216254 2.61103e-05
    outer loop
      vertex 11.1081 2.97642 0
      vertex 11.3253 1.99695 9.43968
      vertex 11.3049 2.08906 9.51035
    endloop
  endfacet
  facet normal -0.975994 -0.217799 0
    outer loop
      vertex 11.115 2.9455 13.3735
      vertex 11.1081 2.97642 59
      vertex 11.1081 2.97642 13.2989
    endloop
  endfacet
  facet normal -0.976334 -0.216269 -1.08844e-06
    outer loop
      vertex 11.144 2.81458 13.625
      vertex 11.1081 2.97642 59
      vertex 11.115 2.9455 13.3735
    endloop
  endfacet
  facet normal -0.976259 -0.216604 1.66569e-07
    outer loop
      vertex 11.1778 2.66224 13.8641
      vertex 11.1081 2.97642 59
      vertex 11.144 2.81458 13.625
    endloop
  endfacet
  facet normal -0.976254 -0.216631 3.56914e-07
    outer loop
      vertex 11.2161 2.48964 14.0891
      vertex 11.1081 2.97642 59
      vertex 11.1778 2.66224 13.8641
    endloop
  endfacet
  facet normal -0.976363 -0.216137 -5.25515e-06
    outer loop
      vertex 11.2585 2.2981 14.2981
      vertex 11.1081 2.97642 59
      vertex 11.2161 2.48964 14.0891
    endloop
  endfacet
  facet normal -0.97624 -0.21669 3.54787e-06
    outer loop
      vertex 11.3049 2.08906 14.4896
      vertex 11.1081 2.97642 59
      vertex 11.2585 2.2981 14.2981
    endloop
  endfacet
  facet normal -0.97634 -0.216239 -5.88817e-06
    outer loop
      vertex 11.3253 1.99695 14.5603
      vertex 11.1081 2.97642 59
      vertex 11.3049 2.08906 14.4896
    endloop
  endfacet
  facet normal -0.976284 -0.216494 0
    outer loop
      vertex 11.1081 2.97642 59
      vertex 11.3253 1.99695 14.5603
      vertex 11.3253 1.99695 59
    endloop
  endfacet
  facet normal -0.300632 0.95374 0
    outer loop
      vertex 3.93323 -10.8065 0
      vertex 2.97642 -11.1081 59
      vertex 3.93323 -10.8065 59
    endloop
  endfacet
  facet normal -0.300632 0.95374 0
    outer loop
      vertex 2.97642 -11.1081 59
      vertex 3.93323 -10.8065 0
      vertex 2.97642 -11.1081 0
    endloop
  endfacet
  facet normal 0.130478 0.991451 -0
    outer loop
      vertex -1.00229 -11.4562 0
      vertex -1.99695 -11.3253 59
      vertex -1.00229 -11.4562 59
    endloop
  endfacet
  facet normal 0.130478 0.991451 0
    outer loop
      vertex -1.99695 -11.3253 59
      vertex -1.00229 -11.4562 0
      vertex -1.99695 -11.3253 0
    endloop
  endfacet
  facet normal 0.537297 -0.843393 0
    outer loop
      vertex -6.59613 9.42025 0
      vertex -5.75 9.95929 59
      vertex -6.59613 9.42025 59
    endloop
  endfacet
  facet normal 0.537297 -0.843393 0
    outer loop
      vertex -5.75 9.95929 59
      vertex -6.59613 9.42025 0
      vertex -5.75 9.95929 0
    endloop
  endfacet
  facet normal -0.461719 0.887026 0
    outer loop
      vertex 5.75 -9.95929 0
      vertex 4.86011 -10.4225 59
      vertex 5.75 -9.95929 59
    endloop
  endfacet
  facet normal -0.461719 0.887026 0
    outer loop
      vertex 4.86011 -10.4225 59
      vertex 5.75 -9.95929 0
      vertex 4.86011 -10.4225 0
    endloop
  endfacet
  facet normal -0.991451 0.130478 0
    outer loop
      vertex 11.3253 -1.99695 0
      vertex 11.4562 -1.00229 8.91154
      vertex 11.4562 -1.00229 0
    endloop
  endfacet
  facet normal -0.991542 0.129786 7.84989e-05
    outer loop
      vertex 11.4562 -1.00229 8.91154
      vertex 11.3253 -1.99695 0
      vertex 11.4419 -1.11156 8.946
    endloop
  endfacet
  facet normal -0.991438 0.130576 -1.05058e-06
    outer loop
      vertex 11.4419 -1.11156 8.946
      vertex 11.3253 -1.99695 0
      vertex 11.4074 -1.37351 9.0545
    endloop
  endfacet
  facet normal -0.991449 0.130493 4.81909e-06
    outer loop
      vertex 11.4074 -1.37351 9.0545
      vertex 11.3253 -1.99695 0
      vertex 11.3743 -1.625 9.18542
    endloop
  endfacet
  facet normal -0.991435 0.130605 2.00216e-07
    outer loop
      vertex 11.3743 -1.625 9.18542
      vertex 11.3253 -1.99695 0
      vertex 11.3428 -1.86412 9.33776
    endloop
  endfacet
  facet normal -0.991433 0.130619 0
    outer loop
      vertex 11.3428 -1.86412 9.33776
      vertex 11.3253 -1.99695 0
      vertex 11.3253 -1.99695 9.43968
    endloop
  endfacet
  facet normal -0.991545 0.129767 -1.63745e-05
    outer loop
      vertex 11.3253 -1.99695 59
      vertex 11.4562 -1.00229 15.0885
      vertex 11.4419 -1.11156 15.054
    endloop
  endfacet
  facet normal -0.991438 0.130577 2.2079e-07
    outer loop
      vertex 11.3253 -1.99695 59
      vertex 11.4419 -1.11156 15.054
      vertex 11.4074 -1.37351 14.9455
    endloop
  endfacet
  facet normal -0.99145 0.130491 -1.01847e-06
    outer loop
      vertex 11.3253 -1.99695 59
      vertex 11.4074 -1.37351 14.9455
      vertex 11.3743 -1.625 14.8146
    endloop
  endfacet
  facet normal -0.991435 0.130605 -4.24675e-08
    outer loop
      vertex 11.3253 -1.99695 59
      vertex 11.3743 -1.625 14.8146
      vertex 11.3428 -1.86412 14.6622
    endloop
  endfacet
  facet normal -0.991433 0.130619 0
    outer loop
      vertex 11.3253 -1.99695 59
      vertex 11.3428 -1.86412 14.6622
      vertex 11.3253 -1.99695 14.5603
    endloop
  endfacet
  facet normal -0.991451 0.130478 0
    outer loop
      vertex 11.4562 -1.00229 15.0885
      vertex 11.3253 -1.99695 59
      vertex 11.4562 -1.00229 59
    endloop
  endfacet
  facet normal -0.216494 -0.976284 0
    outer loop
      vertex 1.99695 11.3253 0
      vertex 2.97642 11.1081 59
      vertex 1.99695 11.3253 59
    endloop
  endfacet
  facet normal -0.216494 -0.976284 -0
    outer loop
      vertex 2.97642 11.1081 59
      vertex 1.99695 11.3253 0
      vertex 2.97642 11.1081 0
    endloop
  endfacet
  facet normal -0.216494 0.976284 0
    outer loop
      vertex 2.97642 -11.1081 0
      vertex 1.99695 -11.3253 59
      vertex 2.97642 -11.1081 59
    endloop
  endfacet
  facet normal -0.216494 0.976284 0
    outer loop
      vertex 1.99695 -11.3253 59
      vertex 2.97642 -11.1081 0
      vertex 1.99695 -11.3253 0
    endloop
  endfacet
  facet normal 0.382746 0.923854 -0
    outer loop
      vertex -3.93323 -10.8065 0
      vertex -4.86011 -10.4225 59
      vertex -3.93323 -10.8065 59
    endloop
  endfacet
  facet normal 0.382746 0.923854 0
    outer loop
      vertex -4.86011 -10.4225 59
      vertex -3.93323 -10.8065 0
      vertex -4.86011 -10.4225 0
    endloop
  endfacet
  facet normal 0.300632 -0.95374 0
    outer loop
      vertex -3.93323 10.8065 0
      vertex -2.97642 11.1081 59
      vertex -3.93323 10.8065 59
    endloop
  endfacet
  facet normal 0.300632 -0.95374 0
    outer loop
      vertex -2.97642 11.1081 59
      vertex -3.93323 10.8065 0
      vertex -2.97642 11.1081 0
    endloop
  endfacet
  facet normal 0.923854 0.382746 0
    outer loop
      vertex -10.4225 -4.86011 59
      vertex -10.8065 -3.93323 0
      vertex -10.8065 -3.93323 59
    endloop
  endfacet
  facet normal 0.923854 0.382746 0
    outer loop
      vertex -10.8065 -3.93323 0
      vertex -10.4225 -4.86011 59
      vertex -10.4225 -4.86011 0
    endloop
  endfacet
  facet normal -0.793353 0.608762 0
    outer loop
      vertex 8.80951 -7.39206 0
      vertex 9.42025 -6.59613 59
      vertex 9.42025 -6.59613 0
    endloop
  endfacet
  facet normal -0.793353 0.608762 0
    outer loop
      vertex 9.42025 -6.59613 59
      vertex 8.80951 -7.39206 0
      vertex 8.80951 -7.39206 59
    endloop
  endfacet
  facet normal 0.991542 0.129786 7.84989e-05
    outer loop
      vertex -11.3253 -1.99695 0
      vertex -11.4562 -1.00229 8.91154
      vertex -11.4419 -1.11156 8.946
    endloop
  endfacet
  facet normal 0.991438 0.130576 -1.05058e-06
    outer loop
      vertex -11.3253 -1.99695 0
      vertex -11.4419 -1.11156 8.946
      vertex -11.4074 -1.37351 9.0545
    endloop
  endfacet
  facet normal 0.991449 0.130493 4.81909e-06
    outer loop
      vertex -11.3253 -1.99695 0
      vertex -11.4074 -1.37351 9.0545
      vertex -11.3743 -1.625 9.18542
    endloop
  endfacet
  facet normal 0.991435 0.130605 2.00216e-07
    outer loop
      vertex -11.3253 -1.99695 0
      vertex -11.3743 -1.625 9.18542
      vertex -11.3428 -1.86412 9.33776
    endloop
  endfacet
  facet normal 0.991433 0.130619 -0
    outer loop
      vertex -11.3253 -1.99695 0
      vertex -11.3428 -1.86412 9.33776
      vertex -11.3253 -1.99695 9.43968
    endloop
  endfacet
  facet normal 0.991451 0.130478 0
    outer loop
      vertex -11.4562 -1.00229 8.91154
      vertex -11.3253 -1.99695 0
      vertex -11.4562 -1.00229 0
    endloop
  endfacet
  facet normal 0.991451 0.130478 0
    outer loop
      vertex -11.3253 -1.99695 59
      vertex -11.4562 -1.00229 15.0885
      vertex -11.4562 -1.00229 59
    endloop
  endfacet
  facet normal 0.991545 0.129767 -1.63745e-05
    outer loop
      vertex -11.4562 -1.00229 15.0885
      vertex -11.3253 -1.99695 59
      vertex -11.4419 -1.11156 15.054
    endloop
  endfacet
  facet normal 0.991438 0.130577 2.2079e-07
    outer loop
      vertex -11.4419 -1.11156 15.054
      vertex -11.3253 -1.99695 59
      vertex -11.4074 -1.37351 14.9455
    endloop
  endfacet
  facet normal 0.99145 0.130491 -1.01847e-06
    outer loop
      vertex -11.4074 -1.37351 14.9455
      vertex -11.3253 -1.99695 59
      vertex -11.3743 -1.625 14.8146
    endloop
  endfacet
  facet normal 0.991435 0.130605 -4.24675e-08
    outer loop
      vertex -11.3743 -1.625 14.8146
      vertex -11.3253 -1.99695 59
      vertex -11.3428 -1.86412 14.6622
    endloop
  endfacet
  facet normal 0.991433 0.130619 0
    outer loop
      vertex -11.3428 -1.86412 14.6622
      vertex -11.3253 -1.99695 59
      vertex -11.3253 -1.99695 14.5603
    endloop
  endfacet
  facet normal -0.537297 0.843393 0
    outer loop
      vertex 6.59613 -9.42025 0
      vertex 5.75 -9.95929 59
      vertex 6.59613 -9.42025 59
    endloop
  endfacet
  facet normal -0.537297 0.843393 0
    outer loop
      vertex 5.75 -9.95929 59
      vertex 6.59613 -9.42025 0
      vertex 5.75 -9.95929 0
    endloop
  endfacet
  facet normal -0.0436583 -0.999047 0
    outer loop
      vertex 0 11.5 0
      vertex 1.00229 11.4562 59
      vertex 0 11.5 59
    endloop
  endfacet
  facet normal -0.0436583 -0.999047 -0
    outer loop
      vertex 1.00229 11.4562 59
      vertex 0 11.5 0
      vertex 1.00229 11.4562 0
    endloop
  endfacet
  facet normal -0.0436583 0.999047 0
    outer loop
      vertex 1.00229 -11.4562 0
      vertex 0 -11.5 59
      vertex 1.00229 -11.4562 59
    endloop
  endfacet
  facet normal -0.0436583 0.999047 0
    outer loop
      vertex 0 -11.5 59
      vertex 1.00229 -11.4562 0
      vertex 0 -11.5 0
    endloop
  endfacet
  facet normal -0.887026 0.461719 0
    outer loop
      vertex 9.95929 -5.75 0
      vertex 10.4225 -4.86011 59
      vertex 10.4225 -4.86011 0
    endloop
  endfacet
  facet normal -0.887026 0.461719 0
    outer loop
      vertex 10.4225 -4.86011 59
      vertex 9.95929 -5.75 0
      vertex 9.95929 -5.75 59
    endloop
  endfacet
  facet normal -0.537297 -0.843393 0
    outer loop
      vertex 5.75 9.95929 0
      vertex 6.59613 9.42025 59
      vertex 5.75 9.95929 59
    endloop
  endfacet
  facet normal -0.537297 -0.843393 -0
    outer loop
      vertex 6.59613 9.42025 59
      vertex 5.75 9.95929 0
      vertex 6.59613 9.42025 0
    endloop
  endfacet
  facet normal -0.976284 0.216494 0
    outer loop
      vertex 11.1081 -2.97642 0
      vertex 11.3253 -1.99695 9.43968
      vertex 11.3253 -1.99695 0
    endloop
  endfacet
  facet normal -0.976337 0.216254 2.61103e-05
    outer loop
      vertex 11.3253 -1.99695 9.43968
      vertex 11.1081 -2.97642 0
      vertex 11.3049 -2.08906 9.51035
    endloop
  endfacet
  facet normal -0.976243 0.216679 -1.55763e-05
    outer loop
      vertex 11.3049 -2.08906 9.51035
      vertex 11.1081 -2.97642 0
      vertex 11.2585 -2.2981 9.7019
    endloop
  endfacet
  facet normal -0.976359 0.216155 2.28691e-05
    outer loop
      vertex 11.2585 -2.2981 9.7019
      vertex 11.1081 -2.97642 0
      vertex 11.2161 -2.48964 9.91094
    endloop
  endfacet
  facet normal -0.976254 0.216629 -1.54151e-06
    outer loop
      vertex 11.2161 -2.48964 9.91094
      vertex 11.1081 -2.97642 0
      vertex 11.1778 -2.66224 10.1359
    endloop
  endfacet
  facet normal -0.97626 0.216604 -7.15061e-07
    outer loop
      vertex 11.1778 -2.66224 10.1359
      vertex 11.1081 -2.97642 0
      vertex 11.144 -2.81458 10.375
    endloop
  endfacet
  facet normal -0.976332 0.216276 4.65346e-06
    outer loop
      vertex 11.144 -2.81458 10.375
      vertex 11.1081 -2.97642 0
      vertex 11.115 -2.9455 10.6265
    endloop
  endfacet
  facet normal -0.975994 0.217799 0
    outer loop
      vertex 11.115 -2.9455 10.6265
      vertex 11.1081 -2.97642 0
      vertex 11.1081 -2.97642 10.7011
    endloop
  endfacet
  facet normal -0.97634 0.216239 -5.88817e-06
    outer loop
      vertex 11.1081 -2.97642 59
      vertex 11.3253 -1.99695 14.5603
      vertex 11.3049 -2.08906 14.4896
    endloop
  endfacet
  facet normal -0.97624 0.21669 3.54787e-06
    outer loop
      vertex 11.1081 -2.97642 59
      vertex 11.3049 -2.08906 14.4896
      vertex 11.2585 -2.2981 14.2981
    endloop
  endfacet
  facet normal -0.976363 0.216137 -5.25515e-06
    outer loop
      vertex 11.1081 -2.97642 59
      vertex 11.2585 -2.2981 14.2981
      vertex 11.2161 -2.48964 14.0891
    endloop
  endfacet
  facet normal -0.976254 0.216631 3.56914e-07
    outer loop
      vertex 11.1081 -2.97642 59
      vertex 11.2161 -2.48964 14.0891
      vertex 11.1778 -2.66224 13.8641
    endloop
  endfacet
  facet normal -0.976259 0.216604 1.66569e-07
    outer loop
      vertex 11.1081 -2.97642 59
      vertex 11.1778 -2.66224 13.8641
      vertex 11.144 -2.81458 13.625
    endloop
  endfacet
  facet normal -0.976334 0.216269 -1.08844e-06
    outer loop
      vertex 11.1081 -2.97642 59
      vertex 11.144 -2.81458 13.625
      vertex 11.115 -2.9455 13.3735
    endloop
  endfacet
  facet normal -0.975994 0.217799 0
    outer loop
      vertex 11.1081 -2.97642 59
      vertex 11.115 -2.9455 13.3735
      vertex 11.1081 -2.97642 13.2989
    endloop
  endfacet
  facet normal -0.976284 0.216494 0
    outer loop
      vertex 11.3253 -1.99695 14.5603
      vertex 11.1081 -2.97642 59
      vertex 11.3253 -1.99695 59
    endloop
  endfacet
  facet normal -0.953726 -0.300678 0
    outer loop
      vertex 10.8065 3.93323 0
      vertex 11.0219 3.25 12
      vertex 10.8065 3.93323 59
    endloop
  endfacet
  facet normal -0.953724 -0.300683 -2.76079e-07
    outer loop
      vertex 10.8065 3.93323 0
      vertex 11.0258 3.23763 11.7167
      vertex 11.0219 3.25 12
    endloop
  endfacet
  facet normal -0.953563 -0.301195 -3.36871e-05
    outer loop
      vertex 10.8065 3.93323 0
      vertex 11.0375 3.20062 11.4356
      vertex 11.0258 3.23763 11.7167
    endloop
  endfacet
  facet normal -0.953878 -0.300195 3.66871e-05
    outer loop
      vertex 10.8065 3.93323 0
      vertex 11.0568 3.13926 11.1588
      vertex 11.0375 3.20062 11.4356
    endloop
  endfacet
  facet normal -0.953673 -0.300845 -1.40791e-05
    outer loop
      vertex 10.8065 3.93323 0
      vertex 11.0837 3.054 10.8884
      vertex 11.0568 3.13926 11.1588
    endloop
  endfacet
  facet normal -0.95374 -0.300632 -0
    outer loop
      vertex 11.1081 2.97642 10.7011
      vertex 10.8065 3.93323 0
      vertex 11.1081 2.97642 0
    endloop
  endfacet
  facet normal -0.953897 -0.300133 4.91066e-05
    outer loop
      vertex 10.8065 3.93323 0
      vertex 11.1081 2.97642 10.7011
      vertex 11.0837 3.054 10.8884
    endloop
  endfacet
  facet normal -0.953723 -0.300686 1.21838e-07
    outer loop
      vertex 11.0258 3.23763 12.2833
      vertex 10.8065 3.93323 59
      vertex 11.0219 3.25 12
    endloop
  endfacet
  facet normal -0.953513 -0.301351 1.10125e-05
    outer loop
      vertex 11.0375 3.20062 12.5644
      vertex 10.8065 3.93323 59
      vertex 11.0258 3.23763 12.2833
    endloop
  endfacet
  facet normal -0.953911 -0.30009 -1.08725e-05
    outer loop
      vertex 11.0568 3.13926 12.8412
      vertex 10.8065 3.93323 59
      vertex 11.0375 3.20062 12.5644
    endloop
  endfacet
  facet normal -0.953664 -0.300874 3.9558e-06
    outer loop
      vertex 11.0837 3.054 13.1116
      vertex 10.8065 3.93323 59
      vertex 11.0568 3.13926 12.8412
    endloop
  endfacet
  facet normal -0.953922 -0.300054 -1.33083e-05
    outer loop
      vertex 11.1081 2.97642 13.2989
      vertex 10.8065 3.93323 59
      vertex 11.0837 3.054 13.1116
    endloop
  endfacet
  facet normal -0.95374 -0.300632 0
    outer loop
      vertex 10.8065 3.93323 59
      vertex 11.1081 2.97642 13.2989
      vertex 11.1081 2.97642 59
    endloop
  endfacet
  facet normal 0.608762 -0.793353 0
    outer loop
      vertex -7.39206 8.80951 0
      vertex -6.59613 9.42025 59
      vertex -7.39206 8.80951 59
    endloop
  endfacet
  facet normal 0.608762 -0.793353 0
    outer loop
      vertex -6.59613 9.42025 59
      vertex -7.39206 8.80951 0
      vertex -6.59613 9.42025 0
    endloop
  endfacet
  facet normal 0.793353 0.608762 0
    outer loop
      vertex -8.80951 -7.39206 59
      vertex -9.42025 -6.59613 0
      vertex -9.42025 -6.59613 59
    endloop
  endfacet
  facet normal 0.793353 0.608762 0
    outer loop
      vertex -9.42025 -6.59613 0
      vertex -8.80951 -7.39206 59
      vertex -8.80951 -7.39206 0
    endloop
  endfacet
  facet normal -0.461719 -0.887026 0
    outer loop
      vertex 4.86011 10.4225 0
      vertex 5.75 9.95929 59
      vertex 4.86011 10.4225 59
    endloop
  endfacet
  facet normal -0.461719 -0.887026 -0
    outer loop
      vertex 5.75 9.95929 59
      vertex 4.86011 10.4225 0
      vertex 5.75 9.95929 0
    endloop
  endfacet
  facet normal 0.216494 -0.976284 0
    outer loop
      vertex -2.97642 11.1081 0
      vertex -1.99695 11.3253 59
      vertex -2.97642 11.1081 59
    endloop
  endfacet
  facet normal 0.216494 -0.976284 0
    outer loop
      vertex -1.99695 11.3253 59
      vertex -2.97642 11.1081 0
      vertex -1.99695 11.3253 0
    endloop
  endfacet
  facet normal -0.608762 -0.793353 0
    outer loop
      vertex 6.59613 9.42025 0
      vertex 7.39206 8.80951 59
      vertex 6.59613 9.42025 59
    endloop
  endfacet
  facet normal -0.608762 -0.793353 -0
    outer loop
      vertex 7.39206 8.80951 59
      vertex 6.59613 9.42025 0
      vertex 7.39206 8.80951 0
    endloop
  endfacet
  facet normal -0.999043 0.0437348 0
    outer loop
      vertex 11.5 0 0
      vertex 11.4876 -0.283256 8.76237
      vertex 11.5 0 8.75
    endloop
  endfacet
  facet normal -0.999047 0.0436583 -2.47795e-06
    outer loop
      vertex 11.4562 -1.00229 0
      vertex 11.4876 -0.283256 8.76237
      vertex 11.5 0 0
    endloop
  endfacet
  facet normal -0.999059 0.043363 2.17994e-05
    outer loop
      vertex 11.4876 -0.283256 8.76237
      vertex 11.4562 -1.00229 0
      vertex 11.4754 -0.564356 8.79937
    endloop
  endfacet
  facet normal -0.999046 0.0436726 6.35868e-06
    outer loop
      vertex 11.4754 -0.564356 8.79937
      vertex 11.4562 -1.00229 0
      vertex 11.4633 -0.841162 8.86074
    endloop
  endfacet
  facet normal -0.999031 0.0440216 0
    outer loop
      vertex 11.4633 -0.841162 8.86074
      vertex 11.4562 -1.00229 0
      vertex 11.4562 -1.00229 8.91154
    endloop
  endfacet
  facet normal -0.999043 0.0437347 1.75434e-06
    outer loop
      vertex 11.4562 -1.00229 59
      vertex 11.5 0 15.25
      vertex 11.4876 -0.283256 15.2376
    endloop
  endfacet
  facet normal -0.999059 0.0433607 -4.40243e-06
    outer loop
      vertex 11.4562 -1.00229 59
      vertex 11.4876 -0.283256 15.2376
      vertex 11.4754 -0.564356 15.2006
    endloop
  endfacet
  facet normal -0.999046 0.0436715 -1.28871e-06
    outer loop
      vertex 11.4562 -1.00229 59
      vertex 11.4754 -0.564356 15.2006
      vertex 11.4633 -0.841162 15.1393
    endloop
  endfacet
  facet normal -0.999031 0.0440216 0
    outer loop
      vertex 11.4562 -1.00229 59
      vertex 11.4633 -0.841162 15.1393
      vertex 11.4562 -1.00229 15.0885
    endloop
  endfacet
  facet normal -0.999047 0.0436583 0
    outer loop
      vertex 11.5 0 15.25
      vertex 11.4562 -1.00229 59
      vertex 11.5 0 59
    endloop
  endfacet
  facet normal 0.793353 -0.608762 0
    outer loop
      vertex -9.42025 6.59613 59
      vertex -8.80951 7.39206 0
      vertex -8.80951 7.39206 59
    endloop
  endfacet
  facet normal 0.793353 -0.608762 0
    outer loop
      vertex -8.80951 7.39206 0
      vertex -9.42025 6.59613 59
      vertex -9.42025 6.59613 0
    endloop
  endfacet
  facet normal 0.461719 -0.887026 0
    outer loop
      vertex -5.75 9.95929 0
      vertex -4.86011 10.4225 59
      vertex -5.75 9.95929 59
    endloop
  endfacet
  facet normal 0.461719 -0.887026 0
    outer loop
      vertex -4.86011 10.4225 59
      vertex -5.75 9.95929 0
      vertex -4.86011 10.4225 0
    endloop
  endfacet
  facet normal -0.737279 -0.675589 0
    outer loop
      vertex 8.80951 7.39206 0
      vertex 8.13173 8.13173 59
      vertex 8.13173 8.13173 0
    endloop
  endfacet
  facet normal -0.737279 -0.675589 0
    outer loop
      vertex 8.13173 8.13173 59
      vertex 8.80951 7.39206 0
      vertex 8.80951 7.39206 59
    endloop
  endfacet
  facet normal -0.923854 -0.382746 0
    outer loop
      vertex 10.8065 3.93323 0
      vertex 10.4225 4.86011 59
      vertex 10.4225 4.86011 0
    endloop
  endfacet
  facet normal -0.923854 -0.382746 0
    outer loop
      vertex 10.4225 4.86011 59
      vertex 10.8065 3.93323 0
      vertex 10.8065 3.93323 59
    endloop
  endfacet
  facet normal 0.300632 0.95374 -0
    outer loop
      vertex -2.97642 -11.1081 0
      vertex -3.93323 -10.8065 59
      vertex -2.97642 -11.1081 59
    endloop
  endfacet
  facet normal 0.300632 0.95374 0
    outer loop
      vertex -3.93323 -10.8065 59
      vertex -2.97642 -11.1081 0
      vertex -3.93323 -10.8065 0
    endloop
  endfacet
  facet normal 0.608762 0.793353 -0
    outer loop
      vertex -6.59613 -9.42025 0
      vertex -7.39206 -8.80951 59
      vertex -6.59613 -9.42025 59
    endloop
  endfacet
  facet normal 0.608762 0.793353 0
    outer loop
      vertex -7.39206 -8.80951 59
      vertex -6.59613 -9.42025 0
      vertex -7.39206 -8.80951 0
    endloop
  endfacet
  facet normal -0.843393 0.537297 0
    outer loop
      vertex 9.42025 -6.59613 0
      vertex 9.95929 -5.75 59
      vertex 9.95929 -5.75 0
    endloop
  endfacet
  facet normal -0.843393 0.537297 0
    outer loop
      vertex 9.95929 -5.75 59
      vertex 9.42025 -6.59613 0
      vertex 9.42025 -6.59613 59
    endloop
  endfacet
  facet normal 0.953726 -0.300678 0
    outer loop
      vertex -10.8065 3.93323 59
      vertex -11.0219 3.25 12
      vertex -10.8065 3.93323 0
    endloop
  endfacet
  facet normal 0.953723 -0.300686 1.21838e-07
    outer loop
      vertex -10.8065 3.93323 59
      vertex -11.0258 3.23763 12.2833
      vertex -11.0219 3.25 12
    endloop
  endfacet
  facet normal 0.953513 -0.301351 1.10125e-05
    outer loop
      vertex -10.8065 3.93323 59
      vertex -11.0375 3.20062 12.5644
      vertex -11.0258 3.23763 12.2833
    endloop
  endfacet
  facet normal 0.953911 -0.30009 -1.08725e-05
    outer loop
      vertex -10.8065 3.93323 59
      vertex -11.0568 3.13926 12.8412
      vertex -11.0375 3.20062 12.5644
    endloop
  endfacet
  facet normal 0.953664 -0.300874 3.9558e-06
    outer loop
      vertex -10.8065 3.93323 59
      vertex -11.0837 3.054 13.1116
      vertex -11.0568 3.13926 12.8412
    endloop
  endfacet
  facet normal 0.95374 -0.300632 0
    outer loop
      vertex -11.1081 2.97642 13.2989
      vertex -10.8065 3.93323 59
      vertex -11.1081 2.97642 59
    endloop
  endfacet
  facet normal 0.953922 -0.300054 -1.33083e-05
    outer loop
      vertex -10.8065 3.93323 59
      vertex -11.1081 2.97642 13.2989
      vertex -11.0837 3.054 13.1116
    endloop
  endfacet
  facet normal 0.953724 -0.300683 -2.76079e-07
    outer loop
      vertex -11.0258 3.23763 11.7167
      vertex -10.8065 3.93323 0
      vertex -11.0219 3.25 12
    endloop
  endfacet
  facet normal 0.953563 -0.301195 -3.36871e-05
    outer loop
      vertex -11.0375 3.20062 11.4356
      vertex -10.8065 3.93323 0
      vertex -11.0258 3.23763 11.7167
    endloop
  endfacet
  facet normal 0.953878 -0.300195 3.66871e-05
    outer loop
      vertex -11.0568 3.13926 11.1588
      vertex -10.8065 3.93323 0
      vertex -11.0375 3.20062 11.4356
    endloop
  endfacet
  facet normal 0.953673 -0.300845 -1.40791e-05
    outer loop
      vertex -11.0837 3.054 10.8884
      vertex -10.8065 3.93323 0
      vertex -11.0568 3.13926 11.1588
    endloop
  endfacet
  facet normal 0.953897 -0.300133 4.91066e-05
    outer loop
      vertex -11.1081 2.97642 10.7011
      vertex -10.8065 3.93323 0
      vertex -11.0837 3.054 10.8884
    endloop
  endfacet
  facet normal 0.95374 -0.300632 0
    outer loop
      vertex -10.8065 3.93323 0
      vertex -11.1081 2.97642 10.7011
      vertex -11.1081 2.97642 0
    endloop
  endfacet
  facet normal 0.216494 0.976284 -0
    outer loop
      vertex -1.99695 -11.3253 0
      vertex -2.97642 -11.1081 59
      vertex -1.99695 -11.3253 59
    endloop
  endfacet
  facet normal 0.216494 0.976284 0
    outer loop
      vertex -2.97642 -11.1081 59
      vertex -1.99695 -11.3253 0
      vertex -2.97642 -11.1081 0
    endloop
  endfacet
  facet normal 0.675589 0.737279 -0
    outer loop
      vertex -7.39206 -8.80951 0
      vertex -8.13173 -8.13173 59
      vertex -7.39206 -8.80951 59
    endloop
  endfacet
  facet normal 0.675589 0.737279 0
    outer loop
      vertex -8.13173 -8.13173 59
      vertex -7.39206 -8.80951 0
      vertex -8.13173 -8.13173 0
    endloop
  endfacet
  facet normal -0.382746 -0.923854 0
    outer loop
      vertex 3.93323 10.8065 0
      vertex 4.86011 10.4225 59
      vertex 3.93323 10.8065 59
    endloop
  endfacet
  facet normal -0.382746 -0.923854 -0
    outer loop
      vertex 4.86011 10.4225 59
      vertex 3.93323 10.8065 0
      vertex 4.86011 10.4225 0
    endloop
  endfacet
  facet normal -0.793353 -0.608762 0
    outer loop
      vertex 9.42025 6.59613 0
      vertex 8.80951 7.39206 59
      vertex 8.80951 7.39206 0
    endloop
  endfacet
  facet normal -0.793353 -0.608762 0
    outer loop
      vertex 8.80951 7.39206 59
      vertex 9.42025 6.59613 0
      vertex 9.42025 6.59613 59
    endloop
  endfacet
  facet normal -0.675589 -0.737279 0
    outer loop
      vertex 7.39206 8.80951 0
      vertex 8.13173 8.13173 59
      vertex 7.39206 8.80951 59
    endloop
  endfacet
  facet normal -0.675589 -0.737279 -0
    outer loop
      vertex 8.13173 8.13173 59
      vertex 7.39206 8.80951 0
      vertex 8.13173 8.13173 0
    endloop
  endfacet
  facet normal -0.608762 0.793353 0
    outer loop
      vertex 7.39206 -8.80951 0
      vertex 6.59613 -9.42025 59
      vertex 7.39206 -8.80951 59
    endloop
  endfacet
  facet normal -0.608762 0.793353 0
    outer loop
      vertex 6.59613 -9.42025 59
      vertex 7.39206 -8.80951 0
      vertex 6.59613 -9.42025 0
    endloop
  endfacet
  facet normal 0.95374 0.300632 0
    outer loop
      vertex -10.8065 -3.93323 59
      vertex -11.1081 -2.97642 13.2989
      vertex -11.1081 -2.97642 59
    endloop
  endfacet
  facet normal 0.953922 0.300054 -1.33083e-05
    outer loop
      vertex -11.1081 -2.97642 13.2989
      vertex -10.8065 -3.93323 59
      vertex -11.0837 -3.054 13.1116
    endloop
  endfacet
  facet normal 0.953664 0.300874 3.9558e-06
    outer loop
      vertex -11.0837 -3.054 13.1116
      vertex -10.8065 -3.93323 59
      vertex -11.0568 -3.13926 12.8412
    endloop
  endfacet
  facet normal 0.953911 0.30009 -1.08725e-05
    outer loop
      vertex -11.0568 -3.13926 12.8412
      vertex -10.8065 -3.93323 59
      vertex -11.0375 -3.20062 12.5644
    endloop
  endfacet
  facet normal 0.953513 0.301351 1.10125e-05
    outer loop
      vertex -11.0375 -3.20062 12.5644
      vertex -10.8065 -3.93323 59
      vertex -11.0258 -3.23763 12.2833
    endloop
  endfacet
  facet normal 0.953723 0.300686 1.21838e-07
    outer loop
      vertex -11.0258 -3.23763 12.2833
      vertex -10.8065 -3.93323 59
      vertex -11.0219 -3.25 12
    endloop
  endfacet
  facet normal 0.953897 0.300133 4.91066e-05
    outer loop
      vertex -10.8065 -3.93323 0
      vertex -11.1081 -2.97642 10.7011
      vertex -11.0837 -3.054 10.8884
    endloop
  endfacet
  facet normal 0.953673 0.300845 -1.40791e-05
    outer loop
      vertex -10.8065 -3.93323 0
      vertex -11.0837 -3.054 10.8884
      vertex -11.0568 -3.13926 11.1588
    endloop
  endfacet
  facet normal 0.953878 0.300195 3.66871e-05
    outer loop
      vertex -10.8065 -3.93323 0
      vertex -11.0568 -3.13926 11.1588
      vertex -11.0375 -3.20062 11.4356
    endloop
  endfacet
  facet normal 0.953563 0.301195 -3.36871e-05
    outer loop
      vertex -10.8065 -3.93323 0
      vertex -11.0375 -3.20062 11.4356
      vertex -11.0258 -3.23763 11.7167
    endloop
  endfacet
  facet normal 0.953724 0.300683 -2.76079e-07
    outer loop
      vertex -10.8065 -3.93323 0
      vertex -11.0258 -3.23763 11.7167
      vertex -11.0219 -3.25 12
    endloop
  endfacet
  facet normal 0.95374 0.300632 0
    outer loop
      vertex -11.1081 -2.97642 10.7011
      vertex -10.8065 -3.93323 0
      vertex -11.1081 -2.97642 0
    endloop
  endfacet
  facet normal 0.953726 0.300678 -0
    outer loop
      vertex -10.8065 -3.93323 0
      vertex -11.0219 -3.25 12
      vertex -10.8065 -3.93323 59
    endloop
  endfacet
  facet normal -0.887026 -0.461719 0
    outer loop
      vertex 10.4225 4.86011 0
      vertex 9.95929 5.75 59
      vertex 9.95929 5.75 0
    endloop
  endfacet
  facet normal -0.887026 -0.461719 0
    outer loop
      vertex 9.95929 5.75 59
      vertex 10.4225 4.86011 0
      vertex 10.4225 4.86011 59
    endloop
  endfacet
  facet normal 0.737279 -0.675589 0
    outer loop
      vertex -8.80951 7.39206 59
      vertex -8.13173 8.13173 0
      vertex -8.13173 8.13173 59
    endloop
  endfacet
  facet normal 0.737279 -0.675589 0
    outer loop
      vertex -8.13173 8.13173 0
      vertex -8.80951 7.39206 59
      vertex -8.80951 7.39206 0
    endloop
  endfacet
  facet normal -0.382746 0.923854 0
    outer loop
      vertex 4.86011 -10.4225 0
      vertex 3.93323 -10.8065 59
      vertex 4.86011 -10.4225 59
    endloop
  endfacet
  facet normal -0.382746 0.923854 0
    outer loop
      vertex 3.93323 -10.8065 59
      vertex 4.86011 -10.4225 0
      vertex 3.93323 -10.8065 0
    endloop
  endfacet
  facet normal -0.843393 -0.537297 0
    outer loop
      vertex 9.95929 5.75 0
      vertex 9.42025 6.59613 59
      vertex 9.42025 6.59613 0
    endloop
  endfacet
  facet normal -0.843393 -0.537297 0
    outer loop
      vertex 9.42025 6.59613 59
      vertex 9.95929 5.75 0
      vertex 9.95929 5.75 59
    endloop
  endfacet
  facet normal -0.675589 0.737279 0
    outer loop
      vertex 8.13173 -8.13173 0
      vertex 7.39206 -8.80951 59
      vertex 8.13173 -8.13173 59
    endloop
  endfacet
  facet normal -0.675589 0.737279 0
    outer loop
      vertex 7.39206 -8.80951 59
      vertex 8.13173 -8.13173 0
      vertex 7.39206 -8.80951 0
    endloop
  endfacet
  facet normal 0.923854 -0.382746 0
    outer loop
      vertex -10.8065 3.93323 59
      vertex -10.4225 4.86011 0
      vertex -10.4225 4.86011 59
    endloop
  endfacet
  facet normal 0.923854 -0.382746 0
    outer loop
      vertex -10.4225 4.86011 0
      vertex -10.8065 3.93323 59
      vertex -10.8065 3.93323 0
    endloop
  endfacet
  facet normal -0.130478 -0.991451 0
    outer loop
      vertex 1.00229 11.4562 0
      vertex 1.99695 11.3253 59
      vertex 1.00229 11.4562 59
    endloop
  endfacet
  facet normal -0.130478 -0.991451 -0
    outer loop
      vertex 1.99695 11.3253 59
      vertex 1.00229 11.4562 0
      vertex 1.99695 11.3253 0
    endloop
  endfacet
  facet normal 0.887026 0.461719 0
    outer loop
      vertex -9.95929 -5.75 59
      vertex -10.4225 -4.86011 0
      vertex -10.4225 -4.86011 59
    endloop
  endfacet
  facet normal 0.887026 0.461719 0
    outer loop
      vertex -10.4225 -4.86011 0
      vertex -9.95929 -5.75 59
      vertex -9.95929 -5.75 0
    endloop
  endfacet
  facet normal 0.843393 -0.537297 0
    outer loop
      vertex -9.95929 5.75 59
      vertex -9.42025 6.59613 0
      vertex -9.42025 6.59613 59
    endloop
  endfacet
  facet normal 0.843393 -0.537297 0
    outer loop
      vertex -9.42025 6.59613 0
      vertex -9.95929 5.75 59
      vertex -9.95929 5.75 0
    endloop
  endfacet
  facet normal 0.675589 -0.737279 0
    outer loop
      vertex -8.13173 8.13173 0
      vertex -7.39206 8.80951 59
      vertex -8.13173 8.13173 59
    endloop
  endfacet
  facet normal 0.675589 -0.737279 0
    outer loop
      vertex -7.39206 8.80951 59
      vertex -8.13173 8.13173 0
      vertex -7.39206 8.80951 0
    endloop
  endfacet
  facet normal 0.0436583 0.999047 -0
    outer loop
      vertex 0 -11.5 0
      vertex -1.00229 -11.4562 59
      vertex 0 -11.5 59
    endloop
  endfacet
  facet normal 0.0436583 0.999047 0
    outer loop
      vertex -1.00229 -11.4562 59
      vertex 0 -11.5 0
      vertex -1.00229 -11.4562 0
    endloop
  endfacet
  facet normal 0.382746 -0.923854 0
    outer loop
      vertex -4.86011 10.4225 0
      vertex -3.93323 10.8065 59
      vertex -4.86011 10.4225 59
    endloop
  endfacet
  facet normal 0.382746 -0.923854 0
    outer loop
      vertex -3.93323 10.8065 59
      vertex -4.86011 10.4225 0
      vertex -3.93323 10.8065 0
    endloop
  endfacet
  facet normal -0.130478 0.991451 0
    outer loop
      vertex 1.99695 -11.3253 0
      vertex 1.00229 -11.4562 59
      vertex 1.99695 -11.3253 59
    endloop
  endfacet
  facet normal -0.130478 0.991451 0
    outer loop
      vertex 1.00229 -11.4562 59
      vertex 1.99695 -11.3253 0
      vertex 1.00229 -11.4562 0
    endloop
  endfacet
  facet normal -0.737279 0.675589 0
    outer loop
      vertex 8.13173 -8.13173 0
      vertex 8.80951 -7.39206 59
      vertex 8.80951 -7.39206 0
    endloop
  endfacet
  facet normal -0.737279 0.675589 0
    outer loop
      vertex 8.80951 -7.39206 59
      vertex 8.13173 -8.13173 0
      vertex 8.13173 -8.13173 59
    endloop
  endfacet
  facet normal 0.737279 0.675589 0
    outer loop
      vertex -8.13173 -8.13173 59
      vertex -8.80951 -7.39206 0
      vertex -8.80951 -7.39206 59
    endloop
  endfacet
  facet normal 0.737279 0.675589 0
    outer loop
      vertex -8.80951 -7.39206 0
      vertex -8.13173 -8.13173 59
      vertex -8.13173 -8.13173 0
    endloop
  endfacet
  facet normal 0.976337 0.216254 2.61103e-05
    outer loop
      vertex -11.1081 -2.97642 0
      vertex -11.3253 -1.99695 9.43968
      vertex -11.3049 -2.08906 9.51035
    endloop
  endfacet
  facet normal 0.976243 0.216679 -1.55763e-05
    outer loop
      vertex -11.1081 -2.97642 0
      vertex -11.3049 -2.08906 9.51035
      vertex -11.2585 -2.2981 9.7019
    endloop
  endfacet
  facet normal 0.976359 0.216155 2.28691e-05
    outer loop
      vertex -11.1081 -2.97642 0
      vertex -11.2585 -2.2981 9.7019
      vertex -11.2161 -2.48964 9.91094
    endloop
  endfacet
  facet normal 0.976254 0.216629 -1.54151e-06
    outer loop
      vertex -11.1081 -2.97642 0
      vertex -11.2161 -2.48964 9.91094
      vertex -11.1778 -2.66224 10.1359
    endloop
  endfacet
  facet normal 0.97626 0.216604 -7.15061e-07
    outer loop
      vertex -11.1081 -2.97642 0
      vertex -11.1778 -2.66224 10.1359
      vertex -11.144 -2.81458 10.375
    endloop
  endfacet
  facet normal 0.976332 0.216276 4.65346e-06
    outer loop
      vertex -11.1081 -2.97642 0
      vertex -11.144 -2.81458 10.375
      vertex -11.115 -2.9455 10.6265
    endloop
  endfacet
  facet normal 0.975994 0.217799 -0
    outer loop
      vertex -11.1081 -2.97642 0
      vertex -11.115 -2.9455 10.6265
      vertex -11.1081 -2.97642 10.7011
    endloop
  endfacet
  facet normal 0.976284 0.216494 0
    outer loop
      vertex -11.3253 -1.99695 9.43968
      vertex -11.1081 -2.97642 0
      vertex -11.3253 -1.99695 0
    endloop
  endfacet
  facet normal 0.976284 0.216494 0
    outer loop
      vertex -11.1081 -2.97642 59
      vertex -11.3253 -1.99695 14.5603
      vertex -11.3253 -1.99695 59
    endloop
  endfacet
  facet normal 0.97634 0.216239 -5.88817e-06
    outer loop
      vertex -11.3253 -1.99695 14.5603
      vertex -11.1081 -2.97642 59
      vertex -11.3049 -2.08906 14.4896
    endloop
  endfacet
  facet normal 0.97624 0.21669 3.54787e-06
    outer loop
      vertex -11.3049 -2.08906 14.4896
      vertex -11.1081 -2.97642 59
      vertex -11.2585 -2.2981 14.2981
    endloop
  endfacet
  facet normal 0.976363 0.216137 -5.25515e-06
    outer loop
      vertex -11.2585 -2.2981 14.2981
      vertex -11.1081 -2.97642 59
      vertex -11.2161 -2.48964 14.0891
    endloop
  endfacet
  facet normal 0.976254 0.216631 3.56914e-07
    outer loop
      vertex -11.2161 -2.48964 14.0891
      vertex -11.1081 -2.97642 59
      vertex -11.1778 -2.66224 13.8641
    endloop
  endfacet
  facet normal 0.976259 0.216604 1.66569e-07
    outer loop
      vertex -11.1778 -2.66224 13.8641
      vertex -11.1081 -2.97642 59
      vertex -11.144 -2.81458 13.625
    endloop
  endfacet
  facet normal 0.976334 0.216269 -1.08844e-06
    outer loop
      vertex -11.144 -2.81458 13.625
      vertex -11.1081 -2.97642 59
      vertex -11.115 -2.9455 13.3735
    endloop
  endfacet
  facet normal 0.975994 0.217799 0
    outer loop
      vertex -11.115 -2.9455 13.3735
      vertex -11.1081 -2.97642 59
      vertex -11.1081 -2.97642 13.2989
    endloop
  endfacet
  facet normal 0.999043 0.0437348 0
    outer loop
      vertex -11.4876 -0.283256 8.76237
      vertex -11.5 0 0
      vertex -11.5 0 8.75
    endloop
  endfacet
  facet normal 0.999059 0.043363 2.17994e-05
    outer loop
      vertex -11.4562 -1.00229 0
      vertex -11.4876 -0.283256 8.76237
      vertex -11.4754 -0.564356 8.79937
    endloop
  endfacet
  facet normal 0.999046 0.0436726 6.35868e-06
    outer loop
      vertex -11.4562 -1.00229 0
      vertex -11.4754 -0.564356 8.79937
      vertex -11.4633 -0.841162 8.86074
    endloop
  endfacet
  facet normal 0.999031 0.0440216 -0
    outer loop
      vertex -11.4562 -1.00229 0
      vertex -11.4633 -0.841162 8.86074
      vertex -11.4562 -1.00229 8.91154
    endloop
  endfacet
  facet normal 0.999047 0.0436583 -2.47795e-06
    outer loop
      vertex -11.4876 -0.283256 8.76237
      vertex -11.4562 -1.00229 0
      vertex -11.5 0 0
    endloop
  endfacet
  facet normal 0.999047 0.0436583 0
    outer loop
      vertex -11.4562 -1.00229 59
      vertex -11.5 0 15.25
      vertex -11.5 0 59
    endloop
  endfacet
  facet normal 0.999043 0.0437347 1.75434e-06
    outer loop
      vertex -11.5 0 15.25
      vertex -11.4562 -1.00229 59
      vertex -11.4876 -0.283256 15.2376
    endloop
  endfacet
  facet normal 0.999059 0.0433607 -4.40243e-06
    outer loop
      vertex -11.4876 -0.283256 15.2376
      vertex -11.4562 -1.00229 59
      vertex -11.4754 -0.564356 15.2006
    endloop
  endfacet
  facet normal 0.999046 0.0436715 -1.28871e-06
    outer loop
      vertex -11.4754 -0.564356 15.2006
      vertex -11.4562 -1.00229 59
      vertex -11.4633 -0.841162 15.1393
    endloop
  endfacet
  facet normal 0.999031 0.0440216 0
    outer loop
      vertex -11.4633 -0.841162 15.1393
      vertex -11.4562 -1.00229 59
      vertex -11.4562 -1.00229 15.0885
    endloop
  endfacet
  facet normal 0.130478 -0.991451 0
    outer loop
      vertex -1.99695 11.3253 0
      vertex -1.00229 11.4562 59
      vertex -1.99695 11.3253 59
    endloop
  endfacet
  facet normal 0.130478 -0.991451 0
    outer loop
      vertex -1.00229 11.4562 59
      vertex -1.99695 11.3253 0
      vertex -1.00229 11.4562 0
    endloop
  endfacet
  facet normal 0.0436583 -0.999047 0
    outer loop
      vertex -1.00229 11.4562 0
      vertex 0 11.5 59
      vertex -1.00229 11.4562 59
    endloop
  endfacet
  facet normal 0.0436583 -0.999047 0
    outer loop
      vertex 0 11.5 59
      vertex -1.00229 11.4562 0
      vertex 0 11.5 0
    endloop
  endfacet
  facet normal 0.887026 -0.461719 0
    outer loop
      vertex -10.4225 4.86011 59
      vertex -9.95929 5.75 0
      vertex -9.95929 5.75 59
    endloop
  endfacet
  facet normal 0.887026 -0.461719 0
    outer loop
      vertex -9.95929 5.75 0
      vertex -10.4225 4.86011 59
      vertex -10.4225 4.86011 0
    endloop
  endfacet
  facet normal 0.537297 0.843393 -0
    outer loop
      vertex -5.75 -9.95929 0
      vertex -6.59613 -9.42025 59
      vertex -5.75 -9.95929 59
    endloop
  endfacet
  facet normal 0.537297 0.843393 0
    outer loop
      vertex -6.59613 -9.42025 59
      vertex -5.75 -9.95929 0
      vertex -6.59613 -9.42025 0
    endloop
  endfacet
  facet normal 0.843393 0.537297 0
    outer loop
      vertex -9.42025 -6.59613 59
      vertex -9.95929 -5.75 0
      vertex -9.95929 -5.75 59
    endloop
  endfacet
  facet normal 0.843393 0.537297 0
    outer loop
      vertex -9.95929 -5.75 0
      vertex -9.42025 -6.59613 59
      vertex -9.42025 -6.59613 0
    endloop
  endfacet
  facet normal 0.975994 -0.217799 0
    outer loop
      vertex -11.115 2.9455 10.6265
      vertex -11.1081 2.97642 0
      vertex -11.1081 2.97642 10.7011
    endloop
  endfacet
  facet normal 0.976332 -0.216276 4.65346e-06
    outer loop
      vertex -11.144 2.81458 10.375
      vertex -11.1081 2.97642 0
      vertex -11.115 2.9455 10.6265
    endloop
  endfacet
  facet normal 0.97626 -0.216604 -7.15061e-07
    outer loop
      vertex -11.1778 2.66224 10.1359
      vertex -11.1081 2.97642 0
      vertex -11.144 2.81458 10.375
    endloop
  endfacet
  facet normal 0.976254 -0.216629 -1.54151e-06
    outer loop
      vertex -11.2161 2.48964 9.91094
      vertex -11.1081 2.97642 0
      vertex -11.1778 2.66224 10.1359
    endloop
  endfacet
  facet normal 0.976359 -0.216155 2.28691e-05
    outer loop
      vertex -11.2585 2.2981 9.7019
      vertex -11.1081 2.97642 0
      vertex -11.2161 2.48964 9.91094
    endloop
  endfacet
  facet normal 0.976243 -0.216679 -1.55763e-05
    outer loop
      vertex -11.3049 2.08906 9.51035
      vertex -11.1081 2.97642 0
      vertex -11.2585 2.2981 9.7019
    endloop
  endfacet
  facet normal 0.976337 -0.216254 2.61103e-05
    outer loop
      vertex -11.3253 1.99695 9.43968
      vertex -11.1081 2.97642 0
      vertex -11.3049 2.08906 9.51035
    endloop
  endfacet
  facet normal 0.976284 -0.216494 0
    outer loop
      vertex -11.1081 2.97642 0
      vertex -11.3253 1.99695 9.43968
      vertex -11.3253 1.99695 0
    endloop
  endfacet
  facet normal 0.975994 -0.217799 0
    outer loop
      vertex -11.1081 2.97642 59
      vertex -11.115 2.9455 13.3735
      vertex -11.1081 2.97642 13.2989
    endloop
  endfacet
  facet normal 0.976334 -0.216269 -1.08844e-06
    outer loop
      vertex -11.1081 2.97642 59
      vertex -11.144 2.81458 13.625
      vertex -11.115 2.9455 13.3735
    endloop
  endfacet
  facet normal 0.976259 -0.216604 1.66569e-07
    outer loop
      vertex -11.1081 2.97642 59
      vertex -11.1778 2.66224 13.8641
      vertex -11.144 2.81458 13.625
    endloop
  endfacet
  facet normal 0.976254 -0.216631 3.56914e-07
    outer loop
      vertex -11.1081 2.97642 59
      vertex -11.2161 2.48964 14.0891
      vertex -11.1778 2.66224 13.8641
    endloop
  endfacet
  facet normal 0.976363 -0.216137 -5.25515e-06
    outer loop
      vertex -11.1081 2.97642 59
      vertex -11.2585 2.2981 14.2981
      vertex -11.2161 2.48964 14.0891
    endloop
  endfacet
  facet normal 0.97624 -0.21669 3.54787e-06
    outer loop
      vertex -11.1081 2.97642 59
      vertex -11.3049 2.08906 14.4896
      vertex -11.2585 2.2981 14.2981
    endloop
  endfacet
  facet normal 0.976284 -0.216494 0
    outer loop
      vertex -11.3253 1.99695 14.5603
      vertex -11.1081 2.97642 59
      vertex -11.3253 1.99695 59
    endloop
  endfacet
  facet normal 0.97634 -0.216239 -5.88817e-06
    outer loop
      vertex -11.1081 2.97642 59
      vertex -11.3253 1.99695 14.5603
      vertex -11.3049 2.08906 14.4896
    endloop
  endfacet
  facet normal 0.991433 -0.130619 0
    outer loop
      vertex -11.3428 1.86412 9.33776
      vertex -11.3253 1.99695 0
      vertex -11.3253 1.99695 9.43968
    endloop
  endfacet
  facet normal 0.991435 -0.130605 2.00216e-07
    outer loop
      vertex -11.3743 1.625 9.18542
      vertex -11.3253 1.99695 0
      vertex -11.3428 1.86412 9.33776
    endloop
  endfacet
  facet normal 0.991449 -0.130493 4.81909e-06
    outer loop
      vertex -11.4074 1.37351 9.0545
      vertex -11.3253 1.99695 0
      vertex -11.3743 1.625 9.18542
    endloop
  endfacet
  facet normal 0.991438 -0.130576 -1.05058e-06
    outer loop
      vertex -11.4419 1.11156 8.946
      vertex -11.3253 1.99695 0
      vertex -11.4074 1.37351 9.0545
    endloop
  endfacet
  facet normal 0.991542 -0.129786 7.84989e-05
    outer loop
      vertex -11.4562 1.00229 8.91154
      vertex -11.3253 1.99695 0
      vertex -11.4419 1.11156 8.946
    endloop
  endfacet
  facet normal 0.991451 -0.130478 0
    outer loop
      vertex -11.3253 1.99695 0
      vertex -11.4562 1.00229 8.91154
      vertex -11.4562 1.00229 0
    endloop
  endfacet
  facet normal 0.991433 -0.130619 0
    outer loop
      vertex -11.3253 1.99695 59
      vertex -11.3428 1.86412 14.6622
      vertex -11.3253 1.99695 14.5603
    endloop
  endfacet
  facet normal 0.991435 -0.130605 -4.24675e-08
    outer loop
      vertex -11.3253 1.99695 59
      vertex -11.3743 1.625 14.8146
      vertex -11.3428 1.86412 14.6622
    endloop
  endfacet
  facet normal 0.99145 -0.130491 -1.01847e-06
    outer loop
      vertex -11.3253 1.99695 59
      vertex -11.4074 1.37351 14.9455
      vertex -11.3743 1.625 14.8146
    endloop
  endfacet
  facet normal 0.991438 -0.130577 2.2079e-07
    outer loop
      vertex -11.3253 1.99695 59
      vertex -11.4419 1.11156 15.054
      vertex -11.4074 1.37351 14.9455
    endloop
  endfacet
  facet normal 0.991451 -0.130478 0
    outer loop
      vertex -11.4562 1.00229 15.0885
      vertex -11.3253 1.99695 59
      vertex -11.4562 1.00229 59
    endloop
  endfacet
  facet normal 0.991545 -0.129767 -1.63745e-05
    outer loop
      vertex -11.3253 1.99695 59
      vertex -11.4562 1.00229 15.0885
      vertex -11.4419 1.11156 15.054
    endloop
  endfacet
  facet normal -0.300632 -0.95374 0
    outer loop
      vertex 2.97642 11.1081 0
      vertex 3.93323 10.8065 59
      vertex 2.97642 11.1081 59
    endloop
  endfacet
  facet normal -0.300632 -0.95374 -0
    outer loop
      vertex 3.93323 10.8065 59
      vertex 2.97642 11.1081 0
      vertex 3.93323 10.8065 0
    endloop
  endfacet
  facet normal 0.999031 -0.0440216 0
    outer loop
      vertex -11.4633 0.841162 8.86074
      vertex -11.4562 1.00229 0
      vertex -11.4562 1.00229 8.91154
    endloop
  endfacet
  facet normal 0.999046 -0.0436726 6.35868e-06
    outer loop
      vertex -11.4754 0.564356 8.79937
      vertex -11.4562 1.00229 0
      vertex -11.4633 0.841162 8.86074
    endloop
  endfacet
  facet normal 0.999059 -0.043363 2.17994e-05
    outer loop
      vertex -11.4876 0.283256 8.76237
      vertex -11.4562 1.00229 0
      vertex -11.4754 0.564356 8.79937
    endloop
  endfacet
  facet normal 0.999043 -0.0437348 0
    outer loop
      vertex -11.5 0 0
      vertex -11.4876 0.283256 8.76237
      vertex -11.5 0 8.75
    endloop
  endfacet
  facet normal 0.999047 -0.0436583 -2.47795e-06
    outer loop
      vertex -11.4876 0.283256 8.76237
      vertex -11.5 0 0
      vertex -11.4562 1.00229 0
    endloop
  endfacet
  facet normal 0.999031 -0.0440216 0
    outer loop
      vertex -11.4562 1.00229 59
      vertex -11.4633 0.841162 15.1393
      vertex -11.4562 1.00229 15.0885
    endloop
  endfacet
  facet normal 0.999046 -0.0436715 -1.28871e-06
    outer loop
      vertex -11.4562 1.00229 59
      vertex -11.4754 0.564356 15.2006
      vertex -11.4633 0.841162 15.1393
    endloop
  endfacet
  facet normal 0.999059 -0.0433607 -4.40243e-06
    outer loop
      vertex -11.4562 1.00229 59
      vertex -11.4876 0.283256 15.2376
      vertex -11.4754 0.564356 15.2006
    endloop
  endfacet
  facet normal 0.999047 -0.0436583 0
    outer loop
      vertex -11.5 0 15.25
      vertex -11.4562 1.00229 59
      vertex -11.5 0 59
    endloop
  endfacet
  facet normal 0.999043 -0.0437347 1.75434e-06
    outer loop
      vertex -11.4562 1.00229 59
      vertex -11.5 0 15.25
      vertex -11.4876 0.283256 15.2376
    endloop
  endfacet
  facet normal -0.923854 0.382746 0
    outer loop
      vertex 10.4225 -4.86011 0
      vertex 10.8065 -3.93323 59
      vertex 10.8065 -3.93323 0
    endloop
  endfacet
  facet normal -0.923854 0.382746 0
    outer loop
      vertex 10.8065 -3.93323 59
      vertex 10.4225 -4.86011 0
      vertex 10.4225 -4.86011 59
    endloop
  endfacet
  facet normal -0.95374 0.300632 0
    outer loop
      vertex 10.8065 -3.93323 0
      vertex 11.1081 -2.97642 10.7011
      vertex 11.1081 -2.97642 0
    endloop
  endfacet
  facet normal -0.953897 0.300133 4.91066e-05
    outer loop
      vertex 11.1081 -2.97642 10.7011
      vertex 10.8065 -3.93323 0
      vertex 11.0837 -3.054 10.8884
    endloop
  endfacet
  facet normal -0.953673 0.300845 -1.40791e-05
    outer loop
      vertex 11.0837 -3.054 10.8884
      vertex 10.8065 -3.93323 0
      vertex 11.0568 -3.13926 11.1588
    endloop
  endfacet
  facet normal -0.953878 0.300195 3.66871e-05
    outer loop
      vertex 11.0568 -3.13926 11.1588
      vertex 10.8065 -3.93323 0
      vertex 11.0375 -3.20062 11.4356
    endloop
  endfacet
  facet normal -0.953563 0.301195 -3.36871e-05
    outer loop
      vertex 11.0375 -3.20062 11.4356
      vertex 10.8065 -3.93323 0
      vertex 11.0258 -3.23763 11.7167
    endloop
  endfacet
  facet normal -0.953724 0.300683 -2.76079e-07
    outer loop
      vertex 11.0258 -3.23763 11.7167
      vertex 10.8065 -3.93323 0
      vertex 11.0219 -3.25 12
    endloop
  endfacet
  facet normal -0.953922 0.300054 -1.33083e-05
    outer loop
      vertex 10.8065 -3.93323 59
      vertex 11.1081 -2.97642 13.2989
      vertex 11.0837 -3.054 13.1116
    endloop
  endfacet
  facet normal -0.953664 0.300874 3.9558e-06
    outer loop
      vertex 10.8065 -3.93323 59
      vertex 11.0837 -3.054 13.1116
      vertex 11.0568 -3.13926 12.8412
    endloop
  endfacet
  facet normal -0.953911 0.30009 -1.08725e-05
    outer loop
      vertex 10.8065 -3.93323 59
      vertex 11.0568 -3.13926 12.8412
      vertex 11.0375 -3.20062 12.5644
    endloop
  endfacet
  facet normal -0.953513 0.301351 1.10125e-05
    outer loop
      vertex 10.8065 -3.93323 59
      vertex 11.0375 -3.20062 12.5644
      vertex 11.0258 -3.23763 12.2833
    endloop
  endfacet
  facet normal -0.953723 0.300686 1.21838e-07
    outer loop
      vertex 10.8065 -3.93323 59
      vertex 11.0258 -3.23763 12.2833
      vertex 11.0219 -3.25 12
    endloop
  endfacet
  facet normal -0.953726 0.300678 0
    outer loop
      vertex 10.8065 -3.93323 59
      vertex 11.0219 -3.25 12
      vertex 10.8065 -3.93323 0
    endloop
  endfacet
  facet normal -0.95374 0.300632 0
    outer loop
      vertex 11.1081 -2.97642 13.2989
      vertex 10.8065 -3.93323 59
      vertex 11.1081 -2.97642 59
    endloop
  endfacet
  facet normal 0.461719 0.887026 -0
    outer loop
      vertex -4.86011 -10.4225 0
      vertex -5.75 -9.95929 59
      vertex -4.86011 -10.4225 59
    endloop
  endfacet
  facet normal 0.461719 0.887026 0
    outer loop
      vertex -5.75 -9.95929 59
      vertex -4.86011 -10.4225 0
      vertex -5.75 -9.95929 0
    endloop
  endfacet
  facet normal -0.991443 0 -0.130538
    outer loop
      vertex 44.2338 -16.4 40.3704
      vertex 44.1854 -10.4 40.738
      vertex 44.2338 -10.4 40.3704
    endloop
  endfacet
  facet normal -0.991443 -0 -0.130538
    outer loop
      vertex 44.1854 -10.4 40.738
      vertex 44.2338 -16.4 40.3704
      vertex 44.1854 -16.4 40.738
    endloop
  endfacet
  facet normal -0.991443 0 -0.130538
    outer loop
      vertex 44.2338 4.4 40.3704
      vertex 44.1854 10.4 40.738
      vertex 44.2338 10.4 40.3704
    endloop
  endfacet
  facet normal -0.991443 -0 -0.130538
    outer loop
      vertex 44.1854 10.4 40.738
      vertex 44.2338 4.4 40.3704
      vertex 44.1854 4.4 40.738
    endloop
  endfacet
  facet normal -0.999045 0 -0.0436947
    outer loop
      vertex 44.25 -16.4 40
      vertex 44.2338 -10.4 40.3704
      vertex 44.25 -10.4 40
    endloop
  endfacet
  facet normal -0.999045 -0 -0.0436947
    outer loop
      vertex 44.2338 -10.4 40.3704
      vertex 44.25 -16.4 40
      vertex 44.2338 -16.4 40.3704
    endloop
  endfacet
  facet normal -0.999045 0 -0.0436947
    outer loop
      vertex 44.25 4.4 40
      vertex 44.2338 10.4 40.3704
      vertex 44.25 10.4 40
    endloop
  endfacet
  facet normal -0.999045 -0 -0.0436947
    outer loop
      vertex 44.2338 10.4 40.3704
      vertex 44.25 4.4 40
      vertex 44.2338 4.4 40.3704
    endloop
  endfacet
  facet normal -0.976326 0 -0.216302
    outer loop
      vertex 44.1854 -16.4 40.738
      vertex 44.1052 -10.4 41.1
      vertex 44.1854 -10.4 40.738
    endloop
  endfacet
  facet normal -0.976326 -0 -0.216302
    outer loop
      vertex 44.1052 -10.4 41.1
      vertex 44.1854 -16.4 40.738
      vertex 44.1052 -16.4 41.1
    endloop
  endfacet
  facet normal -0.976326 0 -0.216302
    outer loop
      vertex 44.1854 4.4 40.738
      vertex 44.1052 10.4 41.1
      vertex 44.1854 10.4 40.738
    endloop
  endfacet
  facet normal -0.976326 -0 -0.216302
    outer loop
      vertex 44.1052 10.4 41.1
      vertex 44.1854 4.4 40.738
      vertex 44.1052 4.4 41.1
    endloop
  endfacet
  facet normal 0.537277 0 -0.843406
    outer loop
      vertex 37.5623 -16.4 43.4814
      vertex 37.875 -10.4 43.6806
      vertex 37.875 -16.4 43.6806
    endloop
  endfacet
  facet normal 0.537277 0 -0.843406
    outer loop
      vertex 37.875 -10.4 43.6806
      vertex 37.5623 -16.4 43.4814
      vertex 37.5623 -10.4 43.4814
    endloop
  endfacet
  facet normal 0.537277 0 -0.843406
    outer loop
      vertex 37.5623 4.4 43.4814
      vertex 37.875 10.4 43.6806
      vertex 37.875 4.4 43.6806
    endloop
  endfacet
  facet normal 0.537277 0 -0.843406
    outer loop
      vertex 37.875 10.4 43.6806
      vertex 37.5623 4.4 43.4814
      vertex 37.5623 10.4 43.4814
    endloop
  endfacet
  facet normal -0.675554 0 -0.737311
    outer loop
      vertex 42.7318 -16.4 43.2557
      vertex 43.0052 -10.4 43.0052
      vertex 43.0052 -16.4 43.0052
    endloop
  endfacet
  facet normal -0.675554 0 -0.737311
    outer loop
      vertex 43.0052 -10.4 43.0052
      vertex 42.7318 -16.4 43.2557
      vertex 42.7318 -10.4 43.2557
    endloop
  endfacet
  facet normal -0.675554 0 -0.737311
    outer loop
      vertex 42.7318 4.4 43.2557
      vertex 43.0052 10.4 43.0052
      vertex 43.0052 4.4 43.0052
    endloop
  endfacet
  facet normal -0.675554 0 -0.737311
    outer loop
      vertex 43.0052 10.4 43.0052
      vertex 42.7318 4.4 43.2557
      vertex 42.7318 10.4 43.2557
    endloop
  endfacet
  facet normal 0.887027 0 -0.461718
    outer loop
      vertex 36.3194 -16.4 42.125
      vertex 36.1482 -10.4 41.7961
      vertex 36.3194 -10.4 42.125
    endloop
  endfacet
  facet normal 0.887027 0 -0.461718
    outer loop
      vertex 36.1482 -10.4 41.7961
      vertex 36.3194 -16.4 42.125
      vertex 36.1482 -16.4 41.7961
    endloop
  endfacet
  facet normal 0.887027 0 -0.461718
    outer loop
      vertex 36.3194 4.4 42.125
      vertex 36.1482 10.4 41.7961
      vertex 36.3194 10.4 42.125
    endloop
  endfacet
  facet normal 0.887027 0 -0.461718
    outer loop
      vertex 36.1482 10.4 41.7961
      vertex 36.3194 4.4 42.125
      vertex 36.1482 4.4 41.7961
    endloop
  endfacet
  facet normal -0.887027 0 -0.461718
    outer loop
      vertex 43.8518 -16.4 41.7961
      vertex 43.6806 -10.4 42.125
      vertex 43.8518 -10.4 41.7961
    endloop
  endfacet
  facet normal -0.887027 -0 -0.461718
    outer loop
      vertex 43.6806 -10.4 42.125
      vertex 43.8518 -16.4 41.7961
      vertex 43.6806 -16.4 42.125
    endloop
  endfacet
  facet normal -0.887027 0 -0.461718
    outer loop
      vertex 43.8518 4.4 41.7961
      vertex 43.6806 10.4 42.125
      vertex 43.8518 10.4 41.7961
    endloop
  endfacet
  facet normal -0.887027 -0 -0.461718
    outer loop
      vertex 43.6806 10.4 42.125
      vertex 43.8518 4.4 41.7961
      vertex 43.6806 4.4 42.125
    endloop
  endfacet
  facet normal -0.537277 0 0.843406
    outer loop
      vertex 42.125 -10.4 36.3194
      vertex 42.4377 -16.4 36.5186
      vertex 42.4377 -10.4 36.5186
    endloop
  endfacet
  facet normal -0.537277 0 0.843406
    outer loop
      vertex 42.4377 -16.4 36.5186
      vertex 42.125 -10.4 36.3194
      vertex 42.125 -16.4 36.3194
    endloop
  endfacet
  facet normal -0.537277 0 0.843406
    outer loop
      vertex 42.125 10.4 36.3194
      vertex 42.4377 4.4 36.5186
      vertex 42.4377 10.4 36.5186
    endloop
  endfacet
  facet normal -0.537277 0 0.843406
    outer loop
      vertex 42.4377 4.4 36.5186
      vertex 42.125 10.4 36.3194
      vertex 42.125 4.4 36.3194
    endloop
  endfacet
  facet normal -0.923849 0 -0.382757
    outer loop
      vertex 43.9937 -16.4 41.4536
      vertex 43.8518 -10.4 41.7961
      vertex 43.9937 -10.4 41.4536
    endloop
  endfacet
  facet normal -0.923849 -0 -0.382757
    outer loop
      vertex 43.8518 -10.4 41.7961
      vertex 43.9937 -16.4 41.4536
      vertex 43.8518 -16.4 41.7961
    endloop
  endfacet
  facet normal -0.923849 0 -0.382757
    outer loop
      vertex 43.9937 4.4 41.4536
      vertex 43.8518 10.4 41.7961
      vertex 43.9937 10.4 41.4536
    endloop
  endfacet
  facet normal -0.923849 -0 -0.382757
    outer loop
      vertex 43.8518 10.4 41.7961
      vertex 43.9937 4.4 41.4536
      vertex 43.8518 4.4 41.7961
    endloop
  endfacet
  facet normal 0.537277 0 0.843406
    outer loop
      vertex 37.5623 -10.4 36.5186
      vertex 37.875 -16.4 36.3194
      vertex 37.875 -10.4 36.3194
    endloop
  endfacet
  facet normal 0.537277 0 0.843406
    outer loop
      vertex 37.875 -16.4 36.3194
      vertex 37.5623 -10.4 36.5186
      vertex 37.5623 -16.4 36.5186
    endloop
  endfacet
  facet normal 0.537277 0 0.843406
    outer loop
      vertex 37.5623 10.4 36.5186
      vertex 37.875 4.4 36.3194
      vertex 37.875 10.4 36.3194
    endloop
  endfacet
  facet normal 0.537277 0 0.843406
    outer loop
      vertex 37.875 4.4 36.3194
      vertex 37.5623 10.4 36.5186
      vertex 37.5623 4.4 36.5186
    endloop
  endfacet
  facet normal -0.382757 0 -0.923849
    outer loop
      vertex 41.4536 -16.4 43.9937
      vertex 41.7961 -10.4 43.8518
      vertex 41.7961 -16.4 43.8518
    endloop
  endfacet
  facet normal -0.382757 0 -0.923849
    outer loop
      vertex 41.7961 -10.4 43.8518
      vertex 41.4536 -16.4 43.9937
      vertex 41.4536 -10.4 43.9937
    endloop
  endfacet
  facet normal -0.382757 0 -0.923849
    outer loop
      vertex 41.4536 4.4 43.9937
      vertex 41.7961 10.4 43.8518
      vertex 41.7961 4.4 43.8518
    endloop
  endfacet
  facet normal -0.382757 0 -0.923849
    outer loop
      vertex 41.7961 10.4 43.8518
      vertex 41.4536 4.4 43.9937
      vertex 41.4536 10.4 43.9937
    endloop
  endfacet
  facet normal 0.737311 0 -0.675554
    outer loop
      vertex 36.9948 -16.4 43.0052
      vertex 36.7443 -10.4 42.7318
      vertex 36.9948 -10.4 43.0052
    endloop
  endfacet
  facet normal 0.737311 0 -0.675554
    outer loop
      vertex 36.7443 -10.4 42.7318
      vertex 36.9948 -16.4 43.0052
      vertex 36.7443 -16.4 42.7318
    endloop
  endfacet
  facet normal 0.737311 0 -0.675554
    outer loop
      vertex 36.9948 4.4 43.0052
      vertex 36.7443 10.4 42.7318
      vertex 36.9948 10.4 43.0052
    endloop
  endfacet
  facet normal 0.737311 0 -0.675554
    outer loop
      vertex 36.7443 10.4 42.7318
      vertex 36.9948 4.4 43.0052
      vertex 36.7443 4.4 42.7318
    endloop
  endfacet
  facet normal -0.608811 0 0.793315
    outer loop
      vertex 42.4377 -10.4 36.5186
      vertex 42.7318 -16.4 36.7443
      vertex 42.7318 -10.4 36.7443
    endloop
  endfacet
  facet normal -0.608811 0 0.793315
    outer loop
      vertex 42.7318 -16.4 36.7443
      vertex 42.4377 -10.4 36.5186
      vertex 42.4377 -16.4 36.5186
    endloop
  endfacet
  facet normal -0.608811 0 0.793315
    outer loop
      vertex 42.4377 10.4 36.5186
      vertex 42.7318 4.4 36.7443
      vertex 42.7318 10.4 36.7443
    endloop
  endfacet
  facet normal -0.608811 0 0.793315
    outer loop
      vertex 42.7318 4.4 36.7443
      vertex 42.4377 10.4 36.5186
      vertex 42.4377 4.4 36.5186
    endloop
  endfacet
  facet normal 0.923849 -0 0.382757
    outer loop
      vertex 36.0063 -16.4 38.5464
      vertex 36.1482 -10.4 38.2039
      vertex 36.0063 -10.4 38.5464
    endloop
  endfacet
  facet normal 0.923849 0 0.382757
    outer loop
      vertex 36.1482 -10.4 38.2039
      vertex 36.0063 -16.4 38.5464
      vertex 36.1482 -16.4 38.2039
    endloop
  endfacet
  facet normal 0.923849 -0 0.382757
    outer loop
      vertex 36.0063 4.4 38.5464
      vertex 36.1482 10.4 38.2039
      vertex 36.0063 10.4 38.5464
    endloop
  endfacet
  facet normal 0.923849 0 0.382757
    outer loop
      vertex 36.1482 10.4 38.2039
      vertex 36.0063 4.4 38.5464
      vertex 36.1482 4.4 38.2039
    endloop
  endfacet
  facet normal -0.843406 0 0.537277
    outer loop
      vertex 43.4814 -16.4 37.5623
      vertex 43.6806 -10.4 37.875
      vertex 43.4814 -10.4 37.5623
    endloop
  endfacet
  facet normal -0.843406 0 0.537277
    outer loop
      vertex 43.6806 -10.4 37.875
      vertex 43.4814 -16.4 37.5623
      vertex 43.6806 -16.4 37.875
    endloop
  endfacet
  facet normal -0.843406 0 0.537277
    outer loop
      vertex 43.4814 4.4 37.5623
      vertex 43.6806 10.4 37.875
      vertex 43.4814 10.4 37.5623
    endloop
  endfacet
  facet normal -0.843406 0 0.537277
    outer loop
      vertex 43.6806 10.4 37.875
      vertex 43.4814 4.4 37.5623
      vertex 43.6806 4.4 37.875
    endloop
  endfacet
  facet normal -0.216302 0 0.976326
    outer loop
      vertex 40.738 -10.4 35.8146
      vertex 41.1 -16.4 35.8948
      vertex 41.1 -10.4 35.8948
    endloop
  endfacet
  facet normal -0.216302 0 0.976326
    outer loop
      vertex 41.1 -16.4 35.8948
      vertex 40.738 -10.4 35.8146
      vertex 40.738 -16.4 35.8146
    endloop
  endfacet
  facet normal -0.216302 0 0.976326
    outer loop
      vertex 40.738 10.4 35.8146
      vertex 41.1 4.4 35.8948
      vertex 41.1 10.4 35.8948
    endloop
  endfacet
  facet normal -0.216302 0 0.976326
    outer loop
      vertex 41.1 4.4 35.8948
      vertex 40.738 10.4 35.8146
      vertex 40.738 4.4 35.8146
    endloop
  endfacet
  facet normal -0.991443 0 0.130538
    outer loop
      vertex 44.1854 -16.4 39.262
      vertex 44.2338 -10.4 39.6296
      vertex 44.1854 -10.4 39.262
    endloop
  endfacet
  facet normal -0.991443 0 0.130538
    outer loop
      vertex 44.2338 -10.4 39.6296
      vertex 44.1854 -16.4 39.262
      vertex 44.2338 -16.4 39.6296
    endloop
  endfacet
  facet normal -0.991443 0 0.130538
    outer loop
      vertex 44.1854 4.4 39.262
      vertex 44.2338 10.4 39.6296
      vertex 44.1854 10.4 39.262
    endloop
  endfacet
  facet normal -0.991443 0 0.130538
    outer loop
      vertex 44.2338 10.4 39.6296
      vertex 44.1854 4.4 39.262
      vertex 44.2338 4.4 39.6296
    endloop
  endfacet
  facet normal -0.887027 0 0.461718
    outer loop
      vertex 43.6806 -16.4 37.875
      vertex 43.8518 -10.4 38.2039
      vertex 43.6806 -10.4 37.875
    endloop
  endfacet
  facet normal -0.887027 0 0.461718
    outer loop
      vertex 43.8518 -10.4 38.2039
      vertex 43.6806 -16.4 37.875
      vertex 43.8518 -16.4 38.2039
    endloop
  endfacet
  facet normal -0.887027 0 0.461718
    outer loop
      vertex 43.6806 4.4 37.875
      vertex 43.8518 10.4 38.2039
      vertex 43.6806 10.4 37.875
    endloop
  endfacet
  facet normal -0.887027 0 0.461718
    outer loop
      vertex 43.8518 10.4 38.2039
      vertex 43.6806 4.4 37.875
      vertex 43.8518 4.4 38.2039
    endloop
  endfacet
  facet normal 0.461718 0 -0.887027
    outer loop
      vertex 37.875 -16.4 43.6806
      vertex 38.2039 -10.4 43.8518
      vertex 38.2039 -16.4 43.8518
    endloop
  endfacet
  facet normal 0.461718 0 -0.887027
    outer loop
      vertex 38.2039 -10.4 43.8518
      vertex 37.875 -16.4 43.6806
      vertex 37.875 -10.4 43.6806
    endloop
  endfacet
  facet normal 0.461718 0 -0.887027
    outer loop
      vertex 37.875 4.4 43.6806
      vertex 38.2039 10.4 43.8518
      vertex 38.2039 4.4 43.8518
    endloop
  endfacet
  facet normal 0.461718 0 -0.887027
    outer loop
      vertex 38.2039 10.4 43.8518
      vertex 37.875 4.4 43.6806
      vertex 37.875 10.4 43.6806
    endloop
  endfacet
  facet normal -0.537277 0 -0.843406
    outer loop
      vertex 42.125 -16.4 43.6806
      vertex 42.4377 -10.4 43.4814
      vertex 42.4377 -16.4 43.4814
    endloop
  endfacet
  facet normal -0.537277 0 -0.843406
    outer loop
      vertex 42.4377 -10.4 43.4814
      vertex 42.125 -16.4 43.6806
      vertex 42.125 -10.4 43.6806
    endloop
  endfacet
  facet normal -0.537277 0 -0.843406
    outer loop
      vertex 42.125 4.4 43.6806
      vertex 42.4377 10.4 43.4814
      vertex 42.4377 4.4 43.4814
    endloop
  endfacet
  facet normal -0.537277 0 -0.843406
    outer loop
      vertex 42.4377 10.4 43.4814
      vertex 42.125 4.4 43.6806
      vertex 42.125 10.4 43.6806
    endloop
  endfacet
  facet normal -0.953709 0 -0.300731
    outer loop
      vertex 44.1052 -16.4 41.1
      vertex 43.9937 -10.4 41.4536
      vertex 44.1052 -10.4 41.1
    endloop
  endfacet
  facet normal -0.953709 -0 -0.300731
    outer loop
      vertex 43.9937 -10.4 41.4536
      vertex 44.1052 -16.4 41.1
      vertex 43.9937 -16.4 41.4536
    endloop
  endfacet
  facet normal -0.953709 0 -0.300731
    outer loop
      vertex 44.1052 4.4 41.1
      vertex 43.9937 10.4 41.4536
      vertex 44.1052 10.4 41.1
    endloop
  endfacet
  facet normal -0.953709 -0 -0.300731
    outer loop
      vertex 43.9937 10.4 41.4536
      vertex 44.1052 4.4 41.1
      vertex 43.9937 4.4 41.4536
    endloop
  endfacet
  facet normal 0.0436947 0 0.999045
    outer loop
      vertex 39.6296 -10.4 35.7662
      vertex 40 -16.4 35.75
      vertex 40 -10.4 35.75
    endloop
  endfacet
  facet normal 0.0436947 0 0.999045
    outer loop
      vertex 40 -16.4 35.75
      vertex 39.6296 -10.4 35.7662
      vertex 39.6296 -16.4 35.7662
    endloop
  endfacet
  facet normal 0.0436947 0 0.999045
    outer loop
      vertex 39.6296 10.4 35.7662
      vertex 40 4.4 35.75
      vertex 40 10.4 35.75
    endloop
  endfacet
  facet normal 0.0436947 0 0.999045
    outer loop
      vertex 40 4.4 35.75
      vertex 39.6296 10.4 35.7662
      vertex 39.6296 4.4 35.7662
    endloop
  endfacet
  facet normal -0.793315 0 -0.608811
    outer loop
      vertex 43.4814 -16.4 42.4377
      vertex 43.2557 -10.4 42.7318
      vertex 43.4814 -10.4 42.4377
    endloop
  endfacet
  facet normal -0.793315 -0 -0.608811
    outer loop
      vertex 43.2557 -10.4 42.7318
      vertex 43.4814 -16.4 42.4377
      vertex 43.2557 -16.4 42.7318
    endloop
  endfacet
  facet normal -0.793315 0 -0.608811
    outer loop
      vertex 43.4814 4.4 42.4377
      vertex 43.2557 10.4 42.7318
      vertex 43.4814 10.4 42.4377
    endloop
  endfacet
  facet normal -0.793315 -0 -0.608811
    outer loop
      vertex 43.2557 10.4 42.7318
      vertex 43.4814 4.4 42.4377
      vertex 43.2557 4.4 42.7318
    endloop
  endfacet
  facet normal -0.608811 0 -0.793315
    outer loop
      vertex 42.4377 -16.4 43.4814
      vertex 42.7318 -10.4 43.2557
      vertex 42.7318 -16.4 43.2557
    endloop
  endfacet
  facet normal -0.608811 0 -0.793315
    outer loop
      vertex 42.7318 -10.4 43.2557
      vertex 42.4377 -16.4 43.4814
      vertex 42.4377 -10.4 43.4814
    endloop
  endfacet
  facet normal -0.608811 0 -0.793315
    outer loop
      vertex 42.4377 4.4 43.4814
      vertex 42.7318 10.4 43.2557
      vertex 42.7318 4.4 43.2557
    endloop
  endfacet
  facet normal -0.608811 0 -0.793315
    outer loop
      vertex 42.7318 10.4 43.2557
      vertex 42.4377 4.4 43.4814
      vertex 42.4377 10.4 43.4814
    endloop
  endfacet
  facet normal 0.130538 0 0.991443
    outer loop
      vertex 39.262 -10.4 35.8146
      vertex 39.6296 -16.4 35.7662
      vertex 39.6296 -10.4 35.7662
    endloop
  endfacet
  facet normal 0.130538 0 0.991443
    outer loop
      vertex 39.6296 -16.4 35.7662
      vertex 39.262 -10.4 35.8146
      vertex 39.262 -16.4 35.8146
    endloop
  endfacet
  facet normal 0.130538 0 0.991443
    outer loop
      vertex 39.262 10.4 35.8146
      vertex 39.6296 4.4 35.7662
      vertex 39.6296 10.4 35.7662
    endloop
  endfacet
  facet normal 0.130538 0 0.991443
    outer loop
      vertex 39.6296 4.4 35.7662
      vertex 39.262 10.4 35.8146
      vertex 39.262 4.4 35.8146
    endloop
  endfacet
  facet normal 0.675554 0 -0.737311
    outer loop
      vertex 36.9948 -16.4 43.0052
      vertex 37.2682 -10.4 43.2557
      vertex 37.2682 -16.4 43.2557
    endloop
  endfacet
  facet normal 0.675554 0 -0.737311
    outer loop
      vertex 37.2682 -10.4 43.2557
      vertex 36.9948 -16.4 43.0052
      vertex 36.9948 -10.4 43.0052
    endloop
  endfacet
  facet normal 0.675554 0 -0.737311
    outer loop
      vertex 36.9948 4.4 43.0052
      vertex 37.2682 10.4 43.2557
      vertex 37.2682 4.4 43.2557
    endloop
  endfacet
  facet normal 0.675554 0 -0.737311
    outer loop
      vertex 37.2682 10.4 43.2557
      vertex 36.9948 4.4 43.0052
      vertex 36.9948 10.4 43.0052
    endloop
  endfacet
  facet normal -0.923849 0 0.382757
    outer loop
      vertex 43.8518 -16.4 38.2039
      vertex 43.9937 -10.4 38.5464
      vertex 43.8518 -10.4 38.2039
    endloop
  endfacet
  facet normal -0.923849 0 0.382757
    outer loop
      vertex 43.9937 -10.4 38.5464
      vertex 43.8518 -16.4 38.2039
      vertex 43.9937 -16.4 38.5464
    endloop
  endfacet
  facet normal -0.923849 0 0.382757
    outer loop
      vertex 43.8518 4.4 38.2039
      vertex 43.9937 10.4 38.5464
      vertex 43.8518 10.4 38.2039
    endloop
  endfacet
  facet normal -0.923849 0 0.382757
    outer loop
      vertex 43.9937 10.4 38.5464
      vertex 43.8518 4.4 38.2039
      vertex 43.9937 4.4 38.5464
    endloop
  endfacet
  facet normal 0.216302 0 -0.976326
    outer loop
      vertex 38.9 -16.4 44.1052
      vertex 39.262 -10.4 44.1854
      vertex 39.262 -16.4 44.1854
    endloop
  endfacet
  facet normal 0.216302 0 -0.976326
    outer loop
      vertex 39.262 -10.4 44.1854
      vertex 38.9 -16.4 44.1052
      vertex 38.9 -10.4 44.1052
    endloop
  endfacet
  facet normal 0.216302 0 -0.976326
    outer loop
      vertex 38.9 4.4 44.1052
      vertex 39.262 10.4 44.1854
      vertex 39.262 4.4 44.1854
    endloop
  endfacet
  facet normal 0.216302 0 -0.976326
    outer loop
      vertex 39.262 10.4 44.1854
      vertex 38.9 4.4 44.1052
      vertex 38.9 10.4 44.1052
    endloop
  endfacet
  facet normal -0.793315 0 0.608811
    outer loop
      vertex 43.2557 -16.4 37.2682
      vertex 43.4814 -10.4 37.5623
      vertex 43.2557 -10.4 37.2682
    endloop
  endfacet
  facet normal -0.793315 0 0.608811
    outer loop
      vertex 43.4814 -10.4 37.5623
      vertex 43.2557 -16.4 37.2682
      vertex 43.4814 -16.4 37.5623
    endloop
  endfacet
  facet normal -0.793315 0 0.608811
    outer loop
      vertex 43.2557 4.4 37.2682
      vertex 43.4814 10.4 37.5623
      vertex 43.2557 10.4 37.2682
    endloop
  endfacet
  facet normal -0.793315 0 0.608811
    outer loop
      vertex 43.4814 10.4 37.5623
      vertex 43.2557 4.4 37.2682
      vertex 43.4814 4.4 37.5623
    endloop
  endfacet
  facet normal 0.300731 0 0.953709
    outer loop
      vertex 38.5464 -10.4 36.0063
      vertex 38.9 -16.4 35.8948
      vertex 38.9 -10.4 35.8948
    endloop
  endfacet
  facet normal 0.300731 0 0.953709
    outer loop
      vertex 38.9 -16.4 35.8948
      vertex 38.5464 -10.4 36.0063
      vertex 38.5464 -16.4 36.0063
    endloop
  endfacet
  facet normal 0.300731 0 0.953709
    outer loop
      vertex 38.5464 10.4 36.0063
      vertex 38.9 4.4 35.8948
      vertex 38.9 10.4 35.8948
    endloop
  endfacet
  facet normal 0.300731 0 0.953709
    outer loop
      vertex 38.9 4.4 35.8948
      vertex 38.5464 10.4 36.0063
      vertex 38.5464 4.4 36.0063
    endloop
  endfacet
  facet normal 0.608811 0 0.793315
    outer loop
      vertex 37.2682 -10.4 36.7443
      vertex 37.5623 -16.4 36.5186
      vertex 37.5623 -10.4 36.5186
    endloop
  endfacet
  facet normal 0.608811 0 0.793315
    outer loop
      vertex 37.5623 -16.4 36.5186
      vertex 37.2682 -10.4 36.7443
      vertex 37.2682 -16.4 36.7443
    endloop
  endfacet
  facet normal 0.608811 0 0.793315
    outer loop
      vertex 37.2682 10.4 36.7443
      vertex 37.5623 4.4 36.5186
      vertex 37.5623 10.4 36.5186
    endloop
  endfacet
  facet normal 0.608811 0 0.793315
    outer loop
      vertex 37.5623 4.4 36.5186
      vertex 37.2682 10.4 36.7443
      vertex 37.2682 4.4 36.7443
    endloop
  endfacet
  facet normal 0.953709 -0 0.300731
    outer loop
      vertex 35.8948 -16.4 38.9
      vertex 36.0063 -10.4 38.5464
      vertex 35.8948 -10.4 38.9
    endloop
  endfacet
  facet normal 0.953709 0 0.300731
    outer loop
      vertex 36.0063 -10.4 38.5464
      vertex 35.8948 -16.4 38.9
      vertex 36.0063 -16.4 38.5464
    endloop
  endfacet
  facet normal 0.953709 -0 0.300731
    outer loop
      vertex 35.8948 4.4 38.9
      vertex 36.0063 10.4 38.5464
      vertex 35.8948 10.4 38.9
    endloop
  endfacet
  facet normal 0.953709 0 0.300731
    outer loop
      vertex 36.0063 10.4 38.5464
      vertex 35.8948 4.4 38.9
      vertex 36.0063 4.4 38.5464
    endloop
  endfacet
  facet normal -0.737311 0 -0.675554
    outer loop
      vertex 43.2557 -16.4 42.7318
      vertex 43.0052 -10.4 43.0052
      vertex 43.2557 -10.4 42.7318
    endloop
  endfacet
  facet normal -0.737311 -0 -0.675554
    outer loop
      vertex 43.0052 -10.4 43.0052
      vertex 43.2557 -16.4 42.7318
      vertex 43.0052 -16.4 43.0052
    endloop
  endfacet
  facet normal -0.737311 0 -0.675554
    outer loop
      vertex 43.2557 4.4 42.7318
      vertex 43.0052 10.4 43.0052
      vertex 43.2557 10.4 42.7318
    endloop
  endfacet
  facet normal -0.737311 -0 -0.675554
    outer loop
      vertex 43.0052 10.4 43.0052
      vertex 43.2557 4.4 42.7318
      vertex 43.0052 4.4 43.0052
    endloop
  endfacet
  facet normal -0.0436947 0 -0.999045
    outer loop
      vertex 40 -16.4 44.25
      vertex 40.3704 -10.4 44.2338
      vertex 40.3704 -16.4 44.2338
    endloop
  endfacet
  facet normal -0.0436947 0 -0.999045
    outer loop
      vertex 40.3704 -10.4 44.2338
      vertex 40 -16.4 44.25
      vertex 40 -10.4 44.25
    endloop
  endfacet
  facet normal -0.0436947 0 -0.999045
    outer loop
      vertex 40 4.4 44.25
      vertex 40.3704 10.4 44.2338
      vertex 40.3704 4.4 44.2338
    endloop
  endfacet
  facet normal -0.0436947 0 -0.999045
    outer loop
      vertex 40.3704 10.4 44.2338
      vertex 40 4.4 44.25
      vertex 40 10.4 44.25
    endloop
  endfacet
  facet normal -0.130538 0 0.991443
    outer loop
      vertex 40.3704 -10.4 35.7662
      vertex 40.738 -16.4 35.8146
      vertex 40.738 -10.4 35.8146
    endloop
  endfacet
  facet normal -0.130538 0 0.991443
    outer loop
      vertex 40.738 -16.4 35.8146
      vertex 40.3704 -10.4 35.7662
      vertex 40.3704 -16.4 35.7662
    endloop
  endfacet
  facet normal -0.130538 0 0.991443
    outer loop
      vertex 40.3704 10.4 35.7662
      vertex 40.738 4.4 35.8146
      vertex 40.738 10.4 35.8146
    endloop
  endfacet
  facet normal -0.130538 0 0.991443
    outer loop
      vertex 40.738 4.4 35.8146
      vertex 40.3704 10.4 35.7662
      vertex 40.3704 4.4 35.7662
    endloop
  endfacet
  facet normal -0.976326 0 0.216302
    outer loop
      vertex 44.1052 -16.4 38.9
      vertex 44.1854 -10.4 39.262
      vertex 44.1052 -10.4 38.9
    endloop
  endfacet
  facet normal -0.976326 0 0.216302
    outer loop
      vertex 44.1854 -10.4 39.262
      vertex 44.1052 -16.4 38.9
      vertex 44.1854 -16.4 39.262
    endloop
  endfacet
  facet normal -0.976326 0 0.216302
    outer loop
      vertex 44.1052 4.4 38.9
      vertex 44.1854 10.4 39.262
      vertex 44.1052 10.4 38.9
    endloop
  endfacet
  facet normal -0.976326 0 0.216302
    outer loop
      vertex 44.1854 10.4 39.262
      vertex 44.1052 4.4 38.9
      vertex 44.1854 4.4 39.262
    endloop
  endfacet
  facet normal 0.843406 -0 0.537277
    outer loop
      vertex 36.3194 -16.4 37.875
      vertex 36.5186 -10.4 37.5623
      vertex 36.3194 -10.4 37.875
    endloop
  endfacet
  facet normal 0.843406 0 0.537277
    outer loop
      vertex 36.5186 -10.4 37.5623
      vertex 36.3194 -16.4 37.875
      vertex 36.5186 -16.4 37.5623
    endloop
  endfacet
  facet normal 0.843406 -0 0.537277
    outer loop
      vertex 36.3194 4.4 37.875
      vertex 36.5186 10.4 37.5623
      vertex 36.3194 10.4 37.875
    endloop
  endfacet
  facet normal 0.843406 0 0.537277
    outer loop
      vertex 36.5186 10.4 37.5623
      vertex 36.3194 4.4 37.875
      vertex 36.5186 4.4 37.5623
    endloop
  endfacet
  facet normal -0.843406 0 -0.537277
    outer loop
      vertex 43.6806 -16.4 42.125
      vertex 43.4814 -10.4 42.4377
      vertex 43.6806 -10.4 42.125
    endloop
  endfacet
  facet normal -0.843406 -0 -0.537277
    outer loop
      vertex 43.4814 -10.4 42.4377
      vertex 43.6806 -16.4 42.125
      vertex 43.4814 -16.4 42.4377
    endloop
  endfacet
  facet normal -0.843406 0 -0.537277
    outer loop
      vertex 43.6806 4.4 42.125
      vertex 43.4814 10.4 42.4377
      vertex 43.6806 10.4 42.125
    endloop
  endfacet
  facet normal -0.843406 -0 -0.537277
    outer loop
      vertex 43.4814 10.4 42.4377
      vertex 43.6806 4.4 42.125
      vertex 43.4814 4.4 42.4377
    endloop
  endfacet
  facet normal -0.953709 0 0.300731
    outer loop
      vertex 43.9937 -16.4 38.5464
      vertex 44.1052 -10.4 38.9
      vertex 43.9937 -10.4 38.5464
    endloop
  endfacet
  facet normal -0.953709 0 0.300731
    outer loop
      vertex 44.1052 -10.4 38.9
      vertex 43.9937 -16.4 38.5464
      vertex 44.1052 -16.4 38.9
    endloop
  endfacet
  facet normal -0.953709 0 0.300731
    outer loop
      vertex 43.9937 4.4 38.5464
      vertex 44.1052 10.4 38.9
      vertex 43.9937 10.4 38.5464
    endloop
  endfacet
  facet normal -0.953709 0 0.300731
    outer loop
      vertex 44.1052 10.4 38.9
      vertex 43.9937 4.4 38.5464
      vertex 44.1052 4.4 38.9
    endloop
  endfacet
  facet normal 0.300731 0 -0.953709
    outer loop
      vertex 38.5464 -16.4 43.9937
      vertex 38.9 -10.4 44.1052
      vertex 38.9 -16.4 44.1052
    endloop
  endfacet
  facet normal 0.300731 0 -0.953709
    outer loop
      vertex 38.9 -10.4 44.1052
      vertex 38.5464 -16.4 43.9937
      vertex 38.5464 -10.4 43.9937
    endloop
  endfacet
  facet normal 0.300731 0 -0.953709
    outer loop
      vertex 38.5464 4.4 43.9937
      vertex 38.9 10.4 44.1052
      vertex 38.9 4.4 44.1052
    endloop
  endfacet
  facet normal 0.300731 0 -0.953709
    outer loop
      vertex 38.9 10.4 44.1052
      vertex 38.5464 4.4 43.9937
      vertex 38.5464 10.4 43.9937
    endloop
  endfacet
  facet normal -0.300731 0 -0.953709
    outer loop
      vertex 41.1 -16.4 44.1052
      vertex 41.4536 -10.4 43.9937
      vertex 41.4536 -16.4 43.9937
    endloop
  endfacet
  facet normal -0.300731 0 -0.953709
    outer loop
      vertex 41.4536 -10.4 43.9937
      vertex 41.1 -16.4 44.1052
      vertex 41.1 -10.4 44.1052
    endloop
  endfacet
  facet normal -0.300731 0 -0.953709
    outer loop
      vertex 41.1 4.4 44.1052
      vertex 41.4536 10.4 43.9937
      vertex 41.4536 4.4 43.9937
    endloop
  endfacet
  facet normal -0.300731 0 -0.953709
    outer loop
      vertex 41.4536 10.4 43.9937
      vertex 41.1 4.4 44.1052
      vertex 41.1 10.4 44.1052
    endloop
  endfacet
  facet normal 0.953709 0 -0.300731
    outer loop
      vertex 36.0063 -16.4 41.4536
      vertex 35.8948 -10.4 41.1
      vertex 36.0063 -10.4 41.4536
    endloop
  endfacet
  facet normal 0.953709 0 -0.300731
    outer loop
      vertex 35.8948 -10.4 41.1
      vertex 36.0063 -16.4 41.4536
      vertex 35.8948 -16.4 41.1
    endloop
  endfacet
  facet normal 0.953709 0 -0.300731
    outer loop
      vertex 36.0063 4.4 41.4536
      vertex 35.8948 10.4 41.1
      vertex 36.0063 10.4 41.4536
    endloop
  endfacet
  facet normal 0.953709 0 -0.300731
    outer loop
      vertex 35.8948 10.4 41.1
      vertex 36.0063 4.4 41.4536
      vertex 35.8948 4.4 41.1
    endloop
  endfacet
  facet normal 0.991443 0 -0.130538
    outer loop
      vertex 35.8146 -16.4 40.738
      vertex 35.7662 -10.4 40.3704
      vertex 35.8146 -10.4 40.738
    endloop
  endfacet
  facet normal 0.991443 0 -0.130538
    outer loop
      vertex 35.7662 -10.4 40.3704
      vertex 35.8146 -16.4 40.738
      vertex 35.7662 -16.4 40.3704
    endloop
  endfacet
  facet normal 0.991443 0 -0.130538
    outer loop
      vertex 35.8146 4.4 40.738
      vertex 35.7662 10.4 40.3704
      vertex 35.8146 10.4 40.738
    endloop
  endfacet
  facet normal 0.991443 0 -0.130538
    outer loop
      vertex 35.7662 10.4 40.3704
      vertex 35.8146 4.4 40.738
      vertex 35.7662 4.4 40.3704
    endloop
  endfacet
  facet normal 0.608811 0 -0.793315
    outer loop
      vertex 37.2682 -16.4 43.2557
      vertex 37.5623 -10.4 43.4814
      vertex 37.5623 -16.4 43.4814
    endloop
  endfacet
  facet normal 0.608811 0 -0.793315
    outer loop
      vertex 37.5623 -10.4 43.4814
      vertex 37.2682 -16.4 43.2557
      vertex 37.2682 -10.4 43.2557
    endloop
  endfacet
  facet normal 0.608811 0 -0.793315
    outer loop
      vertex 37.2682 4.4 43.2557
      vertex 37.5623 10.4 43.4814
      vertex 37.5623 4.4 43.4814
    endloop
  endfacet
  facet normal 0.608811 0 -0.793315
    outer loop
      vertex 37.5623 10.4 43.4814
      vertex 37.2682 4.4 43.2557
      vertex 37.2682 10.4 43.2557
    endloop
  endfacet
  facet normal -0.675554 0 0.737311
    outer loop
      vertex 42.7318 -10.4 36.7443
      vertex 43.0052 -16.4 36.9948
      vertex 43.0052 -10.4 36.9948
    endloop
  endfacet
  facet normal -0.675554 0 0.737311
    outer loop
      vertex 43.0052 -16.4 36.9948
      vertex 42.7318 -10.4 36.7443
      vertex 42.7318 -16.4 36.7443
    endloop
  endfacet
  facet normal -0.675554 0 0.737311
    outer loop
      vertex 42.7318 10.4 36.7443
      vertex 43.0052 4.4 36.9948
      vertex 43.0052 10.4 36.9948
    endloop
  endfacet
  facet normal -0.675554 0 0.737311
    outer loop
      vertex 43.0052 4.4 36.9948
      vertex 42.7318 10.4 36.7443
      vertex 42.7318 4.4 36.7443
    endloop
  endfacet
  facet normal -0.216302 0 -0.976326
    outer loop
      vertex 40.738 -16.4 44.1854
      vertex 41.1 -10.4 44.1052
      vertex 41.1 -16.4 44.1052
    endloop
  endfacet
  facet normal -0.216302 0 -0.976326
    outer loop
      vertex 41.1 -10.4 44.1052
      vertex 40.738 -16.4 44.1854
      vertex 40.738 -10.4 44.1854
    endloop
  endfacet
  facet normal -0.216302 0 -0.976326
    outer loop
      vertex 40.738 4.4 44.1854
      vertex 41.1 10.4 44.1052
      vertex 41.1 4.4 44.1052
    endloop
  endfacet
  facet normal -0.216302 0 -0.976326
    outer loop
      vertex 41.1 10.4 44.1052
      vertex 40.738 4.4 44.1854
      vertex 40.738 10.4 44.1854
    endloop
  endfacet
  facet normal -0.999045 0 0.0436947
    outer loop
      vertex 44.2338 -16.4 39.6296
      vertex 44.25 -10.4 40
      vertex 44.2338 -10.4 39.6296
    endloop
  endfacet
  facet normal -0.999045 0 0.0436947
    outer loop
      vertex 44.25 -10.4 40
      vertex 44.2338 -16.4 39.6296
      vertex 44.25 -16.4 40
    endloop
  endfacet
  facet normal -0.999045 0 0.0436947
    outer loop
      vertex 44.2338 4.4 39.6296
      vertex 44.25 10.4 40
      vertex 44.2338 10.4 39.6296
    endloop
  endfacet
  facet normal -0.999045 0 0.0436947
    outer loop
      vertex 44.25 10.4 40
      vertex 44.2338 4.4 39.6296
      vertex 44.25 4.4 40
    endloop
  endfacet
  facet normal 0.887027 -0 0.461718
    outer loop
      vertex 36.1482 -16.4 38.2039
      vertex 36.3194 -10.4 37.875
      vertex 36.1482 -10.4 38.2039
    endloop
  endfacet
  facet normal 0.887027 0 0.461718
    outer loop
      vertex 36.3194 -10.4 37.875
      vertex 36.1482 -16.4 38.2039
      vertex 36.3194 -16.4 37.875
    endloop
  endfacet
  facet normal 0.887027 -0 0.461718
    outer loop
      vertex 36.1482 4.4 38.2039
      vertex 36.3194 10.4 37.875
      vertex 36.1482 10.4 38.2039
    endloop
  endfacet
  facet normal 0.887027 0 0.461718
    outer loop
      vertex 36.3194 10.4 37.875
      vertex 36.1482 4.4 38.2039
      vertex 36.3194 4.4 37.875
    endloop
  endfacet
  facet normal 0.0436947 0 -0.999045
    outer loop
      vertex 39.6296 -16.4 44.2338
      vertex 40 -10.4 44.25
      vertex 40 -16.4 44.25
    endloop
  endfacet
  facet normal 0.0436947 0 -0.999045
    outer loop
      vertex 40 -10.4 44.25
      vertex 39.6296 -16.4 44.2338
      vertex 39.6296 -10.4 44.2338
    endloop
  endfacet
  facet normal 0.0436947 0 -0.999045
    outer loop
      vertex 39.6296 4.4 44.2338
      vertex 40 10.4 44.25
      vertex 40 4.4 44.25
    endloop
  endfacet
  facet normal 0.0436947 0 -0.999045
    outer loop
      vertex 40 10.4 44.25
      vertex 39.6296 4.4 44.2338
      vertex 39.6296 10.4 44.2338
    endloop
  endfacet
  facet normal 0.382757 0 -0.923849
    outer loop
      vertex 38.2039 -16.4 43.8518
      vertex 38.5464 -10.4 43.9937
      vertex 38.5464 -16.4 43.9937
    endloop
  endfacet
  facet normal 0.382757 0 -0.923849
    outer loop
      vertex 38.5464 -10.4 43.9937
      vertex 38.2039 -16.4 43.8518
      vertex 38.2039 -10.4 43.8518
    endloop
  endfacet
  facet normal 0.382757 0 -0.923849
    outer loop
      vertex 38.2039 4.4 43.8518
      vertex 38.5464 10.4 43.9937
      vertex 38.5464 4.4 43.9937
    endloop
  endfacet
  facet normal 0.382757 0 -0.923849
    outer loop
      vertex 38.5464 10.4 43.9937
      vertex 38.2039 4.4 43.8518
      vertex 38.2039 10.4 43.8518
    endloop
  endfacet
  facet normal 0.991443 -0 0.130538
    outer loop
      vertex 35.7662 -16.4 39.6296
      vertex 35.8146 -10.4 39.262
      vertex 35.7662 -10.4 39.6296
    endloop
  endfacet
  facet normal 0.991443 0 0.130538
    outer loop
      vertex 35.8146 -10.4 39.262
      vertex 35.7662 -16.4 39.6296
      vertex 35.8146 -16.4 39.262
    endloop
  endfacet
  facet normal 0.991443 -0 0.130538
    outer loop
      vertex 35.7662 4.4 39.6296
      vertex 35.8146 10.4 39.262
      vertex 35.7662 10.4 39.6296
    endloop
  endfacet
  facet normal 0.991443 0 0.130538
    outer loop
      vertex 35.8146 10.4 39.262
      vertex 35.7662 4.4 39.6296
      vertex 35.8146 4.4 39.262
    endloop
  endfacet
  facet normal 0.130538 0 -0.991443
    outer loop
      vertex 39.262 -16.4 44.1854
      vertex 39.6296 -10.4 44.2338
      vertex 39.6296 -16.4 44.2338
    endloop
  endfacet
  facet normal 0.130538 0 -0.991443
    outer loop
      vertex 39.6296 -10.4 44.2338
      vertex 39.262 -16.4 44.1854
      vertex 39.262 -10.4 44.1854
    endloop
  endfacet
  facet normal 0.130538 0 -0.991443
    outer loop
      vertex 39.262 4.4 44.1854
      vertex 39.6296 10.4 44.2338
      vertex 39.6296 4.4 44.2338
    endloop
  endfacet
  facet normal 0.130538 0 -0.991443
    outer loop
      vertex 39.6296 10.4 44.2338
      vertex 39.262 4.4 44.1854
      vertex 39.262 10.4 44.1854
    endloop
  endfacet
  facet normal 0.999045 0 -0.0436947
    outer loop
      vertex 35.7662 -16.4 40.3704
      vertex 35.75 -10.4 40
      vertex 35.7662 -10.4 40.3704
    endloop
  endfacet
  facet normal 0.999045 0 -0.0436947
    outer loop
      vertex 35.75 -10.4 40
      vertex 35.7662 -16.4 40.3704
      vertex 35.75 -16.4 40
    endloop
  endfacet
  facet normal 0.999045 0 -0.0436947
    outer loop
      vertex 35.7662 4.4 40.3704
      vertex 35.75 10.4 40
      vertex 35.7662 10.4 40.3704
    endloop
  endfacet
  facet normal 0.999045 0 -0.0436947
    outer loop
      vertex 35.75 10.4 40
      vertex 35.7662 4.4 40.3704
      vertex 35.75 4.4 40
    endloop
  endfacet
  facet normal -0.300731 0 0.953709
    outer loop
      vertex 41.1 -10.4 35.8948
      vertex 41.4536 -16.4 36.0063
      vertex 41.4536 -10.4 36.0063
    endloop
  endfacet
  facet normal -0.300731 0 0.953709
    outer loop
      vertex 41.4536 -16.4 36.0063
      vertex 41.1 -10.4 35.8948
      vertex 41.1 -16.4 35.8948
    endloop
  endfacet
  facet normal -0.300731 0 0.953709
    outer loop
      vertex 41.1 10.4 35.8948
      vertex 41.4536 4.4 36.0063
      vertex 41.4536 10.4 36.0063
    endloop
  endfacet
  facet normal -0.300731 0 0.953709
    outer loop
      vertex 41.4536 4.4 36.0063
      vertex 41.1 10.4 35.8948
      vertex 41.1 4.4 35.8948
    endloop
  endfacet
  facet normal 0.976326 0 -0.216302
    outer loop
      vertex 35.8948 -16.4 41.1
      vertex 35.8146 -10.4 40.738
      vertex 35.8948 -10.4 41.1
    endloop
  endfacet
  facet normal 0.976326 0 -0.216302
    outer loop
      vertex 35.8146 -10.4 40.738
      vertex 35.8948 -16.4 41.1
      vertex 35.8146 -16.4 40.738
    endloop
  endfacet
  facet normal 0.976326 0 -0.216302
    outer loop
      vertex 35.8948 4.4 41.1
      vertex 35.8146 10.4 40.738
      vertex 35.8948 10.4 41.1
    endloop
  endfacet
  facet normal 0.976326 0 -0.216302
    outer loop
      vertex 35.8146 10.4 40.738
      vertex 35.8948 4.4 41.1
      vertex 35.8146 4.4 40.738
    endloop
  endfacet
  facet normal 0.675554 0 0.737311
    outer loop
      vertex 36.9948 -10.4 36.9948
      vertex 37.2682 -16.4 36.7443
      vertex 37.2682 -10.4 36.7443
    endloop
  endfacet
  facet normal 0.675554 0 0.737311
    outer loop
      vertex 37.2682 -16.4 36.7443
      vertex 36.9948 -10.4 36.9948
      vertex 36.9948 -16.4 36.9948
    endloop
  endfacet
  facet normal 0.675554 0 0.737311
    outer loop
      vertex 36.9948 10.4 36.9948
      vertex 37.2682 4.4 36.7443
      vertex 37.2682 10.4 36.7443
    endloop
  endfacet
  facet normal 0.675554 0 0.737311
    outer loop
      vertex 37.2682 4.4 36.7443
      vertex 36.9948 10.4 36.9948
      vertex 36.9948 4.4 36.9948
    endloop
  endfacet
  facet normal 0.737311 -0 0.675554
    outer loop
      vertex 36.7443 -16.4 37.2682
      vertex 36.9948 -10.4 36.9948
      vertex 36.7443 -10.4 37.2682
    endloop
  endfacet
  facet normal 0.737311 0 0.675554
    outer loop
      vertex 36.9948 -10.4 36.9948
      vertex 36.7443 -16.4 37.2682
      vertex 36.9948 -16.4 36.9948
    endloop
  endfacet
  facet normal 0.737311 -0 0.675554
    outer loop
      vertex 36.7443 4.4 37.2682
      vertex 36.9948 10.4 36.9948
      vertex 36.7443 10.4 37.2682
    endloop
  endfacet
  facet normal 0.737311 0 0.675554
    outer loop
      vertex 36.9948 10.4 36.9948
      vertex 36.7443 4.4 37.2682
      vertex 36.9948 4.4 36.9948
    endloop
  endfacet
  facet normal 0.976326 -0 0.216302
    outer loop
      vertex 35.8146 -16.4 39.262
      vertex 35.8948 -10.4 38.9
      vertex 35.8146 -10.4 39.262
    endloop
  endfacet
  facet normal 0.976326 0 0.216302
    outer loop
      vertex 35.8948 -10.4 38.9
      vertex 35.8146 -16.4 39.262
      vertex 35.8948 -16.4 38.9
    endloop
  endfacet
  facet normal 0.976326 -0 0.216302
    outer loop
      vertex 35.8146 4.4 39.262
      vertex 35.8948 10.4 38.9
      vertex 35.8146 10.4 39.262
    endloop
  endfacet
  facet normal 0.976326 0 0.216302
    outer loop
      vertex 35.8948 10.4 38.9
      vertex 35.8146 4.4 39.262
      vertex 35.8948 4.4 38.9
    endloop
  endfacet
  facet normal -0.461718 0 -0.887027
    outer loop
      vertex 41.7961 -16.4 43.8518
      vertex 42.125 -10.4 43.6806
      vertex 42.125 -16.4 43.6806
    endloop
  endfacet
  facet normal -0.461718 0 -0.887027
    outer loop
      vertex 42.125 -10.4 43.6806
      vertex 41.7961 -16.4 43.8518
      vertex 41.7961 -10.4 43.8518
    endloop
  endfacet
  facet normal -0.461718 0 -0.887027
    outer loop
      vertex 41.7961 4.4 43.8518
      vertex 42.125 10.4 43.6806
      vertex 42.125 4.4 43.6806
    endloop
  endfacet
  facet normal -0.461718 0 -0.887027
    outer loop
      vertex 42.125 10.4 43.6806
      vertex 41.7961 4.4 43.8518
      vertex 41.7961 10.4 43.8518
    endloop
  endfacet
  facet normal 0.461718 0 0.887027
    outer loop
      vertex 37.875 -10.4 36.3194
      vertex 38.2039 -16.4 36.1482
      vertex 38.2039 -10.4 36.1482
    endloop
  endfacet
  facet normal 0.461718 0 0.887027
    outer loop
      vertex 38.2039 -16.4 36.1482
      vertex 37.875 -10.4 36.3194
      vertex 37.875 -16.4 36.3194
    endloop
  endfacet
  facet normal 0.461718 0 0.887027
    outer loop
      vertex 37.875 10.4 36.3194
      vertex 38.2039 4.4 36.1482
      vertex 38.2039 10.4 36.1482
    endloop
  endfacet
  facet normal 0.461718 0 0.887027
    outer loop
      vertex 38.2039 4.4 36.1482
      vertex 37.875 10.4 36.3194
      vertex 37.875 4.4 36.3194
    endloop
  endfacet
  facet normal 0.793315 0 -0.608811
    outer loop
      vertex 36.7443 -16.4 42.7318
      vertex 36.5186 -10.4 42.4377
      vertex 36.7443 -10.4 42.7318
    endloop
  endfacet
  facet normal 0.793315 0 -0.608811
    outer loop
      vertex 36.5186 -10.4 42.4377
      vertex 36.7443 -16.4 42.7318
      vertex 36.5186 -16.4 42.4377
    endloop
  endfacet
  facet normal 0.793315 0 -0.608811
    outer loop
      vertex 36.7443 4.4 42.7318
      vertex 36.5186 10.4 42.4377
      vertex 36.7443 10.4 42.7318
    endloop
  endfacet
  facet normal 0.793315 0 -0.608811
    outer loop
      vertex 36.5186 10.4 42.4377
      vertex 36.7443 4.4 42.7318
      vertex 36.5186 4.4 42.4377
    endloop
  endfacet
  facet normal 0.793315 -0 0.608811
    outer loop
      vertex 36.5186 -16.4 37.5623
      vertex 36.7443 -10.4 37.2682
      vertex 36.5186 -10.4 37.5623
    endloop
  endfacet
  facet normal 0.793315 0 0.608811
    outer loop
      vertex 36.7443 -10.4 37.2682
      vertex 36.5186 -16.4 37.5623
      vertex 36.7443 -16.4 37.2682
    endloop
  endfacet
  facet normal 0.793315 -0 0.608811
    outer loop
      vertex 36.5186 4.4 37.5623
      vertex 36.7443 10.4 37.2682
      vertex 36.5186 10.4 37.5623
    endloop
  endfacet
  facet normal 0.793315 0 0.608811
    outer loop
      vertex 36.7443 10.4 37.2682
      vertex 36.5186 4.4 37.5623
      vertex 36.7443 4.4 37.2682
    endloop
  endfacet
  facet normal -0.0436947 0 0.999045
    outer loop
      vertex 40 -10.4 35.75
      vertex 40.3704 -16.4 35.7662
      vertex 40.3704 -10.4 35.7662
    endloop
  endfacet
  facet normal -0.0436947 0 0.999045
    outer loop
      vertex 40.3704 -16.4 35.7662
      vertex 40 -10.4 35.75
      vertex 40 -16.4 35.75
    endloop
  endfacet
  facet normal -0.0436947 0 0.999045
    outer loop
      vertex 40 10.4 35.75
      vertex 40.3704 4.4 35.7662
      vertex 40.3704 10.4 35.7662
    endloop
  endfacet
  facet normal -0.0436947 0 0.999045
    outer loop
      vertex 40.3704 4.4 35.7662
      vertex 40 10.4 35.75
      vertex 40 4.4 35.75
    endloop
  endfacet
  facet normal 0.843406 0 -0.537277
    outer loop
      vertex 36.5186 -16.4 42.4377
      vertex 36.3194 -10.4 42.125
      vertex 36.5186 -10.4 42.4377
    endloop
  endfacet
  facet normal 0.843406 0 -0.537277
    outer loop
      vertex 36.3194 -10.4 42.125
      vertex 36.5186 -16.4 42.4377
      vertex 36.3194 -16.4 42.125
    endloop
  endfacet
  facet normal 0.843406 0 -0.537277
    outer loop
      vertex 36.5186 4.4 42.4377
      vertex 36.3194 10.4 42.125
      vertex 36.5186 10.4 42.4377
    endloop
  endfacet
  facet normal 0.843406 0 -0.537277
    outer loop
      vertex 36.3194 10.4 42.125
      vertex 36.5186 4.4 42.4377
      vertex 36.3194 4.4 42.125
    endloop
  endfacet
  facet normal 0.999045 -0 0.0436947
    outer loop
      vertex 35.75 -16.4 40
      vertex 35.7662 -10.4 39.6296
      vertex 35.75 -10.4 40
    endloop
  endfacet
  facet normal 0.999045 0 0.0436947
    outer loop
      vertex 35.7662 -10.4 39.6296
      vertex 35.75 -16.4 40
      vertex 35.7662 -16.4 39.6296
    endloop
  endfacet
  facet normal 0.999045 -0 0.0436947
    outer loop
      vertex 35.75 4.4 40
      vertex 35.7662 10.4 39.6296
      vertex 35.75 10.4 40
    endloop
  endfacet
  facet normal 0.999045 0 0.0436947
    outer loop
      vertex 35.7662 10.4 39.6296
      vertex 35.75 4.4 40
      vertex 35.7662 4.4 39.6296
    endloop
  endfacet
  facet normal 0.216302 0 0.976326
    outer loop
      vertex 38.9 -10.4 35.8948
      vertex 39.262 -16.4 35.8146
      vertex 39.262 -10.4 35.8146
    endloop
  endfacet
  facet normal 0.216302 0 0.976326
    outer loop
      vertex 39.262 -16.4 35.8146
      vertex 38.9 -10.4 35.8948
      vertex 38.9 -16.4 35.8948
    endloop
  endfacet
  facet normal 0.216302 0 0.976326
    outer loop
      vertex 38.9 10.4 35.8948
      vertex 39.262 4.4 35.8146
      vertex 39.262 10.4 35.8146
    endloop
  endfacet
  facet normal 0.216302 0 0.976326
    outer loop
      vertex 39.262 4.4 35.8146
      vertex 38.9 10.4 35.8948
      vertex 38.9 4.4 35.8948
    endloop
  endfacet
  facet normal -0.130538 0 -0.991443
    outer loop
      vertex 40.3704 -16.4 44.2338
      vertex 40.738 -10.4 44.1854
      vertex 40.738 -16.4 44.1854
    endloop
  endfacet
  facet normal -0.130538 0 -0.991443
    outer loop
      vertex 40.738 -10.4 44.1854
      vertex 40.3704 -16.4 44.2338
      vertex 40.3704 -10.4 44.2338
    endloop
  endfacet
  facet normal -0.130538 0 -0.991443
    outer loop
      vertex 40.3704 4.4 44.2338
      vertex 40.738 10.4 44.1854
      vertex 40.738 4.4 44.1854
    endloop
  endfacet
  facet normal -0.130538 0 -0.991443
    outer loop
      vertex 40.738 10.4 44.1854
      vertex 40.3704 4.4 44.2338
      vertex 40.3704 10.4 44.2338
    endloop
  endfacet
  facet normal -0.461718 0 0.887027
    outer loop
      vertex 41.7961 -10.4 36.1482
      vertex 42.125 -16.4 36.3194
      vertex 42.125 -10.4 36.3194
    endloop
  endfacet
  facet normal -0.461718 0 0.887027
    outer loop
      vertex 42.125 -16.4 36.3194
      vertex 41.7961 -10.4 36.1482
      vertex 41.7961 -16.4 36.1482
    endloop
  endfacet
  facet normal -0.461718 0 0.887027
    outer loop
      vertex 41.7961 10.4 36.1482
      vertex 42.125 4.4 36.3194
      vertex 42.125 10.4 36.3194
    endloop
  endfacet
  facet normal -0.461718 0 0.887027
    outer loop
      vertex 42.125 4.4 36.3194
      vertex 41.7961 10.4 36.1482
      vertex 41.7961 4.4 36.1482
    endloop
  endfacet
  facet normal -0.737311 0 0.675554
    outer loop
      vertex 43.0052 -16.4 36.9948
      vertex 43.2557 -10.4 37.2682
      vertex 43.0052 -10.4 36.9948
    endloop
  endfacet
  facet normal -0.737311 0 0.675554
    outer loop
      vertex 43.2557 -10.4 37.2682
      vertex 43.0052 -16.4 36.9948
      vertex 43.2557 -16.4 37.2682
    endloop
  endfacet
  facet normal -0.737311 0 0.675554
    outer loop
      vertex 43.0052 4.4 36.9948
      vertex 43.2557 10.4 37.2682
      vertex 43.0052 10.4 36.9948
    endloop
  endfacet
  facet normal -0.737311 0 0.675554
    outer loop
      vertex 43.2557 10.4 37.2682
      vertex 43.0052 4.4 36.9948
      vertex 43.2557 4.4 37.2682
    endloop
  endfacet
  facet normal -0.382757 0 0.923849
    outer loop
      vertex 41.4536 -10.4 36.0063
      vertex 41.7961 -16.4 36.1482
      vertex 41.7961 -10.4 36.1482
    endloop
  endfacet
  facet normal -0.382757 0 0.923849
    outer loop
      vertex 41.7961 -16.4 36.1482
      vertex 41.4536 -10.4 36.0063
      vertex 41.4536 -16.4 36.0063
    endloop
  endfacet
  facet normal -0.382757 0 0.923849
    outer loop
      vertex 41.4536 10.4 36.0063
      vertex 41.7961 4.4 36.1482
      vertex 41.7961 10.4 36.1482
    endloop
  endfacet
  facet normal -0.382757 0 0.923849
    outer loop
      vertex 41.7961 4.4 36.1482
      vertex 41.4536 10.4 36.0063
      vertex 41.4536 4.4 36.0063
    endloop
  endfacet
  facet normal 0.923849 0 -0.382757
    outer loop
      vertex 36.1482 -16.4 41.7961
      vertex 36.0063 -10.4 41.4536
      vertex 36.1482 -10.4 41.7961
    endloop
  endfacet
  facet normal 0.923849 0 -0.382757
    outer loop
      vertex 36.0063 -10.4 41.4536
      vertex 36.1482 -16.4 41.7961
      vertex 36.0063 -16.4 41.4536
    endloop
  endfacet
  facet normal 0.923849 0 -0.382757
    outer loop
      vertex 36.1482 4.4 41.7961
      vertex 36.0063 10.4 41.4536
      vertex 36.1482 10.4 41.7961
    endloop
  endfacet
  facet normal 0.923849 0 -0.382757
    outer loop
      vertex 36.0063 10.4 41.4536
      vertex 36.1482 4.4 41.7961
      vertex 36.0063 4.4 41.4536
    endloop
  endfacet
  facet normal 0.382757 0 0.923849
    outer loop
      vertex 38.2039 -10.4 36.1482
      vertex 38.5464 -16.4 36.0063
      vertex 38.5464 -10.4 36.0063
    endloop
  endfacet
  facet normal 0.382757 0 0.923849
    outer loop
      vertex 38.5464 -16.4 36.0063
      vertex 38.2039 -10.4 36.1482
      vertex 38.2039 -16.4 36.1482
    endloop
  endfacet
  facet normal 0.382757 0 0.923849
    outer loop
      vertex 38.2039 10.4 36.1482
      vertex 38.5464 4.4 36.0063
      vertex 38.5464 10.4 36.0063
    endloop
  endfacet
  facet normal 0.382757 0 0.923849
    outer loop
      vertex 38.5464 4.4 36.0063
      vertex 38.2039 10.4 36.1482
      vertex 38.2039 4.4 36.1482
    endloop
  endfacet
  facet normal -0.991402 0 -0.130853
    outer loop
      vertex 53.4642 -16.4 49.2387
      vertex 53.4328 -10.4 49.4766
      vertex 53.4642 -10.4 49.2387
    endloop
  endfacet
  facet normal -0.991402 -0 -0.130853
    outer loop
      vertex 53.4328 -10.4 49.4766
      vertex 53.4642 -16.4 49.2387
      vertex 53.4328 -16.4 49.4766
    endloop
  endfacet
  facet normal -0.991402 0 -0.130853
    outer loop
      vertex 53.4642 4.4 49.2387
      vertex 53.4328 10.4 49.4766
      vertex 53.4642 10.4 49.2387
    endloop
  endfacet
  facet normal -0.991402 -0 -0.130853
    outer loop
      vertex 53.4328 10.4 49.4766
      vertex 53.4642 4.4 49.2387
      vertex 53.4328 4.4 49.4766
    endloop
  endfacet
  facet normal -0.99906 0 -0.0433468
    outer loop
      vertex 53.4746 -16.4 48.999
      vertex 53.4642 -10.4 49.2387
      vertex 53.4746 -10.4 48.999
    endloop
  endfacet
  facet normal -0.99906 -0 -0.0433468
    outer loop
      vertex 53.4642 -10.4 49.2387
      vertex 53.4746 -16.4 48.999
      vertex 53.4642 -16.4 49.2387
    endloop
  endfacet
  facet normal -0.99906 0 -0.0433468
    outer loop
      vertex 53.4746 4.4 48.999
      vertex 53.4642 10.4 49.2387
      vertex 53.4746 10.4 48.999
    endloop
  endfacet
  facet normal -0.99906 -0 -0.0433468
    outer loop
      vertex 53.4642 10.4 49.2387
      vertex 53.4746 4.4 48.999
      vertex 53.4642 4.4 49.2387
    endloop
  endfacet
  facet normal 0.953646 0 -0.300932
    outer loop
      vertex 48.1405 -16.4 49.9396
      vertex 48.0683 -10.4 49.7108
      vertex 48.1405 -10.4 49.9396
    endloop
  endfacet
  facet normal 0.953646 0 -0.300932
    outer loop
      vertex 48.0683 -10.4 49.7108
      vertex 48.1405 -16.4 49.9396
      vertex 48.0683 -16.4 49.7108
    endloop
  endfacet
  facet normal 0.953646 0 -0.300932
    outer loop
      vertex 48.1405 4.4 49.9396
      vertex 48.0683 10.4 49.7108
      vertex 48.1405 10.4 49.9396
    endloop
  endfacet
  facet normal 0.953646 0 -0.300932
    outer loop
      vertex 48.0683 10.4 49.7108
      vertex 48.1405 4.4 49.9396
      vertex 48.0683 4.4 49.7108
    endloop
  endfacet
  facet normal -0.976314 0 -0.216357
    outer loop
      vertex 53.4328 -16.4 49.4766
      vertex 53.3809 -10.4 49.7108
      vertex 53.4328 -10.4 49.4766
    endloop
  endfacet
  facet normal -0.976314 -0 -0.216357
    outer loop
      vertex 53.3809 -10.4 49.7108
      vertex 53.4328 -16.4 49.4766
      vertex 53.3809 -16.4 49.7108
    endloop
  endfacet
  facet normal -0.976314 0 -0.216357
    outer loop
      vertex 53.4328 4.4 49.4766
      vertex 53.3809 10.4 49.7108
      vertex 53.4328 10.4 49.4766
    endloop
  endfacet
  facet normal -0.976314 -0 -0.216357
    outer loop
      vertex 53.3809 10.4 49.7108
      vertex 53.4328 4.4 49.4766
      vertex 53.3809 4.4 49.7108
    endloop
  endfacet
  facet normal 0.843352 -0 0.537361
    outer loop
      vertex 48.3431 -16.4 47.624
      vertex 48.472 -10.4 47.4217
      vertex 48.3431 -10.4 47.624
    endloop
  endfacet
  facet normal 0.843352 0 0.537361
    outer loop
      vertex 48.472 -10.4 47.4217
      vertex 48.3431 -16.4 47.624
      vertex 48.472 -16.4 47.4217
    endloop
  endfacet
  facet normal 0.843352 -0 0.537361
    outer loop
      vertex 48.3431 4.4 47.624
      vertex 48.472 10.4 47.4217
      vertex 48.3431 10.4 47.624
    endloop
  endfacet
  facet normal 0.843352 0 0.537361
    outer loop
      vertex 48.472 10.4 47.4217
      vertex 48.3431 4.4 47.624
      vertex 48.472 4.4 47.4217
    endloop
  endfacet
  facet normal 0.843473 0 -0.537172
    outer loop
      vertex 48.472 -16.4 50.5764
      vertex 48.3431 -10.4 50.374
      vertex 48.472 -10.4 50.5764
    endloop
  endfacet
  facet normal 0.843473 0 -0.537172
    outer loop
      vertex 48.3431 -10.4 50.374
      vertex 48.472 -16.4 50.5764
      vertex 48.3431 -16.4 50.374
    endloop
  endfacet
  facet normal 0.843473 0 -0.537172
    outer loop
      vertex 48.472 4.4 50.5764
      vertex 48.3431 10.4 50.374
      vertex 48.472 10.4 50.5764
    endloop
  endfacet
  facet normal 0.843473 0 -0.537172
    outer loop
      vertex 48.3431 10.4 50.374
      vertex 48.472 4.4 50.5764
      vertex 48.3431 4.4 50.374
    endloop
  endfacet
  facet normal -0.38272 0 0.923864
    outer loop
      vertex 51.6652 -10.4 46.4149
      vertex 51.8868 -16.4 46.5067
      vertex 51.8868 -10.4 46.5067
    endloop
  endfacet
  facet normal -0.38272 0 0.923864
    outer loop
      vertex 51.8868 -16.4 46.5067
      vertex 51.6652 -10.4 46.4149
      vertex 51.6652 -16.4 46.4149
    endloop
  endfacet
  facet normal -0.38272 0 0.923864
    outer loop
      vertex 51.6652 10.4 46.4149
      vertex 51.8868 4.4 46.5067
      vertex 51.8868 10.4 46.5067
    endloop
  endfacet
  facet normal -0.38272 0 0.923864
    outer loop
      vertex 51.8868 4.4 46.5067
      vertex 51.6652 10.4 46.4149
      vertex 51.6652 4.4 46.4149
    endloop
  endfacet
  facet normal 0.953646 -0 0.300932
    outer loop
      vertex 48.0683 -16.4 48.2873
      vertex 48.1405 -10.4 48.0585
      vertex 48.0683 -10.4 48.2873
    endloop
  endfacet
  facet normal 0.953646 0 0.300932
    outer loop
      vertex 48.1405 -10.4 48.0585
      vertex 48.0683 -16.4 48.2873
      vertex 48.1405 -16.4 48.0585
    endloop
  endfacet
  facet normal 0.953646 -0 0.300932
    outer loop
      vertex 48.0683 4.4 48.2873
      vertex 48.1405 10.4 48.0585
      vertex 48.0683 10.4 48.2873
    endloop
  endfacet
  facet normal 0.953646 0 0.300932
    outer loop
      vertex 48.1405 10.4 48.0585
      vertex 48.0683 4.4 48.2873
      vertex 48.1405 4.4 48.0585
    endloop
  endfacet
  facet normal 0.382573 0 -0.923925
    outer loop
      vertex 49.5624 -16.4 51.4914
      vertex 49.7841 -10.4 51.5832
      vertex 49.7841 -16.4 51.5832
    endloop
  endfacet
  facet normal 0.382573 0 -0.923925
    outer loop
      vertex 49.7841 -10.4 51.5832
      vertex 49.5624 -16.4 51.4914
      vertex 49.5624 -10.4 51.4914
    endloop
  endfacet
  facet normal 0.382573 0 -0.923925
    outer loop
      vertex 49.5624 4.4 51.4914
      vertex 49.7841 10.4 51.5832
      vertex 49.7841 4.4 51.5832
    endloop
  endfacet
  facet normal 0.382573 0 -0.923925
    outer loop
      vertex 49.7841 10.4 51.5832
      vertex 49.5624 4.4 51.4914
      vertex 49.5624 10.4 51.4914
    endloop
  endfacet
  facet normal -0.886971 0 0.461825
    outer loop
      vertex 53.1062 -16.4 47.624
      vertex 53.217 -10.4 47.8368
      vertex 53.1062 -10.4 47.624
    endloop
  endfacet
  facet normal -0.886971 0 0.461825
    outer loop
      vertex 53.217 -10.4 47.8368
      vertex 53.1062 -16.4 47.624
      vertex 53.217 -16.4 47.8368
    endloop
  endfacet
  facet normal -0.886971 0 0.461825
    outer loop
      vertex 53.1062 4.4 47.624
      vertex 53.217 10.4 47.8368
      vertex 53.1062 10.4 47.624
    endloop
  endfacet
  facet normal -0.886971 0 0.461825
    outer loop
      vertex 53.217 10.4 47.8368
      vertex 53.1062 4.4 47.624
      vertex 53.217 4.4 47.8368
    endloop
  endfacet
  facet normal 0.300553 0 -0.953765
    outer loop
      vertex 49.7841 -16.4 51.5832
      vertex 50.0129 -10.4 51.6553
      vertex 50.0129 -16.4 51.6553
    endloop
  endfacet
  facet normal 0.300553 0 -0.953765
    outer loop
      vertex 50.0129 -10.4 51.6553
      vertex 49.7841 -16.4 51.5832
      vertex 49.7841 -10.4 51.5832
    endloop
  endfacet
  facet normal 0.300553 0 -0.953765
    outer loop
      vertex 49.7841 4.4 51.5832
      vertex 50.0129 10.4 51.6553
      vertex 50.0129 4.4 51.6553
    endloop
  endfacet
  facet normal 0.300553 0 -0.953765
    outer loop
      vertex 50.0129 10.4 51.6553
      vertex 49.7841 4.4 51.5832
      vertex 49.7841 10.4 51.5832
    endloop
  endfacet
  facet normal 0.461825 0 0.886971
    outer loop
      vertex 49.3496 -10.4 46.6175
      vertex 49.5624 -16.4 46.5067
      vertex 49.5624 -10.4 46.5067
    endloop
  endfacet
  facet normal 0.461825 0 0.886971
    outer loop
      vertex 49.5624 -16.4 46.5067
      vertex 49.3496 -10.4 46.6175
      vertex 49.3496 -16.4 46.6175
    endloop
  endfacet
  facet normal 0.461825 0 0.886971
    outer loop
      vertex 49.3496 10.4 46.6175
      vertex 49.5624 4.4 46.5067
      vertex 49.5624 10.4 46.5067
    endloop
  endfacet
  facet normal 0.461825 0 0.886971
    outer loop
      vertex 49.5624 4.4 46.5067
      vertex 49.3496 10.4 46.6175
      vertex 49.3496 4.4 46.6175
    endloop
  endfacet
  facet normal -0.737483 0 0.675366
    outer loop
      vertex 52.6692 -16.4 47.0545
      vertex 52.8312 -10.4 47.2314
      vertex 52.6692 -10.4 47.0545
    endloop
  endfacet
  facet normal -0.737483 0 0.675366
    outer loop
      vertex 52.8312 -10.4 47.2314
      vertex 52.6692 -16.4 47.0545
      vertex 52.8312 -16.4 47.2314
    endloop
  endfacet
  facet normal -0.737483 0 0.675366
    outer loop
      vertex 52.6692 4.4 47.0545
      vertex 52.8312 10.4 47.2314
      vertex 52.6692 10.4 47.0545
    endloop
  endfacet
  facet normal -0.737483 0 0.675366
    outer loop
      vertex 52.8312 10.4 47.2314
      vertex 52.6692 4.4 47.0545
      vertex 52.8312 4.4 47.2314
    endloop
  endfacet
  facet normal -0.843473 0 -0.537172
    outer loop
      vertex 53.1062 -16.4 50.374
      vertex 52.9773 -10.4 50.5764
      vertex 53.1062 -10.4 50.374
    endloop
  endfacet
  facet normal -0.843473 -0 -0.537172
    outer loop
      vertex 52.9773 -10.4 50.5764
      vertex 53.1062 -16.4 50.374
      vertex 52.9773 -16.4 50.5764
    endloop
  endfacet
  facet normal -0.843473 0 -0.537172
    outer loop
      vertex 53.1062 4.4 50.374
      vertex 52.9773 10.4 50.5764
      vertex 53.1062 10.4 50.374
    endloop
  endfacet
  facet normal -0.843473 -0 -0.537172
    outer loop
      vertex 52.9773 10.4 50.5764
      vertex 53.1062 4.4 50.374
      vertex 52.9773 4.4 50.5764
    endloop
  endfacet
  facet normal -0.886971 0 -0.461825
    outer loop
      vertex 53.217 -16.4 50.1612
      vertex 53.1062 -10.4 50.374
      vertex 53.217 -10.4 50.1612
    endloop
  endfacet
  facet normal -0.886971 -0 -0.461825
    outer loop
      vertex 53.1062 -10.4 50.374
      vertex 53.217 -16.4 50.1612
      vertex 53.1062 -16.4 50.374
    endloop
  endfacet
  facet normal -0.886971 0 -0.461825
    outer loop
      vertex 53.217 4.4 50.1612
      vertex 53.1062 10.4 50.374
      vertex 53.217 10.4 50.1612
    endloop
  endfacet
  facet normal -0.886971 -0 -0.461825
    outer loop
      vertex 53.1062 10.4 50.374
      vertex 53.217 4.4 50.1612
      vertex 53.1062 4.4 50.374
    endloop
  endfacet
  facet normal -0.300553 0 -0.953765
    outer loop
      vertex 51.4364 -16.4 51.6553
      vertex 51.6652 -10.4 51.5832
      vertex 51.6652 -16.4 51.5832
    endloop
  endfacet
  facet normal -0.300553 0 -0.953765
    outer loop
      vertex 51.6652 -10.4 51.5832
      vertex 51.4364 -16.4 51.6553
      vertex 51.4364 -10.4 51.6553
    endloop
  endfacet
  facet normal -0.300553 0 -0.953765
    outer loop
      vertex 51.4364 4.4 51.6553
      vertex 51.6652 10.4 51.5832
      vertex 51.6652 4.4 51.5832
    endloop
  endfacet
  facet normal -0.300553 0 -0.953765
    outer loop
      vertex 51.6652 10.4 51.5832
      vertex 51.4364 4.4 51.6553
      vertex 51.4364 10.4 51.6553
    endloop
  endfacet
  facet normal -0.130444 0 0.991456
    outer loop
      vertex 50.9643 -10.4 46.2595
      vertex 51.2022 -16.4 46.2908
      vertex 51.2022 -10.4 46.2908
    endloop
  endfacet
  facet normal -0.130444 0 0.991456
    outer loop
      vertex 51.2022 -16.4 46.2908
      vertex 50.9643 -10.4 46.2595
      vertex 50.9643 -16.4 46.2595
    endloop
  endfacet
  facet normal -0.130444 0 0.991456
    outer loop
      vertex 50.9643 10.4 46.2595
      vertex 51.2022 4.4 46.2908
      vertex 51.2022 10.4 46.2908
    endloop
  endfacet
  facet normal -0.130444 0 0.991456
    outer loop
      vertex 51.2022 4.4 46.2908
      vertex 50.9643 10.4 46.2595
      vertex 50.9643 4.4 46.2595
    endloop
  endfacet
  facet normal -0.976314 0 0.216357
    outer loop
      vertex 53.3809 -16.4 48.2873
      vertex 53.4328 -10.4 48.5215
      vertex 53.3809 -10.4 48.2873
    endloop
  endfacet
  facet normal -0.976314 0 0.216357
    outer loop
      vertex 53.4328 -10.4 48.5215
      vertex 53.3809 -16.4 48.2873
      vertex 53.4328 -16.4 48.5215
    endloop
  endfacet
  facet normal -0.976314 0 0.216357
    outer loop
      vertex 53.3809 4.4 48.2873
      vertex 53.4328 10.4 48.5215
      vertex 53.3809 10.4 48.2873
    endloop
  endfacet
  facet normal -0.976314 0 0.216357
    outer loop
      vertex 53.4328 10.4 48.5215
      vertex 53.3809 4.4 48.2873
      vertex 53.4328 4.4 48.5215
    endloop
  endfacet
  facet normal -0.793197 0 0.608965
    outer loop
      vertex 52.8312 -16.4 47.2314
      vertex 52.9773 -10.4 47.4217
      vertex 52.8312 -10.4 47.2314
    endloop
  endfacet
  facet normal -0.793197 0 0.608965
    outer loop
      vertex 52.9773 -10.4 47.4217
      vertex 52.8312 -16.4 47.2314
      vertex 52.9773 -16.4 47.4217
    endloop
  endfacet
  facet normal -0.793197 0 0.608965
    outer loop
      vertex 52.8312 4.4 47.2314
      vertex 52.9773 10.4 47.4217
      vertex 52.8312 10.4 47.2314
    endloop
  endfacet
  facet normal -0.793197 0 0.608965
    outer loop
      vertex 52.9773 10.4 47.4217
      vertex 52.8312 4.4 47.2314
      vertex 52.9773 4.4 47.4217
    endloop
  endfacet
  facet normal -0.953765 0 -0.300553
    outer loop
      vertex 53.3809 -16.4 49.7108
      vertex 53.3088 -10.4 49.9396
      vertex 53.3809 -10.4 49.7108
    endloop
  endfacet
  facet normal -0.953765 -0 -0.300553
    outer loop
      vertex 53.3088 -10.4 49.9396
      vertex 53.3809 -16.4 49.7108
      vertex 53.3088 -16.4 49.9396
    endloop
  endfacet
  facet normal -0.953765 0 -0.300553
    outer loop
      vertex 53.3809 4.4 49.7108
      vertex 53.3088 10.4 49.9396
      vertex 53.3809 10.4 49.7108
    endloop
  endfacet
  facet normal -0.953765 -0 -0.300553
    outer loop
      vertex 53.3088 10.4 49.9396
      vertex 53.3809 4.4 49.7108
      vertex 53.3088 4.4 49.9396
    endloop
  endfacet
  facet normal 0.999042 0 -0.0437628
    outer loop
      vertex 47.9851 -16.4 49.2387
      vertex 47.9746 -10.4 48.999
      vertex 47.9851 -10.4 49.2387
    endloop
  endfacet
  facet normal 0.999042 0 -0.0437628
    outer loop
      vertex 47.9746 -10.4 48.999
      vertex 47.9851 -16.4 49.2387
      vertex 47.9746 -16.4 48.999
    endloop
  endfacet
  facet normal 0.999042 0 -0.0437628
    outer loop
      vertex 47.9851 4.4 49.2387
      vertex 47.9746 10.4 48.999
      vertex 47.9851 10.4 49.2387
    endloop
  endfacet
  facet normal 0.999042 0 -0.0437628
    outer loop
      vertex 47.9746 10.4 48.999
      vertex 47.9851 4.4 49.2387
      vertex 47.9746 4.4 48.999
    endloop
  endfacet
  facet normal -0.0433468 0 -0.99906
    outer loop
      vertex 50.7246 -16.4 51.749
      vertex 50.9643 -10.4 51.7386
      vertex 50.9643 -16.4 51.7386
    endloop
  endfacet
  facet normal -0.0433468 0 -0.99906
    outer loop
      vertex 50.9643 -10.4 51.7386
      vertex 50.7246 -16.4 51.749
      vertex 50.7246 -10.4 51.749
    endloop
  endfacet
  facet normal -0.0433468 0 -0.99906
    outer loop
      vertex 50.7246 4.4 51.749
      vertex 50.9643 10.4 51.7386
      vertex 50.9643 4.4 51.7386
    endloop
  endfacet
  facet normal -0.0433468 0 -0.99906
    outer loop
      vertex 50.9643 10.4 51.7386
      vertex 50.7246 4.4 51.749
      vertex 50.7246 10.4 51.749
    endloop
  endfacet
  facet normal -0.737483 0 -0.675366
    outer loop
      vertex 52.8312 -16.4 50.7667
      vertex 52.6692 -10.4 50.9436
      vertex 52.8312 -10.4 50.7667
    endloop
  endfacet
  facet normal -0.737483 -0 -0.675366
    outer loop
      vertex 52.6692 -10.4 50.9436
      vertex 52.8312 -16.4 50.7667
      vertex 52.6692 -16.4 50.9436
    endloop
  endfacet
  facet normal -0.737483 0 -0.675366
    outer loop
      vertex 52.8312 4.4 50.7667
      vertex 52.6692 10.4 50.9436
      vertex 52.8312 10.4 50.7667
    endloop
  endfacet
  facet normal -0.737483 -0 -0.675366
    outer loop
      vertex 52.6692 10.4 50.9436
      vertex 52.8312 4.4 50.7667
      vertex 52.6692 4.4 50.9436
    endloop
  endfacet
  facet normal -0.99906 0 0.0433468
    outer loop
      vertex 53.4642 -16.4 48.7593
      vertex 53.4746 -10.4 48.999
      vertex 53.4642 -10.4 48.7593
    endloop
  endfacet
  facet normal -0.99906 0 0.0433468
    outer loop
      vertex 53.4746 -10.4 48.999
      vertex 53.4642 -16.4 48.7593
      vertex 53.4746 -16.4 48.999
    endloop
  endfacet
  facet normal -0.99906 0 0.0433468
    outer loop
      vertex 53.4642 4.4 48.7593
      vertex 53.4746 10.4 48.999
      vertex 53.4642 10.4 48.7593
    endloop
  endfacet
  facet normal -0.99906 0 0.0433468
    outer loop
      vertex 53.4746 10.4 48.999
      vertex 53.4642 4.4 48.7593
      vertex 53.4746 4.4 48.999
    endloop
  endfacet
  facet normal 0.0437628 0 0.999042
    outer loop
      vertex 50.4849 -10.4 46.2595
      vertex 50.7246 -16.4 46.249
      vertex 50.7246 -10.4 46.249
    endloop
  endfacet
  facet normal 0.0437628 0 0.999042
    outer loop
      vertex 50.7246 -16.4 46.249
      vertex 50.4849 -10.4 46.2595
      vertex 50.4849 -16.4 46.2595
    endloop
  endfacet
  facet normal 0.0437628 0 0.999042
    outer loop
      vertex 50.4849 10.4 46.2595
      vertex 50.7246 4.4 46.249
      vertex 50.7246 10.4 46.249
    endloop
  endfacet
  facet normal 0.0437628 0 0.999042
    outer loop
      vertex 50.7246 4.4 46.249
      vertex 50.4849 10.4 46.2595
      vertex 50.4849 4.4 46.2595
    endloop
  endfacet
  facet normal -0.537172 0 -0.843473
    outer loop
      vertex 52.0996 -16.4 51.3806
      vertex 52.302 -10.4 51.2517
      vertex 52.302 -16.4 51.2517
    endloop
  endfacet
  facet normal -0.537172 0 -0.843473
    outer loop
      vertex 52.302 -10.4 51.2517
      vertex 52.0996 -16.4 51.3806
      vertex 52.0996 -10.4 51.3806
    endloop
  endfacet
  facet normal -0.537172 0 -0.843473
    outer loop
      vertex 52.0996 4.4 51.3806
      vertex 52.302 10.4 51.2517
      vertex 52.302 4.4 51.2517
    endloop
  endfacet
  facet normal -0.537172 0 -0.843473
    outer loop
      vertex 52.302 10.4 51.2517
      vertex 52.0996 4.4 51.3806
      vertex 52.0996 10.4 51.3806
    endloop
  endfacet
  facet normal -0.953765 0 0.300553
    outer loop
      vertex 53.3088 -16.4 48.0585
      vertex 53.3809 -10.4 48.2873
      vertex 53.3088 -10.4 48.0585
    endloop
  endfacet
  facet normal -0.953765 0 0.300553
    outer loop
      vertex 53.3809 -10.4 48.2873
      vertex 53.3088 -16.4 48.0585
      vertex 53.3809 -16.4 48.2873
    endloop
  endfacet
  facet normal -0.953765 0 0.300553
    outer loop
      vertex 53.3088 4.4 48.0585
      vertex 53.3809 10.4 48.2873
      vertex 53.3088 10.4 48.0585
    endloop
  endfacet
  facet normal -0.953765 0 0.300553
    outer loop
      vertex 53.3809 10.4 48.2873
      vertex 53.3088 4.4 48.0585
      vertex 53.3809 4.4 48.2873
    endloop
  endfacet
  facet normal -0.923925 0 0.382573
    outer loop
      vertex 53.217 -16.4 47.8368
      vertex 53.3088 -10.4 48.0585
      vertex 53.217 -10.4 47.8368
    endloop
  endfacet
  facet normal -0.923925 0 0.382573
    outer loop
      vertex 53.3088 -10.4 48.0585
      vertex 53.217 -16.4 47.8368
      vertex 53.3088 -16.4 48.0585
    endloop
  endfacet
  facet normal -0.923925 0 0.382573
    outer loop
      vertex 53.217 4.4 47.8368
      vertex 53.3088 10.4 48.0585
      vertex 53.217 10.4 47.8368
    endloop
  endfacet
  facet normal -0.923925 0 0.382573
    outer loop
      vertex 53.3088 10.4 48.0585
      vertex 53.217 4.4 47.8368
      vertex 53.3088 4.4 48.0585
    endloop
  endfacet
  facet normal -0.38272 0 -0.923864
    outer loop
      vertex 51.6652 -16.4 51.5832
      vertex 51.8868 -10.4 51.4914
      vertex 51.8868 -16.4 51.4914
    endloop
  endfacet
  facet normal -0.38272 0 -0.923864
    outer loop
      vertex 51.8868 -10.4 51.4914
      vertex 51.6652 -16.4 51.5832
      vertex 51.6652 -10.4 51.5832
    endloop
  endfacet
  facet normal -0.38272 0 -0.923864
    outer loop
      vertex 51.6652 4.4 51.5832
      vertex 51.8868 10.4 51.4914
      vertex 51.8868 4.4 51.4914
    endloop
  endfacet
  facet normal -0.38272 0 -0.923864
    outer loop
      vertex 51.8868 10.4 51.4914
      vertex 51.6652 4.4 51.5832
      vertex 51.6652 10.4 51.5832
    endloop
  endfacet
  facet normal 0.537361 0 -0.843352
    outer loop
      vertex 49.1473 -16.4 51.2517
      vertex 49.3496 -10.4 51.3806
      vertex 49.3496 -16.4 51.3806
    endloop
  endfacet
  facet normal 0.537361 0 -0.843352
    outer loop
      vertex 49.3496 -10.4 51.3806
      vertex 49.1473 -16.4 51.2517
      vertex 49.1473 -10.4 51.2517
    endloop
  endfacet
  facet normal 0.537361 0 -0.843352
    outer loop
      vertex 49.1473 4.4 51.2517
      vertex 49.3496 10.4 51.3806
      vertex 49.3496 4.4 51.3806
    endloop
  endfacet
  facet normal 0.537361 0 -0.843352
    outer loop
      vertex 49.3496 10.4 51.3806
      vertex 49.1473 4.4 51.2517
      vertex 49.1473 10.4 51.2517
    endloop
  endfacet
  facet normal -0.461825 0 -0.886971
    outer loop
      vertex 51.8868 -16.4 51.4914
      vertex 52.0996 -10.4 51.3806
      vertex 52.0996 -16.4 51.3806
    endloop
  endfacet
  facet normal -0.461825 0 -0.886971
    outer loop
      vertex 52.0996 -10.4 51.3806
      vertex 51.8868 -16.4 51.4914
      vertex 51.8868 -10.4 51.4914
    endloop
  endfacet
  facet normal -0.461825 0 -0.886971
    outer loop
      vertex 51.8868 4.4 51.4914
      vertex 52.0996 10.4 51.3806
      vertex 52.0996 4.4 51.3806
    endloop
  endfacet
  facet normal -0.461825 0 -0.886971
    outer loop
      vertex 52.0996 10.4 51.3806
      vertex 51.8868 4.4 51.4914
      vertex 51.8868 10.4 51.4914
    endloop
  endfacet
  facet normal 0.976314 0 -0.216357
    outer loop
      vertex 48.0683 -16.4 49.7108
      vertex 48.0164 -10.4 49.4766
      vertex 48.0683 -10.4 49.7108
    endloop
  endfacet
  facet normal 0.976314 0 -0.216357
    outer loop
      vertex 48.0164 -10.4 49.4766
      vertex 48.0683 -16.4 49.7108
      vertex 48.0164 -16.4 49.4766
    endloop
  endfacet
  facet normal 0.976314 0 -0.216357
    outer loop
      vertex 48.0683 4.4 49.7108
      vertex 48.0164 10.4 49.4766
      vertex 48.0683 10.4 49.7108
    endloop
  endfacet
  facet normal 0.976314 0 -0.216357
    outer loop
      vertex 48.0164 10.4 49.4766
      vertex 48.0683 4.4 49.7108
      vertex 48.0164 4.4 49.4766
    endloop
  endfacet
  facet normal 0.999042 -0 0.0437628
    outer loop
      vertex 47.9746 -16.4 48.999
      vertex 47.9851 -10.4 48.7593
      vertex 47.9746 -10.4 48.999
    endloop
  endfacet
  facet normal 0.999042 0 0.0437628
    outer loop
      vertex 47.9851 -10.4 48.7593
      vertex 47.9746 -16.4 48.999
      vertex 47.9851 -16.4 48.7593
    endloop
  endfacet
  facet normal 0.999042 -0 0.0437628
    outer loop
      vertex 47.9746 4.4 48.999
      vertex 47.9851 10.4 48.7593
      vertex 47.9746 10.4 48.999
    endloop
  endfacet
  facet normal 0.999042 0 0.0437628
    outer loop
      vertex 47.9851 10.4 48.7593
      vertex 47.9746 4.4 48.999
      vertex 47.9851 4.4 48.7593
    endloop
  endfacet
  facet normal 0.923864 0 -0.38272
    outer loop
      vertex 48.2323 -16.4 50.1612
      vertex 48.1405 -10.4 49.9396
      vertex 48.2323 -10.4 50.1612
    endloop
  endfacet
  facet normal 0.923864 0 -0.38272
    outer loop
      vertex 48.1405 -10.4 49.9396
      vertex 48.2323 -16.4 50.1612
      vertex 48.1405 -16.4 49.9396
    endloop
  endfacet
  facet normal 0.923864 0 -0.38272
    outer loop
      vertex 48.2323 4.4 50.1612
      vertex 48.1405 10.4 49.9396
      vertex 48.2323 10.4 50.1612
    endloop
  endfacet
  facet normal 0.923864 0 -0.38272
    outer loop
      vertex 48.1405 10.4 49.9396
      vertex 48.2323 4.4 50.1612
      vertex 48.1405 4.4 49.9396
    endloop
  endfacet
  facet normal 0.886971 -0 0.461825
    outer loop
      vertex 48.2323 -16.4 47.8368
      vertex 48.3431 -10.4 47.624
      vertex 48.2323 -10.4 47.8368
    endloop
  endfacet
  facet normal 0.886971 0 0.461825
    outer loop
      vertex 48.3431 -10.4 47.624
      vertex 48.2323 -16.4 47.8368
      vertex 48.3431 -16.4 47.624
    endloop
  endfacet
  facet normal 0.886971 -0 0.461825
    outer loop
      vertex 48.2323 4.4 47.8368
      vertex 48.3431 10.4 47.624
      vertex 48.2323 10.4 47.8368
    endloop
  endfacet
  facet normal 0.886971 0 0.461825
    outer loop
      vertex 48.3431 10.4 47.624
      vertex 48.2323 4.4 47.8368
      vertex 48.3431 4.4 47.624
    endloop
  endfacet
  facet normal 0.216357 0 -0.976314
    outer loop
      vertex 50.0129 -16.4 51.6553
      vertex 50.2471 -10.4 51.7072
      vertex 50.2471 -16.4 51.7072
    endloop
  endfacet
  facet normal 0.216357 0 -0.976314
    outer loop
      vertex 50.2471 -10.4 51.7072
      vertex 50.0129 -16.4 51.6553
      vertex 50.0129 -10.4 51.6553
    endloop
  endfacet
  facet normal 0.216357 0 -0.976314
    outer loop
      vertex 50.0129 4.4 51.6553
      vertex 50.2471 10.4 51.7072
      vertex 50.2471 4.4 51.7072
    endloop
  endfacet
  facet normal 0.216357 0 -0.976314
    outer loop
      vertex 50.2471 10.4 51.7072
      vertex 50.0129 4.4 51.6553
      vertex 50.0129 10.4 51.6553
    endloop
  endfacet
  facet normal 0.608703 0 0.793398
    outer loop
      vertex 48.957 -10.4 46.8924
      vertex 49.1473 -16.4 46.7464
      vertex 49.1473 -10.4 46.7464
    endloop
  endfacet
  facet normal 0.608703 0 0.793398
    outer loop
      vertex 49.1473 -16.4 46.7464
      vertex 48.957 -10.4 46.8924
      vertex 48.957 -16.4 46.8924
    endloop
  endfacet
  facet normal 0.608703 0 0.793398
    outer loop
      vertex 48.957 10.4 46.8924
      vertex 49.1473 4.4 46.7464
      vertex 49.1473 10.4 46.7464
    endloop
  endfacet
  facet normal 0.608703 0 0.793398
    outer loop
      vertex 49.1473 4.4 46.7464
      vertex 48.957 10.4 46.8924
      vertex 48.957 4.4 46.8924
    endloop
  endfacet
  facet normal -0.0437628 0 0.999042
    outer loop
      vertex 50.7246 -10.4 46.249
      vertex 50.9643 -16.4 46.2595
      vertex 50.9643 -10.4 46.2595
    endloop
  endfacet
  facet normal -0.0437628 0 0.999042
    outer loop
      vertex 50.9643 -16.4 46.2595
      vertex 50.7246 -10.4 46.249
      vertex 50.7246 -16.4 46.249
    endloop
  endfacet
  facet normal -0.0437628 0 0.999042
    outer loop
      vertex 50.7246 10.4 46.249
      vertex 50.9643 4.4 46.2595
      vertex 50.9643 10.4 46.2595
    endloop
  endfacet
  facet normal -0.0437628 0 0.999042
    outer loop
      vertex 50.9643 4.4 46.2595
      vertex 50.7246 10.4 46.249
      vertex 50.7246 4.4 46.249
    endloop
  endfacet
  facet normal 0.461825 0 -0.886971
    outer loop
      vertex 49.3496 -16.4 51.3806
      vertex 49.5624 -10.4 51.4914
      vertex 49.5624 -16.4 51.4914
    endloop
  endfacet
  facet normal 0.461825 0 -0.886971
    outer loop
      vertex 49.5624 -10.4 51.4914
      vertex 49.3496 -16.4 51.3806
      vertex 49.3496 -10.4 51.3806
    endloop
  endfacet
  facet normal 0.461825 0 -0.886971
    outer loop
      vertex 49.3496 4.4 51.3806
      vertex 49.5624 10.4 51.4914
      vertex 49.5624 4.4 51.4914
    endloop
  endfacet
  facet normal 0.461825 0 -0.886971
    outer loop
      vertex 49.5624 10.4 51.4914
      vertex 49.3496 4.4 51.3806
      vertex 49.3496 10.4 51.3806
    endloop
  endfacet
  facet normal 0.793398 0 -0.608703
    outer loop
      vertex 48.618 -16.4 50.7667
      vertex 48.472 -10.4 50.5764
      vertex 48.618 -10.4 50.7667
    endloop
  endfacet
  facet normal 0.793398 0 -0.608703
    outer loop
      vertex 48.472 -10.4 50.5764
      vertex 48.618 -16.4 50.7667
      vertex 48.472 -16.4 50.5764
    endloop
  endfacet
  facet normal 0.793398 0 -0.608703
    outer loop
      vertex 48.618 4.4 50.7667
      vertex 48.472 10.4 50.5764
      vertex 48.618 10.4 50.7667
    endloop
  endfacet
  facet normal 0.793398 0 -0.608703
    outer loop
      vertex 48.472 10.4 50.5764
      vertex 48.618 4.4 50.7667
      vertex 48.472 4.4 50.5764
    endloop
  endfacet
  facet normal -0.608703 0 0.793398
    outer loop
      vertex 52.302 -10.4 46.7464
      vertex 52.4923 -16.4 46.8924
      vertex 52.4923 -10.4 46.8924
    endloop
  endfacet
  facet normal -0.608703 0 0.793398
    outer loop
      vertex 52.4923 -16.4 46.8924
      vertex 52.302 -10.4 46.7464
      vertex 52.302 -16.4 46.7464
    endloop
  endfacet
  facet normal -0.608703 0 0.793398
    outer loop
      vertex 52.302 10.4 46.7464
      vertex 52.4923 4.4 46.8924
      vertex 52.4923 10.4 46.8924
    endloop
  endfacet
  facet normal -0.608703 0 0.793398
    outer loop
      vertex 52.4923 4.4 46.8924
      vertex 52.302 10.4 46.7464
      vertex 52.302 4.4 46.7464
    endloop
  endfacet
  facet normal -0.923864 0 -0.38272
    outer loop
      vertex 53.3088 -16.4 49.9396
      vertex 53.217 -10.4 50.1612
      vertex 53.3088 -10.4 49.9396
    endloop
  endfacet
  facet normal -0.923864 -0 -0.38272
    outer loop
      vertex 53.217 -10.4 50.1612
      vertex 53.3088 -16.4 49.9396
      vertex 53.217 -16.4 50.1612
    endloop
  endfacet
  facet normal -0.923864 0 -0.38272
    outer loop
      vertex 53.3088 4.4 49.9396
      vertex 53.217 10.4 50.1612
      vertex 53.3088 10.4 49.9396
    endloop
  endfacet
  facet normal -0.923864 -0 -0.38272
    outer loop
      vertex 53.217 10.4 50.1612
      vertex 53.3088 4.4 49.9396
      vertex 53.217 4.4 50.1612
    endloop
  endfacet
  facet normal 0.923925 -0 0.382573
    outer loop
      vertex 48.1405 -16.4 48.0585
      vertex 48.2323 -10.4 47.8368
      vertex 48.1405 -10.4 48.0585
    endloop
  endfacet
  facet normal 0.923925 0 0.382573
    outer loop
      vertex 48.2323 -10.4 47.8368
      vertex 48.1405 -16.4 48.0585
      vertex 48.2323 -16.4 47.8368
    endloop
  endfacet
  facet normal 0.923925 -0 0.382573
    outer loop
      vertex 48.1405 4.4 48.0585
      vertex 48.2323 10.4 47.8368
      vertex 48.1405 10.4 48.0585
    endloop
  endfacet
  facet normal 0.923925 0 0.382573
    outer loop
      vertex 48.2323 10.4 47.8368
      vertex 48.1405 4.4 48.0585
      vertex 48.2323 4.4 47.8368
    endloop
  endfacet
  facet normal -0.216357 0 0.976314
    outer loop
      vertex 51.2022 -10.4 46.2908
      vertex 51.4364 -16.4 46.3427
      vertex 51.4364 -10.4 46.3427
    endloop
  endfacet
  facet normal -0.216357 0 0.976314
    outer loop
      vertex 51.4364 -16.4 46.3427
      vertex 51.2022 -10.4 46.2908
      vertex 51.2022 -16.4 46.2908
    endloop
  endfacet
  facet normal -0.216357 0 0.976314
    outer loop
      vertex 51.2022 10.4 46.2908
      vertex 51.4364 4.4 46.3427
      vertex 51.4364 10.4 46.3427
    endloop
  endfacet
  facet normal -0.216357 0 0.976314
    outer loop
      vertex 51.4364 4.4 46.3427
      vertex 51.2022 10.4 46.2908
      vertex 51.2022 4.4 46.2908
    endloop
  endfacet
  facet normal 0.130907 0 -0.991395
    outer loop
      vertex 50.2471 -16.4 51.7072
      vertex 50.4849 -10.4 51.7386
      vertex 50.4849 -16.4 51.7386
    endloop
  endfacet
  facet normal 0.130907 0 -0.991395
    outer loop
      vertex 50.4849 -10.4 51.7386
      vertex 50.2471 -16.4 51.7072
      vertex 50.2471 -10.4 51.7072
    endloop
  endfacet
  facet normal 0.130907 0 -0.991395
    outer loop
      vertex 50.2471 4.4 51.7072
      vertex 50.4849 10.4 51.7386
      vertex 50.4849 4.4 51.7386
    endloop
  endfacet
  facet normal 0.130907 0 -0.991395
    outer loop
      vertex 50.4849 10.4 51.7386
      vertex 50.2471 4.4 51.7072
      vertex 50.2471 10.4 51.7072
    endloop
  endfacet
  facet normal 0.537361 0 0.843352
    outer loop
      vertex 49.1473 -10.4 46.7464
      vertex 49.3496 -16.4 46.6175
      vertex 49.3496 -10.4 46.6175
    endloop
  endfacet
  facet normal 0.537361 0 0.843352
    outer loop
      vertex 49.3496 -16.4 46.6175
      vertex 49.1473 -10.4 46.7464
      vertex 49.1473 -16.4 46.7464
    endloop
  endfacet
  facet normal 0.537361 0 0.843352
    outer loop
      vertex 49.1473 10.4 46.7464
      vertex 49.3496 4.4 46.6175
      vertex 49.3496 10.4 46.6175
    endloop
  endfacet
  facet normal 0.537361 0 0.843352
    outer loop
      vertex 49.3496 4.4 46.6175
      vertex 49.1473 10.4 46.7464
      vertex 49.1473 4.4 46.7464
    endloop
  endfacet
  facet normal 0.0433468 0 -0.99906
    outer loop
      vertex 50.4849 -16.4 51.7386
      vertex 50.7246 -10.4 51.749
      vertex 50.7246 -16.4 51.749
    endloop
  endfacet
  facet normal 0.0433468 0 -0.99906
    outer loop
      vertex 50.7246 -10.4 51.749
      vertex 50.4849 -16.4 51.7386
      vertex 50.4849 -10.4 51.7386
    endloop
  endfacet
  facet normal 0.0433468 0 -0.99906
    outer loop
      vertex 50.4849 4.4 51.7386
      vertex 50.7246 10.4 51.749
      vertex 50.7246 4.4 51.749
    endloop
  endfacet
  facet normal 0.0433468 0 -0.99906
    outer loop
      vertex 50.7246 10.4 51.749
      vertex 50.4849 4.4 51.7386
      vertex 50.4849 10.4 51.7386
    endloop
  endfacet
  facet normal 0.608965 0 -0.793197
    outer loop
      vertex 48.957 -16.4 51.1056
      vertex 49.1473 -10.4 51.2517
      vertex 49.1473 -16.4 51.2517
    endloop
  endfacet
  facet normal 0.608965 0 -0.793197
    outer loop
      vertex 49.1473 -10.4 51.2517
      vertex 48.957 -16.4 51.1056
      vertex 48.957 -10.4 51.1056
    endloop
  endfacet
  facet normal 0.608965 0 -0.793197
    outer loop
      vertex 48.957 4.4 51.1056
      vertex 49.1473 10.4 51.2517
      vertex 49.1473 4.4 51.2517
    endloop
  endfacet
  facet normal 0.608965 0 -0.793197
    outer loop
      vertex 49.1473 10.4 51.2517
      vertex 48.957 4.4 51.1056
      vertex 48.957 10.4 51.1056
    endloop
  endfacet
  facet normal -0.300932 0 0.953646
    outer loop
      vertex 51.4364 -10.4 46.3427
      vertex 51.6652 -16.4 46.4149
      vertex 51.6652 -10.4 46.4149
    endloop
  endfacet
  facet normal -0.300932 0 0.953646
    outer loop
      vertex 51.6652 -16.4 46.4149
      vertex 51.4364 -10.4 46.3427
      vertex 51.4364 -16.4 46.3427
    endloop
  endfacet
  facet normal -0.300932 0 0.953646
    outer loop
      vertex 51.4364 10.4 46.3427
      vertex 51.6652 4.4 46.4149
      vertex 51.6652 10.4 46.4149
    endloop
  endfacet
  facet normal -0.300932 0 0.953646
    outer loop
      vertex 51.6652 4.4 46.4149
      vertex 51.4364 10.4 46.3427
      vertex 51.4364 4.4 46.3427
    endloop
  endfacet
  facet normal -0.461825 0 0.886971
    outer loop
      vertex 51.8868 -10.4 46.5067
      vertex 52.0996 -16.4 46.6175
      vertex 52.0996 -10.4 46.6175
    endloop
  endfacet
  facet normal -0.461825 0 0.886971
    outer loop
      vertex 52.0996 -16.4 46.6175
      vertex 51.8868 -10.4 46.5067
      vertex 51.8868 -16.4 46.5067
    endloop
  endfacet
  facet normal -0.461825 0 0.886971
    outer loop
      vertex 51.8868 10.4 46.5067
      vertex 52.0996 4.4 46.6175
      vertex 52.0996 10.4 46.6175
    endloop
  endfacet
  facet normal -0.461825 0 0.886971
    outer loop
      vertex 52.0996 4.4 46.6175
      vertex 51.8868 10.4 46.5067
      vertex 51.8868 4.4 46.5067
    endloop
  endfacet
  facet normal 0.737275 -0 0.675593
    outer loop
      vertex 48.618 -16.4 47.2314
      vertex 48.7801 -10.4 47.0545
      vertex 48.618 -10.4 47.2314
    endloop
  endfacet
  facet normal 0.737275 0 0.675593
    outer loop
      vertex 48.7801 -10.4 47.0545
      vertex 48.618 -16.4 47.2314
      vertex 48.7801 -16.4 47.0545
    endloop
  endfacet
  facet normal 0.737275 -0 0.675593
    outer loop
      vertex 48.618 4.4 47.2314
      vertex 48.7801 10.4 47.0545
      vertex 48.618 10.4 47.2314
    endloop
  endfacet
  facet normal 0.737275 0 0.675593
    outer loop
      vertex 48.7801 10.4 47.0545
      vertex 48.618 4.4 47.2314
      vertex 48.7801 4.4 47.0545
    endloop
  endfacet
  facet normal 0.793398 -0 0.608703
    outer loop
      vertex 48.472 -16.4 47.4217
      vertex 48.618 -10.4 47.2314
      vertex 48.472 -10.4 47.4217
    endloop
  endfacet
  facet normal 0.793398 0 0.608703
    outer loop
      vertex 48.618 -10.4 47.2314
      vertex 48.472 -16.4 47.4217
      vertex 48.618 -16.4 47.2314
    endloop
  endfacet
  facet normal 0.793398 -0 0.608703
    outer loop
      vertex 48.472 4.4 47.4217
      vertex 48.618 10.4 47.2314
      vertex 48.472 10.4 47.4217
    endloop
  endfacet
  facet normal 0.793398 0 0.608703
    outer loop
      vertex 48.618 10.4 47.2314
      vertex 48.472 4.4 47.4217
      vertex 48.618 4.4 47.2314
    endloop
  endfacet
  facet normal 0.382573 0 0.923925
    outer loop
      vertex 49.5624 -10.4 46.5067
      vertex 49.7841 -16.4 46.4149
      vertex 49.7841 -10.4 46.4149
    endloop
  endfacet
  facet normal 0.382573 0 0.923925
    outer loop
      vertex 49.7841 -16.4 46.4149
      vertex 49.5624 -10.4 46.5067
      vertex 49.5624 -16.4 46.5067
    endloop
  endfacet
  facet normal 0.382573 0 0.923925
    outer loop
      vertex 49.5624 10.4 46.5067
      vertex 49.7841 4.4 46.4149
      vertex 49.7841 10.4 46.4149
    endloop
  endfacet
  facet normal 0.382573 0 0.923925
    outer loop
      vertex 49.7841 4.4 46.4149
      vertex 49.5624 10.4 46.5067
      vertex 49.5624 4.4 46.5067
    endloop
  endfacet
  facet normal -0.991395 0 0.130907
    outer loop
      vertex 53.4328 -16.4 48.5215
      vertex 53.4642 -10.4 48.7593
      vertex 53.4328 -10.4 48.5215
    endloop
  endfacet
  facet normal -0.991395 0 0.130907
    outer loop
      vertex 53.4642 -10.4 48.7593
      vertex 53.4328 -16.4 48.5215
      vertex 53.4642 -16.4 48.7593
    endloop
  endfacet
  facet normal -0.991395 0 0.130907
    outer loop
      vertex 53.4328 4.4 48.5215
      vertex 53.4642 10.4 48.7593
      vertex 53.4328 10.4 48.5215
    endloop
  endfacet
  facet normal -0.991395 0 0.130907
    outer loop
      vertex 53.4642 10.4 48.7593
      vertex 53.4328 4.4 48.5215
      vertex 53.4642 4.4 48.7593
    endloop
  endfacet
  facet normal 0.991449 -0 0.130498
    outer loop
      vertex 47.9851 -16.4 48.7593
      vertex 48.0164 -10.4 48.5215
      vertex 47.9851 -10.4 48.7593
    endloop
  endfacet
  facet normal 0.991449 0 0.130498
    outer loop
      vertex 48.0164 -10.4 48.5215
      vertex 47.9851 -16.4 48.7593
      vertex 48.0164 -16.4 48.5215
    endloop
  endfacet
  facet normal 0.991449 -0 0.130498
    outer loop
      vertex 47.9851 4.4 48.7593
      vertex 48.0164 10.4 48.5215
      vertex 47.9851 10.4 48.7593
    endloop
  endfacet
  facet normal 0.991449 0 0.130498
    outer loop
      vertex 48.0164 10.4 48.5215
      vertex 47.9851 4.4 48.7593
      vertex 48.0164 4.4 48.5215
    endloop
  endfacet
  facet normal -0.130853 0 -0.991402
    outer loop
      vertex 50.9643 -16.4 51.7386
      vertex 51.2022 -10.4 51.7072
      vertex 51.2022 -16.4 51.7072
    endloop
  endfacet
  facet normal -0.130853 0 -0.991402
    outer loop
      vertex 51.2022 -10.4 51.7072
      vertex 50.9643 -16.4 51.7386
      vertex 50.9643 -10.4 51.7386
    endloop
  endfacet
  facet normal -0.130853 0 -0.991402
    outer loop
      vertex 50.9643 4.4 51.7386
      vertex 51.2022 10.4 51.7072
      vertex 51.2022 4.4 51.7072
    endloop
  endfacet
  facet normal -0.130853 0 -0.991402
    outer loop
      vertex 51.2022 10.4 51.7072
      vertex 50.9643 4.4 51.7386
      vertex 50.9643 10.4 51.7386
    endloop
  endfacet
  facet normal -0.843352 0 0.537361
    outer loop
      vertex 52.9773 -16.4 47.4217
      vertex 53.1062 -10.4 47.624
      vertex 52.9773 -10.4 47.4217
    endloop
  endfacet
  facet normal -0.843352 0 0.537361
    outer loop
      vertex 53.1062 -10.4 47.624
      vertex 52.9773 -16.4 47.4217
      vertex 53.1062 -16.4 47.624
    endloop
  endfacet
  facet normal -0.843352 0 0.537361
    outer loop
      vertex 52.9773 4.4 47.4217
      vertex 53.1062 10.4 47.624
      vertex 52.9773 10.4 47.4217
    endloop
  endfacet
  facet normal -0.843352 0 0.537361
    outer loop
      vertex 53.1062 10.4 47.624
      vertex 52.9773 4.4 47.4217
      vertex 53.1062 4.4 47.624
    endloop
  endfacet
  facet normal -0.608965 0 -0.793197
    outer loop
      vertex 52.302 -16.4 51.2517
      vertex 52.4923 -10.4 51.1056
      vertex 52.4923 -16.4 51.1056
    endloop
  endfacet
  facet normal -0.608965 0 -0.793197
    outer loop
      vertex 52.4923 -10.4 51.1056
      vertex 52.302 -16.4 51.2517
      vertex 52.302 -10.4 51.2517
    endloop
  endfacet
  facet normal -0.608965 0 -0.793197
    outer loop
      vertex 52.302 4.4 51.2517
      vertex 52.4923 10.4 51.1056
      vertex 52.4923 4.4 51.1056
    endloop
  endfacet
  facet normal -0.608965 0 -0.793197
    outer loop
      vertex 52.4923 10.4 51.1056
      vertex 52.302 4.4 51.2517
      vertex 52.302 10.4 51.2517
    endloop
  endfacet
  facet normal -0.675366 0 -0.737483
    outer loop
      vertex 52.4923 -16.4 51.1056
      vertex 52.6692 -10.4 50.9436
      vertex 52.6692 -16.4 50.9436
    endloop
  endfacet
  facet normal -0.675366 0 -0.737483
    outer loop
      vertex 52.6692 -10.4 50.9436
      vertex 52.4923 -16.4 51.1056
      vertex 52.4923 -10.4 51.1056
    endloop
  endfacet
  facet normal -0.675366 0 -0.737483
    outer loop
      vertex 52.4923 4.4 51.1056
      vertex 52.6692 10.4 50.9436
      vertex 52.6692 4.4 50.9436
    endloop
  endfacet
  facet normal -0.675366 0 -0.737483
    outer loop
      vertex 52.6692 10.4 50.9436
      vertex 52.4923 4.4 51.1056
      vertex 52.4923 10.4 51.1056
    endloop
  endfacet
  facet normal -0.216357 0 -0.976314
    outer loop
      vertex 51.2022 -16.4 51.7072
      vertex 51.4364 -10.4 51.6553
      vertex 51.4364 -16.4 51.6553
    endloop
  endfacet
  facet normal -0.216357 0 -0.976314
    outer loop
      vertex 51.4364 -10.4 51.6553
      vertex 51.2022 -16.4 51.7072
      vertex 51.2022 -10.4 51.7072
    endloop
  endfacet
  facet normal -0.216357 0 -0.976314
    outer loop
      vertex 51.2022 4.4 51.7072
      vertex 51.4364 10.4 51.6553
      vertex 51.4364 4.4 51.6553
    endloop
  endfacet
  facet normal -0.216357 0 -0.976314
    outer loop
      vertex 51.4364 10.4 51.6553
      vertex 51.2022 4.4 51.7072
      vertex 51.2022 10.4 51.7072
    endloop
  endfacet
  facet normal 0.675366 0 -0.737483
    outer loop
      vertex 48.7801 -16.4 50.9436
      vertex 48.957 -10.4 51.1056
      vertex 48.957 -16.4 51.1056
    endloop
  endfacet
  facet normal 0.675366 0 -0.737483
    outer loop
      vertex 48.957 -10.4 51.1056
      vertex 48.7801 -16.4 50.9436
      vertex 48.7801 -10.4 50.9436
    endloop
  endfacet
  facet normal 0.675366 0 -0.737483
    outer loop
      vertex 48.7801 4.4 50.9436
      vertex 48.957 10.4 51.1056
      vertex 48.957 4.4 51.1056
    endloop
  endfacet
  facet normal 0.675366 0 -0.737483
    outer loop
      vertex 48.957 10.4 51.1056
      vertex 48.7801 4.4 50.9436
      vertex 48.7801 10.4 50.9436
    endloop
  endfacet
  facet normal 0.216357 0 0.976314
    outer loop
      vertex 50.0129 -10.4 46.3427
      vertex 50.2471 -16.4 46.2908
      vertex 50.2471 -10.4 46.2908
    endloop
  endfacet
  facet normal 0.216357 0 0.976314
    outer loop
      vertex 50.2471 -16.4 46.2908
      vertex 50.0129 -10.4 46.3427
      vertex 50.0129 -16.4 46.3427
    endloop
  endfacet
  facet normal 0.216357 0 0.976314
    outer loop
      vertex 50.0129 10.4 46.3427
      vertex 50.2471 4.4 46.2908
      vertex 50.2471 10.4 46.2908
    endloop
  endfacet
  facet normal 0.216357 0 0.976314
    outer loop
      vertex 50.2471 4.4 46.2908
      vertex 50.0129 10.4 46.3427
      vertex 50.0129 4.4 46.3427
    endloop
  endfacet
  facet normal -0.793197 0 -0.608965
    outer loop
      vertex 52.9773 -16.4 50.5764
      vertex 52.8312 -10.4 50.7667
      vertex 52.9773 -10.4 50.5764
    endloop
  endfacet
  facet normal -0.793197 -0 -0.608965
    outer loop
      vertex 52.8312 -10.4 50.7667
      vertex 52.9773 -16.4 50.5764
      vertex 52.8312 -16.4 50.7667
    endloop
  endfacet
  facet normal -0.793197 0 -0.608965
    outer loop
      vertex 52.9773 4.4 50.5764
      vertex 52.8312 10.4 50.7667
      vertex 52.9773 10.4 50.5764
    endloop
  endfacet
  facet normal -0.793197 -0 -0.608965
    outer loop
      vertex 52.8312 10.4 50.7667
      vertex 52.9773 4.4 50.5764
      vertex 52.8312 4.4 50.7667
    endloop
  endfacet
  facet normal 0.675593 0 0.737275
    outer loop
      vertex 48.7801 -10.4 47.0545
      vertex 48.957 -16.4 46.8924
      vertex 48.957 -10.4 46.8924
    endloop
  endfacet
  facet normal 0.675593 0 0.737275
    outer loop
      vertex 48.957 -16.4 46.8924
      vertex 48.7801 -10.4 47.0545
      vertex 48.7801 -16.4 47.0545
    endloop
  endfacet
  facet normal 0.675593 0 0.737275
    outer loop
      vertex 48.7801 10.4 47.0545
      vertex 48.957 4.4 46.8924
      vertex 48.957 10.4 46.8924
    endloop
  endfacet
  facet normal 0.675593 0 0.737275
    outer loop
      vertex 48.957 4.4 46.8924
      vertex 48.7801 10.4 47.0545
      vertex 48.7801 4.4 47.0545
    endloop
  endfacet
  facet normal 0.886971 0 -0.461825
    outer loop
      vertex 48.3431 -16.4 50.374
      vertex 48.2323 -10.4 50.1612
      vertex 48.3431 -10.4 50.374
    endloop
  endfacet
  facet normal 0.886971 0 -0.461825
    outer loop
      vertex 48.2323 -10.4 50.1612
      vertex 48.3431 -16.4 50.374
      vertex 48.2323 -16.4 50.1612
    endloop
  endfacet
  facet normal 0.886971 0 -0.461825
    outer loop
      vertex 48.3431 4.4 50.374
      vertex 48.2323 10.4 50.1612
      vertex 48.3431 10.4 50.374
    endloop
  endfacet
  facet normal 0.886971 0 -0.461825
    outer loop
      vertex 48.2323 10.4 50.1612
      vertex 48.3431 4.4 50.374
      vertex 48.2323 4.4 50.1612
    endloop
  endfacet
  facet normal 0.737275 0 -0.675593
    outer loop
      vertex 48.7801 -16.4 50.9436
      vertex 48.618 -10.4 50.7667
      vertex 48.7801 -10.4 50.9436
    endloop
  endfacet
  facet normal 0.737275 0 -0.675593
    outer loop
      vertex 48.618 -10.4 50.7667
      vertex 48.7801 -16.4 50.9436
      vertex 48.618 -16.4 50.7667
    endloop
  endfacet
  facet normal 0.737275 0 -0.675593
    outer loop
      vertex 48.7801 4.4 50.9436
      vertex 48.618 10.4 50.7667
      vertex 48.7801 10.4 50.9436
    endloop
  endfacet
  facet normal 0.737275 0 -0.675593
    outer loop
      vertex 48.618 10.4 50.7667
      vertex 48.7801 4.4 50.9436
      vertex 48.618 4.4 50.7667
    endloop
  endfacet
  facet normal 0.991456 0 -0.130444
    outer loop
      vertex 48.0164 -16.4 49.4766
      vertex 47.9851 -10.4 49.2387
      vertex 48.0164 -10.4 49.4766
    endloop
  endfacet
  facet normal 0.991456 0 -0.130444
    outer loop
      vertex 47.9851 -10.4 49.2387
      vertex 48.0164 -16.4 49.4766
      vertex 47.9851 -16.4 49.2387
    endloop
  endfacet
  facet normal 0.991456 0 -0.130444
    outer loop
      vertex 48.0164 4.4 49.4766
      vertex 47.9851 10.4 49.2387
      vertex 48.0164 10.4 49.4766
    endloop
  endfacet
  facet normal 0.991456 0 -0.130444
    outer loop
      vertex 47.9851 10.4 49.2387
      vertex 48.0164 4.4 49.4766
      vertex 47.9851 4.4 49.2387
    endloop
  endfacet
  facet normal 0.300932 0 0.953646
    outer loop
      vertex 49.7841 -10.4 46.4149
      vertex 50.0129 -16.4 46.3427
      vertex 50.0129 -10.4 46.3427
    endloop
  endfacet
  facet normal 0.300932 0 0.953646
    outer loop
      vertex 50.0129 -16.4 46.3427
      vertex 49.7841 -10.4 46.4149
      vertex 49.7841 -16.4 46.4149
    endloop
  endfacet
  facet normal 0.300932 0 0.953646
    outer loop
      vertex 49.7841 10.4 46.4149
      vertex 50.0129 4.4 46.3427
      vertex 50.0129 10.4 46.3427
    endloop
  endfacet
  facet normal 0.300932 0 0.953646
    outer loop
      vertex 50.0129 4.4 46.3427
      vertex 49.7841 10.4 46.4149
      vertex 49.7841 4.4 46.4149
    endloop
  endfacet
  facet normal -0.537172 0 0.843473
    outer loop
      vertex 52.0996 -10.4 46.6175
      vertex 52.302 -16.4 46.7464
      vertex 52.302 -10.4 46.7464
    endloop
  endfacet
  facet normal -0.537172 0 0.843473
    outer loop
      vertex 52.302 -16.4 46.7464
      vertex 52.0996 -10.4 46.6175
      vertex 52.0996 -16.4 46.6175
    endloop
  endfacet
  facet normal -0.537172 0 0.843473
    outer loop
      vertex 52.0996 10.4 46.6175
      vertex 52.302 4.4 46.7464
      vertex 52.302 10.4 46.7464
    endloop
  endfacet
  facet normal -0.537172 0 0.843473
    outer loop
      vertex 52.302 4.4 46.7464
      vertex 52.0996 10.4 46.6175
      vertex 52.0996 4.4 46.6175
    endloop
  endfacet
  facet normal -0.675593 0 0.737275
    outer loop
      vertex 52.4923 -10.4 46.8924
      vertex 52.6692 -16.4 47.0545
      vertex 52.6692 -10.4 47.0545
    endloop
  endfacet
  facet normal -0.675593 0 0.737275
    outer loop
      vertex 52.6692 -16.4 47.0545
      vertex 52.4923 -10.4 46.8924
      vertex 52.4923 -16.4 46.8924
    endloop
  endfacet
  facet normal -0.675593 0 0.737275
    outer loop
      vertex 52.4923 10.4 46.8924
      vertex 52.6692 4.4 47.0545
      vertex 52.6692 10.4 47.0545
    endloop
  endfacet
  facet normal -0.675593 0 0.737275
    outer loop
      vertex 52.6692 4.4 47.0545
      vertex 52.4923 10.4 46.8924
      vertex 52.4923 4.4 46.8924
    endloop
  endfacet
  facet normal 0.130498 0 0.991449
    outer loop
      vertex 50.2471 -10.4 46.2908
      vertex 50.4849 -16.4 46.2595
      vertex 50.4849 -10.4 46.2595
    endloop
  endfacet
  facet normal 0.130498 0 0.991449
    outer loop
      vertex 50.4849 -16.4 46.2595
      vertex 50.2471 -10.4 46.2908
      vertex 50.2471 -16.4 46.2908
    endloop
  endfacet
  facet normal 0.130498 0 0.991449
    outer loop
      vertex 50.2471 10.4 46.2908
      vertex 50.4849 4.4 46.2595
      vertex 50.4849 10.4 46.2595
    endloop
  endfacet
  facet normal 0.130498 0 0.991449
    outer loop
      vertex 50.4849 4.4 46.2595
      vertex 50.2471 10.4 46.2908
      vertex 50.2471 4.4 46.2908
    endloop
  endfacet
  facet normal 0.976314 -0 0.216357
    outer loop
      vertex 48.0164 -16.4 48.5215
      vertex 48.0683 -10.4 48.2873
      vertex 48.0164 -10.4 48.5215
    endloop
  endfacet
  facet normal 0.976314 0 0.216357
    outer loop
      vertex 48.0683 -10.4 48.2873
      vertex 48.0164 -16.4 48.5215
      vertex 48.0683 -16.4 48.2873
    endloop
  endfacet
  facet normal 0.976314 -0 0.216357
    outer loop
      vertex 48.0164 4.4 48.5215
      vertex 48.0683 10.4 48.2873
      vertex 48.0164 10.4 48.5215
    endloop
  endfacet
  facet normal 0.976314 0 0.216357
    outer loop
      vertex 48.0683 10.4 48.2873
      vertex 48.0164 4.4 48.5215
      vertex 48.0683 4.4 48.2873
    endloop
  endfacet
  facet normal 0.991443 0 -0.130538
    outer loop
      vertex -44.1854 -16.4 40.738
      vertex -44.2338 -10.4 40.3704
      vertex -44.1854 -10.4 40.738
    endloop
  endfacet
  facet normal 0.991443 0 -0.130538
    outer loop
      vertex -44.2338 -10.4 40.3704
      vertex -44.1854 -16.4 40.738
      vertex -44.2338 -16.4 40.3704
    endloop
  endfacet
  facet normal 0.991443 0 -0.130538
    outer loop
      vertex -44.1854 4.4 40.738
      vertex -44.2338 10.4 40.3704
      vertex -44.1854 10.4 40.738
    endloop
  endfacet
  facet normal 0.991443 0 -0.130538
    outer loop
      vertex -44.2338 10.4 40.3704
      vertex -44.1854 4.4 40.738
      vertex -44.2338 4.4 40.3704
    endloop
  endfacet
  facet normal 0.999045 0 -0.0436947
    outer loop
      vertex -44.2338 -16.4 40.3704
      vertex -44.25 -10.4 40
      vertex -44.2338 -10.4 40.3704
    endloop
  endfacet
  facet normal 0.999045 0 -0.0436947
    outer loop
      vertex -44.25 -10.4 40
      vertex -44.2338 -16.4 40.3704
      vertex -44.25 -16.4 40
    endloop
  endfacet
  facet normal 0.999045 0 -0.0436947
    outer loop
      vertex -44.2338 4.4 40.3704
      vertex -44.25 10.4 40
      vertex -44.2338 10.4 40.3704
    endloop
  endfacet
  facet normal 0.999045 0 -0.0436947
    outer loop
      vertex -44.25 10.4 40
      vertex -44.2338 4.4 40.3704
      vertex -44.25 4.4 40
    endloop
  endfacet
  facet normal 0.976326 0 -0.216302
    outer loop
      vertex -44.1052 -16.4 41.1
      vertex -44.1854 -10.4 40.738
      vertex -44.1052 -10.4 41.1
    endloop
  endfacet
  facet normal 0.976326 0 -0.216302
    outer loop
      vertex -44.1854 -10.4 40.738
      vertex -44.1052 -16.4 41.1
      vertex -44.1854 -16.4 40.738
    endloop
  endfacet
  facet normal 0.976326 0 -0.216302
    outer loop
      vertex -44.1052 4.4 41.1
      vertex -44.1854 10.4 40.738
      vertex -44.1052 10.4 41.1
    endloop
  endfacet
  facet normal 0.976326 0 -0.216302
    outer loop
      vertex -44.1854 10.4 40.738
      vertex -44.1052 4.4 41.1
      vertex -44.1854 4.4 40.738
    endloop
  endfacet
  facet normal -0.537277 0 -0.843406
    outer loop
      vertex -37.875 -16.4 43.6806
      vertex -37.5623 -10.4 43.4814
      vertex -37.5623 -16.4 43.4814
    endloop
  endfacet
  facet normal -0.537277 0 -0.843406
    outer loop
      vertex -37.5623 -10.4 43.4814
      vertex -37.875 -16.4 43.6806
      vertex -37.875 -10.4 43.6806
    endloop
  endfacet
  facet normal -0.537277 0 -0.843406
    outer loop
      vertex -37.875 4.4 43.6806
      vertex -37.5623 10.4 43.4814
      vertex -37.5623 4.4 43.4814
    endloop
  endfacet
  facet normal -0.537277 0 -0.843406
    outer loop
      vertex -37.5623 10.4 43.4814
      vertex -37.875 4.4 43.6806
      vertex -37.875 10.4 43.6806
    endloop
  endfacet
  facet normal 0.675554 0 -0.737311
    outer loop
      vertex -43.0052 -16.4 43.0052
      vertex -42.7318 -10.4 43.2557
      vertex -42.7318 -16.4 43.2557
    endloop
  endfacet
  facet normal 0.675554 0 -0.737311
    outer loop
      vertex -42.7318 -10.4 43.2557
      vertex -43.0052 -16.4 43.0052
      vertex -43.0052 -10.4 43.0052
    endloop
  endfacet
  facet normal 0.675554 0 -0.737311
    outer loop
      vertex -43.0052 4.4 43.0052
      vertex -42.7318 10.4 43.2557
      vertex -42.7318 4.4 43.2557
    endloop
  endfacet
  facet normal 0.675554 0 -0.737311
    outer loop
      vertex -42.7318 10.4 43.2557
      vertex -43.0052 4.4 43.0052
      vertex -43.0052 10.4 43.0052
    endloop
  endfacet
  facet normal -0.887027 0 -0.461718
    outer loop
      vertex -36.1482 -16.4 41.7961
      vertex -36.3194 -10.4 42.125
      vertex -36.1482 -10.4 41.7961
    endloop
  endfacet
  facet normal -0.887027 -0 -0.461718
    outer loop
      vertex -36.3194 -10.4 42.125
      vertex -36.1482 -16.4 41.7961
      vertex -36.3194 -16.4 42.125
    endloop
  endfacet
  facet normal -0.887027 0 -0.461718
    outer loop
      vertex -36.1482 4.4 41.7961
      vertex -36.3194 10.4 42.125
      vertex -36.1482 10.4 41.7961
    endloop
  endfacet
  facet normal -0.887027 -0 -0.461718
    outer loop
      vertex -36.3194 10.4 42.125
      vertex -36.1482 4.4 41.7961
      vertex -36.3194 4.4 42.125
    endloop
  endfacet
  facet normal 0.887027 0 -0.461718
    outer loop
      vertex -43.6806 -16.4 42.125
      vertex -43.8518 -10.4 41.7961
      vertex -43.6806 -10.4 42.125
    endloop
  endfacet
  facet normal 0.887027 0 -0.461718
    outer loop
      vertex -43.8518 -10.4 41.7961
      vertex -43.6806 -16.4 42.125
      vertex -43.8518 -16.4 41.7961
    endloop
  endfacet
  facet normal 0.887027 0 -0.461718
    outer loop
      vertex -43.6806 4.4 42.125
      vertex -43.8518 10.4 41.7961
      vertex -43.6806 10.4 42.125
    endloop
  endfacet
  facet normal 0.887027 0 -0.461718
    outer loop
      vertex -43.8518 10.4 41.7961
      vertex -43.6806 4.4 42.125
      vertex -43.8518 4.4 41.7961
    endloop
  endfacet
  facet normal 0.537277 0 0.843406
    outer loop
      vertex -42.4377 -10.4 36.5186
      vertex -42.125 -16.4 36.3194
      vertex -42.125 -10.4 36.3194
    endloop
  endfacet
  facet normal 0.537277 0 0.843406
    outer loop
      vertex -42.125 -16.4 36.3194
      vertex -42.4377 -10.4 36.5186
      vertex -42.4377 -16.4 36.5186
    endloop
  endfacet
  facet normal 0.537277 0 0.843406
    outer loop
      vertex -42.4377 10.4 36.5186
      vertex -42.125 4.4 36.3194
      vertex -42.125 10.4 36.3194
    endloop
  endfacet
  facet normal 0.537277 0 0.843406
    outer loop
      vertex -42.125 4.4 36.3194
      vertex -42.4377 10.4 36.5186
      vertex -42.4377 4.4 36.5186
    endloop
  endfacet
  facet normal 0.923849 0 -0.382757
    outer loop
      vertex -43.8518 -16.4 41.7961
      vertex -43.9937 -10.4 41.4536
      vertex -43.8518 -10.4 41.7961
    endloop
  endfacet
  facet normal 0.923849 0 -0.382757
    outer loop
      vertex -43.9937 -10.4 41.4536
      vertex -43.8518 -16.4 41.7961
      vertex -43.9937 -16.4 41.4536
    endloop
  endfacet
  facet normal 0.923849 0 -0.382757
    outer loop
      vertex -43.8518 4.4 41.7961
      vertex -43.9937 10.4 41.4536
      vertex -43.8518 10.4 41.7961
    endloop
  endfacet
  facet normal 0.923849 0 -0.382757
    outer loop
      vertex -43.9937 10.4 41.4536
      vertex -43.8518 4.4 41.7961
      vertex -43.9937 4.4 41.4536
    endloop
  endfacet
  facet normal -0.537277 0 0.843406
    outer loop
      vertex -37.875 -10.4 36.3194
      vertex -37.5623 -16.4 36.5186
      vertex -37.5623 -10.4 36.5186
    endloop
  endfacet
  facet normal -0.537277 0 0.843406
    outer loop
      vertex -37.5623 -16.4 36.5186
      vertex -37.875 -10.4 36.3194
      vertex -37.875 -16.4 36.3194
    endloop
  endfacet
  facet normal -0.537277 0 0.843406
    outer loop
      vertex -37.875 10.4 36.3194
      vertex -37.5623 4.4 36.5186
      vertex -37.5623 10.4 36.5186
    endloop
  endfacet
  facet normal -0.537277 0 0.843406
    outer loop
      vertex -37.5623 4.4 36.5186
      vertex -37.875 10.4 36.3194
      vertex -37.875 4.4 36.3194
    endloop
  endfacet
  facet normal 0.382757 0 -0.923849
    outer loop
      vertex -41.7961 -16.4 43.8518
      vertex -41.4536 -10.4 43.9937
      vertex -41.4536 -16.4 43.9937
    endloop
  endfacet
  facet normal 0.382757 0 -0.923849
    outer loop
      vertex -41.4536 -10.4 43.9937
      vertex -41.7961 -16.4 43.8518
      vertex -41.7961 -10.4 43.8518
    endloop
  endfacet
  facet normal 0.382757 0 -0.923849
    outer loop
      vertex -41.7961 4.4 43.8518
      vertex -41.4536 10.4 43.9937
      vertex -41.4536 4.4 43.9937
    endloop
  endfacet
  facet normal 0.382757 0 -0.923849
    outer loop
      vertex -41.4536 10.4 43.9937
      vertex -41.7961 4.4 43.8518
      vertex -41.7961 10.4 43.8518
    endloop
  endfacet
  facet normal -0.737311 0 -0.675554
    outer loop
      vertex -36.7443 -16.4 42.7318
      vertex -36.9948 -10.4 43.0052
      vertex -36.7443 -10.4 42.7318
    endloop
  endfacet
  facet normal -0.737311 -0 -0.675554
    outer loop
      vertex -36.9948 -10.4 43.0052
      vertex -36.7443 -16.4 42.7318
      vertex -36.9948 -16.4 43.0052
    endloop
  endfacet
  facet normal -0.737311 0 -0.675554
    outer loop
      vertex -36.7443 4.4 42.7318
      vertex -36.9948 10.4 43.0052
      vertex -36.7443 10.4 42.7318
    endloop
  endfacet
  facet normal -0.737311 -0 -0.675554
    outer loop
      vertex -36.9948 10.4 43.0052
      vertex -36.7443 4.4 42.7318
      vertex -36.9948 4.4 43.0052
    endloop
  endfacet
  facet normal 0.608811 0 0.793315
    outer loop
      vertex -42.7318 -10.4 36.7443
      vertex -42.4377 -16.4 36.5186
      vertex -42.4377 -10.4 36.5186
    endloop
  endfacet
  facet normal 0.608811 0 0.793315
    outer loop
      vertex -42.4377 -16.4 36.5186
      vertex -42.7318 -10.4 36.7443
      vertex -42.7318 -16.4 36.7443
    endloop
  endfacet
  facet normal 0.608811 0 0.793315
    outer loop
      vertex -42.7318 10.4 36.7443
      vertex -42.4377 4.4 36.5186
      vertex -42.4377 10.4 36.5186
    endloop
  endfacet
  facet normal 0.608811 0 0.793315
    outer loop
      vertex -42.4377 4.4 36.5186
      vertex -42.7318 10.4 36.7443
      vertex -42.7318 4.4 36.7443
    endloop
  endfacet
  facet normal -0.923849 0 0.382757
    outer loop
      vertex -36.1482 -16.4 38.2039
      vertex -36.0063 -10.4 38.5464
      vertex -36.1482 -10.4 38.2039
    endloop
  endfacet
  facet normal -0.923849 0 0.382757
    outer loop
      vertex -36.0063 -10.4 38.5464
      vertex -36.1482 -16.4 38.2039
      vertex -36.0063 -16.4 38.5464
    endloop
  endfacet
  facet normal -0.923849 0 0.382757
    outer loop
      vertex -36.1482 4.4 38.2039
      vertex -36.0063 10.4 38.5464
      vertex -36.1482 10.4 38.2039
    endloop
  endfacet
  facet normal -0.923849 0 0.382757
    outer loop
      vertex -36.0063 10.4 38.5464
      vertex -36.1482 4.4 38.2039
      vertex -36.0063 4.4 38.5464
    endloop
  endfacet
  facet normal 0.843406 -0 0.537277
    outer loop
      vertex -43.6806 -16.4 37.875
      vertex -43.4814 -10.4 37.5623
      vertex -43.6806 -10.4 37.875
    endloop
  endfacet
  facet normal 0.843406 0 0.537277
    outer loop
      vertex -43.4814 -10.4 37.5623
      vertex -43.6806 -16.4 37.875
      vertex -43.4814 -16.4 37.5623
    endloop
  endfacet
  facet normal 0.843406 -0 0.537277
    outer loop
      vertex -43.6806 4.4 37.875
      vertex -43.4814 10.4 37.5623
      vertex -43.6806 10.4 37.875
    endloop
  endfacet
  facet normal 0.843406 0 0.537277
    outer loop
      vertex -43.4814 10.4 37.5623
      vertex -43.6806 4.4 37.875
      vertex -43.4814 4.4 37.5623
    endloop
  endfacet
  facet normal 0.216302 0 0.976326
    outer loop
      vertex -41.1 -10.4 35.8948
      vertex -40.738 -16.4 35.8146
      vertex -40.738 -10.4 35.8146
    endloop
  endfacet
  facet normal 0.216302 0 0.976326
    outer loop
      vertex -40.738 -16.4 35.8146
      vertex -41.1 -10.4 35.8948
      vertex -41.1 -16.4 35.8948
    endloop
  endfacet
  facet normal 0.216302 0 0.976326
    outer loop
      vertex -41.1 10.4 35.8948
      vertex -40.738 4.4 35.8146
      vertex -40.738 10.4 35.8146
    endloop
  endfacet
  facet normal 0.216302 0 0.976326
    outer loop
      vertex -40.738 4.4 35.8146
      vertex -41.1 10.4 35.8948
      vertex -41.1 4.4 35.8948
    endloop
  endfacet
  facet normal 0.991443 -0 0.130538
    outer loop
      vertex -44.2338 -16.4 39.6296
      vertex -44.1854 -10.4 39.262
      vertex -44.2338 -10.4 39.6296
    endloop
  endfacet
  facet normal 0.991443 0 0.130538
    outer loop
      vertex -44.1854 -10.4 39.262
      vertex -44.2338 -16.4 39.6296
      vertex -44.1854 -16.4 39.262
    endloop
  endfacet
  facet normal 0.991443 -0 0.130538
    outer loop
      vertex -44.2338 4.4 39.6296
      vertex -44.1854 10.4 39.262
      vertex -44.2338 10.4 39.6296
    endloop
  endfacet
  facet normal 0.991443 0 0.130538
    outer loop
      vertex -44.1854 10.4 39.262
      vertex -44.2338 4.4 39.6296
      vertex -44.1854 4.4 39.262
    endloop
  endfacet
  facet normal 0.887027 -0 0.461718
    outer loop
      vertex -43.8518 -16.4 38.2039
      vertex -43.6806 -10.4 37.875
      vertex -43.8518 -10.4 38.2039
    endloop
  endfacet
  facet normal 0.887027 0 0.461718
    outer loop
      vertex -43.6806 -10.4 37.875
      vertex -43.8518 -16.4 38.2039
      vertex -43.6806 -16.4 37.875
    endloop
  endfacet
  facet normal 0.887027 -0 0.461718
    outer loop
      vertex -43.8518 4.4 38.2039
      vertex -43.6806 10.4 37.875
      vertex -43.8518 10.4 38.2039
    endloop
  endfacet
  facet normal 0.887027 0 0.461718
    outer loop
      vertex -43.6806 10.4 37.875
      vertex -43.8518 4.4 38.2039
      vertex -43.6806 4.4 37.875
    endloop
  endfacet
  facet normal -0.461718 0 -0.887027
    outer loop
      vertex -38.2039 -16.4 43.8518
      vertex -37.875 -10.4 43.6806
      vertex -37.875 -16.4 43.6806
    endloop
  endfacet
  facet normal -0.461718 0 -0.887027
    outer loop
      vertex -37.875 -10.4 43.6806
      vertex -38.2039 -16.4 43.8518
      vertex -38.2039 -10.4 43.8518
    endloop
  endfacet
  facet normal -0.461718 0 -0.887027
    outer loop
      vertex -38.2039 4.4 43.8518
      vertex -37.875 10.4 43.6806
      vertex -37.875 4.4 43.6806
    endloop
  endfacet
  facet normal -0.461718 0 -0.887027
    outer loop
      vertex -37.875 10.4 43.6806
      vertex -38.2039 4.4 43.8518
      vertex -38.2039 10.4 43.8518
    endloop
  endfacet
  facet normal 0.537277 0 -0.843406
    outer loop
      vertex -42.4377 -16.4 43.4814
      vertex -42.125 -10.4 43.6806
      vertex -42.125 -16.4 43.6806
    endloop
  endfacet
  facet normal 0.537277 0 -0.843406
    outer loop
      vertex -42.125 -10.4 43.6806
      vertex -42.4377 -16.4 43.4814
      vertex -42.4377 -10.4 43.4814
    endloop
  endfacet
  facet normal 0.537277 0 -0.843406
    outer loop
      vertex -42.4377 4.4 43.4814
      vertex -42.125 10.4 43.6806
      vertex -42.125 4.4 43.6806
    endloop
  endfacet
  facet normal 0.537277 0 -0.843406
    outer loop
      vertex -42.125 10.4 43.6806
      vertex -42.4377 4.4 43.4814
      vertex -42.4377 10.4 43.4814
    endloop
  endfacet
  facet normal 0.953709 0 -0.300731
    outer loop
      vertex -43.9937 -16.4 41.4536
      vertex -44.1052 -10.4 41.1
      vertex -43.9937 -10.4 41.4536
    endloop
  endfacet
  facet normal 0.953709 0 -0.300731
    outer loop
      vertex -44.1052 -10.4 41.1
      vertex -43.9937 -16.4 41.4536
      vertex -44.1052 -16.4 41.1
    endloop
  endfacet
  facet normal 0.953709 0 -0.300731
    outer loop
      vertex -43.9937 4.4 41.4536
      vertex -44.1052 10.4 41.1
      vertex -43.9937 10.4 41.4536
    endloop
  endfacet
  facet normal 0.953709 0 -0.300731
    outer loop
      vertex -44.1052 10.4 41.1
      vertex -43.9937 4.4 41.4536
      vertex -44.1052 4.4 41.1
    endloop
  endfacet
  facet normal -0.0436947 0 0.999045
    outer loop
      vertex -40 10.4 35.75
      vertex -39.6296 4.4 35.7662
      vertex -39.6296 10.4 35.7662
    endloop
  endfacet
  facet normal -0.0436947 0 0.999045
    outer loop
      vertex -39.6296 4.4 35.7662
      vertex -40 10.4 35.75
      vertex -40 4.4 35.75
    endloop
  endfacet
  facet normal -0.0436947 0 0.999045
    outer loop
      vertex -40 -10.4 35.75
      vertex -39.6296 -16.4 35.7662
      vertex -39.6296 -10.4 35.7662
    endloop
  endfacet
  facet normal -0.0436947 0 0.999045
    outer loop
      vertex -39.6296 -16.4 35.7662
      vertex -40 -10.4 35.75
      vertex -40 -16.4 35.75
    endloop
  endfacet
  facet normal 0.793315 0 -0.608811
    outer loop
      vertex -43.2557 -16.4 42.7318
      vertex -43.4814 -10.4 42.4377
      vertex -43.2557 -10.4 42.7318
    endloop
  endfacet
  facet normal 0.793315 0 -0.608811
    outer loop
      vertex -43.4814 -10.4 42.4377
      vertex -43.2557 -16.4 42.7318
      vertex -43.4814 -16.4 42.4377
    endloop
  endfacet
  facet normal 0.793315 0 -0.608811
    outer loop
      vertex -43.2557 4.4 42.7318
      vertex -43.4814 10.4 42.4377
      vertex -43.2557 10.4 42.7318
    endloop
  endfacet
  facet normal 0.793315 0 -0.608811
    outer loop
      vertex -43.4814 10.4 42.4377
      vertex -43.2557 4.4 42.7318
      vertex -43.4814 4.4 42.4377
    endloop
  endfacet
  facet normal 0.608811 0 -0.793315
    outer loop
      vertex -42.7318 -16.4 43.2557
      vertex -42.4377 -10.4 43.4814
      vertex -42.4377 -16.4 43.4814
    endloop
  endfacet
  facet normal 0.608811 0 -0.793315
    outer loop
      vertex -42.4377 -10.4 43.4814
      vertex -42.7318 -16.4 43.2557
      vertex -42.7318 -10.4 43.2557
    endloop
  endfacet
  facet normal 0.608811 0 -0.793315
    outer loop
      vertex -42.7318 4.4 43.2557
      vertex -42.4377 10.4 43.4814
      vertex -42.4377 4.4 43.4814
    endloop
  endfacet
  facet normal 0.608811 0 -0.793315
    outer loop
      vertex -42.4377 10.4 43.4814
      vertex -42.7318 4.4 43.2557
      vertex -42.7318 10.4 43.2557
    endloop
  endfacet
  facet normal -0.130538 0 0.991443
    outer loop
      vertex -39.6296 10.4 35.7662
      vertex -39.262 4.4 35.8146
      vertex -39.262 10.4 35.8146
    endloop
  endfacet
  facet normal -0.130538 0 0.991443
    outer loop
      vertex -39.262 4.4 35.8146
      vertex -39.6296 10.4 35.7662
      vertex -39.6296 4.4 35.7662
    endloop
  endfacet
  facet normal -0.130538 0 0.991443
    outer loop
      vertex -39.6296 -10.4 35.7662
      vertex -39.262 -16.4 35.8146
      vertex -39.262 -10.4 35.8146
    endloop
  endfacet
  facet normal -0.130538 0 0.991443
    outer loop
      vertex -39.262 -16.4 35.8146
      vertex -39.6296 -10.4 35.7662
      vertex -39.6296 -16.4 35.7662
    endloop
  endfacet
  facet normal -0.675554 0 -0.737311
    outer loop
      vertex -37.2682 -16.4 43.2557
      vertex -36.9948 -10.4 43.0052
      vertex -36.9948 -16.4 43.0052
    endloop
  endfacet
  facet normal -0.675554 0 -0.737311
    outer loop
      vertex -36.9948 -10.4 43.0052
      vertex -37.2682 -16.4 43.2557
      vertex -37.2682 -10.4 43.2557
    endloop
  endfacet
  facet normal -0.675554 0 -0.737311
    outer loop
      vertex -37.2682 4.4 43.2557
      vertex -36.9948 10.4 43.0052
      vertex -36.9948 4.4 43.0052
    endloop
  endfacet
  facet normal -0.675554 0 -0.737311
    outer loop
      vertex -36.9948 10.4 43.0052
      vertex -37.2682 4.4 43.2557
      vertex -37.2682 10.4 43.2557
    endloop
  endfacet
  facet normal 0.923849 -0 0.382757
    outer loop
      vertex -43.9937 -16.4 38.5464
      vertex -43.8518 -10.4 38.2039
      vertex -43.9937 -10.4 38.5464
    endloop
  endfacet
  facet normal 0.923849 0 0.382757
    outer loop
      vertex -43.8518 -10.4 38.2039
      vertex -43.9937 -16.4 38.5464
      vertex -43.8518 -16.4 38.2039
    endloop
  endfacet
  facet normal 0.923849 -0 0.382757
    outer loop
      vertex -43.9937 4.4 38.5464
      vertex -43.8518 10.4 38.2039
      vertex -43.9937 10.4 38.5464
    endloop
  endfacet
  facet normal 0.923849 0 0.382757
    outer loop
      vertex -43.8518 10.4 38.2039
      vertex -43.9937 4.4 38.5464
      vertex -43.8518 4.4 38.2039
    endloop
  endfacet
  facet normal -0.216302 0 -0.976326
    outer loop
      vertex -39.262 -16.4 44.1854
      vertex -38.9 -10.4 44.1052
      vertex -38.9 -16.4 44.1052
    endloop
  endfacet
  facet normal -0.216302 0 -0.976326
    outer loop
      vertex -38.9 -10.4 44.1052
      vertex -39.262 -16.4 44.1854
      vertex -39.262 -10.4 44.1854
    endloop
  endfacet
  facet normal -0.216302 0 -0.976326
    outer loop
      vertex -39.262 4.4 44.1854
      vertex -38.9 10.4 44.1052
      vertex -38.9 4.4 44.1052
    endloop
  endfacet
  facet normal -0.216302 0 -0.976326
    outer loop
      vertex -38.9 10.4 44.1052
      vertex -39.262 4.4 44.1854
      vertex -39.262 10.4 44.1854
    endloop
  endfacet
  facet normal 0.793315 -0 0.608811
    outer loop
      vertex -43.4814 -16.4 37.5623
      vertex -43.2557 -10.4 37.2682
      vertex -43.4814 -10.4 37.5623
    endloop
  endfacet
  facet normal 0.793315 0 0.608811
    outer loop
      vertex -43.2557 -10.4 37.2682
      vertex -43.4814 -16.4 37.5623
      vertex -43.2557 -16.4 37.2682
    endloop
  endfacet
  facet normal 0.793315 -0 0.608811
    outer loop
      vertex -43.4814 4.4 37.5623
      vertex -43.2557 10.4 37.2682
      vertex -43.4814 10.4 37.5623
    endloop
  endfacet
  facet normal 0.793315 0 0.608811
    outer loop
      vertex -43.2557 10.4 37.2682
      vertex -43.4814 4.4 37.5623
      vertex -43.2557 4.4 37.2682
    endloop
  endfacet
  facet normal -0.300731 0 0.953709
    outer loop
      vertex -38.9 -10.4 35.8948
      vertex -38.5464 -16.4 36.0063
      vertex -38.5464 -10.4 36.0063
    endloop
  endfacet
  facet normal -0.300731 0 0.953709
    outer loop
      vertex -38.5464 -16.4 36.0063
      vertex -38.9 -10.4 35.8948
      vertex -38.9 -16.4 35.8948
    endloop
  endfacet
  facet normal -0.300731 0 0.953709
    outer loop
      vertex -38.9 10.4 35.8948
      vertex -38.5464 4.4 36.0063
      vertex -38.5464 10.4 36.0063
    endloop
  endfacet
  facet normal -0.300731 0 0.953709
    outer loop
      vertex -38.5464 4.4 36.0063
      vertex -38.9 10.4 35.8948
      vertex -38.9 4.4 35.8948
    endloop
  endfacet
  facet normal -0.608811 0 0.793315
    outer loop
      vertex -37.5623 -10.4 36.5186
      vertex -37.2682 -16.4 36.7443
      vertex -37.2682 -10.4 36.7443
    endloop
  endfacet
  facet normal -0.608811 0 0.793315
    outer loop
      vertex -37.2682 -16.4 36.7443
      vertex -37.5623 -10.4 36.5186
      vertex -37.5623 -16.4 36.5186
    endloop
  endfacet
  facet normal -0.608811 0 0.793315
    outer loop
      vertex -37.5623 10.4 36.5186
      vertex -37.2682 4.4 36.7443
      vertex -37.2682 10.4 36.7443
    endloop
  endfacet
  facet normal -0.608811 0 0.793315
    outer loop
      vertex -37.2682 4.4 36.7443
      vertex -37.5623 10.4 36.5186
      vertex -37.5623 4.4 36.5186
    endloop
  endfacet
  facet normal -0.953709 0 0.300731
    outer loop
      vertex -36.0063 -16.4 38.5464
      vertex -35.8948 -10.4 38.9
      vertex -36.0063 -10.4 38.5464
    endloop
  endfacet
  facet normal -0.953709 0 0.300731
    outer loop
      vertex -35.8948 -10.4 38.9
      vertex -36.0063 -16.4 38.5464
      vertex -35.8948 -16.4 38.9
    endloop
  endfacet
  facet normal -0.953709 0 0.300731
    outer loop
      vertex -36.0063 4.4 38.5464
      vertex -35.8948 10.4 38.9
      vertex -36.0063 10.4 38.5464
    endloop
  endfacet
  facet normal -0.953709 0 0.300731
    outer loop
      vertex -35.8948 10.4 38.9
      vertex -36.0063 4.4 38.5464
      vertex -35.8948 4.4 38.9
    endloop
  endfacet
  facet normal 0.737311 0 -0.675554
    outer loop
      vertex -43.0052 -16.4 43.0052
      vertex -43.2557 -10.4 42.7318
      vertex -43.0052 -10.4 43.0052
    endloop
  endfacet
  facet normal 0.737311 0 -0.675554
    outer loop
      vertex -43.2557 -10.4 42.7318
      vertex -43.0052 -16.4 43.0052
      vertex -43.2557 -16.4 42.7318
    endloop
  endfacet
  facet normal 0.737311 0 -0.675554
    outer loop
      vertex -43.0052 4.4 43.0052
      vertex -43.2557 10.4 42.7318
      vertex -43.0052 10.4 43.0052
    endloop
  endfacet
  facet normal 0.737311 0 -0.675554
    outer loop
      vertex -43.2557 10.4 42.7318
      vertex -43.0052 4.4 43.0052
      vertex -43.2557 4.4 42.7318
    endloop
  endfacet
  facet normal 0.0436947 0 -0.999045
    outer loop
      vertex -40.3704 -16.4 44.2338
      vertex -40 -10.4 44.25
      vertex -40 -16.4 44.25
    endloop
  endfacet
  facet normal 0.0436947 0 -0.999045
    outer loop
      vertex -40 -10.4 44.25
      vertex -40.3704 -16.4 44.2338
      vertex -40.3704 -10.4 44.2338
    endloop
  endfacet
  facet normal 0.0436947 0 -0.999045
    outer loop
      vertex -40.3704 4.4 44.2338
      vertex -40 10.4 44.25
      vertex -40 4.4 44.25
    endloop
  endfacet
  facet normal 0.0436947 0 -0.999045
    outer loop
      vertex -40 10.4 44.25
      vertex -40.3704 4.4 44.2338
      vertex -40.3704 10.4 44.2338
    endloop
  endfacet
  facet normal 0.130538 0 0.991443
    outer loop
      vertex -40.738 10.4 35.8146
      vertex -40.3704 4.4 35.7662
      vertex -40.3704 10.4 35.7662
    endloop
  endfacet
  facet normal 0.130538 0 0.991443
    outer loop
      vertex -40.3704 4.4 35.7662
      vertex -40.738 10.4 35.8146
      vertex -40.738 4.4 35.8146
    endloop
  endfacet
  facet normal 0.130538 0 0.991443
    outer loop
      vertex -40.738 -10.4 35.8146
      vertex -40.3704 -16.4 35.7662
      vertex -40.3704 -10.4 35.7662
    endloop
  endfacet
  facet normal 0.130538 0 0.991443
    outer loop
      vertex -40.3704 -16.4 35.7662
      vertex -40.738 -10.4 35.8146
      vertex -40.738 -16.4 35.8146
    endloop
  endfacet
  facet normal 0.976326 -0 0.216302
    outer loop
      vertex -44.1854 -16.4 39.262
      vertex -44.1052 -10.4 38.9
      vertex -44.1854 -10.4 39.262
    endloop
  endfacet
  facet normal 0.976326 0 0.216302
    outer loop
      vertex -44.1052 -10.4 38.9
      vertex -44.1854 -16.4 39.262
      vertex -44.1052 -16.4 38.9
    endloop
  endfacet
  facet normal 0.976326 -0 0.216302
    outer loop
      vertex -44.1854 4.4 39.262
      vertex -44.1052 10.4 38.9
      vertex -44.1854 10.4 39.262
    endloop
  endfacet
  facet normal 0.976326 0 0.216302
    outer loop
      vertex -44.1052 10.4 38.9
      vertex -44.1854 4.4 39.262
      vertex -44.1052 4.4 38.9
    endloop
  endfacet
  facet normal -0.843406 0 0.537277
    outer loop
      vertex -36.5186 -16.4 37.5623
      vertex -36.3194 -10.4 37.875
      vertex -36.5186 -10.4 37.5623
    endloop
  endfacet
  facet normal -0.843406 0 0.537277
    outer loop
      vertex -36.3194 -10.4 37.875
      vertex -36.5186 -16.4 37.5623
      vertex -36.3194 -16.4 37.875
    endloop
  endfacet
  facet normal -0.843406 0 0.537277
    outer loop
      vertex -36.5186 4.4 37.5623
      vertex -36.3194 10.4 37.875
      vertex -36.5186 10.4 37.5623
    endloop
  endfacet
  facet normal -0.843406 0 0.537277
    outer loop
      vertex -36.3194 10.4 37.875
      vertex -36.5186 4.4 37.5623
      vertex -36.3194 4.4 37.875
    endloop
  endfacet
  facet normal 0.843406 0 -0.537277
    outer loop
      vertex -43.4814 -16.4 42.4377
      vertex -43.6806 -10.4 42.125
      vertex -43.4814 -10.4 42.4377
    endloop
  endfacet
  facet normal 0.843406 0 -0.537277
    outer loop
      vertex -43.6806 -10.4 42.125
      vertex -43.4814 -16.4 42.4377
      vertex -43.6806 -16.4 42.125
    endloop
  endfacet
  facet normal 0.843406 0 -0.537277
    outer loop
      vertex -43.4814 4.4 42.4377
      vertex -43.6806 10.4 42.125
      vertex -43.4814 10.4 42.4377
    endloop
  endfacet
  facet normal 0.843406 0 -0.537277
    outer loop
      vertex -43.6806 10.4 42.125
      vertex -43.4814 4.4 42.4377
      vertex -43.6806 4.4 42.125
    endloop
  endfacet
  facet normal 0.953709 -0 0.300731
    outer loop
      vertex -44.1052 -16.4 38.9
      vertex -43.9937 -10.4 38.5464
      vertex -44.1052 -10.4 38.9
    endloop
  endfacet
  facet normal 0.953709 0 0.300731
    outer loop
      vertex -43.9937 -10.4 38.5464
      vertex -44.1052 -16.4 38.9
      vertex -43.9937 -16.4 38.5464
    endloop
  endfacet
  facet normal 0.953709 -0 0.300731
    outer loop
      vertex -44.1052 4.4 38.9
      vertex -43.9937 10.4 38.5464
      vertex -44.1052 10.4 38.9
    endloop
  endfacet
  facet normal 0.953709 0 0.300731
    outer loop
      vertex -43.9937 10.4 38.5464
      vertex -44.1052 4.4 38.9
      vertex -43.9937 4.4 38.5464
    endloop
  endfacet
  facet normal -0.300731 0 -0.953709
    outer loop
      vertex -38.9 -16.4 44.1052
      vertex -38.5464 -10.4 43.9937
      vertex -38.5464 -16.4 43.9937
    endloop
  endfacet
  facet normal -0.300731 0 -0.953709
    outer loop
      vertex -38.5464 -10.4 43.9937
      vertex -38.9 -16.4 44.1052
      vertex -38.9 -10.4 44.1052
    endloop
  endfacet
  facet normal -0.300731 0 -0.953709
    outer loop
      vertex -38.9 4.4 44.1052
      vertex -38.5464 10.4 43.9937
      vertex -38.5464 4.4 43.9937
    endloop
  endfacet
  facet normal -0.300731 0 -0.953709
    outer loop
      vertex -38.5464 10.4 43.9937
      vertex -38.9 4.4 44.1052
      vertex -38.9 10.4 44.1052
    endloop
  endfacet
  facet normal 0.300731 0 -0.953709
    outer loop
      vertex -41.4536 -16.4 43.9937
      vertex -41.1 -10.4 44.1052
      vertex -41.1 -16.4 44.1052
    endloop
  endfacet
  facet normal 0.300731 0 -0.953709
    outer loop
      vertex -41.1 -10.4 44.1052
      vertex -41.4536 -16.4 43.9937
      vertex -41.4536 -10.4 43.9937
    endloop
  endfacet
  facet normal 0.300731 0 -0.953709
    outer loop
      vertex -41.4536 4.4 43.9937
      vertex -41.1 10.4 44.1052
      vertex -41.1 4.4 44.1052
    endloop
  endfacet
  facet normal 0.300731 0 -0.953709
    outer loop
      vertex -41.1 10.4 44.1052
      vertex -41.4536 4.4 43.9937
      vertex -41.4536 10.4 43.9937
    endloop
  endfacet
  facet normal -0.953709 0 -0.300731
    outer loop
      vertex -35.8948 -16.4 41.1
      vertex -36.0063 -10.4 41.4536
      vertex -35.8948 -10.4 41.1
    endloop
  endfacet
  facet normal -0.953709 -0 -0.300731
    outer loop
      vertex -36.0063 -10.4 41.4536
      vertex -35.8948 -16.4 41.1
      vertex -36.0063 -16.4 41.4536
    endloop
  endfacet
  facet normal -0.953709 0 -0.300731
    outer loop
      vertex -35.8948 4.4 41.1
      vertex -36.0063 10.4 41.4536
      vertex -35.8948 10.4 41.1
    endloop
  endfacet
  facet normal -0.953709 -0 -0.300731
    outer loop
      vertex -36.0063 10.4 41.4536
      vertex -35.8948 4.4 41.1
      vertex -36.0063 4.4 41.4536
    endloop
  endfacet
  facet normal -0.991443 0 -0.130538
    outer loop
      vertex -35.7662 -16.4 40.3704
      vertex -35.8146 -10.4 40.738
      vertex -35.7662 -10.4 40.3704
    endloop
  endfacet
  facet normal -0.991443 -0 -0.130538
    outer loop
      vertex -35.8146 -10.4 40.738
      vertex -35.7662 -16.4 40.3704
      vertex -35.8146 -16.4 40.738
    endloop
  endfacet
  facet normal -0.991443 0 -0.130538
    outer loop
      vertex -35.7662 4.4 40.3704
      vertex -35.8146 10.4 40.738
      vertex -35.7662 10.4 40.3704
    endloop
  endfacet
  facet normal -0.991443 -0 -0.130538
    outer loop
      vertex -35.8146 10.4 40.738
      vertex -35.7662 4.4 40.3704
      vertex -35.8146 4.4 40.738
    endloop
  endfacet
  facet normal -0.608811 0 -0.793315
    outer loop
      vertex -37.5623 -16.4 43.4814
      vertex -37.2682 -10.4 43.2557
      vertex -37.2682 -16.4 43.2557
    endloop
  endfacet
  facet normal -0.608811 0 -0.793315
    outer loop
      vertex -37.2682 -10.4 43.2557
      vertex -37.5623 -16.4 43.4814
      vertex -37.5623 -10.4 43.4814
    endloop
  endfacet
  facet normal -0.608811 0 -0.793315
    outer loop
      vertex -37.5623 4.4 43.4814
      vertex -37.2682 10.4 43.2557
      vertex -37.2682 4.4 43.2557
    endloop
  endfacet
  facet normal -0.608811 0 -0.793315
    outer loop
      vertex -37.2682 10.4 43.2557
      vertex -37.5623 4.4 43.4814
      vertex -37.5623 10.4 43.4814
    endloop
  endfacet
  facet normal 0.675554 0 0.737311
    outer loop
      vertex -43.0052 -10.4 36.9948
      vertex -42.7318 -16.4 36.7443
      vertex -42.7318 -10.4 36.7443
    endloop
  endfacet
  facet normal 0.675554 0 0.737311
    outer loop
      vertex -42.7318 -16.4 36.7443
      vertex -43.0052 -10.4 36.9948
      vertex -43.0052 -16.4 36.9948
    endloop
  endfacet
  facet normal 0.675554 0 0.737311
    outer loop
      vertex -43.0052 10.4 36.9948
      vertex -42.7318 4.4 36.7443
      vertex -42.7318 10.4 36.7443
    endloop
  endfacet
  facet normal 0.675554 0 0.737311
    outer loop
      vertex -42.7318 4.4 36.7443
      vertex -43.0052 10.4 36.9948
      vertex -43.0052 4.4 36.9948
    endloop
  endfacet
  facet normal 0.216302 0 -0.976326
    outer loop
      vertex -41.1 -16.4 44.1052
      vertex -40.738 -10.4 44.1854
      vertex -40.738 -16.4 44.1854
    endloop
  endfacet
  facet normal 0.216302 0 -0.976326
    outer loop
      vertex -40.738 -10.4 44.1854
      vertex -41.1 -16.4 44.1052
      vertex -41.1 -10.4 44.1052
    endloop
  endfacet
  facet normal 0.216302 0 -0.976326
    outer loop
      vertex -41.1 4.4 44.1052
      vertex -40.738 10.4 44.1854
      vertex -40.738 4.4 44.1854
    endloop
  endfacet
  facet normal 0.216302 0 -0.976326
    outer loop
      vertex -40.738 10.4 44.1854
      vertex -41.1 4.4 44.1052
      vertex -41.1 10.4 44.1052
    endloop
  endfacet
  facet normal 0.999045 -0 0.0436947
    outer loop
      vertex -44.25 -16.4 40
      vertex -44.2338 -10.4 39.6296
      vertex -44.25 -10.4 40
    endloop
  endfacet
  facet normal 0.999045 0 0.0436947
    outer loop
      vertex -44.2338 -10.4 39.6296
      vertex -44.25 -16.4 40
      vertex -44.2338 -16.4 39.6296
    endloop
  endfacet
  facet normal 0.999045 -0 0.0436947
    outer loop
      vertex -44.25 4.4 40
      vertex -44.2338 10.4 39.6296
      vertex -44.25 10.4 40
    endloop
  endfacet
  facet normal 0.999045 0 0.0436947
    outer loop
      vertex -44.2338 10.4 39.6296
      vertex -44.25 4.4 40
      vertex -44.2338 4.4 39.6296
    endloop
  endfacet
  facet normal -0.887027 0 0.461718
    outer loop
      vertex -36.3194 -16.4 37.875
      vertex -36.1482 -10.4 38.2039
      vertex -36.3194 -10.4 37.875
    endloop
  endfacet
  facet normal -0.887027 0 0.461718
    outer loop
      vertex -36.1482 -10.4 38.2039
      vertex -36.3194 -16.4 37.875
      vertex -36.1482 -16.4 38.2039
    endloop
  endfacet
  facet normal -0.887027 0 0.461718
    outer loop
      vertex -36.3194 4.4 37.875
      vertex -36.1482 10.4 38.2039
      vertex -36.3194 10.4 37.875
    endloop
  endfacet
  facet normal -0.887027 0 0.461718
    outer loop
      vertex -36.1482 10.4 38.2039
      vertex -36.3194 4.4 37.875
      vertex -36.1482 4.4 38.2039
    endloop
  endfacet
  facet normal -0.0436947 0 -0.999045
    outer loop
      vertex -40 -16.4 44.25
      vertex -39.6296 -10.4 44.2338
      vertex -39.6296 -16.4 44.2338
    endloop
  endfacet
  facet normal -0.0436947 0 -0.999045
    outer loop
      vertex -39.6296 -10.4 44.2338
      vertex -40 -16.4 44.25
      vertex -40 -10.4 44.25
    endloop
  endfacet
  facet normal -0.0436947 0 -0.999045
    outer loop
      vertex -40 4.4 44.25
      vertex -39.6296 10.4 44.2338
      vertex -39.6296 4.4 44.2338
    endloop
  endfacet
  facet normal -0.0436947 0 -0.999045
    outer loop
      vertex -39.6296 10.4 44.2338
      vertex -40 4.4 44.25
      vertex -40 10.4 44.25
    endloop
  endfacet
  facet normal -0.382757 0 -0.923849
    outer loop
      vertex -38.5464 -16.4 43.9937
      vertex -38.2039 -10.4 43.8518
      vertex -38.2039 -16.4 43.8518
    endloop
  endfacet
  facet normal -0.382757 0 -0.923849
    outer loop
      vertex -38.2039 -10.4 43.8518
      vertex -38.5464 -16.4 43.9937
      vertex -38.5464 -10.4 43.9937
    endloop
  endfacet
  facet normal -0.382757 0 -0.923849
    outer loop
      vertex -38.5464 4.4 43.9937
      vertex -38.2039 10.4 43.8518
      vertex -38.2039 4.4 43.8518
    endloop
  endfacet
  facet normal -0.382757 0 -0.923849
    outer loop
      vertex -38.2039 10.4 43.8518
      vertex -38.5464 4.4 43.9937
      vertex -38.5464 10.4 43.9937
    endloop
  endfacet
  facet normal -0.991443 0 0.130538
    outer loop
      vertex -35.8146 -16.4 39.262
      vertex -35.7662 -10.4 39.6296
      vertex -35.8146 -10.4 39.262
    endloop
  endfacet
  facet normal -0.991443 0 0.130538
    outer loop
      vertex -35.7662 -10.4 39.6296
      vertex -35.8146 -16.4 39.262
      vertex -35.7662 -16.4 39.6296
    endloop
  endfacet
  facet normal -0.991443 0 0.130538
    outer loop
      vertex -35.8146 4.4 39.262
      vertex -35.7662 10.4 39.6296
      vertex -35.8146 10.4 39.262
    endloop
  endfacet
  facet normal -0.991443 0 0.130538
    outer loop
      vertex -35.7662 10.4 39.6296
      vertex -35.8146 4.4 39.262
      vertex -35.7662 4.4 39.6296
    endloop
  endfacet
  facet normal -0.130538 0 -0.991443
    outer loop
      vertex -39.6296 -16.4 44.2338
      vertex -39.262 -10.4 44.1854
      vertex -39.262 -16.4 44.1854
    endloop
  endfacet
  facet normal -0.130538 0 -0.991443
    outer loop
      vertex -39.262 -10.4 44.1854
      vertex -39.6296 -16.4 44.2338
      vertex -39.6296 -10.4 44.2338
    endloop
  endfacet
  facet normal -0.130538 0 -0.991443
    outer loop
      vertex -39.6296 4.4 44.2338
      vertex -39.262 10.4 44.1854
      vertex -39.262 4.4 44.1854
    endloop
  endfacet
  facet normal -0.130538 0 -0.991443
    outer loop
      vertex -39.262 10.4 44.1854
      vertex -39.6296 4.4 44.2338
      vertex -39.6296 10.4 44.2338
    endloop
  endfacet
  facet normal 0.300731 0 0.953709
    outer loop
      vertex -41.4536 -10.4 36.0063
      vertex -41.1 -16.4 35.8948
      vertex -41.1 -10.4 35.8948
    endloop
  endfacet
  facet normal 0.300731 0 0.953709
    outer loop
      vertex -41.1 -16.4 35.8948
      vertex -41.4536 -10.4 36.0063
      vertex -41.4536 -16.4 36.0063
    endloop
  endfacet
  facet normal 0.300731 0 0.953709
    outer loop
      vertex -41.4536 10.4 36.0063
      vertex -41.1 4.4 35.8948
      vertex -41.1 10.4 35.8948
    endloop
  endfacet
  facet normal 0.300731 0 0.953709
    outer loop
      vertex -41.1 4.4 35.8948
      vertex -41.4536 10.4 36.0063
      vertex -41.4536 4.4 36.0063
    endloop
  endfacet
  facet normal -0.976326 0 -0.216302
    outer loop
      vertex -35.8146 -16.4 40.738
      vertex -35.8948 -10.4 41.1
      vertex -35.8146 -10.4 40.738
    endloop
  endfacet
  facet normal -0.976326 -0 -0.216302
    outer loop
      vertex -35.8948 -10.4 41.1
      vertex -35.8146 -16.4 40.738
      vertex -35.8948 -16.4 41.1
    endloop
  endfacet
  facet normal -0.976326 0 -0.216302
    outer loop
      vertex -35.8146 4.4 40.738
      vertex -35.8948 10.4 41.1
      vertex -35.8146 10.4 40.738
    endloop
  endfacet
  facet normal -0.976326 -0 -0.216302
    outer loop
      vertex -35.8948 10.4 41.1
      vertex -35.8146 4.4 40.738
      vertex -35.8948 4.4 41.1
    endloop
  endfacet
  facet normal -0.675554 0 0.737311
    outer loop
      vertex -37.2682 -10.4 36.7443
      vertex -36.9948 -16.4 36.9948
      vertex -36.9948 -10.4 36.9948
    endloop
  endfacet
  facet normal -0.675554 0 0.737311
    outer loop
      vertex -36.9948 -16.4 36.9948
      vertex -37.2682 -10.4 36.7443
      vertex -37.2682 -16.4 36.7443
    endloop
  endfacet
  facet normal -0.675554 0 0.737311
    outer loop
      vertex -37.2682 10.4 36.7443
      vertex -36.9948 4.4 36.9948
      vertex -36.9948 10.4 36.9948
    endloop
  endfacet
  facet normal -0.675554 0 0.737311
    outer loop
      vertex -36.9948 4.4 36.9948
      vertex -37.2682 10.4 36.7443
      vertex -37.2682 4.4 36.7443
    endloop
  endfacet
  facet normal -0.737311 0 0.675554
    outer loop
      vertex -36.9948 -16.4 36.9948
      vertex -36.7443 -10.4 37.2682
      vertex -36.9948 -10.4 36.9948
    endloop
  endfacet
  facet normal -0.737311 0 0.675554
    outer loop
      vertex -36.7443 -10.4 37.2682
      vertex -36.9948 -16.4 36.9948
      vertex -36.7443 -16.4 37.2682
    endloop
  endfacet
  facet normal -0.737311 0 0.675554
    outer loop
      vertex -36.9948 4.4 36.9948
      vertex -36.7443 10.4 37.2682
      vertex -36.9948 10.4 36.9948
    endloop
  endfacet
  facet normal -0.737311 0 0.675554
    outer loop
      vertex -36.7443 10.4 37.2682
      vertex -36.9948 4.4 36.9948
      vertex -36.7443 4.4 37.2682
    endloop
  endfacet
  facet normal -0.976326 0 0.216302
    outer loop
      vertex -35.8948 -16.4 38.9
      vertex -35.8146 -10.4 39.262
      vertex -35.8948 -10.4 38.9
    endloop
  endfacet
  facet normal -0.976326 0 0.216302
    outer loop
      vertex -35.8146 -10.4 39.262
      vertex -35.8948 -16.4 38.9
      vertex -35.8146 -16.4 39.262
    endloop
  endfacet
  facet normal -0.976326 0 0.216302
    outer loop
      vertex -35.8948 4.4 38.9
      vertex -35.8146 10.4 39.262
      vertex -35.8948 10.4 38.9
    endloop
  endfacet
  facet normal -0.976326 0 0.216302
    outer loop
      vertex -35.8146 10.4 39.262
      vertex -35.8948 4.4 38.9
      vertex -35.8146 4.4 39.262
    endloop
  endfacet
  facet normal 0.461718 0 -0.887027
    outer loop
      vertex -42.125 -16.4 43.6806
      vertex -41.7961 -10.4 43.8518
      vertex -41.7961 -16.4 43.8518
    endloop
  endfacet
  facet normal 0.461718 0 -0.887027
    outer loop
      vertex -41.7961 -10.4 43.8518
      vertex -42.125 -16.4 43.6806
      vertex -42.125 -10.4 43.6806
    endloop
  endfacet
  facet normal 0.461718 0 -0.887027
    outer loop
      vertex -42.125 4.4 43.6806
      vertex -41.7961 10.4 43.8518
      vertex -41.7961 4.4 43.8518
    endloop
  endfacet
  facet normal 0.461718 0 -0.887027
    outer loop
      vertex -41.7961 10.4 43.8518
      vertex -42.125 4.4 43.6806
      vertex -42.125 10.4 43.6806
    endloop
  endfacet
  facet normal -0.461718 0 0.887027
    outer loop
      vertex -38.2039 -10.4 36.1482
      vertex -37.875 -16.4 36.3194
      vertex -37.875 -10.4 36.3194
    endloop
  endfacet
  facet normal -0.461718 0 0.887027
    outer loop
      vertex -37.875 -16.4 36.3194
      vertex -38.2039 -10.4 36.1482
      vertex -38.2039 -16.4 36.1482
    endloop
  endfacet
  facet normal -0.461718 0 0.887027
    outer loop
      vertex -38.2039 10.4 36.1482
      vertex -37.875 4.4 36.3194
      vertex -37.875 10.4 36.3194
    endloop
  endfacet
  facet normal -0.461718 0 0.887027
    outer loop
      vertex -37.875 4.4 36.3194
      vertex -38.2039 10.4 36.1482
      vertex -38.2039 4.4 36.1482
    endloop
  endfacet
  facet normal -0.793315 0 -0.608811
    outer loop
      vertex -36.5186 -16.4 42.4377
      vertex -36.7443 -10.4 42.7318
      vertex -36.5186 -10.4 42.4377
    endloop
  endfacet
  facet normal -0.793315 -0 -0.608811
    outer loop
      vertex -36.7443 -10.4 42.7318
      vertex -36.5186 -16.4 42.4377
      vertex -36.7443 -16.4 42.7318
    endloop
  endfacet
  facet normal -0.793315 0 -0.608811
    outer loop
      vertex -36.5186 4.4 42.4377
      vertex -36.7443 10.4 42.7318
      vertex -36.5186 10.4 42.4377
    endloop
  endfacet
  facet normal -0.793315 -0 -0.608811
    outer loop
      vertex -36.7443 10.4 42.7318
      vertex -36.5186 4.4 42.4377
      vertex -36.7443 4.4 42.7318
    endloop
  endfacet
  facet normal -0.793315 0 0.608811
    outer loop
      vertex -36.7443 -16.4 37.2682
      vertex -36.5186 -10.4 37.5623
      vertex -36.7443 -10.4 37.2682
    endloop
  endfacet
  facet normal -0.793315 0 0.608811
    outer loop
      vertex -36.5186 -10.4 37.5623
      vertex -36.7443 -16.4 37.2682
      vertex -36.5186 -16.4 37.5623
    endloop
  endfacet
  facet normal -0.793315 0 0.608811
    outer loop
      vertex -36.7443 4.4 37.2682
      vertex -36.5186 10.4 37.5623
      vertex -36.7443 10.4 37.2682
    endloop
  endfacet
  facet normal -0.793315 0 0.608811
    outer loop
      vertex -36.5186 10.4 37.5623
      vertex -36.7443 4.4 37.2682
      vertex -36.5186 4.4 37.5623
    endloop
  endfacet
  facet normal 0.0436947 0 0.999045
    outer loop
      vertex -40.3704 10.4 35.7662
      vertex -40 4.4 35.75
      vertex -40 10.4 35.75
    endloop
  endfacet
  facet normal 0.0436947 0 0.999045
    outer loop
      vertex -40 4.4 35.75
      vertex -40.3704 10.4 35.7662
      vertex -40.3704 4.4 35.7662
    endloop
  endfacet
  facet normal 0.0436947 0 0.999045
    outer loop
      vertex -40.3704 -10.4 35.7662
      vertex -40 -16.4 35.75
      vertex -40 -10.4 35.75
    endloop
  endfacet
  facet normal 0.0436947 0 0.999045
    outer loop
      vertex -40 -16.4 35.75
      vertex -40.3704 -10.4 35.7662
      vertex -40.3704 -16.4 35.7662
    endloop
  endfacet
  facet normal -0.843406 0 -0.537277
    outer loop
      vertex -36.3194 -16.4 42.125
      vertex -36.5186 -10.4 42.4377
      vertex -36.3194 -10.4 42.125
    endloop
  endfacet
  facet normal -0.843406 -0 -0.537277
    outer loop
      vertex -36.5186 -10.4 42.4377
      vertex -36.3194 -16.4 42.125
      vertex -36.5186 -16.4 42.4377
    endloop
  endfacet
  facet normal -0.843406 0 -0.537277
    outer loop
      vertex -36.3194 4.4 42.125
      vertex -36.5186 10.4 42.4377
      vertex -36.3194 10.4 42.125
    endloop
  endfacet
  facet normal -0.843406 -0 -0.537277
    outer loop
      vertex -36.5186 10.4 42.4377
      vertex -36.3194 4.4 42.125
      vertex -36.5186 4.4 42.4377
    endloop
  endfacet
  facet normal -0.999045 0 -0.0436947
    outer loop
      vertex -35.75 -16.4 40
      vertex -35.7662 -10.4 40.3704
      vertex -35.75 -10.4 40
    endloop
  endfacet
  facet normal -0.999045 -0 -0.0436947
    outer loop
      vertex -35.7662 -10.4 40.3704
      vertex -35.75 -16.4 40
      vertex -35.7662 -16.4 40.3704
    endloop
  endfacet
  facet normal -0.999045 0 -0.0436947
    outer loop
      vertex -35.75 4.4 40
      vertex -35.7662 10.4 40.3704
      vertex -35.75 10.4 40
    endloop
  endfacet
  facet normal -0.999045 -0 -0.0436947
    outer loop
      vertex -35.7662 10.4 40.3704
      vertex -35.75 4.4 40
      vertex -35.7662 4.4 40.3704
    endloop
  endfacet
  facet normal -0.999045 0 0.0436947
    outer loop
      vertex -35.7662 -16.4 39.6296
      vertex -35.75 -10.4 40
      vertex -35.7662 -10.4 39.6296
    endloop
  endfacet
  facet normal -0.999045 0 0.0436947
    outer loop
      vertex -35.75 -10.4 40
      vertex -35.7662 -16.4 39.6296
      vertex -35.75 -16.4 40
    endloop
  endfacet
  facet normal -0.999045 0 0.0436947
    outer loop
      vertex -35.7662 4.4 39.6296
      vertex -35.75 10.4 40
      vertex -35.7662 10.4 39.6296
    endloop
  endfacet
  facet normal -0.999045 0 0.0436947
    outer loop
      vertex -35.75 10.4 40
      vertex -35.7662 4.4 39.6296
      vertex -35.75 4.4 40
    endloop
  endfacet
  facet normal -0.216302 0 0.976326
    outer loop
      vertex -39.262 -10.4 35.8146
      vertex -38.9 -16.4 35.8948
      vertex -38.9 -10.4 35.8948
    endloop
  endfacet
  facet normal -0.216302 0 0.976326
    outer loop
      vertex -38.9 -16.4 35.8948
      vertex -39.262 -10.4 35.8146
      vertex -39.262 -16.4 35.8146
    endloop
  endfacet
  facet normal -0.216302 0 0.976326
    outer loop
      vertex -39.262 10.4 35.8146
      vertex -38.9 4.4 35.8948
      vertex -38.9 10.4 35.8948
    endloop
  endfacet
  facet normal -0.216302 0 0.976326
    outer loop
      vertex -38.9 4.4 35.8948
      vertex -39.262 10.4 35.8146
      vertex -39.262 4.4 35.8146
    endloop
  endfacet
  facet normal 0.130538 0 -0.991443
    outer loop
      vertex -40.738 -16.4 44.1854
      vertex -40.3704 -10.4 44.2338
      vertex -40.3704 -16.4 44.2338
    endloop
  endfacet
  facet normal 0.130538 0 -0.991443
    outer loop
      vertex -40.3704 -10.4 44.2338
      vertex -40.738 -16.4 44.1854
      vertex -40.738 -10.4 44.1854
    endloop
  endfacet
  facet normal 0.130538 0 -0.991443
    outer loop
      vertex -40.738 4.4 44.1854
      vertex -40.3704 10.4 44.2338
      vertex -40.3704 4.4 44.2338
    endloop
  endfacet
  facet normal 0.130538 0 -0.991443
    outer loop
      vertex -40.3704 10.4 44.2338
      vertex -40.738 4.4 44.1854
      vertex -40.738 10.4 44.1854
    endloop
  endfacet
  facet normal 0.461718 0 0.887027
    outer loop
      vertex -42.125 -10.4 36.3194
      vertex -41.7961 -16.4 36.1482
      vertex -41.7961 -10.4 36.1482
    endloop
  endfacet
  facet normal 0.461718 0 0.887027
    outer loop
      vertex -41.7961 -16.4 36.1482
      vertex -42.125 -10.4 36.3194
      vertex -42.125 -16.4 36.3194
    endloop
  endfacet
  facet normal 0.461718 0 0.887027
    outer loop
      vertex -42.125 10.4 36.3194
      vertex -41.7961 4.4 36.1482
      vertex -41.7961 10.4 36.1482
    endloop
  endfacet
  facet normal 0.461718 0 0.887027
    outer loop
      vertex -41.7961 4.4 36.1482
      vertex -42.125 10.4 36.3194
      vertex -42.125 4.4 36.3194
    endloop
  endfacet
  facet normal 0.737311 -0 0.675554
    outer loop
      vertex -43.2557 -16.4 37.2682
      vertex -43.0052 -10.4 36.9948
      vertex -43.2557 -10.4 37.2682
    endloop
  endfacet
  facet normal 0.737311 0 0.675554
    outer loop
      vertex -43.0052 -10.4 36.9948
      vertex -43.2557 -16.4 37.2682
      vertex -43.0052 -16.4 36.9948
    endloop
  endfacet
  facet normal 0.737311 -0 0.675554
    outer loop
      vertex -43.2557 4.4 37.2682
      vertex -43.0052 10.4 36.9948
      vertex -43.2557 10.4 37.2682
    endloop
  endfacet
  facet normal 0.737311 0 0.675554
    outer loop
      vertex -43.0052 10.4 36.9948
      vertex -43.2557 4.4 37.2682
      vertex -43.0052 4.4 36.9948
    endloop
  endfacet
  facet normal 0.382757 0 0.923849
    outer loop
      vertex -41.7961 -10.4 36.1482
      vertex -41.4536 -16.4 36.0063
      vertex -41.4536 -10.4 36.0063
    endloop
  endfacet
  facet normal 0.382757 0 0.923849
    outer loop
      vertex -41.4536 -16.4 36.0063
      vertex -41.7961 -10.4 36.1482
      vertex -41.7961 -16.4 36.1482
    endloop
  endfacet
  facet normal 0.382757 0 0.923849
    outer loop
      vertex -41.7961 10.4 36.1482
      vertex -41.4536 4.4 36.0063
      vertex -41.4536 10.4 36.0063
    endloop
  endfacet
  facet normal 0.382757 0 0.923849
    outer loop
      vertex -41.4536 4.4 36.0063
      vertex -41.7961 10.4 36.1482
      vertex -41.7961 4.4 36.1482
    endloop
  endfacet
  facet normal -0.923849 0 -0.382757
    outer loop
      vertex -36.0063 -16.4 41.4536
      vertex -36.1482 -10.4 41.7961
      vertex -36.0063 -10.4 41.4536
    endloop
  endfacet
  facet normal -0.923849 -0 -0.382757
    outer loop
      vertex -36.1482 -10.4 41.7961
      vertex -36.0063 -16.4 41.4536
      vertex -36.1482 -16.4 41.7961
    endloop
  endfacet
  facet normal -0.923849 0 -0.382757
    outer loop
      vertex -36.0063 4.4 41.4536
      vertex -36.1482 10.4 41.7961
      vertex -36.0063 10.4 41.4536
    endloop
  endfacet
  facet normal -0.923849 -0 -0.382757
    outer loop
      vertex -36.1482 10.4 41.7961
      vertex -36.0063 4.4 41.4536
      vertex -36.1482 4.4 41.7961
    endloop
  endfacet
  facet normal -0.382757 0 0.923849
    outer loop
      vertex -38.5464 -10.4 36.0063
      vertex -38.2039 -16.4 36.1482
      vertex -38.2039 -10.4 36.1482
    endloop
  endfacet
  facet normal -0.382757 0 0.923849
    outer loop
      vertex -38.2039 -16.4 36.1482
      vertex -38.5464 -10.4 36.0063
      vertex -38.5464 -16.4 36.0063
    endloop
  endfacet
  facet normal -0.382757 0 0.923849
    outer loop
      vertex -38.5464 10.4 36.0063
      vertex -38.2039 4.4 36.1482
      vertex -38.2039 10.4 36.1482
    endloop
  endfacet
  facet normal -0.382757 0 0.923849
    outer loop
      vertex -38.2039 4.4 36.1482
      vertex -38.5464 10.4 36.0063
      vertex -38.5464 4.4 36.0063
    endloop
  endfacet
  facet normal 0.991402 0 -0.130853
    outer loop
      vertex -53.4328 -16.4 49.4766
      vertex -53.4642 -10.4 49.2387
      vertex -53.4328 -10.4 49.4766
    endloop
  endfacet
  facet normal 0.991402 0 -0.130853
    outer loop
      vertex -53.4642 -10.4 49.2387
      vertex -53.4328 -16.4 49.4766
      vertex -53.4642 -16.4 49.2387
    endloop
  endfacet
  facet normal 0.991402 0 -0.130853
    outer loop
      vertex -53.4328 4.4 49.4766
      vertex -53.4642 10.4 49.2387
      vertex -53.4328 10.4 49.4766
    endloop
  endfacet
  facet normal 0.991402 0 -0.130853
    outer loop
      vertex -53.4642 10.4 49.2387
      vertex -53.4328 4.4 49.4766
      vertex -53.4642 4.4 49.2387
    endloop
  endfacet
  facet normal 0.99906 0 -0.0433468
    outer loop
      vertex -53.4642 -16.4 49.2387
      vertex -53.4746 -10.4 48.999
      vertex -53.4642 -10.4 49.2387
    endloop
  endfacet
  facet normal 0.99906 0 -0.0433468
    outer loop
      vertex -53.4746 -10.4 48.999
      vertex -53.4642 -16.4 49.2387
      vertex -53.4746 -16.4 48.999
    endloop
  endfacet
  facet normal 0.99906 0 -0.0433468
    outer loop
      vertex -53.4642 4.4 49.2387
      vertex -53.4746 10.4 48.999
      vertex -53.4642 10.4 49.2387
    endloop
  endfacet
  facet normal 0.99906 0 -0.0433468
    outer loop
      vertex -53.4746 10.4 48.999
      vertex -53.4642 4.4 49.2387
      vertex -53.4746 4.4 48.999
    endloop
  endfacet
  facet normal -0.953646 0 -0.300932
    outer loop
      vertex -48.0683 -16.4 49.7108
      vertex -48.1405 -10.4 49.9396
      vertex -48.0683 -10.4 49.7108
    endloop
  endfacet
  facet normal -0.953646 -0 -0.300932
    outer loop
      vertex -48.1405 -10.4 49.9396
      vertex -48.0683 -16.4 49.7108
      vertex -48.1405 -16.4 49.9396
    endloop
  endfacet
  facet normal -0.953646 0 -0.300932
    outer loop
      vertex -48.0683 4.4 49.7108
      vertex -48.1405 10.4 49.9396
      vertex -48.0683 10.4 49.7108
    endloop
  endfacet
  facet normal -0.953646 -0 -0.300932
    outer loop
      vertex -48.1405 10.4 49.9396
      vertex -48.0683 4.4 49.7108
      vertex -48.1405 4.4 49.9396
    endloop
  endfacet
  facet normal 0.976314 0 -0.216357
    outer loop
      vertex -53.3809 -16.4 49.7108
      vertex -53.4328 -10.4 49.4766
      vertex -53.3809 -10.4 49.7108
    endloop
  endfacet
  facet normal 0.976314 0 -0.216357
    outer loop
      vertex -53.4328 -10.4 49.4766
      vertex -53.3809 -16.4 49.7108
      vertex -53.4328 -16.4 49.4766
    endloop
  endfacet
  facet normal 0.976314 0 -0.216357
    outer loop
      vertex -53.3809 4.4 49.7108
      vertex -53.4328 10.4 49.4766
      vertex -53.3809 10.4 49.7108
    endloop
  endfacet
  facet normal 0.976314 0 -0.216357
    outer loop
      vertex -53.4328 10.4 49.4766
      vertex -53.3809 4.4 49.7108
      vertex -53.4328 4.4 49.4766
    endloop
  endfacet
  facet normal -0.843352 0 0.537361
    outer loop
      vertex -48.472 -16.4 47.4217
      vertex -48.3431 -10.4 47.624
      vertex -48.472 -10.4 47.4217
    endloop
  endfacet
  facet normal -0.843352 0 0.537361
    outer loop
      vertex -48.3431 -10.4 47.624
      vertex -48.472 -16.4 47.4217
      vertex -48.3431 -16.4 47.624
    endloop
  endfacet
  facet normal -0.843352 0 0.537361
    outer loop
      vertex -48.472 4.4 47.4217
      vertex -48.3431 10.4 47.624
      vertex -48.472 10.4 47.4217
    endloop
  endfacet
  facet normal -0.843352 0 0.537361
    outer loop
      vertex -48.3431 10.4 47.624
      vertex -48.472 4.4 47.4217
      vertex -48.3431 4.4 47.624
    endloop
  endfacet
  facet normal -0.843473 0 -0.537172
    outer loop
      vertex -48.3431 -16.4 50.374
      vertex -48.472 -10.4 50.5764
      vertex -48.3431 -10.4 50.374
    endloop
  endfacet
  facet normal -0.843473 -0 -0.537172
    outer loop
      vertex -48.472 -10.4 50.5764
      vertex -48.3431 -16.4 50.374
      vertex -48.472 -16.4 50.5764
    endloop
  endfacet
  facet normal -0.843473 0 -0.537172
    outer loop
      vertex -48.3431 4.4 50.374
      vertex -48.472 10.4 50.5764
      vertex -48.3431 10.4 50.374
    endloop
  endfacet
  facet normal -0.843473 -0 -0.537172
    outer loop
      vertex -48.472 10.4 50.5764
      vertex -48.3431 4.4 50.374
      vertex -48.472 4.4 50.5764
    endloop
  endfacet
  facet normal 0.38272 0 0.923864
    outer loop
      vertex -51.8868 -10.4 46.5067
      vertex -51.6652 -16.4 46.4149
      vertex -51.6652 -10.4 46.4149
    endloop
  endfacet
  facet normal 0.38272 0 0.923864
    outer loop
      vertex -51.6652 -16.4 46.4149
      vertex -51.8868 -10.4 46.5067
      vertex -51.8868 -16.4 46.5067
    endloop
  endfacet
  facet normal 0.38272 0 0.923864
    outer loop
      vertex -51.8868 10.4 46.5067
      vertex -51.6652 4.4 46.4149
      vertex -51.6652 10.4 46.4149
    endloop
  endfacet
  facet normal 0.38272 0 0.923864
    outer loop
      vertex -51.6652 4.4 46.4149
      vertex -51.8868 10.4 46.5067
      vertex -51.8868 4.4 46.5067
    endloop
  endfacet
  facet normal -0.953646 0 0.300932
    outer loop
      vertex -48.1405 -16.4 48.0585
      vertex -48.0683 -10.4 48.2873
      vertex -48.1405 -10.4 48.0585
    endloop
  endfacet
  facet normal -0.953646 0 0.300932
    outer loop
      vertex -48.0683 -10.4 48.2873
      vertex -48.1405 -16.4 48.0585
      vertex -48.0683 -16.4 48.2873
    endloop
  endfacet
  facet normal -0.953646 0 0.300932
    outer loop
      vertex -48.1405 4.4 48.0585
      vertex -48.0683 10.4 48.2873
      vertex -48.1405 10.4 48.0585
    endloop
  endfacet
  facet normal -0.953646 0 0.300932
    outer loop
      vertex -48.0683 10.4 48.2873
      vertex -48.1405 4.4 48.0585
      vertex -48.0683 4.4 48.2873
    endloop
  endfacet
  facet normal 0.886971 -0 0.461825
    outer loop
      vertex -53.217 -16.4 47.8368
      vertex -53.1062 -10.4 47.624
      vertex -53.217 -10.4 47.8368
    endloop
  endfacet
  facet normal 0.886971 0 0.461825
    outer loop
      vertex -53.1062 -10.4 47.624
      vertex -53.217 -16.4 47.8368
      vertex -53.1062 -16.4 47.624
    endloop
  endfacet
  facet normal 0.886971 -0 0.461825
    outer loop
      vertex -53.217 4.4 47.8368
      vertex -53.1062 10.4 47.624
      vertex -53.217 10.4 47.8368
    endloop
  endfacet
  facet normal 0.886971 0 0.461825
    outer loop
      vertex -53.1062 10.4 47.624
      vertex -53.217 4.4 47.8368
      vertex -53.1062 4.4 47.624
    endloop
  endfacet
  facet normal -0.300553 0 -0.953765
    outer loop
      vertex -50.0129 -16.4 51.6553
      vertex -49.7841 -10.4 51.5832
      vertex -49.7841 -16.4 51.5832
    endloop
  endfacet
  facet normal -0.300553 0 -0.953765
    outer loop
      vertex -49.7841 -10.4 51.5832
      vertex -50.0129 -16.4 51.6553
      vertex -50.0129 -10.4 51.6553
    endloop
  endfacet
  facet normal -0.300553 0 -0.953765
    outer loop
      vertex -50.0129 4.4 51.6553
      vertex -49.7841 10.4 51.5832
      vertex -49.7841 4.4 51.5832
    endloop
  endfacet
  facet normal -0.300553 0 -0.953765
    outer loop
      vertex -49.7841 10.4 51.5832
      vertex -50.0129 4.4 51.6553
      vertex -50.0129 10.4 51.6553
    endloop
  endfacet
  facet normal -0.461825 0 0.886971
    outer loop
      vertex -49.5624 -10.4 46.5067
      vertex -49.3496 -16.4 46.6175
      vertex -49.3496 -10.4 46.6175
    endloop
  endfacet
  facet normal -0.461825 0 0.886971
    outer loop
      vertex -49.3496 -16.4 46.6175
      vertex -49.5624 -10.4 46.5067
      vertex -49.5624 -16.4 46.5067
    endloop
  endfacet
  facet normal -0.461825 0 0.886971
    outer loop
      vertex -49.5624 10.4 46.5067
      vertex -49.3496 4.4 46.6175
      vertex -49.3496 10.4 46.6175
    endloop
  endfacet
  facet normal -0.461825 0 0.886971
    outer loop
      vertex -49.3496 4.4 46.6175
      vertex -49.5624 10.4 46.5067
      vertex -49.5624 4.4 46.5067
    endloop
  endfacet
  facet normal 0.737483 -0 0.675366
    outer loop
      vertex -52.8312 -16.4 47.2314
      vertex -52.6692 -10.4 47.0545
      vertex -52.8312 -10.4 47.2314
    endloop
  endfacet
  facet normal 0.737483 0 0.675366
    outer loop
      vertex -52.6692 -10.4 47.0545
      vertex -52.8312 -16.4 47.2314
      vertex -52.6692 -16.4 47.0545
    endloop
  endfacet
  facet normal 0.737483 -0 0.675366
    outer loop
      vertex -52.8312 4.4 47.2314
      vertex -52.6692 10.4 47.0545
      vertex -52.8312 10.4 47.2314
    endloop
  endfacet
  facet normal 0.737483 0 0.675366
    outer loop
      vertex -52.6692 10.4 47.0545
      vertex -52.8312 4.4 47.2314
      vertex -52.6692 4.4 47.0545
    endloop
  endfacet
  facet normal 0.843473 0 -0.537172
    outer loop
      vertex -52.9773 -16.4 50.5764
      vertex -53.1062 -10.4 50.374
      vertex -52.9773 -10.4 50.5764
    endloop
  endfacet
  facet normal 0.843473 0 -0.537172
    outer loop
      vertex -53.1062 -10.4 50.374
      vertex -52.9773 -16.4 50.5764
      vertex -53.1062 -16.4 50.374
    endloop
  endfacet
  facet normal 0.843473 0 -0.537172
    outer loop
      vertex -52.9773 4.4 50.5764
      vertex -53.1062 10.4 50.374
      vertex -52.9773 10.4 50.5764
    endloop
  endfacet
  facet normal 0.843473 0 -0.537172
    outer loop
      vertex -53.1062 10.4 50.374
      vertex -52.9773 4.4 50.5764
      vertex -53.1062 4.4 50.374
    endloop
  endfacet
  facet normal -0.675366 0 -0.737483
    outer loop
      vertex -48.957 -16.4 51.1056
      vertex -48.7801 -10.4 50.9436
      vertex -48.7801 -16.4 50.9436
    endloop
  endfacet
  facet normal -0.675366 0 -0.737483
    outer loop
      vertex -48.7801 -10.4 50.9436
      vertex -48.957 -16.4 51.1056
      vertex -48.957 -10.4 51.1056
    endloop
  endfacet
  facet normal -0.675366 0 -0.737483
    outer loop
      vertex -48.957 4.4 51.1056
      vertex -48.7801 10.4 50.9436
      vertex -48.7801 4.4 50.9436
    endloop
  endfacet
  facet normal -0.675366 0 -0.737483
    outer loop
      vertex -48.7801 10.4 50.9436
      vertex -48.957 4.4 51.1056
      vertex -48.957 10.4 51.1056
    endloop
  endfacet
  facet normal 0.886971 0 -0.461825
    outer loop
      vertex -53.1062 -16.4 50.374
      vertex -53.217 -10.4 50.1612
      vertex -53.1062 -10.4 50.374
    endloop
  endfacet
  facet normal 0.886971 0 -0.461825
    outer loop
      vertex -53.217 -10.4 50.1612
      vertex -53.1062 -16.4 50.374
      vertex -53.217 -16.4 50.1612
    endloop
  endfacet
  facet normal 0.886971 0 -0.461825
    outer loop
      vertex -53.1062 4.4 50.374
      vertex -53.217 10.4 50.1612
      vertex -53.1062 10.4 50.374
    endloop
  endfacet
  facet normal 0.886971 0 -0.461825
    outer loop
      vertex -53.217 10.4 50.1612
      vertex -53.1062 4.4 50.374
      vertex -53.217 4.4 50.1612
    endloop
  endfacet
  facet normal 0.300553 0 -0.953765
    outer loop
      vertex -51.6652 -16.4 51.5832
      vertex -51.4364 -10.4 51.6553
      vertex -51.4364 -16.4 51.6553
    endloop
  endfacet
  facet normal 0.300553 0 -0.953765
    outer loop
      vertex -51.4364 -10.4 51.6553
      vertex -51.6652 -16.4 51.5832
      vertex -51.6652 -10.4 51.5832
    endloop
  endfacet
  facet normal 0.300553 0 -0.953765
    outer loop
      vertex -51.6652 4.4 51.5832
      vertex -51.4364 10.4 51.6553
      vertex -51.4364 4.4 51.6553
    endloop
  endfacet
  facet normal 0.300553 0 -0.953765
    outer loop
      vertex -51.4364 10.4 51.6553
      vertex -51.6652 4.4 51.5832
      vertex -51.6652 10.4 51.5832
    endloop
  endfacet
  facet normal 0.130444 0 0.991456
    outer loop
      vertex -51.2022 -10.4 46.2908
      vertex -50.9643 -16.4 46.2595
      vertex -50.9643 -10.4 46.2595
    endloop
  endfacet
  facet normal 0.130444 0 0.991456
    outer loop
      vertex -50.9643 -16.4 46.2595
      vertex -51.2022 -10.4 46.2908
      vertex -51.2022 -16.4 46.2908
    endloop
  endfacet
  facet normal 0.130444 0 0.991456
    outer loop
      vertex -51.2022 10.4 46.2908
      vertex -50.9643 4.4 46.2595
      vertex -50.9643 10.4 46.2595
    endloop
  endfacet
  facet normal 0.130444 0 0.991456
    outer loop
      vertex -50.9643 4.4 46.2595
      vertex -51.2022 10.4 46.2908
      vertex -51.2022 4.4 46.2908
    endloop
  endfacet
  facet normal 0.976314 -0 0.216357
    outer loop
      vertex -53.4328 -16.4 48.5215
      vertex -53.3809 -10.4 48.2873
      vertex -53.4328 -10.4 48.5215
    endloop
  endfacet
  facet normal 0.976314 0 0.216357
    outer loop
      vertex -53.3809 -10.4 48.2873
      vertex -53.4328 -16.4 48.5215
      vertex -53.3809 -16.4 48.2873
    endloop
  endfacet
  facet normal 0.976314 -0 0.216357
    outer loop
      vertex -53.4328 4.4 48.5215
      vertex -53.3809 10.4 48.2873
      vertex -53.4328 10.4 48.5215
    endloop
  endfacet
  facet normal 0.976314 0 0.216357
    outer loop
      vertex -53.3809 10.4 48.2873
      vertex -53.4328 4.4 48.5215
      vertex -53.3809 4.4 48.2873
    endloop
  endfacet
  facet normal 0.793197 -0 0.608965
    outer loop
      vertex -52.9773 -16.4 47.4217
      vertex -52.8312 -10.4 47.2314
      vertex -52.9773 -10.4 47.4217
    endloop
  endfacet
  facet normal 0.793197 0 0.608965
    outer loop
      vertex -52.8312 -10.4 47.2314
      vertex -52.9773 -16.4 47.4217
      vertex -52.8312 -16.4 47.2314
    endloop
  endfacet
  facet normal 0.793197 -0 0.608965
    outer loop
      vertex -52.9773 4.4 47.4217
      vertex -52.8312 10.4 47.2314
      vertex -52.9773 10.4 47.4217
    endloop
  endfacet
  facet normal 0.793197 0 0.608965
    outer loop
      vertex -52.8312 10.4 47.2314
      vertex -52.9773 4.4 47.4217
      vertex -52.8312 4.4 47.2314
    endloop
  endfacet
  facet normal 0.953765 0 -0.300553
    outer loop
      vertex -53.3088 -16.4 49.9396
      vertex -53.3809 -10.4 49.7108
      vertex -53.3088 -10.4 49.9396
    endloop
  endfacet
  facet normal 0.953765 0 -0.300553
    outer loop
      vertex -53.3809 -10.4 49.7108
      vertex -53.3088 -16.4 49.9396
      vertex -53.3809 -16.4 49.7108
    endloop
  endfacet
  facet normal 0.953765 0 -0.300553
    outer loop
      vertex -53.3088 4.4 49.9396
      vertex -53.3809 10.4 49.7108
      vertex -53.3088 10.4 49.9396
    endloop
  endfacet
  facet normal 0.953765 0 -0.300553
    outer loop
      vertex -53.3809 10.4 49.7108
      vertex -53.3088 4.4 49.9396
      vertex -53.3809 4.4 49.7108
    endloop
  endfacet
  facet normal -0.999042 0 -0.0437628
    outer loop
      vertex -47.9746 -16.4 48.999
      vertex -47.9851 -10.4 49.2387
      vertex -47.9746 -10.4 48.999
    endloop
  endfacet
  facet normal -0.999042 -0 -0.0437628
    outer loop
      vertex -47.9851 -10.4 49.2387
      vertex -47.9746 -16.4 48.999
      vertex -47.9851 -16.4 49.2387
    endloop
  endfacet
  facet normal -0.999042 0 -0.0437628
    outer loop
      vertex -47.9746 4.4 48.999
      vertex -47.9851 10.4 49.2387
      vertex -47.9746 10.4 48.999
    endloop
  endfacet
  facet normal -0.999042 -0 -0.0437628
    outer loop
      vertex -47.9851 10.4 49.2387
      vertex -47.9746 4.4 48.999
      vertex -47.9851 4.4 49.2387
    endloop
  endfacet
  facet normal 0.0433468 0 -0.99906
    outer loop
      vertex -50.9643 4.4 51.7386
      vertex -50.7246 10.4 51.749
      vertex -50.7246 4.4 51.749
    endloop
  endfacet
  facet normal 0.0433468 0 -0.99906
    outer loop
      vertex -50.7246 10.4 51.749
      vertex -50.9643 4.4 51.7386
      vertex -50.9643 10.4 51.7386
    endloop
  endfacet
  facet normal 0.0433468 0 -0.99906
    outer loop
      vertex -50.9643 -16.4 51.7386
      vertex -50.7246 -10.4 51.749
      vertex -50.7246 -16.4 51.749
    endloop
  endfacet
  facet normal 0.0433468 0 -0.99906
    outer loop
      vertex -50.7246 -10.4 51.749
      vertex -50.9643 -16.4 51.7386
      vertex -50.9643 -10.4 51.7386
    endloop
  endfacet
  facet normal 0.737483 0 -0.675366
    outer loop
      vertex -52.6692 -16.4 50.9436
      vertex -52.8312 -10.4 50.7667
      vertex -52.6692 -10.4 50.9436
    endloop
  endfacet
  facet normal 0.737483 0 -0.675366
    outer loop
      vertex -52.8312 -10.4 50.7667
      vertex -52.6692 -16.4 50.9436
      vertex -52.8312 -16.4 50.7667
    endloop
  endfacet
  facet normal 0.737483 0 -0.675366
    outer loop
      vertex -52.6692 4.4 50.9436
      vertex -52.8312 10.4 50.7667
      vertex -52.6692 10.4 50.9436
    endloop
  endfacet
  facet normal 0.737483 0 -0.675366
    outer loop
      vertex -52.8312 10.4 50.7667
      vertex -52.6692 4.4 50.9436
      vertex -52.8312 4.4 50.7667
    endloop
  endfacet
  facet normal 0.99906 -0 0.0433468
    outer loop
      vertex -53.4746 -16.4 48.999
      vertex -53.4642 -10.4 48.7593
      vertex -53.4746 -10.4 48.999
    endloop
  endfacet
  facet normal 0.99906 0 0.0433468
    outer loop
      vertex -53.4642 -10.4 48.7593
      vertex -53.4746 -16.4 48.999
      vertex -53.4642 -16.4 48.7593
    endloop
  endfacet
  facet normal 0.99906 -0 0.0433468
    outer loop
      vertex -53.4746 4.4 48.999
      vertex -53.4642 10.4 48.7593
      vertex -53.4746 10.4 48.999
    endloop
  endfacet
  facet normal 0.99906 0 0.0433468
    outer loop
      vertex -53.4642 10.4 48.7593
      vertex -53.4746 4.4 48.999
      vertex -53.4642 4.4 48.7593
    endloop
  endfacet
  facet normal -0.0437628 0 0.999042
    outer loop
      vertex -50.7246 -10.4 46.249
      vertex -50.4849 -16.4 46.2595
      vertex -50.4849 -10.4 46.2595
    endloop
  endfacet
  facet normal -0.0437628 0 0.999042
    outer loop
      vertex -50.4849 -16.4 46.2595
      vertex -50.7246 -10.4 46.249
      vertex -50.7246 -16.4 46.249
    endloop
  endfacet
  facet normal -0.0437628 0 0.999042
    outer loop
      vertex -50.7246 10.4 46.249
      vertex -50.4849 4.4 46.2595
      vertex -50.4849 10.4 46.2595
    endloop
  endfacet
  facet normal -0.0437628 0 0.999042
    outer loop
      vertex -50.4849 4.4 46.2595
      vertex -50.7246 10.4 46.249
      vertex -50.7246 4.4 46.249
    endloop
  endfacet
  facet normal 0.537172 0 -0.843473
    outer loop
      vertex -52.302 -16.4 51.2517
      vertex -52.0996 -10.4 51.3806
      vertex -52.0996 -16.4 51.3806
    endloop
  endfacet
  facet normal 0.537172 0 -0.843473
    outer loop
      vertex -52.0996 -10.4 51.3806
      vertex -52.302 -16.4 51.2517
      vertex -52.302 -10.4 51.2517
    endloop
  endfacet
  facet normal 0.537172 0 -0.843473
    outer loop
      vertex -52.302 4.4 51.2517
      vertex -52.0996 10.4 51.3806
      vertex -52.0996 4.4 51.3806
    endloop
  endfacet
  facet normal 0.537172 0 -0.843473
    outer loop
      vertex -52.0996 10.4 51.3806
      vertex -52.302 4.4 51.2517
      vertex -52.302 10.4 51.2517
    endloop
  endfacet
  facet normal 0.953765 -0 0.300553
    outer loop
      vertex -53.3809 -16.4 48.2873
      vertex -53.3088 -10.4 48.0585
      vertex -53.3809 -10.4 48.2873
    endloop
  endfacet
  facet normal 0.953765 0 0.300553
    outer loop
      vertex -53.3088 -10.4 48.0585
      vertex -53.3809 -16.4 48.2873
      vertex -53.3088 -16.4 48.0585
    endloop
  endfacet
  facet normal 0.953765 -0 0.300553
    outer loop
      vertex -53.3809 4.4 48.2873
      vertex -53.3088 10.4 48.0585
      vertex -53.3809 10.4 48.2873
    endloop
  endfacet
  facet normal 0.953765 0 0.300553
    outer loop
      vertex -53.3088 10.4 48.0585
      vertex -53.3809 4.4 48.2873
      vertex -53.3088 4.4 48.0585
    endloop
  endfacet
  facet normal 0.923925 -0 0.382573
    outer loop
      vertex -53.3088 -16.4 48.0585
      vertex -53.217 -10.4 47.8368
      vertex -53.3088 -10.4 48.0585
    endloop
  endfacet
  facet normal 0.923925 0 0.382573
    outer loop
      vertex -53.217 -10.4 47.8368
      vertex -53.3088 -16.4 48.0585
      vertex -53.217 -16.4 47.8368
    endloop
  endfacet
  facet normal 0.923925 -0 0.382573
    outer loop
      vertex -53.3088 4.4 48.0585
      vertex -53.217 10.4 47.8368
      vertex -53.3088 10.4 48.0585
    endloop
  endfacet
  facet normal 0.923925 0 0.382573
    outer loop
      vertex -53.217 10.4 47.8368
      vertex -53.3088 4.4 48.0585
      vertex -53.217 4.4 47.8368
    endloop
  endfacet
  facet normal 0.38272 0 -0.923864
    outer loop
      vertex -51.8868 -16.4 51.4914
      vertex -51.6652 -10.4 51.5832
      vertex -51.6652 -16.4 51.5832
    endloop
  endfacet
  facet normal 0.38272 0 -0.923864
    outer loop
      vertex -51.6652 -10.4 51.5832
      vertex -51.8868 -16.4 51.4914
      vertex -51.8868 -10.4 51.4914
    endloop
  endfacet
  facet normal 0.38272 0 -0.923864
    outer loop
      vertex -51.8868 4.4 51.4914
      vertex -51.6652 10.4 51.5832
      vertex -51.6652 4.4 51.5832
    endloop
  endfacet
  facet normal 0.38272 0 -0.923864
    outer loop
      vertex -51.6652 10.4 51.5832
      vertex -51.8868 4.4 51.4914
      vertex -51.8868 10.4 51.4914
    endloop
  endfacet
  facet normal -0.537361 0 -0.843352
    outer loop
      vertex -49.3496 -16.4 51.3806
      vertex -49.1473 -10.4 51.2517
      vertex -49.1473 -16.4 51.2517
    endloop
  endfacet
  facet normal -0.537361 0 -0.843352
    outer loop
      vertex -49.1473 -10.4 51.2517
      vertex -49.3496 -16.4 51.3806
      vertex -49.3496 -10.4 51.3806
    endloop
  endfacet
  facet normal -0.537361 0 -0.843352
    outer loop
      vertex -49.3496 4.4 51.3806
      vertex -49.1473 10.4 51.2517
      vertex -49.1473 4.4 51.2517
    endloop
  endfacet
  facet normal -0.537361 0 -0.843352
    outer loop
      vertex -49.1473 10.4 51.2517
      vertex -49.3496 4.4 51.3806
      vertex -49.3496 10.4 51.3806
    endloop
  endfacet
  facet normal 0.461825 0 -0.886971
    outer loop
      vertex -52.0996 -16.4 51.3806
      vertex -51.8868 -10.4 51.4914
      vertex -51.8868 -16.4 51.4914
    endloop
  endfacet
  facet normal 0.461825 0 -0.886971
    outer loop
      vertex -51.8868 -10.4 51.4914
      vertex -52.0996 -16.4 51.3806
      vertex -52.0996 -10.4 51.3806
    endloop
  endfacet
  facet normal 0.461825 0 -0.886971
    outer loop
      vertex -52.0996 4.4 51.3806
      vertex -51.8868 10.4 51.4914
      vertex -51.8868 4.4 51.4914
    endloop
  endfacet
  facet normal 0.461825 0 -0.886971
    outer loop
      vertex -51.8868 10.4 51.4914
      vertex -52.0996 4.4 51.3806
      vertex -52.0996 10.4 51.3806
    endloop
  endfacet
  facet normal -0.976314 0 -0.216357
    outer loop
      vertex -48.0164 -16.4 49.4766
      vertex -48.0683 -10.4 49.7108
      vertex -48.0164 -10.4 49.4766
    endloop
  endfacet
  facet normal -0.976314 -0 -0.216357
    outer loop
      vertex -48.0683 -10.4 49.7108
      vertex -48.0164 -16.4 49.4766
      vertex -48.0683 -16.4 49.7108
    endloop
  endfacet
  facet normal -0.976314 0 -0.216357
    outer loop
      vertex -48.0164 4.4 49.4766
      vertex -48.0683 10.4 49.7108
      vertex -48.0164 10.4 49.4766
    endloop
  endfacet
  facet normal -0.976314 -0 -0.216357
    outer loop
      vertex -48.0683 10.4 49.7108
      vertex -48.0164 4.4 49.4766
      vertex -48.0683 4.4 49.7108
    endloop
  endfacet
  facet normal -0.999042 0 0.0437628
    outer loop
      vertex -47.9851 -16.4 48.7593
      vertex -47.9746 -10.4 48.999
      vertex -47.9851 -10.4 48.7593
    endloop
  endfacet
  facet normal -0.999042 0 0.0437628
    outer loop
      vertex -47.9746 -10.4 48.999
      vertex -47.9851 -16.4 48.7593
      vertex -47.9746 -16.4 48.999
    endloop
  endfacet
  facet normal -0.999042 0 0.0437628
    outer loop
      vertex -47.9851 4.4 48.7593
      vertex -47.9746 10.4 48.999
      vertex -47.9851 10.4 48.7593
    endloop
  endfacet
  facet normal -0.999042 0 0.0437628
    outer loop
      vertex -47.9746 10.4 48.999
      vertex -47.9851 4.4 48.7593
      vertex -47.9746 4.4 48.999
    endloop
  endfacet
  facet normal -0.923864 0 -0.38272
    outer loop
      vertex -48.1405 -16.4 49.9396
      vertex -48.2323 -10.4 50.1612
      vertex -48.1405 -10.4 49.9396
    endloop
  endfacet
  facet normal -0.923864 -0 -0.38272
    outer loop
      vertex -48.2323 -10.4 50.1612
      vertex -48.1405 -16.4 49.9396
      vertex -48.2323 -16.4 50.1612
    endloop
  endfacet
  facet normal -0.923864 0 -0.38272
    outer loop
      vertex -48.1405 4.4 49.9396
      vertex -48.2323 10.4 50.1612
      vertex -48.1405 10.4 49.9396
    endloop
  endfacet
  facet normal -0.923864 -0 -0.38272
    outer loop
      vertex -48.2323 10.4 50.1612
      vertex -48.1405 4.4 49.9396
      vertex -48.2323 4.4 50.1612
    endloop
  endfacet
  facet normal -0.886971 0 0.461825
    outer loop
      vertex -48.3431 -16.4 47.624
      vertex -48.2323 -10.4 47.8368
      vertex -48.3431 -10.4 47.624
    endloop
  endfacet
  facet normal -0.886971 0 0.461825
    outer loop
      vertex -48.2323 -10.4 47.8368
      vertex -48.3431 -16.4 47.624
      vertex -48.2323 -16.4 47.8368
    endloop
  endfacet
  facet normal -0.886971 0 0.461825
    outer loop
      vertex -48.3431 4.4 47.624
      vertex -48.2323 10.4 47.8368
      vertex -48.3431 10.4 47.624
    endloop
  endfacet
  facet normal -0.886971 0 0.461825
    outer loop
      vertex -48.2323 10.4 47.8368
      vertex -48.3431 4.4 47.624
      vertex -48.2323 4.4 47.8368
    endloop
  endfacet
  facet normal -0.216357 0 -0.976314
    outer loop
      vertex -50.2471 -16.4 51.7072
      vertex -50.0129 -10.4 51.6553
      vertex -50.0129 -16.4 51.6553
    endloop
  endfacet
  facet normal -0.216357 0 -0.976314
    outer loop
      vertex -50.0129 -10.4 51.6553
      vertex -50.2471 -16.4 51.7072
      vertex -50.2471 -10.4 51.7072
    endloop
  endfacet
  facet normal -0.216357 0 -0.976314
    outer loop
      vertex -50.2471 4.4 51.7072
      vertex -50.0129 10.4 51.6553
      vertex -50.0129 4.4 51.6553
    endloop
  endfacet
  facet normal -0.216357 0 -0.976314
    outer loop
      vertex -50.0129 10.4 51.6553
      vertex -50.2471 4.4 51.7072
      vertex -50.2471 10.4 51.7072
    endloop
  endfacet
  facet normal -0.608703 0 0.793398
    outer loop
      vertex -49.1473 -10.4 46.7464
      vertex -48.957 -16.4 46.8924
      vertex -48.957 -10.4 46.8924
    endloop
  endfacet
  facet normal -0.608703 0 0.793398
    outer loop
      vertex -48.957 -16.4 46.8924
      vertex -49.1473 -10.4 46.7464
      vertex -49.1473 -16.4 46.7464
    endloop
  endfacet
  facet normal -0.608703 0 0.793398
    outer loop
      vertex -49.1473 10.4 46.7464
      vertex -48.957 4.4 46.8924
      vertex -48.957 10.4 46.8924
    endloop
  endfacet
  facet normal -0.608703 0 0.793398
    outer loop
      vertex -48.957 4.4 46.8924
      vertex -49.1473 10.4 46.7464
      vertex -49.1473 4.4 46.7464
    endloop
  endfacet
  facet normal 0.0437628 0 0.999042
    outer loop
      vertex -50.9643 -10.4 46.2595
      vertex -50.7246 -16.4 46.249
      vertex -50.7246 -10.4 46.249
    endloop
  endfacet
  facet normal 0.0437628 0 0.999042
    outer loop
      vertex -50.7246 -16.4 46.249
      vertex -50.9643 -10.4 46.2595
      vertex -50.9643 -16.4 46.2595
    endloop
  endfacet
  facet normal 0.0437628 0 0.999042
    outer loop
      vertex -50.9643 10.4 46.2595
      vertex -50.7246 4.4 46.249
      vertex -50.7246 10.4 46.249
    endloop
  endfacet
  facet normal 0.0437628 0 0.999042
    outer loop
      vertex -50.7246 4.4 46.249
      vertex -50.9643 10.4 46.2595
      vertex -50.9643 4.4 46.2595
    endloop
  endfacet
  facet normal -0.461825 0 -0.886971
    outer loop
      vertex -49.5624 -16.4 51.4914
      vertex -49.3496 -10.4 51.3806
      vertex -49.3496 -16.4 51.3806
    endloop
  endfacet
  facet normal -0.461825 0 -0.886971
    outer loop
      vertex -49.3496 -10.4 51.3806
      vertex -49.5624 -16.4 51.4914
      vertex -49.5624 -10.4 51.4914
    endloop
  endfacet
  facet normal -0.461825 0 -0.886971
    outer loop
      vertex -49.5624 4.4 51.4914
      vertex -49.3496 10.4 51.3806
      vertex -49.3496 4.4 51.3806
    endloop
  endfacet
  facet normal -0.461825 0 -0.886971
    outer loop
      vertex -49.3496 10.4 51.3806
      vertex -49.5624 4.4 51.4914
      vertex -49.5624 10.4 51.4914
    endloop
  endfacet
  facet normal -0.793398 0 -0.608703
    outer loop
      vertex -48.472 -16.4 50.5764
      vertex -48.618 -10.4 50.7667
      vertex -48.472 -10.4 50.5764
    endloop
  endfacet
  facet normal -0.793398 -0 -0.608703
    outer loop
      vertex -48.618 -10.4 50.7667
      vertex -48.472 -16.4 50.5764
      vertex -48.618 -16.4 50.7667
    endloop
  endfacet
  facet normal -0.793398 0 -0.608703
    outer loop
      vertex -48.472 4.4 50.5764
      vertex -48.618 10.4 50.7667
      vertex -48.472 10.4 50.5764
    endloop
  endfacet
  facet normal -0.793398 -0 -0.608703
    outer loop
      vertex -48.618 10.4 50.7667
      vertex -48.472 4.4 50.5764
      vertex -48.618 4.4 50.7667
    endloop
  endfacet
  facet normal 0.608703 0 0.793398
    outer loop
      vertex -52.4923 -10.4 46.8924
      vertex -52.302 -16.4 46.7464
      vertex -52.302 -10.4 46.7464
    endloop
  endfacet
  facet normal 0.608703 0 0.793398
    outer loop
      vertex -52.302 -16.4 46.7464
      vertex -52.4923 -10.4 46.8924
      vertex -52.4923 -16.4 46.8924
    endloop
  endfacet
  facet normal 0.608703 0 0.793398
    outer loop
      vertex -52.4923 10.4 46.8924
      vertex -52.302 4.4 46.7464
      vertex -52.302 10.4 46.7464
    endloop
  endfacet
  facet normal 0.608703 0 0.793398
    outer loop
      vertex -52.302 4.4 46.7464
      vertex -52.4923 10.4 46.8924
      vertex -52.4923 4.4 46.8924
    endloop
  endfacet
  facet normal 0.923864 0 -0.38272
    outer loop
      vertex -53.217 -16.4 50.1612
      vertex -53.3088 -10.4 49.9396
      vertex -53.217 -10.4 50.1612
    endloop
  endfacet
  facet normal 0.923864 0 -0.38272
    outer loop
      vertex -53.3088 -10.4 49.9396
      vertex -53.217 -16.4 50.1612
      vertex -53.3088 -16.4 49.9396
    endloop
  endfacet
  facet normal 0.923864 0 -0.38272
    outer loop
      vertex -53.217 4.4 50.1612
      vertex -53.3088 10.4 49.9396
      vertex -53.217 10.4 50.1612
    endloop
  endfacet
  facet normal 0.923864 0 -0.38272
    outer loop
      vertex -53.3088 10.4 49.9396
      vertex -53.217 4.4 50.1612
      vertex -53.3088 4.4 49.9396
    endloop
  endfacet
  facet normal -0.923925 0 0.382573
    outer loop
      vertex -48.2323 -16.4 47.8368
      vertex -48.1405 -10.4 48.0585
      vertex -48.2323 -10.4 47.8368
    endloop
  endfacet
  facet normal -0.923925 0 0.382573
    outer loop
      vertex -48.1405 -10.4 48.0585
      vertex -48.2323 -16.4 47.8368
      vertex -48.1405 -16.4 48.0585
    endloop
  endfacet
  facet normal -0.923925 0 0.382573
    outer loop
      vertex -48.2323 4.4 47.8368
      vertex -48.1405 10.4 48.0585
      vertex -48.2323 10.4 47.8368
    endloop
  endfacet
  facet normal -0.923925 0 0.382573
    outer loop
      vertex -48.1405 10.4 48.0585
      vertex -48.2323 4.4 47.8368
      vertex -48.1405 4.4 48.0585
    endloop
  endfacet
  facet normal 0.216357 0 0.976314
    outer loop
      vertex -51.4364 -10.4 46.3427
      vertex -51.2022 -16.4 46.2908
      vertex -51.2022 -10.4 46.2908
    endloop
  endfacet
  facet normal 0.216357 0 0.976314
    outer loop
      vertex -51.2022 -16.4 46.2908
      vertex -51.4364 -10.4 46.3427
      vertex -51.4364 -16.4 46.3427
    endloop
  endfacet
  facet normal 0.216357 0 0.976314
    outer loop
      vertex -51.4364 10.4 46.3427
      vertex -51.2022 4.4 46.2908
      vertex -51.2022 10.4 46.2908
    endloop
  endfacet
  facet normal 0.216357 0 0.976314
    outer loop
      vertex -51.2022 4.4 46.2908
      vertex -51.4364 10.4 46.3427
      vertex -51.4364 4.4 46.3427
    endloop
  endfacet
  facet normal -0.382573 0 -0.923925
    outer loop
      vertex -49.7841 -16.4 51.5832
      vertex -49.5624 -10.4 51.4914
      vertex -49.5624 -16.4 51.4914
    endloop
  endfacet
  facet normal -0.382573 0 -0.923925
    outer loop
      vertex -49.5624 -10.4 51.4914
      vertex -49.7841 -16.4 51.5832
      vertex -49.7841 -10.4 51.5832
    endloop
  endfacet
  facet normal -0.382573 0 -0.923925
    outer loop
      vertex -49.7841 4.4 51.5832
      vertex -49.5624 10.4 51.4914
      vertex -49.5624 4.4 51.4914
    endloop
  endfacet
  facet normal -0.382573 0 -0.923925
    outer loop
      vertex -49.5624 10.4 51.4914
      vertex -49.7841 4.4 51.5832
      vertex -49.7841 10.4 51.5832
    endloop
  endfacet
  facet normal -0.130907 0 -0.991395
    outer loop
      vertex -50.4849 4.4 51.7386
      vertex -50.2471 10.4 51.7072
      vertex -50.2471 4.4 51.7072
    endloop
  endfacet
  facet normal -0.130907 0 -0.991395
    outer loop
      vertex -50.2471 10.4 51.7072
      vertex -50.4849 4.4 51.7386
      vertex -50.4849 10.4 51.7386
    endloop
  endfacet
  facet normal -0.130907 0 -0.991395
    outer loop
      vertex -50.4849 -16.4 51.7386
      vertex -50.2471 -10.4 51.7072
      vertex -50.2471 -16.4 51.7072
    endloop
  endfacet
  facet normal -0.130907 0 -0.991395
    outer loop
      vertex -50.2471 -10.4 51.7072
      vertex -50.4849 -16.4 51.7386
      vertex -50.4849 -10.4 51.7386
    endloop
  endfacet
  facet normal -0.537361 0 0.843352
    outer loop
      vertex -49.3496 -10.4 46.6175
      vertex -49.1473 -16.4 46.7464
      vertex -49.1473 -10.4 46.7464
    endloop
  endfacet
  facet normal -0.537361 0 0.843352
    outer loop
      vertex -49.1473 -16.4 46.7464
      vertex -49.3496 -10.4 46.6175
      vertex -49.3496 -16.4 46.6175
    endloop
  endfacet
  facet normal -0.537361 0 0.843352
    outer loop
      vertex -49.3496 10.4 46.6175
      vertex -49.1473 4.4 46.7464
      vertex -49.1473 10.4 46.7464
    endloop
  endfacet
  facet normal -0.537361 0 0.843352
    outer loop
      vertex -49.1473 4.4 46.7464
      vertex -49.3496 10.4 46.6175
      vertex -49.3496 4.4 46.6175
    endloop
  endfacet
  facet normal -0.0433468 0 -0.99906
    outer loop
      vertex -50.7246 4.4 51.749
      vertex -50.4849 10.4 51.7386
      vertex -50.4849 4.4 51.7386
    endloop
  endfacet
  facet normal -0.0433468 0 -0.99906
    outer loop
      vertex -50.4849 10.4 51.7386
      vertex -50.7246 4.4 51.749
      vertex -50.7246 10.4 51.749
    endloop
  endfacet
  facet normal -0.0433468 0 -0.99906
    outer loop
      vertex -50.7246 -16.4 51.749
      vertex -50.4849 -10.4 51.7386
      vertex -50.4849 -16.4 51.7386
    endloop
  endfacet
  facet normal -0.0433468 0 -0.99906
    outer loop
      vertex -50.4849 -10.4 51.7386
      vertex -50.7246 -16.4 51.749
      vertex -50.7246 -10.4 51.749
    endloop
  endfacet
  facet normal -0.608965 0 -0.793197
    outer loop
      vertex -49.1473 -16.4 51.2517
      vertex -48.957 -10.4 51.1056
      vertex -48.957 -16.4 51.1056
    endloop
  endfacet
  facet normal -0.608965 0 -0.793197
    outer loop
      vertex -48.957 -10.4 51.1056
      vertex -49.1473 -16.4 51.2517
      vertex -49.1473 -10.4 51.2517
    endloop
  endfacet
  facet normal -0.608965 0 -0.793197
    outer loop
      vertex -49.1473 4.4 51.2517
      vertex -48.957 10.4 51.1056
      vertex -48.957 4.4 51.1056
    endloop
  endfacet
  facet normal -0.608965 0 -0.793197
    outer loop
      vertex -48.957 10.4 51.1056
      vertex -49.1473 4.4 51.2517
      vertex -49.1473 10.4 51.2517
    endloop
  endfacet
  facet normal 0.300932 0 0.953646
    outer loop
      vertex -51.6652 -10.4 46.4149
      vertex -51.4364 -16.4 46.3427
      vertex -51.4364 -10.4 46.3427
    endloop
  endfacet
  facet normal 0.300932 0 0.953646
    outer loop
      vertex -51.4364 -16.4 46.3427
      vertex -51.6652 -10.4 46.4149
      vertex -51.6652 -16.4 46.4149
    endloop
  endfacet
  facet normal 0.300932 0 0.953646
    outer loop
      vertex -51.6652 10.4 46.4149
      vertex -51.4364 4.4 46.3427
      vertex -51.4364 10.4 46.3427
    endloop
  endfacet
  facet normal 0.300932 0 0.953646
    outer loop
      vertex -51.4364 4.4 46.3427
      vertex -51.6652 10.4 46.4149
      vertex -51.6652 4.4 46.4149
    endloop
  endfacet
  facet normal 0.461825 0 0.886971
    outer loop
      vertex -52.0996 -10.4 46.6175
      vertex -51.8868 -16.4 46.5067
      vertex -51.8868 -10.4 46.5067
    endloop
  endfacet
  facet normal 0.461825 0 0.886971
    outer loop
      vertex -51.8868 -16.4 46.5067
      vertex -52.0996 -10.4 46.6175
      vertex -52.0996 -16.4 46.6175
    endloop
  endfacet
  facet normal 0.461825 0 0.886971
    outer loop
      vertex -52.0996 10.4 46.6175
      vertex -51.8868 4.4 46.5067
      vertex -51.8868 10.4 46.5067
    endloop
  endfacet
  facet normal 0.461825 0 0.886971
    outer loop
      vertex -51.8868 4.4 46.5067
      vertex -52.0996 10.4 46.6175
      vertex -52.0996 4.4 46.6175
    endloop
  endfacet
  facet normal -0.737275 0 0.675593
    outer loop
      vertex -48.7801 -16.4 47.0545
      vertex -48.618 -10.4 47.2314
      vertex -48.7801 -10.4 47.0545
    endloop
  endfacet
  facet normal -0.737275 0 0.675593
    outer loop
      vertex -48.618 -10.4 47.2314
      vertex -48.7801 -16.4 47.0545
      vertex -48.618 -16.4 47.2314
    endloop
  endfacet
  facet normal -0.737275 0 0.675593
    outer loop
      vertex -48.7801 4.4 47.0545
      vertex -48.618 10.4 47.2314
      vertex -48.7801 10.4 47.0545
    endloop
  endfacet
  facet normal -0.737275 0 0.675593
    outer loop
      vertex -48.618 10.4 47.2314
      vertex -48.7801 4.4 47.0545
      vertex -48.618 4.4 47.2314
    endloop
  endfacet
  facet normal -0.793398 0 0.608703
    outer loop
      vertex -48.618 -16.4 47.2314
      vertex -48.472 -10.4 47.4217
      vertex -48.618 -10.4 47.2314
    endloop
  endfacet
  facet normal -0.793398 0 0.608703
    outer loop
      vertex -48.472 -10.4 47.4217
      vertex -48.618 -16.4 47.2314
      vertex -48.472 -16.4 47.4217
    endloop
  endfacet
  facet normal -0.793398 0 0.608703
    outer loop
      vertex -48.618 4.4 47.2314
      vertex -48.472 10.4 47.4217
      vertex -48.618 10.4 47.2314
    endloop
  endfacet
  facet normal -0.793398 0 0.608703
    outer loop
      vertex -48.472 10.4 47.4217
      vertex -48.618 4.4 47.2314
      vertex -48.472 4.4 47.4217
    endloop
  endfacet
  facet normal -0.382573 0 0.923925
    outer loop
      vertex -49.7841 -10.4 46.4149
      vertex -49.5624 -16.4 46.5067
      vertex -49.5624 -10.4 46.5067
    endloop
  endfacet
  facet normal -0.382573 0 0.923925
    outer loop
      vertex -49.5624 -16.4 46.5067
      vertex -49.7841 -10.4 46.4149
      vertex -49.7841 -16.4 46.4149
    endloop
  endfacet
  facet normal -0.382573 0 0.923925
    outer loop
      vertex -49.7841 10.4 46.4149
      vertex -49.5624 4.4 46.5067
      vertex -49.5624 10.4 46.5067
    endloop
  endfacet
  facet normal -0.382573 0 0.923925
    outer loop
      vertex -49.5624 4.4 46.5067
      vertex -49.7841 10.4 46.4149
      vertex -49.7841 4.4 46.4149
    endloop
  endfacet
  facet normal 0.991395 -0 0.130907
    outer loop
      vertex -53.4642 -16.4 48.7593
      vertex -53.4328 -10.4 48.5215
      vertex -53.4642 -10.4 48.7593
    endloop
  endfacet
  facet normal 0.991395 0 0.130907
    outer loop
      vertex -53.4328 -10.4 48.5215
      vertex -53.4642 -16.4 48.7593
      vertex -53.4328 -16.4 48.5215
    endloop
  endfacet
  facet normal 0.991395 -0 0.130907
    outer loop
      vertex -53.4642 4.4 48.7593
      vertex -53.4328 10.4 48.5215
      vertex -53.4642 10.4 48.7593
    endloop
  endfacet
  facet normal 0.991395 0 0.130907
    outer loop
      vertex -53.4328 10.4 48.5215
      vertex -53.4642 4.4 48.7593
      vertex -53.4328 4.4 48.5215
    endloop
  endfacet
  facet normal -0.991449 0 0.130498
    outer loop
      vertex -48.0164 -16.4 48.5215
      vertex -47.9851 -10.4 48.7593
      vertex -48.0164 -10.4 48.5215
    endloop
  endfacet
  facet normal -0.991449 0 0.130498
    outer loop
      vertex -47.9851 -10.4 48.7593
      vertex -48.0164 -16.4 48.5215
      vertex -47.9851 -16.4 48.7593
    endloop
  endfacet
  facet normal -0.991449 0 0.130498
    outer loop
      vertex -48.0164 4.4 48.5215
      vertex -47.9851 10.4 48.7593
      vertex -48.0164 10.4 48.5215
    endloop
  endfacet
  facet normal -0.991449 0 0.130498
    outer loop
      vertex -47.9851 10.4 48.7593
      vertex -48.0164 4.4 48.5215
      vertex -47.9851 4.4 48.7593
    endloop
  endfacet
  facet normal 0.130853 0 -0.991402
    outer loop
      vertex -51.2022 4.4 51.7072
      vertex -50.9643 10.4 51.7386
      vertex -50.9643 4.4 51.7386
    endloop
  endfacet
  facet normal 0.130853 0 -0.991402
    outer loop
      vertex -50.9643 10.4 51.7386
      vertex -51.2022 4.4 51.7072
      vertex -51.2022 10.4 51.7072
    endloop
  endfacet
  facet normal 0.130853 0 -0.991402
    outer loop
      vertex -51.2022 -16.4 51.7072
      vertex -50.9643 -10.4 51.7386
      vertex -50.9643 -16.4 51.7386
    endloop
  endfacet
  facet normal 0.130853 0 -0.991402
    outer loop
      vertex -50.9643 -10.4 51.7386
      vertex -51.2022 -16.4 51.7072
      vertex -51.2022 -10.4 51.7072
    endloop
  endfacet
  facet normal 0.843352 -0 0.537361
    outer loop
      vertex -53.1062 -16.4 47.624
      vertex -52.9773 -10.4 47.4217
      vertex -53.1062 -10.4 47.624
    endloop
  endfacet
  facet normal 0.843352 0 0.537361
    outer loop
      vertex -52.9773 -10.4 47.4217
      vertex -53.1062 -16.4 47.624
      vertex -52.9773 -16.4 47.4217
    endloop
  endfacet
  facet normal 0.843352 -0 0.537361
    outer loop
      vertex -53.1062 4.4 47.624
      vertex -52.9773 10.4 47.4217
      vertex -53.1062 10.4 47.624
    endloop
  endfacet
  facet normal 0.843352 0 0.537361
    outer loop
      vertex -52.9773 10.4 47.4217
      vertex -53.1062 4.4 47.624
      vertex -52.9773 4.4 47.4217
    endloop
  endfacet
  facet normal 0.608965 0 -0.793197
    outer loop
      vertex -52.4923 -16.4 51.1056
      vertex -52.302 -10.4 51.2517
      vertex -52.302 -16.4 51.2517
    endloop
  endfacet
  facet normal 0.608965 0 -0.793197
    outer loop
      vertex -52.302 -10.4 51.2517
      vertex -52.4923 -16.4 51.1056
      vertex -52.4923 -10.4 51.1056
    endloop
  endfacet
  facet normal 0.608965 0 -0.793197
    outer loop
      vertex -52.4923 4.4 51.1056
      vertex -52.302 10.4 51.2517
      vertex -52.302 4.4 51.2517
    endloop
  endfacet
  facet normal 0.608965 0 -0.793197
    outer loop
      vertex -52.302 10.4 51.2517
      vertex -52.4923 4.4 51.1056
      vertex -52.4923 10.4 51.1056
    endloop
  endfacet
  facet normal 0.675366 0 -0.737483
    outer loop
      vertex -52.6692 -16.4 50.9436
      vertex -52.4923 -10.4 51.1056
      vertex -52.4923 -16.4 51.1056
    endloop
  endfacet
  facet normal 0.675366 0 -0.737483
    outer loop
      vertex -52.4923 -10.4 51.1056
      vertex -52.6692 -16.4 50.9436
      vertex -52.6692 -10.4 50.9436
    endloop
  endfacet
  facet normal 0.675366 0 -0.737483
    outer loop
      vertex -52.6692 4.4 50.9436
      vertex -52.4923 10.4 51.1056
      vertex -52.4923 4.4 51.1056
    endloop
  endfacet
  facet normal 0.675366 0 -0.737483
    outer loop
      vertex -52.4923 10.4 51.1056
      vertex -52.6692 4.4 50.9436
      vertex -52.6692 10.4 50.9436
    endloop
  endfacet
  facet normal 0.216357 0 -0.976314
    outer loop
      vertex -51.4364 -16.4 51.6553
      vertex -51.2022 -10.4 51.7072
      vertex -51.2022 -16.4 51.7072
    endloop
  endfacet
  facet normal 0.216357 0 -0.976314
    outer loop
      vertex -51.2022 -10.4 51.7072
      vertex -51.4364 -16.4 51.6553
      vertex -51.4364 -10.4 51.6553
    endloop
  endfacet
  facet normal 0.216357 0 -0.976314
    outer loop
      vertex -51.4364 4.4 51.6553
      vertex -51.2022 10.4 51.7072
      vertex -51.2022 4.4 51.7072
    endloop
  endfacet
  facet normal 0.216357 0 -0.976314
    outer loop
      vertex -51.2022 10.4 51.7072
      vertex -51.4364 4.4 51.6553
      vertex -51.4364 10.4 51.6553
    endloop
  endfacet
  facet normal -0.216357 0 0.976314
    outer loop
      vertex -50.2471 -10.4 46.2908
      vertex -50.0129 -16.4 46.3427
      vertex -50.0129 -10.4 46.3427
    endloop
  endfacet
  facet normal -0.216357 0 0.976314
    outer loop
      vertex -50.0129 -16.4 46.3427
      vertex -50.2471 -10.4 46.2908
      vertex -50.2471 -16.4 46.2908
    endloop
  endfacet
  facet normal -0.216357 0 0.976314
    outer loop
      vertex -50.2471 10.4 46.2908
      vertex -50.0129 4.4 46.3427
      vertex -50.0129 10.4 46.3427
    endloop
  endfacet
  facet normal -0.216357 0 0.976314
    outer loop
      vertex -50.0129 4.4 46.3427
      vertex -50.2471 10.4 46.2908
      vertex -50.2471 4.4 46.2908
    endloop
  endfacet
  facet normal 0.793197 0 -0.608965
    outer loop
      vertex -52.8312 -16.4 50.7667
      vertex -52.9773 -10.4 50.5764
      vertex -52.8312 -10.4 50.7667
    endloop
  endfacet
  facet normal 0.793197 0 -0.608965
    outer loop
      vertex -52.9773 -10.4 50.5764
      vertex -52.8312 -16.4 50.7667
      vertex -52.9773 -16.4 50.5764
    endloop
  endfacet
  facet normal 0.793197 0 -0.608965
    outer loop
      vertex -52.8312 4.4 50.7667
      vertex -52.9773 10.4 50.5764
      vertex -52.8312 10.4 50.7667
    endloop
  endfacet
  facet normal 0.793197 0 -0.608965
    outer loop
      vertex -52.9773 10.4 50.5764
      vertex -52.8312 4.4 50.7667
      vertex -52.9773 4.4 50.5764
    endloop
  endfacet
  facet normal -0.675593 0 0.737275
    outer loop
      vertex -48.957 -10.4 46.8924
      vertex -48.7801 -16.4 47.0545
      vertex -48.7801 -10.4 47.0545
    endloop
  endfacet
  facet normal -0.675593 0 0.737275
    outer loop
      vertex -48.7801 -16.4 47.0545
      vertex -48.957 -10.4 46.8924
      vertex -48.957 -16.4 46.8924
    endloop
  endfacet
  facet normal -0.675593 0 0.737275
    outer loop
      vertex -48.957 10.4 46.8924
      vertex -48.7801 4.4 47.0545
      vertex -48.7801 10.4 47.0545
    endloop
  endfacet
  facet normal -0.675593 0 0.737275
    outer loop
      vertex -48.7801 4.4 47.0545
      vertex -48.957 10.4 46.8924
      vertex -48.957 4.4 46.8924
    endloop
  endfacet
  facet normal -0.886971 0 -0.461825
    outer loop
      vertex -48.2323 -16.4 50.1612
      vertex -48.3431 -10.4 50.374
      vertex -48.2323 -10.4 50.1612
    endloop
  endfacet
  facet normal -0.886971 -0 -0.461825
    outer loop
      vertex -48.3431 -10.4 50.374
      vertex -48.2323 -16.4 50.1612
      vertex -48.3431 -16.4 50.374
    endloop
  endfacet
  facet normal -0.886971 0 -0.461825
    outer loop
      vertex -48.2323 4.4 50.1612
      vertex -48.3431 10.4 50.374
      vertex -48.2323 10.4 50.1612
    endloop
  endfacet
  facet normal -0.886971 -0 -0.461825
    outer loop
      vertex -48.3431 10.4 50.374
      vertex -48.2323 4.4 50.1612
      vertex -48.3431 4.4 50.374
    endloop
  endfacet
  facet normal -0.737275 0 -0.675593
    outer loop
      vertex -48.618 -16.4 50.7667
      vertex -48.7801 -10.4 50.9436
      vertex -48.618 -10.4 50.7667
    endloop
  endfacet
  facet normal -0.737275 -0 -0.675593
    outer loop
      vertex -48.7801 -10.4 50.9436
      vertex -48.618 -16.4 50.7667
      vertex -48.7801 -16.4 50.9436
    endloop
  endfacet
  facet normal -0.737275 0 -0.675593
    outer loop
      vertex -48.618 4.4 50.7667
      vertex -48.7801 10.4 50.9436
      vertex -48.618 10.4 50.7667
    endloop
  endfacet
  facet normal -0.737275 -0 -0.675593
    outer loop
      vertex -48.7801 10.4 50.9436
      vertex -48.618 4.4 50.7667
      vertex -48.7801 4.4 50.9436
    endloop
  endfacet
  facet normal -0.991456 0 -0.130444
    outer loop
      vertex -47.9851 -16.4 49.2387
      vertex -48.0164 -10.4 49.4766
      vertex -47.9851 -10.4 49.2387
    endloop
  endfacet
  facet normal -0.991456 -0 -0.130444
    outer loop
      vertex -48.0164 -10.4 49.4766
      vertex -47.9851 -16.4 49.2387
      vertex -48.0164 -16.4 49.4766
    endloop
  endfacet
  facet normal -0.991456 0 -0.130444
    outer loop
      vertex -47.9851 4.4 49.2387
      vertex -48.0164 10.4 49.4766
      vertex -47.9851 10.4 49.2387
    endloop
  endfacet
  facet normal -0.991456 -0 -0.130444
    outer loop
      vertex -48.0164 10.4 49.4766
      vertex -47.9851 4.4 49.2387
      vertex -48.0164 4.4 49.4766
    endloop
  endfacet
  facet normal -0.300932 0 0.953646
    outer loop
      vertex -50.0129 -10.4 46.3427
      vertex -49.7841 -16.4 46.4149
      vertex -49.7841 -10.4 46.4149
    endloop
  endfacet
  facet normal -0.300932 0 0.953646
    outer loop
      vertex -49.7841 -16.4 46.4149
      vertex -50.0129 -10.4 46.3427
      vertex -50.0129 -16.4 46.3427
    endloop
  endfacet
  facet normal -0.300932 0 0.953646
    outer loop
      vertex -50.0129 10.4 46.3427
      vertex -49.7841 4.4 46.4149
      vertex -49.7841 10.4 46.4149
    endloop
  endfacet
  facet normal -0.300932 0 0.953646
    outer loop
      vertex -49.7841 4.4 46.4149
      vertex -50.0129 10.4 46.3427
      vertex -50.0129 4.4 46.3427
    endloop
  endfacet
  facet normal 0.537172 0 0.843473
    outer loop
      vertex -52.302 -10.4 46.7464
      vertex -52.0996 -16.4 46.6175
      vertex -52.0996 -10.4 46.6175
    endloop
  endfacet
  facet normal 0.537172 0 0.843473
    outer loop
      vertex -52.0996 -16.4 46.6175
      vertex -52.302 -10.4 46.7464
      vertex -52.302 -16.4 46.7464
    endloop
  endfacet
  facet normal 0.537172 0 0.843473
    outer loop
      vertex -52.302 10.4 46.7464
      vertex -52.0996 4.4 46.6175
      vertex -52.0996 10.4 46.6175
    endloop
  endfacet
  facet normal 0.537172 0 0.843473
    outer loop
      vertex -52.0996 4.4 46.6175
      vertex -52.302 10.4 46.7464
      vertex -52.302 4.4 46.7464
    endloop
  endfacet
  facet normal 0.675593 0 0.737275
    outer loop
      vertex -52.6692 -10.4 47.0545
      vertex -52.4923 -16.4 46.8924
      vertex -52.4923 -10.4 46.8924
    endloop
  endfacet
  facet normal 0.675593 0 0.737275
    outer loop
      vertex -52.4923 -16.4 46.8924
      vertex -52.6692 -10.4 47.0545
      vertex -52.6692 -16.4 47.0545
    endloop
  endfacet
  facet normal 0.675593 0 0.737275
    outer loop
      vertex -52.6692 10.4 47.0545
      vertex -52.4923 4.4 46.8924
      vertex -52.4923 10.4 46.8924
    endloop
  endfacet
  facet normal 0.675593 0 0.737275
    outer loop
      vertex -52.4923 4.4 46.8924
      vertex -52.6692 10.4 47.0545
      vertex -52.6692 4.4 47.0545
    endloop
  endfacet
  facet normal -0.130498 0 0.991449
    outer loop
      vertex -50.4849 -10.4 46.2595
      vertex -50.2471 -16.4 46.2908
      vertex -50.2471 -10.4 46.2908
    endloop
  endfacet
  facet normal -0.130498 0 0.991449
    outer loop
      vertex -50.2471 -16.4 46.2908
      vertex -50.4849 -10.4 46.2595
      vertex -50.4849 -16.4 46.2595
    endloop
  endfacet
  facet normal -0.130498 0 0.991449
    outer loop
      vertex -50.4849 10.4 46.2595
      vertex -50.2471 4.4 46.2908
      vertex -50.2471 10.4 46.2908
    endloop
  endfacet
  facet normal -0.130498 0 0.991449
    outer loop
      vertex -50.2471 4.4 46.2908
      vertex -50.4849 10.4 46.2595
      vertex -50.4849 4.4 46.2595
    endloop
  endfacet
  facet normal -0.976314 0 0.216357
    outer loop
      vertex -48.0683 -16.4 48.2873
      vertex -48.0164 -10.4 48.5215
      vertex -48.0683 -10.4 48.2873
    endloop
  endfacet
  facet normal -0.976314 0 0.216357
    outer loop
      vertex -48.0164 -10.4 48.5215
      vertex -48.0683 -16.4 48.2873
      vertex -48.0164 -16.4 48.5215
    endloop
  endfacet
  facet normal -0.976314 0 0.216357
    outer loop
      vertex -48.0683 4.4 48.2873
      vertex -48.0164 10.4 48.5215
      vertex -48.0683 10.4 48.2873
    endloop
  endfacet
  facet normal -0.976314 0 0.216357
    outer loop
      vertex -48.0164 10.4 48.5215
      vertex -48.0683 4.4 48.2873
      vertex -48.0164 4.4 48.5215
    endloop
  endfacet
  facet normal -0.708534 -0.0309629 0.704997
    outer loop
      vertex 11.5 0 59
      vertex 13.4898 0.00498616 61
      vertex 11.4562 1.00229 59
    endloop
  endfacet
  facet normal -0.708215 -0.0426109 0.70471
    outer loop
      vertex 13.4898 0.00498616 61
      vertex 11.5 0 59
      vertex 13.4901 0 61
    endloop
  endfacet
  facet normal -0.327452 0.629081 0.705005
    outer loop
      vertex 4.86011 -10.4225 59
      vertex 5.70557 -12.2238 61
      vertex 5.75 -9.95929 59
    endloop
  endfacet
  facet normal -0.326783 0.629412 0.705021
    outer loop
      vertex 5.70557 -12.2238 61
      vertex 4.86011 -10.4225 59
      vertex 5.70114 -12.2261 61
    endloop
  endfacet
  facet normal -0.676368 -0.213266 0.705013
    outer loop
      vertex 13.0304 3.49148 61
      vertex 12.678 4.60911 61
      vertex 11.1081 2.97642 59
    endloop
  endfacet
  facet normal 0.381056 0.598143 0.704997
    outer loop
      vertex -6.74923 -11.68 61
      vertex -5.75 -9.95929 59
      vertex -6.59613 -9.42025 59
    endloop
  endfacet
  facet normal 0.383545 0.596625 0.704934
    outer loop
      vertex -5.75 -9.95929 59
      vertex -6.74923 -11.68 61
      vertex -6.74503 -11.6827 61
    endloop
  endfacet
  facet normal -0.0925346 0.703136 0.705009
    outer loop
      vertex 1.17574 -13.4387 61
      vertex 2.33757 -13.2858 61
      vertex 1.00229 -11.4562 59
    endloop
  endfacet
  facet normal -0.213158 -0.676421 0.704995
    outer loop
      vertex 4.60911 12.678 61
      vertex 3.93323 10.8065 59
      vertex 4.61387 12.6765 61
    endloop
  endfacet
  facet normal -0.213212 -0.676403 0.704997
    outer loop
      vertex 3.93323 10.8065 59
      vertex 4.60911 12.678 61
      vertex 2.97642 11.1081 59
    endloop
  endfacet
  facet normal 0.213266 -0.676368 0.705013
    outer loop
      vertex -2.97642 11.1081 59
      vertex -3.49148 13.0304 61
      vertex -4.60911 12.678 61
    endloop
  endfacet
  facet normal 0.676403 0.213212 0.704997
    outer loop
      vertex -12.678 -4.60911 61
      vertex -10.8065 -3.93323 59
      vertex -11.1081 -2.97642 59
    endloop
  endfacet
  facet normal 0.676421 0.213158 0.704995
    outer loop
      vertex -10.8065 -3.93323 59
      vertex -12.678 -4.60911 61
      vertex -12.6765 -4.61387 61
    endloop
  endfacet
  facet normal 0.703136 0.0925346 0.705009
    outer loop
      vertex -13.2858 -2.33757 61
      vertex -11.4562 -1.00229 59
      vertex -13.4387 -1.17574 61
    endloop
  endfacet
  facet normal -0.0426109 -0.708215 0.70471
    outer loop
      vertex 0 11.5 59
      vertex 0.00498616 13.4898 61
      vertex 0 13.4901 61
    endloop
  endfacet
  facet normal -0.0309629 -0.708534 0.704997
    outer loop
      vertex 0.00498616 13.4898 61
      vertex 0 11.5 59
      vertex 1.00229 11.4562 59
    endloop
  endfacet
  facet normal -0.478972 0.523031 0.704999
    outer loop
      vertex 8.13173 -8.13173 59
      vertex 9.53523 -9.54228 61
      vertex 9.53891 -9.53891 61
    endloop
  endfacet
  facet normal -0.47913 0.522881 0.705004
    outer loop
      vertex 9.53523 -9.54228 61
      vertex 8.13173 -8.13173 59
      vertex 7.39206 -8.80951 59
    endloop
  endfacet
  facet normal -0.270254 0.655722 0.704976
    outer loop
      vertex 4.86011 -10.4225 59
      vertex 5.69653 -12.228 61
      vertex 5.70114 -12.2261 61
    endloop
  endfacet
  facet normal -0.271445 0.655201 0.705003
    outer loop
      vertex 5.69653 -12.228 61
      vertex 4.86011 -10.4225 59
      vertex 3.93323 -10.8065 59
    endloop
  endfacet
  facet normal -0.655722 -0.270254 0.704976
    outer loop
      vertex 10.4225 4.86011 59
      vertex 12.228 5.69653 61
      vertex 12.2261 5.70114 61
    endloop
  endfacet
  facet normal -0.655201 -0.271445 0.705003
    outer loop
      vertex 12.228 5.69653 61
      vertex 10.4225 4.86011 59
      vertex 10.8065 3.93323 59
    endloop
  endfacet
  facet normal -0.381038 -0.598149 0.705002
    outer loop
      vertex 7.73757 11.0504 61
      vertex 6.74923 11.68 61
      vertex 6.59613 9.42025 59
    endloop
  endfacet
  facet normal 0.326783 -0.629412 0.705021
    outer loop
      vertex -5.70557 12.2238 61
      vertex -4.86011 10.4225 59
      vertex -5.70114 12.2261 61
    endloop
  endfacet
  facet normal 0.327452 -0.629081 0.705005
    outer loop
      vertex -4.86011 10.4225 59
      vertex -5.70557 12.2238 61
      vertex -5.75 9.95929 59
    endloop
  endfacet
  facet normal -0.156238 -0.69171 0.705073
    outer loop
      vertex 3.48661 13.0315 61
      vertex 2.97642 11.1081 59
      vertex 3.49148 13.0304 61
    endloop
  endfacet
  facet normal -0.153535 -0.69237 0.705018
    outer loop
      vertex 2.97642 11.1081 59
      vertex 3.48661 13.0315 61
      vertex 1.99695 11.3253 59
    endloop
  endfacet
  facet normal -0.56265 0.431738 0.705002
    outer loop
      vertex 8.80951 -7.39206 59
      vertex 10.337 -8.66728 61
      vertex 9.42025 -6.59613 59
    endloop
  endfacet
  facet normal -0.565379 0.428317 0.704905
    outer loop
      vertex 10.337 -8.66728 61
      vertex 8.80951 -7.39206 59
      vertex 10.334 -8.67124 61
    endloop
  endfacet
  facet normal -0.676421 -0.213158 0.704995
    outer loop
      vertex 10.8065 3.93323 59
      vertex 12.678 4.60911 61
      vertex 12.6765 4.61387 61
    endloop
  endfacet
  facet normal -0.676403 -0.213212 0.704997
    outer loop
      vertex 12.678 4.60911 61
      vertex 10.8065 3.93323 59
      vertex 11.1081 2.97642 59
    endloop
  endfacet
  facet normal 0.0426109 0.708215 0.70471
    outer loop
      vertex 0 -11.5 59
      vertex -0.00498616 -13.4898 61
      vertex 0 -13.4901 61
    endloop
  endfacet
  facet normal 0.0309629 0.708534 0.704997
    outer loop
      vertex -0.00498616 -13.4898 61
      vertex 0 -11.5 59
      vertex -1.00229 -11.4562 59
    endloop
  endfacet
  facet normal -0.326783 -0.629412 0.705021
    outer loop
      vertex 4.86011 10.4225 59
      vertex 5.70557 12.2238 61
      vertex 5.70114 12.2261 61
    endloop
  endfacet
  facet normal -0.327452 -0.629081 0.705005
    outer loop
      vertex 5.70557 12.2238 61
      vertex 4.86011 10.4225 59
      vertex 5.75 9.95929 59
    endloop
  endfacet
  facet normal -0.69237 0.153535 0.705018
    outer loop
      vertex 11.1081 -2.97642 59
      vertex 13.0315 -3.48661 61
      vertex 11.3253 -1.99695 59
    endloop
  endfacet
  facet normal -0.69171 0.156238 0.705073
    outer loop
      vertex 13.0315 -3.48661 61
      vertex 11.1081 -2.97642 59
      vertex 13.0304 -3.49148 61
    endloop
  endfacet
  facet normal 0.47913 -0.522881 0.705004
    outer loop
      vertex -9.53523 9.54228 61
      vertex -8.13173 8.13173 59
      vertex -7.39206 8.80951 59
    endloop
  endfacet
  facet normal 0.478972 -0.523031 0.704999
    outer loop
      vertex -8.13173 8.13173 59
      vertex -9.53523 9.54228 61
      vertex -9.53891 9.53891 61
    endloop
  endfacet
  facet normal -0.0309251 0.708525 0.705008
    outer loop
      vertex 1.17574 -13.4387 61
      vertex 1.00229 -11.4562 59
      vertex 0.00498616 -13.4898 61
    endloop
  endfacet
  facet normal -0.428317 -0.565379 0.704905
    outer loop
      vertex 8.66728 10.337 61
      vertex 7.39206 8.80951 59
      vertex 8.67124 10.334 61
    endloop
  endfacet
  facet normal -0.431738 -0.56265 0.705002
    outer loop
      vertex 7.39206 8.80951 59
      vertex 8.66728 10.337 61
      vertex 6.59613 9.42025 59
    endloop
  endfacet
  facet normal -0.0925346 -0.703136 0.705009
    outer loop
      vertex 2.33757 13.2858 61
      vertex 1.17574 13.4387 61
      vertex 1.00229 11.4562 59
    endloop
  endfacet
  facet normal 0.69171 -0.156238 0.705073
    outer loop
      vertex -13.0315 3.48661 61
      vertex -11.1081 2.97642 59
      vertex -13.0304 3.49148 61
    endloop
  endfacet
  facet normal 0.69237 -0.153535 0.705018
    outer loop
      vertex -11.1081 2.97642 59
      vertex -13.0315 3.48661 61
      vertex -11.3253 1.99695 59
    endloop
  endfacet
  facet normal -0.428317 0.565379 0.704905
    outer loop
      vertex 7.39206 -8.80951 59
      vertex 8.66728 -10.337 61
      vertex 8.67124 -10.334 61
    endloop
  endfacet
  facet normal -0.431738 0.56265 0.705002
    outer loop
      vertex 8.66728 -10.337 61
      vertex 7.39206 -8.80951 59
      vertex 6.59613 -9.42025 59
    endloop
  endfacet
  facet normal -0.629076 -0.327471 0.705
    outer loop
      vertex 12.2238 5.70557 61
      vertex 11.6827 6.74503 61
      vertex 9.95929 5.75 59
    endloop
  endfacet
  facet normal -0.655214 -0.271427 0.704997
    outer loop
      vertex 12.6765 4.61387 61
      vertex 12.228 5.69653 61
      vertex 10.8065 3.93323 59
    endloop
  endfacet
  facet normal 0.708215 -0.0426109 0.70471
    outer loop
      vertex -11.5 0 59
      vertex -13.4898 0.00498616 61
      vertex -13.4901 0 61
    endloop
  endfacet
  facet normal 0.708534 -0.0309629 0.704997
    outer loop
      vertex -13.4898 0.00498616 61
      vertex -11.5 0 59
      vertex -11.4562 1.00229 59
    endloop
  endfacet
  facet normal 0.655214 -0.271427 0.704997
    outer loop
      vertex -10.8065 3.93323 59
      vertex -12.228 5.69653 61
      vertex -12.6765 4.61387 61
    endloop
  endfacet
  facet normal 0.708525 -0.0309251 0.705008
    outer loop
      vertex -11.4562 1.00229 59
      vertex -13.4387 1.17574 61
      vertex -13.4898 0.00498616 61
    endloop
  endfacet
  facet normal -0.153478 0.6924 0.705001
    outer loop
      vertex 2.34252 -13.2851 61
      vertex 3.48661 -13.0315 61
      vertex 1.99695 -11.3253 59
    endloop
  endfacet
  facet normal -0.271427 -0.655214 0.704997
    outer loop
      vertex 5.69653 12.228 61
      vertex 4.61387 12.6765 61
      vertex 3.93323 10.8065 59
    endloop
  endfacet
  facet normal -0.629412 0.326783 0.705021
    outer loop
      vertex 10.4225 -4.86011 59
      vertex 12.2238 -5.70557 61
      vertex 12.2261 -5.70114 61
    endloop
  endfacet
  facet normal -0.629081 0.327452 0.705005
    outer loop
      vertex 12.2238 -5.70557 61
      vertex 10.4225 -4.86011 59
      vertex 9.95929 -5.75 59
    endloop
  endfacet
  facet normal 0.565379 -0.428317 0.704905
    outer loop
      vertex -10.337 8.66728 61
      vertex -8.80951 7.39206 59
      vertex -10.334 8.67124 61
    endloop
  endfacet
  facet normal 0.56265 -0.431738 0.705002
    outer loop
      vertex -8.80951 7.39206 59
      vertex -10.337 8.66728 61
      vertex -9.42025 6.59613 59
    endloop
  endfacet
  facet normal 0.0925346 0.703136 0.705009
    outer loop
      vertex -1.99695 -11.3253 59
      vertex -2.33757 -13.2858 61
      vertex -1.00229 -11.4562 59
    endloop
  endfacet
  facet normal 0.0992854 0.70209 0.705133
    outer loop
      vertex -2.33757 -13.2858 61
      vertex -1.99695 -11.3253 59
      vertex -2.34252 -13.2851 61
    endloop
  endfacet
  facet normal -0.213266 0.676368 0.705013
    outer loop
      vertex 3.49148 -13.0304 61
      vertex 4.60911 -12.678 61
      vertex 2.97642 -11.1081 59
    endloop
  endfacet
  facet normal 0.6924 -0.153478 0.705001
    outer loop
      vertex -11.3253 1.99695 59
      vertex -13.0315 3.48661 61
      vertex -13.2851 2.34252 61
    endloop
  endfacet
  facet normal 0.629081 -0.327452 0.705005
    outer loop
      vertex -12.2238 5.70557 61
      vertex -10.4225 4.86011 59
      vertex -9.95929 5.75 59
    endloop
  endfacet
  facet normal 0.629412 -0.326783 0.705021
    outer loop
      vertex -10.4225 4.86011 59
      vertex -12.2238 5.70557 61
      vertex -12.2261 5.70114 61
    endloop
  endfacet
  facet normal 0.523031 -0.478972 0.704999
    outer loop
      vertex -9.54228 9.53523 61
      vertex -8.13173 8.13173 59
      vertex -9.53891 9.53891 61
    endloop
  endfacet
  facet normal 0.522881 -0.47913 0.705004
    outer loop
      vertex -8.13173 8.13173 59
      vertex -9.54228 9.53523 61
      vertex -8.80951 7.39206 59
    endloop
  endfacet
  facet normal 0.0309629 -0.708534 0.704997
    outer loop
      vertex 0 11.5 59
      vertex -0.00498616 13.4898 61
      vertex -1.00229 11.4562 59
    endloop
  endfacet
  facet normal 0.0426109 -0.708215 0.70471
    outer loop
      vertex -0.00498616 13.4898 61
      vertex 0 11.5 59
      vertex 0 13.4901 61
    endloop
  endfacet
  facet normal 0.47913 0.522881 0.705004
    outer loop
      vertex -8.13173 -8.13173 59
      vertex -9.53523 -9.54228 61
      vertex -7.39206 -8.80951 59
    endloop
  endfacet
  facet normal 0.478972 0.523031 0.704999
    outer loop
      vertex -9.53523 -9.54228 61
      vertex -8.13173 -8.13173 59
      vertex -9.53891 -9.53891 61
    endloop
  endfacet
  facet normal -0.703136 -0.0925346 0.705009
    outer loop
      vertex 13.4387 1.17574 61
      vertex 13.2858 2.33757 61
      vertex 11.4562 1.00229 59
    endloop
  endfacet
  facet normal 0.629076 -0.327471 0.705
    outer loop
      vertex -9.95929 5.75 59
      vertex -11.6827 6.74503 61
      vertex -12.2238 5.70557 61
    endloop
  endfacet
  facet normal 0.153535 0.69237 0.705018
    outer loop
      vertex -2.97642 -11.1081 59
      vertex -3.48661 -13.0315 61
      vertex -1.99695 -11.3253 59
    endloop
  endfacet
  facet normal 0.156238 0.69171 0.705073
    outer loop
      vertex -3.48661 -13.0315 61
      vertex -2.97642 -11.1081 59
      vertex -3.49148 -13.0304 61
    endloop
  endfacet
  facet normal 0.598149 0.381038 0.705002
    outer loop
      vertex -11.0504 -7.73757 61
      vertex -9.42025 -6.59613 59
      vertex -11.68 -6.74923 61
    endloop
  endfacet
  facet normal 0.629076 0.327471 0.705
    outer loop
      vertex -11.6827 -6.74503 61
      vertex -9.95929 -5.75 59
      vertex -12.2238 -5.70557 61
    endloop
  endfacet
  facet normal -0.523031 -0.478972 0.704999
    outer loop
      vertex 8.13173 8.13173 59
      vertex 9.54228 9.53523 61
      vertex 9.53891 9.53891 61
    endloop
  endfacet
  facet normal -0.522881 -0.47913 0.705004
    outer loop
      vertex 9.54228 9.53523 61
      vertex 8.13173 8.13173 59
      vertex 8.80951 7.39206 59
    endloop
  endfacet
  facet normal 0.383545 -0.596625 0.704934
    outer loop
      vertex -6.74923 11.68 61
      vertex -5.75 9.95929 59
      vertex -6.74503 11.6827 61
    endloop
  endfacet
  facet normal 0.381056 -0.598143 0.704997
    outer loop
      vertex -5.75 9.95929 59
      vertex -6.74923 11.68 61
      vertex -6.59613 9.42025 59
    endloop
  endfacet
  facet normal 0.479135 -0.522872 0.705007
    outer loop
      vertex -7.39206 8.80951 59
      vertex -8.67124 10.334 61
      vertex -9.53523 9.54228 61
    endloop
  endfacet
  facet normal 0.327471 0.629076 0.705
    outer loop
      vertex -5.70557 -12.2238 61
      vertex -5.75 -9.95929 59
      vertex -6.74503 -11.6827 61
    endloop
  endfacet
  facet normal -0.562648 0.43174 0.705002
    outer loop
      vertex 10.337 -8.66728 61
      vertex 11.0504 -7.73757 61
      vertex 9.42025 -6.59613 59
    endloop
  endfacet
  facet normal -0.153478 -0.6924 0.705001
    outer loop
      vertex 3.48661 13.0315 61
      vertex 2.34252 13.2851 61
      vertex 1.99695 11.3253 59
    endloop
  endfacet
  facet normal -0.381056 0.598143 0.704997
    outer loop
      vertex 5.75 -9.95929 59
      vertex 6.74923 -11.68 61
      vertex 6.59613 -9.42025 59
    endloop
  endfacet
  facet normal -0.383545 0.596625 0.704934
    outer loop
      vertex 6.74923 -11.68 61
      vertex 5.75 -9.95929 59
      vertex 6.74503 -11.6827 61
    endloop
  endfacet
  facet normal 0.676368 0.213266 0.705013
    outer loop
      vertex -12.678 -4.60911 61
      vertex -11.1081 -2.97642 59
      vertex -13.0304 -3.49148 61
    endloop
  endfacet
  facet normal -0.213158 0.676421 0.704995
    outer loop
      vertex 3.93323 -10.8065 59
      vertex 4.60911 -12.678 61
      vertex 4.61387 -12.6765 61
    endloop
  endfacet
  facet normal -0.213212 0.676403 0.704997
    outer loop
      vertex 4.60911 -12.678 61
      vertex 3.93323 -10.8065 59
      vertex 2.97642 -11.1081 59
    endloop
  endfacet
  facet normal -0.271427 0.655214 0.704997
    outer loop
      vertex 4.61387 -12.6765 61
      vertex 5.69653 -12.228 61
      vertex 3.93323 -10.8065 59
    endloop
  endfacet
  facet normal -0.598149 0.381038 0.705002
    outer loop
      vertex 11.0504 -7.73757 61
      vertex 11.68 -6.74923 61
      vertex 9.42025 -6.59613 59
    endloop
  endfacet
  facet normal 0.479135 0.522872 0.705007
    outer loop
      vertex -8.67124 -10.334 61
      vertex -7.39206 -8.80951 59
      vertex -9.53523 -9.54228 61
    endloop
  endfacet
  facet normal 0.271427 0.655214 0.704997
    outer loop
      vertex -4.61387 -12.6765 61
      vertex -3.93323 -10.8065 59
      vertex -5.69653 -12.228 61
    endloop
  endfacet
  facet normal 0.271427 -0.655214 0.704997
    outer loop
      vertex -3.93323 10.8065 59
      vertex -4.61387 12.6765 61
      vertex -5.69653 12.228 61
    endloop
  endfacet
  facet normal 0.271445 0.655201 0.705003
    outer loop
      vertex -4.86011 -10.4225 59
      vertex -5.69653 -12.228 61
      vertex -3.93323 -10.8065 59
    endloop
  endfacet
  facet normal 0.270254 0.655722 0.704976
    outer loop
      vertex -5.69653 -12.228 61
      vertex -4.86011 -10.4225 59
      vertex -5.70114 -12.2261 61
    endloop
  endfacet
  facet normal -0.0992854 0.70209 0.705133
    outer loop
      vertex 1.99695 -11.3253 59
      vertex 2.33757 -13.2858 61
      vertex 2.34252 -13.2851 61
    endloop
  endfacet
  facet normal -0.0925346 0.703136 0.705009
    outer loop
      vertex 2.33757 -13.2858 61
      vertex 1.99695 -11.3253 59
      vertex 1.00229 -11.4562 59
    endloop
  endfacet
  facet normal -0.708215 0.0426109 0.70471
    outer loop
      vertex 11.5 0 59
      vertex 13.4898 -0.00498616 61
      vertex 13.4901 0 61
    endloop
  endfacet
  facet normal -0.708534 0.0309629 0.704997
    outer loop
      vertex 13.4898 -0.00498616 61
      vertex 11.5 0 59
      vertex 11.4562 -1.00229 59
    endloop
  endfacet
  facet normal 0.676368 -0.213266 0.705013
    outer loop
      vertex -11.1081 2.97642 59
      vertex -12.678 4.60911 61
      vertex -13.0304 3.49148 61
    endloop
  endfacet
  facet normal -0.676403 0.213212 0.704997
    outer loop
      vertex 10.8065 -3.93323 59
      vertex 12.678 -4.60911 61
      vertex 11.1081 -2.97642 59
    endloop
  endfacet
  facet normal -0.676421 0.213158 0.704995
    outer loop
      vertex 12.678 -4.60911 61
      vertex 10.8065 -3.93323 59
      vertex 12.6765 -4.61387 61
    endloop
  endfacet
  facet normal -0.708525 0.0309251 0.705008
    outer loop
      vertex 13.4387 -1.17574 61
      vertex 13.4898 -0.00498616 61
      vertex 11.4562 -1.00229 59
    endloop
  endfacet
  facet normal -0.676368 0.213266 0.705013
    outer loop
      vertex 12.678 -4.60911 61
      vertex 13.0304 -3.49148 61
      vertex 11.1081 -2.97642 59
    endloop
  endfacet
  facet normal -0.708525 -0.0309251 0.705008
    outer loop
      vertex 13.4898 0.00498616 61
      vertex 13.4387 1.17574 61
      vertex 11.4562 1.00229 59
    endloop
  endfacet
  facet normal -0.6924 0.153478 0.705001
    outer loop
      vertex 13.0315 -3.48661 61
      vertex 13.2851 -2.34252 61
      vertex 11.3253 -1.99695 59
    endloop
  endfacet
  facet normal -0.703136 0.0925346 0.705009
    outer loop
      vertex 13.2858 -2.33757 61
      vertex 13.4387 -1.17574 61
      vertex 11.4562 -1.00229 59
    endloop
  endfacet
  facet normal -0.522872 -0.479135 0.705007
    outer loop
      vertex 10.334 8.67124 61
      vertex 9.54228 9.53523 61
      vertex 8.80951 7.39206 59
    endloop
  endfacet
  facet normal -0.655214 0.271427 0.704997
    outer loop
      vertex 12.228 -5.69653 61
      vertex 12.6765 -4.61387 61
      vertex 10.8065 -3.93323 59
    endloop
  endfacet
  facet normal 0.708215 0.0426109 0.70471
    outer loop
      vertex -13.4898 -0.00498616 61
      vertex -11.5 0 59
      vertex -13.4901 0 61
    endloop
  endfacet
  facet normal 0.708534 0.0309629 0.704997
    outer loop
      vertex -11.5 0 59
      vertex -13.4898 -0.00498616 61
      vertex -11.4562 -1.00229 59
    endloop
  endfacet
  facet normal -0.213266 -0.676368 0.705013
    outer loop
      vertex 4.60911 12.678 61
      vertex 3.49148 13.0304 61
      vertex 2.97642 11.1081 59
    endloop
  endfacet
  facet normal 0.153478 0.6924 0.705001
    outer loop
      vertex -2.34252 -13.2851 61
      vertex -1.99695 -11.3253 59
      vertex -3.48661 -13.0315 61
    endloop
  endfacet
  facet normal 0.327471 -0.629076 0.705
    outer loop
      vertex -5.75 9.95929 59
      vertex -5.70557 12.2238 61
      vertex -6.74503 11.6827 61
    endloop
  endfacet
  facet normal -0.383545 -0.596625 0.704934
    outer loop
      vertex 5.75 9.95929 59
      vertex 6.74923 11.68 61
      vertex 6.74503 11.6827 61
    endloop
  endfacet
  facet normal -0.381056 -0.598143 0.704997
    outer loop
      vertex 6.74923 11.68 61
      vertex 5.75 9.95929 59
      vertex 6.59613 9.42025 59
    endloop
  endfacet
  facet normal -0.156238 0.69171 0.705073
    outer loop
      vertex 2.97642 -11.1081 59
      vertex 3.48661 -13.0315 61
      vertex 3.49148 -13.0304 61
    endloop
  endfacet
  facet normal -0.153535 0.69237 0.705018
    outer loop
      vertex 3.48661 -13.0315 61
      vertex 2.97642 -11.1081 59
      vertex 1.99695 -11.3253 59
    endloop
  endfacet
  facet normal 0.431738 -0.56265 0.705002
    outer loop
      vertex -8.66728 10.337 61
      vertex -7.39206 8.80951 59
      vertex -6.59613 9.42025 59
    endloop
  endfacet
  facet normal 0.428317 -0.565379 0.704905
    outer loop
      vertex -7.39206 8.80951 59
      vertex -8.66728 10.337 61
      vertex -8.67124 10.334 61
    endloop
  endfacet
  facet normal 0.655214 0.271427 0.704997
    outer loop
      vertex -12.228 -5.69653 61
      vertex -10.8065 -3.93323 59
      vertex -12.6765 -4.61387 61
    endloop
  endfacet
  facet normal 0.213212 -0.676403 0.704997
    outer loop
      vertex -4.60911 12.678 61
      vertex -3.93323 10.8065 59
      vertex -2.97642 11.1081 59
    endloop
  endfacet
  facet normal 0.213158 -0.676421 0.704995
    outer loop
      vertex -3.93323 10.8065 59
      vertex -4.60911 12.678 61
      vertex -4.61387 12.6765 61
    endloop
  endfacet
  facet normal 0.69237 0.153535 0.705018
    outer loop
      vertex -13.0315 -3.48661 61
      vertex -11.1081 -2.97642 59
      vertex -11.3253 -1.99695 59
    endloop
  endfacet
  facet normal 0.69171 0.156238 0.705073
    outer loop
      vertex -11.1081 -2.97642 59
      vertex -13.0315 -3.48661 61
      vertex -13.0304 -3.49148 61
    endloop
  endfacet
  facet normal 0.271445 -0.655201 0.705003
    outer loop
      vertex -5.69653 12.228 61
      vertex -4.86011 10.4225 59
      vertex -3.93323 10.8065 59
    endloop
  endfacet
  facet normal 0.270254 -0.655722 0.704976
    outer loop
      vertex -4.86011 10.4225 59
      vertex -5.69653 12.228 61
      vertex -5.70114 12.2261 61
    endloop
  endfacet
  facet normal 0.522872 0.479135 0.705007
    outer loop
      vertex -9.54228 -9.53523 61
      vertex -8.80951 -7.39206 59
      vertex -10.334 -8.67124 61
    endloop
  endfacet
  facet normal -0.0309629 0.708534 0.704997
    outer loop
      vertex 0 -11.5 59
      vertex 0.00498616 -13.4898 61
      vertex 1.00229 -11.4562 59
    endloop
  endfacet
  facet normal -0.0426109 0.708215 0.70471
    outer loop
      vertex 0.00498616 -13.4898 61
      vertex 0 -11.5 59
      vertex 0 -13.4901 61
    endloop
  endfacet
  facet normal 0.6924 0.153478 0.705001
    outer loop
      vertex -13.0315 -3.48661 61
      vertex -11.3253 -1.99695 59
      vertex -13.2851 -2.34252 61
    endloop
  endfacet
  facet normal -0.327471 -0.629076 0.705
    outer loop
      vertex 5.75 9.95929 59
      vertex 6.74503 11.6827 61
      vertex 5.70557 12.2238 61
    endloop
  endfacet
  facet normal -0.479135 -0.522872 0.705007
    outer loop
      vertex 9.53523 9.54228 61
      vertex 8.67124 10.334 61
      vertex 7.39206 8.80951 59
    endloop
  endfacet
  facet normal 0.522872 -0.479135 0.705007
    outer loop
      vertex -8.80951 7.39206 59
      vertex -9.54228 9.53523 61
      vertex -10.334 8.67124 61
    endloop
  endfacet
  facet normal -0.69171 -0.156238 0.705073
    outer loop
      vertex 11.1081 2.97642 59
      vertex 13.0315 3.48661 61
      vertex 13.0304 3.49148 61
    endloop
  endfacet
  facet normal -0.69237 -0.153535 0.705018
    outer loop
      vertex 13.0315 3.48661 61
      vertex 11.1081 2.97642 59
      vertex 11.3253 1.99695 59
    endloop
  endfacet
  facet normal -0.629412 -0.326783 0.705021
    outer loop
      vertex 12.2238 5.70557 61
      vertex 10.4225 4.86011 59
      vertex 12.2261 5.70114 61
    endloop
  endfacet
  facet normal -0.629081 -0.327452 0.705005
    outer loop
      vertex 10.4225 4.86011 59
      vertex 12.2238 5.70557 61
      vertex 9.95929 5.75 59
    endloop
  endfacet
  facet normal -0.43174 -0.562648 0.705002
    outer loop
      vertex 8.66728 10.337 61
      vertex 7.73757 11.0504 61
      vertex 6.59613 9.42025 59
    endloop
  endfacet
  facet normal -0.327471 0.629076 0.705
    outer loop
      vertex 6.74503 -11.6827 61
      vertex 5.75 -9.95929 59
      vertex 5.70557 -12.2238 61
    endloop
  endfacet
  facet normal -0.479135 0.522872 0.705007
    outer loop
      vertex 8.67124 -10.334 61
      vertex 9.53523 -9.54228 61
      vertex 7.39206 -8.80951 59
    endloop
  endfacet
  facet normal -0.629076 0.327471 0.705
    outer loop
      vertex 11.6827 -6.74503 61
      vertex 12.2238 -5.70557 61
      vertex 9.95929 -5.75 59
    endloop
  endfacet
  facet normal -0.522872 0.479135 0.705007
    outer loop
      vertex 9.54228 -9.53523 61
      vertex 10.334 -8.67124 61
      vertex 8.80951 -7.39206 59
    endloop
  endfacet
  facet normal -0.522881 0.47913 0.705004
    outer loop
      vertex 8.13173 -8.13173 59
      vertex 9.54228 -9.53523 61
      vertex 8.80951 -7.39206 59
    endloop
  endfacet
  facet normal -0.523031 0.478972 0.704999
    outer loop
      vertex 9.54228 -9.53523 61
      vertex 8.13173 -8.13173 59
      vertex 9.53891 -9.53891 61
    endloop
  endfacet
  facet normal -0.655201 0.271445 0.705003
    outer loop
      vertex 10.4225 -4.86011 59
      vertex 12.228 -5.69653 61
      vertex 10.8065 -3.93323 59
    endloop
  endfacet
  facet normal -0.655722 0.270254 0.704976
    outer loop
      vertex 12.228 -5.69653 61
      vertex 10.4225 -4.86011 59
      vertex 12.2261 -5.70114 61
    endloop
  endfacet
  facet normal 0.381038 -0.598149 0.705002
    outer loop
      vertex -6.59613 9.42025 59
      vertex -6.74923 11.68 61
      vertex -7.73757 11.0504 61
    endloop
  endfacet
  facet normal -0.703136 0.0925346 0.705009
    outer loop
      vertex 11.3253 -1.99695 59
      vertex 13.2858 -2.33757 61
      vertex 11.4562 -1.00229 59
    endloop
  endfacet
  facet normal -0.70209 0.0992854 0.705133
    outer loop
      vertex 13.2858 -2.33757 61
      vertex 11.3253 -1.99695 59
      vertex 13.2851 -2.34252 61
    endloop
  endfacet
  facet normal -0.6924 -0.153478 0.705001
    outer loop
      vertex 13.2851 2.34252 61
      vertex 13.0315 3.48661 61
      vertex 11.3253 1.99695 59
    endloop
  endfacet
  facet normal -0.70209 -0.0992854 0.705133
    outer loop
      vertex 11.3253 1.99695 59
      vertex 13.2858 2.33757 61
      vertex 13.2851 2.34252 61
    endloop
  endfacet
  facet normal -0.703136 -0.0925346 0.705009
    outer loop
      vertex 13.2858 2.33757 61
      vertex 11.3253 1.99695 59
      vertex 11.4562 1.00229 59
    endloop
  endfacet
  facet normal 0.522881 0.47913 0.705004
    outer loop
      vertex -9.54228 -9.53523 61
      vertex -8.13173 -8.13173 59
      vertex -8.80951 -7.39206 59
    endloop
  endfacet
  facet normal 0.523031 0.478972 0.704999
    outer loop
      vertex -8.13173 -8.13173 59
      vertex -9.54228 -9.53523 61
      vertex -9.53891 -9.53891 61
    endloop
  endfacet
  facet normal 0.703136 0.0925346 0.705009
    outer loop
      vertex -13.2858 -2.33757 61
      vertex -11.3253 -1.99695 59
      vertex -11.4562 -1.00229 59
    endloop
  endfacet
  facet normal 0.70209 0.0992854 0.705133
    outer loop
      vertex -11.3253 -1.99695 59
      vertex -13.2858 -2.33757 61
      vertex -13.2851 -2.34252 61
    endloop
  endfacet
  facet normal -0.596625 0.383545 0.704934
    outer loop
      vertex 9.95929 -5.75 59
      vertex 11.68 -6.74923 61
      vertex 11.6827 -6.74503 61
    endloop
  endfacet
  facet normal -0.598143 0.381056 0.704997
    outer loop
      vertex 11.68 -6.74923 61
      vertex 9.95929 -5.75 59
      vertex 9.42025 -6.59613 59
    endloop
  endfacet
  facet normal 0.213266 0.676368 0.705013
    outer loop
      vertex -3.49148 -13.0304 61
      vertex -2.97642 -11.1081 59
      vertex -4.60911 -12.678 61
    endloop
  endfacet
  facet normal 0.629081 0.327452 0.705005
    outer loop
      vertex -10.4225 -4.86011 59
      vertex -12.2238 -5.70557 61
      vertex -9.95929 -5.75 59
    endloop
  endfacet
  facet normal 0.629412 0.326783 0.705021
    outer loop
      vertex -12.2238 -5.70557 61
      vertex -10.4225 -4.86011 59
      vertex -12.2261 -5.70114 61
    endloop
  endfacet
  facet normal 0.655201 0.271445 0.705003
    outer loop
      vertex -12.228 -5.69653 61
      vertex -10.4225 -4.86011 59
      vertex -10.8065 -3.93323 59
    endloop
  endfacet
  facet normal 0.655722 0.270254 0.704976
    outer loop
      vertex -10.4225 -4.86011 59
      vertex -12.228 -5.69653 61
      vertex -12.2261 -5.70114 61
    endloop
  endfacet
  facet normal 0.326783 0.629412 0.705021
    outer loop
      vertex -4.86011 -10.4225 59
      vertex -5.70557 -12.2238 61
      vertex -5.70114 -12.2261 61
    endloop
  endfacet
  facet normal 0.327452 0.629081 0.705005
    outer loop
      vertex -5.70557 -12.2238 61
      vertex -4.86011 -10.4225 59
      vertex -5.75 -9.95929 59
    endloop
  endfacet
  facet normal -0.0992854 -0.70209 0.705133
    outer loop
      vertex 2.33757 13.2858 61
      vertex 1.99695 11.3253 59
      vertex 2.34252 13.2851 61
    endloop
  endfacet
  facet normal -0.0925346 -0.703136 0.705009
    outer loop
      vertex 1.99695 11.3253 59
      vertex 2.33757 13.2858 61
      vertex 1.00229 11.4562 59
    endloop
  endfacet
  facet normal 0.598143 -0.381056 0.704997
    outer loop
      vertex -11.68 6.74923 61
      vertex -9.95929 5.75 59
      vertex -9.42025 6.59613 59
    endloop
  endfacet
  facet normal 0.596625 -0.383545 0.704934
    outer loop
      vertex -9.95929 5.75 59
      vertex -11.68 6.74923 61
      vertex -11.6827 6.74503 61
    endloop
  endfacet
  facet normal 0.0925346 0.703136 0.705009
    outer loop
      vertex -1.17574 -13.4387 61
      vertex -1.00229 -11.4562 59
      vertex -2.33757 -13.2858 61
    endloop
  endfacet
  facet normal -0.0309251 -0.708525 0.705008
    outer loop
      vertex 1.00229 11.4562 59
      vertex 1.17574 13.4387 61
      vertex 0.00498616 13.4898 61
    endloop
  endfacet
  facet normal 0.655722 -0.270254 0.704976
    outer loop
      vertex -12.228 5.69653 61
      vertex -10.4225 4.86011 59
      vertex -12.2261 5.70114 61
    endloop
  endfacet
  facet normal 0.655201 -0.271445 0.705003
    outer loop
      vertex -10.4225 4.86011 59
      vertex -12.228 5.69653 61
      vertex -10.8065 3.93323 59
    endloop
  endfacet
  facet normal 0.676421 -0.213158 0.704995
    outer loop
      vertex -12.678 4.60911 61
      vertex -10.8065 3.93323 59
      vertex -12.6765 4.61387 61
    endloop
  endfacet
  facet normal 0.676403 -0.213212 0.704997
    outer loop
      vertex -10.8065 3.93323 59
      vertex -12.678 4.60911 61
      vertex -11.1081 2.97642 59
    endloop
  endfacet
  facet normal 0.153478 -0.6924 0.705001
    outer loop
      vertex -1.99695 11.3253 59
      vertex -2.34252 13.2851 61
      vertex -3.48661 13.0315 61
    endloop
  endfacet
  facet normal -0.270254 -0.655722 0.704976
    outer loop
      vertex 5.69653 12.228 61
      vertex 4.86011 10.4225 59
      vertex 5.70114 12.2261 61
    endloop
  endfacet
  facet normal -0.271445 -0.655201 0.705003
    outer loop
      vertex 4.86011 10.4225 59
      vertex 5.69653 12.228 61
      vertex 3.93323 10.8065 59
    endloop
  endfacet
  facet normal 0.703136 -0.0925346 0.705009
    outer loop
      vertex -11.4562 1.00229 59
      vertex -13.2858 2.33757 61
      vertex -13.4387 1.17574 61
    endloop
  endfacet
  facet normal 0.70209 -0.0992854 0.705133
    outer loop
      vertex -13.2858 2.33757 61
      vertex -11.3253 1.99695 59
      vertex -13.2851 2.34252 61
    endloop
  endfacet
  facet normal 0.703136 -0.0925346 0.705009
    outer loop
      vertex -11.3253 1.99695 59
      vertex -13.2858 2.33757 61
      vertex -11.4562 1.00229 59
    endloop
  endfacet
  facet normal -0.478972 -0.523031 0.704999
    outer loop
      vertex 9.53523 9.54228 61
      vertex 8.13173 8.13173 59
      vertex 9.53891 9.53891 61
    endloop
  endfacet
  facet normal -0.47913 -0.522881 0.705004
    outer loop
      vertex 8.13173 8.13173 59
      vertex 9.53523 9.54228 61
      vertex 7.39206 8.80951 59
    endloop
  endfacet
  facet normal 0.0925346 -0.703136 0.705009
    outer loop
      vertex -1.00229 11.4562 59
      vertex -1.17574 13.4387 61
      vertex -2.33757 13.2858 61
    endloop
  endfacet
  facet normal 0.0309251 -0.708525 0.705008
    outer loop
      vertex -1.00229 11.4562 59
      vertex -0.00498616 13.4898 61
      vertex -1.17574 13.4387 61
    endloop
  endfacet
  facet normal -0.381038 0.598149 0.705002
    outer loop
      vertex 6.74923 -11.68 61
      vertex 7.73757 -11.0504 61
      vertex 6.59613 -9.42025 59
    endloop
  endfacet
  facet normal 0.381038 0.598149 0.705002
    outer loop
      vertex -6.74923 -11.68 61
      vertex -6.59613 -9.42025 59
      vertex -7.73757 -11.0504 61
    endloop
  endfacet
  facet normal -0.565379 -0.428317 0.704905
    outer loop
      vertex 8.80951 7.39206 59
      vertex 10.337 8.66728 61
      vertex 10.334 8.67124 61
    endloop
  endfacet
  facet normal -0.56265 -0.431738 0.705002
    outer loop
      vertex 10.337 8.66728 61
      vertex 8.80951 7.39206 59
      vertex 9.42025 6.59613 59
    endloop
  endfacet
  facet normal -0.562648 -0.43174 0.705002
    outer loop
      vertex 11.0504 7.73757 61
      vertex 10.337 8.66728 61
      vertex 9.42025 6.59613 59
    endloop
  endfacet
  facet normal 0.153535 -0.69237 0.705018
    outer loop
      vertex -3.48661 13.0315 61
      vertex -2.97642 11.1081 59
      vertex -1.99695 11.3253 59
    endloop
  endfacet
  facet normal 0.156238 -0.69171 0.705073
    outer loop
      vertex -2.97642 11.1081 59
      vertex -3.48661 13.0315 61
      vertex -3.49148 13.0304 61
    endloop
  endfacet
  facet normal -0.598149 -0.381038 0.705002
    outer loop
      vertex 11.68 6.74923 61
      vertex 11.0504 7.73757 61
      vertex 9.42025 6.59613 59
    endloop
  endfacet
  facet normal -0.596625 -0.383545 0.704934
    outer loop
      vertex 11.68 6.74923 61
      vertex 9.95929 5.75 59
      vertex 11.6827 6.74503 61
    endloop
  endfacet
  facet normal -0.598143 -0.381056 0.704997
    outer loop
      vertex 9.95929 5.75 59
      vertex 11.68 6.74923 61
      vertex 9.42025 6.59613 59
    endloop
  endfacet
  facet normal 0.708525 0.0309251 0.705008
    outer loop
      vertex -13.4387 -1.17574 61
      vertex -11.4562 -1.00229 59
      vertex -13.4898 -0.00498616 61
    endloop
  endfacet
  facet normal 0.43174 -0.562648 0.705002
    outer loop
      vertex -6.59613 9.42025 59
      vertex -7.73757 11.0504 61
      vertex -8.66728 10.337 61
    endloop
  endfacet
  facet normal 0.56265 0.431738 0.705002
    outer loop
      vertex -10.337 -8.66728 61
      vertex -8.80951 -7.39206 59
      vertex -9.42025 -6.59613 59
    endloop
  endfacet
  facet normal 0.565379 0.428317 0.704905
    outer loop
      vertex -8.80951 -7.39206 59
      vertex -10.337 -8.66728 61
      vertex -10.334 -8.67124 61
    endloop
  endfacet
  facet normal -0.43174 0.562648 0.705002
    outer loop
      vertex 7.73757 -11.0504 61
      vertex 8.66728 -10.337 61
      vertex 6.59613 -9.42025 59
    endloop
  endfacet
  facet normal 0.598143 0.381056 0.704997
    outer loop
      vertex -9.95929 -5.75 59
      vertex -11.68 -6.74923 61
      vertex -9.42025 -6.59613 59
    endloop
  endfacet
  facet normal 0.596625 0.383545 0.704934
    outer loop
      vertex -11.68 -6.74923 61
      vertex -9.95929 -5.75 59
      vertex -11.6827 -6.74503 61
    endloop
  endfacet
  facet normal 0.562648 0.43174 0.705002
    outer loop
      vertex -10.337 -8.66728 61
      vertex -9.42025 -6.59613 59
      vertex -11.0504 -7.73757 61
    endloop
  endfacet
  facet normal 0.43174 0.562648 0.705002
    outer loop
      vertex -7.73757 -11.0504 61
      vertex -6.59613 -9.42025 59
      vertex -8.66728 -10.337 61
    endloop
  endfacet
  facet normal 0.431738 0.56265 0.705002
    outer loop
      vertex -7.39206 -8.80951 59
      vertex -8.66728 -10.337 61
      vertex -6.59613 -9.42025 59
    endloop
  endfacet
  facet normal 0.428317 0.565379 0.704905
    outer loop
      vertex -8.66728 -10.337 61
      vertex -7.39206 -8.80951 59
      vertex -8.67124 -10.334 61
    endloop
  endfacet
  facet normal 0.213212 0.676403 0.704997
    outer loop
      vertex -3.93323 -10.8065 59
      vertex -4.60911 -12.678 61
      vertex -2.97642 -11.1081 59
    endloop
  endfacet
  facet normal 0.213158 0.676421 0.704995
    outer loop
      vertex -4.60911 -12.678 61
      vertex -3.93323 -10.8065 59
      vertex -4.61387 -12.6765 61
    endloop
  endfacet
  facet normal 0.0925346 -0.703136 0.705009
    outer loop
      vertex -2.33757 13.2858 61
      vertex -1.99695 11.3253 59
      vertex -1.00229 11.4562 59
    endloop
  endfacet
  facet normal 0.0992854 -0.70209 0.705133
    outer loop
      vertex -1.99695 11.3253 59
      vertex -2.33757 13.2858 61
      vertex -2.34252 13.2851 61
    endloop
  endfacet
  facet normal 0.598149 -0.381038 0.705002
    outer loop
      vertex -9.42025 6.59613 59
      vertex -11.0504 7.73757 61
      vertex -11.68 6.74923 61
    endloop
  endfacet
  facet normal 0.562648 -0.43174 0.705002
    outer loop
      vertex -9.42025 6.59613 59
      vertex -10.337 8.66728 61
      vertex -11.0504 7.73757 61
    endloop
  endfacet
  facet normal 0.0309251 0.708525 0.705008
    outer loop
      vertex -0.00498616 -13.4898 61
      vertex -1.00229 -11.4562 59
      vertex -1.17574 -13.4387 61
    endloop
  endfacet
  facet normal 0 -0.608715 0.793389
    outer loop
      vertex -14.5377 2.08906 9.51035
      vertex -11.3253 1.99695 9.43968
      vertex -11.3049 2.08906 9.51035
    endloop
  endfacet
  facet normal -1.39867e-06 -0.608746 0.793365
    outer loop
      vertex -14.5377 2.08906 9.51035
      vertex -11.3428 1.86412 9.33776
      vertex -11.3253 1.99695 9.43968
    endloop
  endfacet
  facet normal 0 -0.608734 0.793375
    outer loop
      vertex -11.3428 1.86412 9.33776
      vertex -14.5377 2.08906 9.51035
      vertex -14.5673 1.86412 9.33776
    endloop
  endfacet
  facet normal 0 -0.608734 0.793375
    outer loop
      vertex 14.5377 2.08906 9.51035
      vertex 11.3428 1.86412 9.33776
      vertex 14.5673 1.86412 9.33776
    endloop
  endfacet
  facet normal 1.39867e-06 -0.608746 0.793365
    outer loop
      vertex 14.5377 2.08906 9.51035
      vertex 11.3253 1.99695 9.43968
      vertex 11.3428 1.86412 9.33776
    endloop
  endfacet
  facet normal 0 -0.608715 0.793389
    outer loop
      vertex 11.3253 1.99695 9.43968
      vertex 14.5377 2.08906 9.51035
      vertex 11.3049 2.08906 9.51035
    endloop
  endfacet
  facet normal 0 0.0436292 0.999048
    outer loop
      vertex -11.5 0 8.75
      vertex -14.6876 -0.283256 8.76237
      vertex -11.4876 -0.283256 8.76237
    endloop
  endfacet
  facet normal 0 0.0436292 0.999048
    outer loop
      vertex -14.6876 -0.283256 8.76237
      vertex -11.5 0 8.75
      vertex -14.7 0 8.75
    endloop
  endfacet
  facet normal -0 0.0436292 0.999048
    outer loop
      vertex 11.5 0 8.75
      vertex 14.6876 -0.283256 8.76237
      vertex 14.7 0 8.75
    endloop
  endfacet
  facet normal 0 0.0436292 0.999048
    outer loop
      vertex 14.6876 -0.283256 8.76237
      vertex 11.5 0 8.75
      vertex 11.4876 -0.283256 8.76237
    endloop
  endfacet
  facet normal 0 -0.999048 -0.0436224
    outer loop
      vertex -14.3221 3.25 12
      vertex -11.0258 3.23763 12.2833
      vertex -14.3248 3.23763 12.2833
    endloop
  endfacet
  facet normal 0 -0.999048 -0.0436224
    outer loop
      vertex -11.0258 3.23763 12.2833
      vertex -14.3221 3.25 12
      vertex -11.0219 3.25 12
    endloop
  endfacet
  facet normal -0 -0.999048 -0.0436224
    outer loop
      vertex 14.3221 3.25 12
      vertex 11.0258 3.23763 12.2833
      vertex 11.0219 3.25 12
    endloop
  endfacet
  facet normal 0 -0.999048 -0.0436224
    outer loop
      vertex 11.0258 3.23763 12.2833
      vertex 14.3221 3.25 12
      vertex 14.3248 3.23763 12.2833
    endloop
  endfacet
  facet normal 0 0.67559 0.737277
    outer loop
      vertex -11.3049 -2.08906 9.51035
      vertex -14.5102 -2.2981 9.7019
      vertex -11.2585 -2.2981 9.7019
    endloop
  endfacet
  facet normal 0 0.67559 0.737277
    outer loop
      vertex -14.5102 -2.2981 9.7019
      vertex -11.3049 -2.08906 9.51035
      vertex -14.5377 -2.08906 9.51035
    endloop
  endfacet
  facet normal -0 0.67559 0.737277
    outer loop
      vertex 11.3049 -2.08906 9.51035
      vertex 14.5102 -2.2981 9.7019
      vertex 14.5377 -2.08906 9.51035
    endloop
  endfacet
  facet normal 0 0.67559 0.737277
    outer loop
      vertex 14.5102 -2.2981 9.7019
      vertex 11.3049 -2.08906 9.51035
      vertex 11.2585 -2.2981 9.7019
    endloop
  endfacet
  facet normal 0 -0.923858 -0.382736
    outer loop
      vertex -14.3655 3.054 13.1116
      vertex -11.115 2.9455 13.3735
      vertex -14.3896 2.9455 13.3735
    endloop
  endfacet
  facet normal 1.45511e-05 -0.923794 -0.38289
    outer loop
      vertex -11.115 2.9455 13.3735
      vertex -14.3655 3.054 13.1116
      vertex -11.1081 2.97642 13.2989
    endloop
  endfacet
  facet normal 0 -0.923883 -0.382674
    outer loop
      vertex -11.1081 2.97642 13.2989
      vertex -14.3655 3.054 13.1116
      vertex -11.0837 3.054 13.1116
    endloop
  endfacet
  facet normal -1.45511e-05 -0.923794 -0.38289
    outer loop
      vertex 14.3655 3.054 13.1116
      vertex 11.115 2.9455 13.3735
      vertex 11.1081 2.97642 13.2989
    endloop
  endfacet
  facet normal -0 -0.923883 -0.382674
    outer loop
      vertex 14.3655 3.054 13.1116
      vertex 11.1081 2.97642 13.2989
      vertex 11.0837 3.054 13.1116
    endloop
  endfacet
  facet normal 0 -0.923858 -0.382736
    outer loop
      vertex 11.115 2.9455 13.3735
      vertex 14.3655 3.054 13.1116
      vertex 14.3896 2.9455 13.3735
    endloop
  endfacet
  facet normal 0 0.923883 0.382674
    outer loop
      vertex -11.1081 -2.97642 10.7011
      vertex -14.3655 -3.054 10.8884
      vertex -11.0837 -3.054 10.8884
    endloop
  endfacet
  facet normal 1.45511e-05 0.923794 0.38289
    outer loop
      vertex -11.115 -2.9455 10.6265
      vertex -14.3655 -3.054 10.8884
      vertex -11.1081 -2.97642 10.7011
    endloop
  endfacet
  facet normal 0 0.923858 0.382736
    outer loop
      vertex -14.3655 -3.054 10.8884
      vertex -11.115 -2.9455 10.6265
      vertex -14.3896 -2.9455 10.6265
    endloop
  endfacet
  facet normal 0 0.923883 0.382674
    outer loop
      vertex 14.3655 -3.054 10.8884
      vertex 11.1081 -2.97642 10.7011
      vertex 11.0837 -3.054 10.8884
    endloop
  endfacet
  facet normal -0 0.923858 0.382736
    outer loop
      vertex 11.115 -2.9455 10.6265
      vertex 14.3655 -3.054 10.8884
      vertex 14.3896 -2.9455 10.6265
    endloop
  endfacet
  facet normal -1.45511e-05 0.923794 0.38289
    outer loop
      vertex 14.3655 -3.054 10.8884
      vertex 11.115 -2.9455 10.6265
      vertex 11.1081 -2.97642 10.7011
    endloop
  endfacet
  facet normal 0 -0.1305 -0.991448
    outer loop
      vertex -11.4876 0.283256 15.2376
      vertex -14.6754 0.564356 15.2006
      vertex -11.4754 0.564356 15.2006
    endloop
  endfacet
  facet normal 0 -0.1305 -0.991448
    outer loop
      vertex -14.6754 0.564356 15.2006
      vertex -11.4876 0.283256 15.2376
      vertex -14.6876 0.283256 15.2376
    endloop
  endfacet
  facet normal 0 -0.1305 -0.991448
    outer loop
      vertex 11.4876 0.283256 15.2376
      vertex 14.6754 0.564356 15.2006
      vertex 14.6876 0.283256 15.2376
    endloop
  endfacet
  facet normal -0 -0.1305 -0.991448
    outer loop
      vertex 14.6754 0.564356 15.2006
      vertex 11.4876 0.283256 15.2376
      vertex 11.4754 0.564356 15.2006
    endloop
  endfacet
  facet normal 0 0.843365 0.537341
    outer loop
      vertex -11.1778 -2.66224 10.1359
      vertex -14.4186 -2.81458 10.375
      vertex -11.144 -2.81458 10.375
    endloop
  endfacet
  facet normal 0 0.843365 0.537341
    outer loop
      vertex -14.4186 -2.81458 10.375
      vertex -11.1778 -2.66224 10.1359
      vertex -14.4524 -2.66224 10.1359
    endloop
  endfacet
  facet normal -0 0.843365 0.537341
    outer loop
      vertex 11.1778 -2.66224 10.1359
      vertex 14.4186 -2.81458 10.375
      vertex 14.4524 -2.66224 10.1359
    endloop
  endfacet
  facet normal 0 0.843365 0.537341
    outer loop
      vertex 14.4186 -2.81458 10.375
      vertex 11.1778 -2.66224 10.1359
      vertex 11.144 -2.81458 10.375
    endloop
  endfacet
  facet normal 0 0.216216 -0.976345
    outer loop
      vertex -14.6633 -0.841162 15.1393
      vertex -11.4754 -0.564356 15.2006
      vertex -11.4633 -0.841162 15.1393
    endloop
  endfacet
  facet normal 0 0.216216 -0.976345
    outer loop
      vertex -11.4754 -0.564356 15.2006
      vertex -14.6633 -0.841162 15.1393
      vertex -14.6754 -0.564356 15.2006
    endloop
  endfacet
  facet normal 0 0.216216 -0.976345
    outer loop
      vertex 14.6633 -0.841162 15.1393
      vertex 11.4754 -0.564356 15.2006
      vertex 14.6754 -0.564356 15.2006
    endloop
  endfacet
  facet normal 0 0.216216 -0.976345
    outer loop
      vertex 11.4754 -0.564356 15.2006
      vertex 14.6633 -0.841162 15.1393
      vertex 11.4633 -0.841162 15.1393
    endloop
  endfacet
  facet normal 0 -0.953714 0.300716
    outer loop
      vertex -11.0837 3.054 10.8884
      vertex -14.3466 3.13926 11.1588
      vertex -14.3655 3.054 10.8884
    endloop
  endfacet
  facet normal 0 -0.953714 0.300716
    outer loop
      vertex -14.3466 3.13926 11.1588
      vertex -11.0837 3.054 10.8884
      vertex -11.0568 3.13926 11.1588
    endloop
  endfacet
  facet normal 0 -0.953714 0.300716
    outer loop
      vertex 11.0837 3.054 10.8884
      vertex 14.3466 3.13926 11.1588
      vertex 11.0568 3.13926 11.1588
    endloop
  endfacet
  facet normal 0 -0.953714 0.300716
    outer loop
      vertex 14.3466 3.13926 11.1588
      vertex 11.0837 3.054 10.8884
      vertex 14.3655 3.054 10.8884
    endloop
  endfacet
  facet normal 0 0.608715 0.793389
    outer loop
      vertex -11.3253 -1.99695 9.43968
      vertex -14.5377 -2.08906 9.51035
      vertex -11.3049 -2.08906 9.51035
    endloop
  endfacet
  facet normal -1.39867e-06 0.608746 0.793365
    outer loop
      vertex -11.3428 -1.86412 9.33776
      vertex -14.5377 -2.08906 9.51035
      vertex -11.3253 -1.99695 9.43968
    endloop
  endfacet
  facet normal 0 0.608734 0.793375
    outer loop
      vertex -14.5377 -2.08906 9.51035
      vertex -11.3428 -1.86412 9.33776
      vertex -14.5673 -1.86412 9.33776
    endloop
  endfacet
  facet normal -0 0.608734 0.793375
    outer loop
      vertex 11.3428 -1.86412 9.33776
      vertex 14.5377 -2.08906 9.51035
      vertex 14.5673 -1.86412 9.33776
    endloop
  endfacet
  facet normal 1.39867e-06 0.608746 0.793365
    outer loop
      vertex 11.3253 -1.99695 9.43968
      vertex 14.5377 -2.08906 9.51035
      vertex 11.3428 -1.86412 9.33776
    endloop
  endfacet
  facet normal 0 0.608715 0.793389
    outer loop
      vertex 14.5377 -2.08906 9.51035
      vertex 11.3253 -1.99695 9.43968
      vertex 11.3049 -2.08906 9.51035
    endloop
  endfacet
  facet normal 0 -0.843365 0.537341
    outer loop
      vertex -11.1778 2.66224 10.1359
      vertex -14.4186 2.81458 10.375
      vertex -14.4524 2.66224 10.1359
    endloop
  endfacet
  facet normal 0 -0.843365 0.537341
    outer loop
      vertex -14.4186 2.81458 10.375
      vertex -11.1778 2.66224 10.1359
      vertex -11.144 2.81458 10.375
    endloop
  endfacet
  facet normal 0 -0.843365 0.537341
    outer loop
      vertex 11.1778 2.66224 10.1359
      vertex 14.4186 2.81458 10.375
      vertex 11.144 2.81458 10.375
    endloop
  endfacet
  facet normal 0 -0.843365 0.537341
    outer loop
      vertex 14.4186 2.81458 10.375
      vertex 11.1778 2.66224 10.1359
      vertex 14.4524 2.66224 10.1359
    endloop
  endfacet
  facet normal 0 0.793389 -0.608716
    outer loop
      vertex -11.2161 -2.48964 14.0891
      vertex -14.4767 -2.55263 14.007
      vertex -14.485 -2.48964 14.0891
    endloop
  endfacet
  facet normal 0 0.793436 -0.608654
    outer loop
      vertex -14.4524 -2.66224 13.8641
      vertex -11.2161 -2.48964 14.0891
      vertex -11.1778 -2.66224 13.8641
    endloop
  endfacet
  facet normal -3.88308e-06 0.793463 -0.608618
    outer loop
      vertex -11.2161 -2.48964 14.0891
      vertex -14.4524 -2.66224 13.8641
      vertex -14.4767 -2.55263 14.007
    endloop
  endfacet
  facet normal 0 0.793389 -0.608716
    outer loop
      vertex 14.4767 -2.55263 14.007
      vertex 11.2161 -2.48964 14.0891
      vertex 14.485 -2.48964 14.0891
    endloop
  endfacet
  facet normal 3.88308e-06 0.793463 -0.608618
    outer loop
      vertex 14.4524 -2.66224 13.8641
      vertex 11.2161 -2.48964 14.0891
      vertex 14.4767 -2.55263 14.007
    endloop
  endfacet
  facet normal 0 0.793436 -0.608654
    outer loop
      vertex 11.2161 -2.48964 14.0891
      vertex 14.4524 -2.66224 13.8641
      vertex 11.1778 -2.66224 13.8641
    endloop
  endfacet
  facet normal 0 0.461756 0.887007
    outer loop
      vertex -11.4074 -1.37351 9.0545
      vertex -14.5988 -1.625 9.18542
      vertex -11.3743 -1.625 9.18542
    endloop
  endfacet
  facet normal 0 0.461756 0.887007
    outer loop
      vertex -14.5988 -1.625 9.18542
      vertex -11.4074 -1.37351 9.0545
      vertex -14.6319 -1.37351 9.0545
    endloop
  endfacet
  facet normal -0 0.461756 0.887007
    outer loop
      vertex 11.4074 -1.37351 9.0545
      vertex 14.5988 -1.625 9.18542
      vertex 14.6319 -1.37351 9.0545
    endloop
  endfacet
  facet normal 0 0.461756 0.887007
    outer loop
      vertex 14.5988 -1.625 9.18542
      vertex 11.4074 -1.37351 9.0545
      vertex 11.3743 -1.625 9.18542
    endloop
  endfacet
  facet normal 0 -0.0436292 0.999048
    outer loop
      vertex -14.6876 0.283256 8.76237
      vertex -11.5 0 8.75
      vertex -11.4876 0.283256 8.76237
    endloop
  endfacet
  facet normal 0 -0.0436292 0.999048
    outer loop
      vertex -11.5 0 8.75
      vertex -14.6876 0.283256 8.76237
      vertex -14.7 0 8.75
    endloop
  endfacet
  facet normal 0 -0.0436292 0.999048
    outer loop
      vertex 14.6876 0.283256 8.76237
      vertex 11.5 0 8.75
      vertex 14.7 0 8.75
    endloop
  endfacet
  facet normal 0 -0.0436292 0.999048
    outer loop
      vertex 11.5 0 8.75
      vertex 14.6876 0.283256 8.76237
      vertex 11.4876 0.283256 8.76237
    endloop
  endfacet
  facet normal 0 -0.999048 0.0436224
    outer loop
      vertex -11.0258 3.23763 11.7167
      vertex -14.3221 3.25 12
      vertex -14.3248 3.23763 11.7167
    endloop
  endfacet
  facet normal 0 -0.999048 0.0436224
    outer loop
      vertex -14.3221 3.25 12
      vertex -11.0258 3.23763 11.7167
      vertex -11.0219 3.25 12
    endloop
  endfacet
  facet normal 0 -0.999048 0.0436224
    outer loop
      vertex 11.0258 3.23763 11.7167
      vertex 14.3221 3.25 12
      vertex 11.0219 3.25 12
    endloop
  endfacet
  facet normal 0 -0.999048 0.0436224
    outer loop
      vertex 14.3221 3.25 12
      vertex 11.0258 3.23763 11.7167
      vertex 14.3248 3.23763 11.7167
    endloop
  endfacet
  facet normal 0 0.608878 -0.793264
    outer loop
      vertex -14.5377 -2.08906 14.4896
      vertex -11.3253 -1.99695 14.5603
      vertex -11.3049 -2.08906 14.4896
    endloop
  endfacet
  facet normal 9.39551e-06 0.608672 -0.793422
    outer loop
      vertex -14.5377 -2.08906 14.4896
      vertex -11.3428 -1.86412 14.6622
      vertex -11.3253 -1.99695 14.5603
    endloop
  endfacet
  facet normal 0 0.608756 -0.793358
    outer loop
      vertex -11.3428 -1.86412 14.6622
      vertex -14.5377 -2.08906 14.4896
      vertex -14.5673 -1.86412 14.6622
    endloop
  endfacet
  facet normal 0 0.608756 -0.793358
    outer loop
      vertex 14.5377 -2.08906 14.4896
      vertex 11.3428 -1.86412 14.6622
      vertex 14.5673 -1.86412 14.6622
    endloop
  endfacet
  facet normal -9.39551e-06 0.608672 -0.793422
    outer loop
      vertex 14.5377 -2.08906 14.4896
      vertex 11.3253 -1.99695 14.5603
      vertex 11.3428 -1.86412 14.6622
    endloop
  endfacet
  facet normal 0 0.608878 -0.793264
    outer loop
      vertex 11.3253 -1.99695 14.5603
      vertex 14.5377 -2.08906 14.4896
      vertex 11.3049 -2.08906 14.4896
    endloop
  endfacet
  facet normal 0 -0.382674 0.923884
    outer loop
      vertex -14.6319 1.37351 9.0545
      vertex -11.4419 1.11156 8.946
      vertex -11.4074 1.37351 9.0545
    endloop
  endfacet
  facet normal -7.6965e-07 -0.382682 0.92388
    outer loop
      vertex -14.6441 1.28119 9.01626
      vertex -11.4419 1.11156 8.946
      vertex -14.6319 1.37351 9.0545
    endloop
  endfacet
  facet normal 0 -0.382669 0.923885
    outer loop
      vertex -11.4419 1.11156 8.946
      vertex -14.6441 1.28119 9.01626
      vertex -14.6515 1.11156 8.946
    endloop
  endfacet
  facet normal 0.000165275 -0.382663 0.923888
    outer loop
      vertex 14.6319 1.37351 9.0545
      vertex 14.6515 1.11156 8.946
      vertex 14.6441 1.28119 9.01626
    endloop
  endfacet
  facet normal 0 -0.382674 0.923884
    outer loop
      vertex 14.6319 1.37351 9.0545
      vertex 11.4419 1.11156 8.946
      vertex 14.6515 1.11156 8.946
    endloop
  endfacet
  facet normal 0 -0.382674 0.923884
    outer loop
      vertex 11.4419 1.11156 8.946
      vertex 14.6319 1.37351 9.0545
      vertex 11.4074 1.37351 9.0545
    endloop
  endfacet
  facet normal 0 0.793384 0.608722
    outer loop
      vertex -11.2161 -2.48964 9.91094
      vertex -14.4524 -2.66224 10.1359
      vertex -11.1778 -2.66224 10.1359
    endloop
  endfacet
  facet normal -5.46461e-06 0.793422 0.608672
    outer loop
      vertex -14.4524 -2.66224 10.1359
      vertex -11.2161 -2.48964 9.91094
      vertex -14.4767 -2.55263 9.99302
    endloop
  endfacet
  facet normal 0 0.793317 0.608809
    outer loop
      vertex -14.4767 -2.55263 9.99302
      vertex -11.2161 -2.48964 9.91094
      vertex -14.485 -2.48964 9.91094
    endloop
  endfacet
  facet normal 5.46461e-06 0.793422 0.608672
    outer loop
      vertex 11.2161 -2.48964 9.91094
      vertex 14.4524 -2.66224 10.1359
      vertex 14.4767 -2.55263 9.99302
    endloop
  endfacet
  facet normal -0 0.793317 0.608809
    outer loop
      vertex 11.2161 -2.48964 9.91094
      vertex 14.4767 -2.55263 9.99302
      vertex 14.485 -2.48964 9.91094
    endloop
  endfacet
  facet normal 0 0.793384 0.608722
    outer loop
      vertex 14.4524 -2.66224 10.1359
      vertex 11.2161 -2.48964 9.91094
      vertex 11.1778 -2.66224 10.1359
    endloop
  endfacet
  facet normal 0 0.73723 -0.675642
    outer loop
      vertex -14.485 -2.48964 14.0891
      vertex -11.2585 -2.2981 14.2981
      vertex -11.2161 -2.48964 14.0891
    endloop
  endfacet
  facet normal 0 0.73723 -0.675642
    outer loop
      vertex -11.2585 -2.2981 14.2981
      vertex -14.485 -2.48964 14.0891
      vertex -14.5102 -2.2981 14.2981
    endloop
  endfacet
  facet normal 0 0.73723 -0.675642
    outer loop
      vertex 14.485 -2.48964 14.0891
      vertex 11.2585 -2.2981 14.2981
      vertex 14.5102 -2.2981 14.2981
    endloop
  endfacet
  facet normal 0 0.73723 -0.675642
    outer loop
      vertex 11.2585 -2.2981 14.2981
      vertex 14.485 -2.48964 14.0891
      vertex 11.2161 -2.48964 14.0891
    endloop
  endfacet
  facet normal 0 -0.0437348 -0.999043
    outer loop
      vertex -11.5 0 15.25
      vertex -14.6876 0.283256 15.2376
      vertex -11.4876 0.283256 15.2376
    endloop
  endfacet
  facet normal 0 -0.0437348 -0.999043
    outer loop
      vertex -14.6876 0.283256 15.2376
      vertex -11.5 0 15.25
      vertex -14.7 0 15.25
    endloop
  endfacet
  facet normal 0 -0.0437348 -0.999043
    outer loop
      vertex 11.5 0 15.25
      vertex 14.6876 0.283256 15.2376
      vertex 14.7 0 15.25
    endloop
  endfacet
  facet normal -0 -0.0437348 -0.999043
    outer loop
      vertex 14.6876 0.283256 15.2376
      vertex 11.5 0 15.25
      vertex 11.4876 0.283256 15.2376
    endloop
  endfacet
  facet normal 0 -0.9763 -0.216423
    outer loop
      vertex -14.333 3.20062 12.5644
      vertex -11.0568 3.13926 12.8412
      vertex -14.3466 3.13926 12.8412
    endloop
  endfacet
  facet normal 0 -0.9763 -0.216423
    outer loop
      vertex -11.0568 3.13926 12.8412
      vertex -14.333 3.20062 12.5644
      vertex -11.0375 3.20062 12.5644
    endloop
  endfacet
  facet normal -0 -0.9763 -0.216423
    outer loop
      vertex 14.333 3.20062 12.5644
      vertex 11.0568 3.13926 12.8412
      vertex 11.0375 3.20062 12.5644
    endloop
  endfacet
  facet normal 0 -0.9763 -0.216423
    outer loop
      vertex 11.0568 3.13926 12.8412
      vertex 14.333 3.20062 12.5644
      vertex 14.3466 3.13926 12.8412
    endloop
  endfacet
  facet normal -5.46461e-06 -0.793422 0.608672
    outer loop
      vertex -11.2161 2.48964 9.91094
      vertex -14.4524 2.66224 10.1359
      vertex -14.4767 2.55263 9.99302
    endloop
  endfacet
  facet normal 0 -0.793317 0.608809
    outer loop
      vertex -11.2161 2.48964 9.91094
      vertex -14.4767 2.55263 9.99302
      vertex -14.485 2.48964 9.91094
    endloop
  endfacet
  facet normal 0 -0.793384 0.608722
    outer loop
      vertex -14.4524 2.66224 10.1359
      vertex -11.2161 2.48964 9.91094
      vertex -11.1778 2.66224 10.1359
    endloop
  endfacet
  facet normal 0 -0.793384 0.608722
    outer loop
      vertex 11.2161 2.48964 9.91094
      vertex 14.4524 2.66224 10.1359
      vertex 11.1778 2.66224 10.1359
    endloop
  endfacet
  facet normal 5.46461e-06 -0.793422 0.608672
    outer loop
      vertex 14.4524 2.66224 10.1359
      vertex 11.2161 2.48964 9.91094
      vertex 14.4767 2.55263 9.99302
    endloop
  endfacet
  facet normal 0 -0.793317 0.608809
    outer loop
      vertex 14.4767 2.55263 9.99302
      vertex 11.2161 2.48964 9.91094
      vertex 14.485 2.48964 9.91094
    endloop
  endfacet
  facet normal 0 -0.67559 0.737277
    outer loop
      vertex -14.5102 2.2981 9.7019
      vertex -11.3049 2.08906 9.51035
      vertex -11.2585 2.2981 9.7019
    endloop
  endfacet
  facet normal 0 -0.67559 0.737277
    outer loop
      vertex -11.3049 2.08906 9.51035
      vertex -14.5102 2.2981 9.7019
      vertex -14.5377 2.08906 9.51035
    endloop
  endfacet
  facet normal 0 -0.67559 0.737277
    outer loop
      vertex 14.5102 2.2981 9.7019
      vertex 11.3049 2.08906 9.51035
      vertex 14.5377 2.08906 9.51035
    endloop
  endfacet
  facet normal 0 -0.67559 0.737277
    outer loop
      vertex 11.3049 2.08906 9.51035
      vertex 14.5102 2.2981 9.7019
      vertex 11.2585 2.2981 9.7019
    endloop
  endfacet
  facet normal 0 -0.608878 -0.793264
    outer loop
      vertex -11.3253 1.99695 14.5603
      vertex -14.5377 2.08906 14.4896
      vertex -11.3049 2.08906 14.4896
    endloop
  endfacet
  facet normal 9.39551e-06 -0.608672 -0.793422
    outer loop
      vertex -11.3428 1.86412 14.6622
      vertex -14.5377 2.08906 14.4896
      vertex -11.3253 1.99695 14.5603
    endloop
  endfacet
  facet normal 0 -0.608756 -0.793358
    outer loop
      vertex -14.5377 2.08906 14.4896
      vertex -11.3428 1.86412 14.6622
      vertex -14.5673 1.86412 14.6622
    endloop
  endfacet
  facet normal 0 -0.608756 -0.793358
    outer loop
      vertex 11.3428 1.86412 14.6622
      vertex 14.5377 2.08906 14.4896
      vertex 14.5673 1.86412 14.6622
    endloop
  endfacet
  facet normal -9.39551e-06 -0.608672 -0.793422
    outer loop
      vertex 11.3253 1.99695 14.5603
      vertex 14.5377 2.08906 14.4896
      vertex 11.3428 1.86412 14.6622
    endloop
  endfacet
  facet normal -0 -0.608878 -0.793264
    outer loop
      vertex 14.5377 2.08906 14.4896
      vertex 11.3253 1.99695 14.5603
      vertex 11.3049 2.08906 14.4896
    endloop
  endfacet
  facet normal 0 -0.991444 -0.130535
    outer loop
      vertex -14.3248 3.23763 12.2833
      vertex -11.0375 3.20062 12.5644
      vertex -14.333 3.20062 12.5644
    endloop
  endfacet
  facet normal 0 -0.991444 -0.130535
    outer loop
      vertex -11.0375 3.20062 12.5644
      vertex -14.3248 3.23763 12.2833
      vertex -11.0258 3.23763 12.2833
    endloop
  endfacet
  facet normal -0 -0.991444 -0.130535
    outer loop
      vertex 14.3248 3.23763 12.2833
      vertex 11.0375 3.20062 12.5644
      vertex 11.0258 3.23763 12.2833
    endloop
  endfacet
  facet normal 0 -0.991444 -0.130535
    outer loop
      vertex 11.0375 3.20062 12.5644
      vertex 14.3248 3.23763 12.2833
      vertex 14.333 3.20062 12.5644
    endloop
  endfacet
  facet normal 0 0.737295 0.675571
    outer loop
      vertex -11.2585 -2.2981 9.7019
      vertex -14.485 -2.48964 9.91094
      vertex -11.2161 -2.48964 9.91094
    endloop
  endfacet
  facet normal 0 0.737295 0.675571
    outer loop
      vertex -14.485 -2.48964 9.91094
      vertex -11.2585 -2.2981 9.7019
      vertex -14.5102 -2.2981 9.7019
    endloop
  endfacet
  facet normal -0 0.737295 0.675571
    outer loop
      vertex 11.2585 -2.2981 9.7019
      vertex 14.485 -2.48964 9.91094
      vertex 14.5102 -2.2981 9.7019
    endloop
  endfacet
  facet normal 0 0.737295 0.675571
    outer loop
      vertex 14.485 -2.48964 9.91094
      vertex 11.2585 -2.2981 9.7019
      vertex 11.2161 -2.48964 9.91094
    endloop
  endfacet
  facet normal 0 0.999048 0.0436224
    outer loop
      vertex -11.0258 -3.23763 11.7167
      vertex -14.3221 -3.25 12
      vertex -11.0219 -3.25 12
    endloop
  endfacet
  facet normal 0 0.999048 0.0436224
    outer loop
      vertex -14.3221 -3.25 12
      vertex -11.0258 -3.23763 11.7167
      vertex -14.3248 -3.23763 11.7167
    endloop
  endfacet
  facet normal -0 0.999048 0.0436224
    outer loop
      vertex 11.0258 -3.23763 11.7167
      vertex 14.3221 -3.25 12
      vertex 14.3248 -3.23763 11.7167
    endloop
  endfacet
  facet normal 0 0.999048 0.0436224
    outer loop
      vertex 14.3221 -3.25 12
      vertex 11.0258 -3.23763 11.7167
      vertex 11.0219 -3.25 12
    endloop
  endfacet
  facet normal 0 -0.1305 0.991448
    outer loop
      vertex -14.6754 0.564356 8.79937
      vertex -11.4876 0.283256 8.76237
      vertex -11.4754 0.564356 8.79937
    endloop
  endfacet
  facet normal 0 -0.1305 0.991448
    outer loop
      vertex -11.4876 0.283256 8.76237
      vertex -14.6754 0.564356 8.79937
      vertex -14.6876 0.283256 8.76237
    endloop
  endfacet
  facet normal 0 -0.1305 0.991448
    outer loop
      vertex 14.6754 0.564356 8.79937
      vertex 11.4876 0.283256 8.76237
      vertex 14.6876 0.283256 8.76237
    endloop
  endfacet
  facet normal 0 -0.1305 0.991448
    outer loop
      vertex 11.4876 0.283256 8.76237
      vertex 14.6754 0.564356 8.79937
      vertex 11.4754 0.564356 8.79937
    endloop
  endfacet
  facet normal 0 -0.216452 0.976293
    outer loop
      vertex -14.6633 0.841162 8.86074
      vertex -11.4754 0.564356 8.79937
      vertex -11.4633 0.841162 8.86074
    endloop
  endfacet
  facet normal 0 -0.216452 0.976293
    outer loop
      vertex -11.4754 0.564356 8.79937
      vertex -14.6633 0.841162 8.86074
      vertex -14.6754 0.564356 8.79937
    endloop
  endfacet
  facet normal 0 -0.216452 0.976293
    outer loop
      vertex 14.6633 0.841162 8.86074
      vertex 11.4754 0.564356 8.79937
      vertex 14.6754 0.564356 8.79937
    endloop
  endfacet
  facet normal 0 -0.216452 0.976293
    outer loop
      vertex 11.4754 0.564356 8.79937
      vertex 14.6633 0.841162 8.86074
      vertex 11.4633 0.841162 8.86074
    endloop
  endfacet
  facet normal 0 0.53746 -0.84329
    outer loop
      vertex -14.5673 -1.86412 14.6622
      vertex -11.3743 -1.625 14.8146
      vertex -11.3428 -1.86412 14.6622
    endloop
  endfacet
  facet normal 0 0.53746 -0.84329
    outer loop
      vertex -11.3743 -1.625 14.8146
      vertex -14.5673 -1.86412 14.6622
      vertex -14.5988 -1.625 14.8146
    endloop
  endfacet
  facet normal 0 0.53746 -0.84329
    outer loop
      vertex 14.5673 -1.86412 14.6622
      vertex 11.3743 -1.625 14.8146
      vertex 14.5988 -1.625 14.8146
    endloop
  endfacet
  facet normal 0 0.53746 -0.84329
    outer loop
      vertex 11.3743 -1.625 14.8146
      vertex 14.5673 -1.86412 14.6622
      vertex 11.3428 -1.86412 14.6622
    endloop
  endfacet
  facet normal 0 -0.53746 -0.84329
    outer loop
      vertex -11.3743 1.625 14.8146
      vertex -14.5673 1.86412 14.6622
      vertex -11.3428 1.86412 14.6622
    endloop
  endfacet
  facet normal 0 -0.53746 -0.84329
    outer loop
      vertex -14.5673 1.86412 14.6622
      vertex -11.3743 1.625 14.8146
      vertex -14.5988 1.625 14.8146
    endloop
  endfacet
  facet normal 0 -0.53746 -0.84329
    outer loop
      vertex 11.3743 1.625 14.8146
      vertex 14.5673 1.86412 14.6622
      vertex 14.5988 1.625 14.8146
    endloop
  endfacet
  facet normal -0 -0.53746 -0.84329
    outer loop
      vertex 14.5673 1.86412 14.6622
      vertex 11.3743 1.625 14.8146
      vertex 11.3428 1.86412 14.6622
    endloop
  endfacet
  facet normal 0 -0.73723 -0.675642
    outer loop
      vertex -14.485 2.48964 14.0891
      vertex -11.2585 2.2981 14.2981
      vertex -14.5102 2.2981 14.2981
    endloop
  endfacet
  facet normal 0 -0.73723 -0.675642
    outer loop
      vertex -11.2585 2.2981 14.2981
      vertex -14.485 2.48964 14.0891
      vertex -11.2161 2.48964 14.0891
    endloop
  endfacet
  facet normal -0 -0.73723 -0.675642
    outer loop
      vertex 14.485 2.48964 14.0891
      vertex 11.2585 2.2981 14.2981
      vertex 11.2161 2.48964 14.0891
    endloop
  endfacet
  facet normal 0 -0.73723 -0.675642
    outer loop
      vertex 11.2585 2.2981 14.2981
      vertex 14.485 2.48964 14.0891
      vertex 14.5102 2.2981 14.2981
    endloop
  endfacet
  facet normal 0 0.9763 0.216423
    outer loop
      vertex -11.0568 -3.13926 11.1588
      vertex -14.333 -3.20062 11.4356
      vertex -11.0375 -3.20062 11.4356
    endloop
  endfacet
  facet normal 0 0.9763 0.216423
    outer loop
      vertex -14.333 -3.20062 11.4356
      vertex -11.0568 -3.13926 11.1588
      vertex -14.3466 -3.13926 11.1588
    endloop
  endfacet
  facet normal -0 0.9763 0.216423
    outer loop
      vertex 11.0568 -3.13926 11.1588
      vertex 14.333 -3.20062 11.4356
      vertex 14.3466 -3.13926 11.1588
    endloop
  endfacet
  facet normal 0 0.9763 0.216423
    outer loop
      vertex 14.333 -3.20062 11.4356
      vertex 11.0568 -3.13926 11.1588
      vertex 11.0375 -3.20062 11.4356
    endloop
  endfacet
  facet normal 0 -0.300764 0.953699
    outer loop
      vertex -14.6515 1.11156 8.946
      vertex -11.4562 1.00229 8.91154
      vertex -11.4419 1.11156 8.946
    endloop
  endfacet
  facet normal 2.87596e-06 -0.300687 0.953723
    outer loop
      vertex -14.6515 1.11156 8.946
      vertex -11.4633 0.841162 8.86074
      vertex -11.4562 1.00229 8.91154
    endloop
  endfacet
  facet normal 0 -0.300718 0.953713
    outer loop
      vertex -11.4633 0.841162 8.86074
      vertex -14.6515 1.11156 8.946
      vertex -14.6633 0.841162 8.86074
    endloop
  endfacet
  facet normal 0 -0.300718 0.953713
    outer loop
      vertex 14.6515 1.11156 8.946
      vertex 11.4633 0.841162 8.86074
      vertex 14.6633 0.841162 8.86074
    endloop
  endfacet
  facet normal -2.87596e-06 -0.300687 0.953723
    outer loop
      vertex 14.6515 1.11156 8.946
      vertex 11.4562 1.00229 8.91154
      vertex 11.4633 0.841162 8.86074
    endloop
  endfacet
  facet normal 0 -0.300764 0.953699
    outer loop
      vertex 11.4562 1.00229 8.91154
      vertex 14.6515 1.11156 8.946
      vertex 11.4419 1.11156 8.946
    endloop
  endfacet
  facet normal 0 -0.737295 0.675571
    outer loop
      vertex -11.2585 2.2981 9.7019
      vertex -14.485 2.48964 9.91094
      vertex -14.5102 2.2981 9.7019
    endloop
  endfacet
  facet normal 0 -0.737295 0.675571
    outer loop
      vertex -14.485 2.48964 9.91094
      vertex -11.2585 2.2981 9.7019
      vertex -11.2161 2.48964 9.91094
    endloop
  endfacet
  facet normal 0 -0.737295 0.675571
    outer loop
      vertex 11.2585 2.2981 9.7019
      vertex 14.485 2.48964 9.91094
      vertex 11.2161 2.48964 9.91094
    endloop
  endfacet
  facet normal 0 -0.737295 0.675571
    outer loop
      vertex 14.485 2.48964 9.91094
      vertex 11.2585 2.2981 9.7019
      vertex 14.5102 2.2981 9.7019
    endloop
  endfacet
  facet normal 0 0.991444 0.130535
    outer loop
      vertex -11.0375 -3.20062 11.4356
      vertex -14.3248 -3.23763 11.7167
      vertex -11.0258 -3.23763 11.7167
    endloop
  endfacet
  facet normal 0 0.991444 0.130535
    outer loop
      vertex -14.3248 -3.23763 11.7167
      vertex -11.0375 -3.20062 11.4356
      vertex -14.333 -3.20062 11.4356
    endloop
  endfacet
  facet normal -0 0.991444 0.130535
    outer loop
      vertex 11.0375 -3.20062 11.4356
      vertex 14.3248 -3.23763 11.7167
      vertex 14.333 -3.20062 11.4356
    endloop
  endfacet
  facet normal 0 0.991444 0.130535
    outer loop
      vertex 14.3248 -3.23763 11.7167
      vertex 11.0375 -3.20062 11.4356
      vertex 11.0258 -3.23763 11.7167
    endloop
  endfacet
  facet normal 0 0.0437348 -0.999043
    outer loop
      vertex -14.6876 -0.283256 15.2376
      vertex -11.5 0 15.25
      vertex -11.4876 -0.283256 15.2376
    endloop
  endfacet
  facet normal 0 0.0437348 -0.999043
    outer loop
      vertex -11.5 0 15.25
      vertex -14.6876 -0.283256 15.2376
      vertex -14.7 0 15.25
    endloop
  endfacet
  facet normal 0 0.0437348 -0.999043
    outer loop
      vertex 14.6876 -0.283256 15.2376
      vertex 11.5 0 15.25
      vertex 14.7 0 15.25
    endloop
  endfacet
  facet normal 0 0.0437348 -0.999043
    outer loop
      vertex 11.5 0 15.25
      vertex 14.6876 -0.283256 15.2376
      vertex 11.4876 -0.283256 15.2376
    endloop
  endfacet
  facet normal 0 -0.675495 -0.737365
    outer loop
      vertex -11.3049 2.08906 14.4896
      vertex -14.5102 2.2981 14.2981
      vertex -11.2585 2.2981 14.2981
    endloop
  endfacet
  facet normal 0 -0.675495 -0.737365
    outer loop
      vertex -14.5102 2.2981 14.2981
      vertex -11.3049 2.08906 14.4896
      vertex -14.5377 2.08906 14.4896
    endloop
  endfacet
  facet normal 0 -0.675495 -0.737365
    outer loop
      vertex 11.3049 2.08906 14.4896
      vertex 14.5102 2.2981 14.2981
      vertex 14.5377 2.08906 14.4896
    endloop
  endfacet
  facet normal -0 -0.675495 -0.737365
    outer loop
      vertex 14.5102 2.2981 14.2981
      vertex 11.3049 2.08906 14.4896
      vertex 11.2585 2.2981 14.2981
    endloop
  endfacet
  facet normal 0 0.1305 0.991448
    outer loop
      vertex -11.4876 -0.283256 8.76237
      vertex -14.6754 -0.564356 8.79937
      vertex -11.4754 -0.564356 8.79937
    endloop
  endfacet
  facet normal 0 0.1305 0.991448
    outer loop
      vertex -14.6754 -0.564356 8.79937
      vertex -11.4876 -0.283256 8.76237
      vertex -14.6876 -0.283256 8.76237
    endloop
  endfacet
  facet normal -0 0.1305 0.991448
    outer loop
      vertex 11.4876 -0.283256 8.76237
      vertex 14.6754 -0.564356 8.79937
      vertex 14.6876 -0.283256 8.76237
    endloop
  endfacet
  facet normal 0 0.1305 0.991448
    outer loop
      vertex 14.6754 -0.564356 8.79937
      vertex 11.4876 -0.283256 8.76237
      vertex 11.4754 -0.564356 8.79937
    endloop
  endfacet
  facet normal 0 0.953714 -0.300716
    outer loop
      vertex -14.3466 -3.13926 12.8412
      vertex -11.0837 -3.054 13.1116
      vertex -11.0568 -3.13926 12.8412
    endloop
  endfacet
  facet normal 0 0.953714 -0.300716
    outer loop
      vertex -11.0837 -3.054 13.1116
      vertex -14.3466 -3.13926 12.8412
      vertex -14.3655 -3.054 13.1116
    endloop
  endfacet
  facet normal 0 0.953714 -0.300716
    outer loop
      vertex 14.3466 -3.13926 12.8412
      vertex 11.0837 -3.054 13.1116
      vertex 14.3655 -3.054 13.1116
    endloop
  endfacet
  facet normal 0 0.953714 -0.300716
    outer loop
      vertex 11.0837 -3.054 13.1116
      vertex 14.3466 -3.13926 12.8412
      vertex 11.0568 -3.13926 12.8412
    endloop
  endfacet
  facet normal 0 -0.843365 -0.537341
    outer loop
      vertex -14.4186 2.81458 13.625
      vertex -11.1778 2.66224 13.8641
      vertex -14.4524 2.66224 13.8641
    endloop
  endfacet
  facet normal 0 -0.843365 -0.537341
    outer loop
      vertex -11.1778 2.66224 13.8641
      vertex -14.4186 2.81458 13.625
      vertex -11.144 2.81458 13.625
    endloop
  endfacet
  facet normal -0 -0.843365 -0.537341
    outer loop
      vertex 14.4186 2.81458 13.625
      vertex 11.1778 2.66224 13.8641
      vertex 11.144 2.81458 13.625
    endloop
  endfacet
  facet normal 0 -0.843365 -0.537341
    outer loop
      vertex 11.1778 2.66224 13.8641
      vertex 14.4186 2.81458 13.625
      vertex 14.4524 2.66224 13.8641
    endloop
  endfacet
  facet normal 0 0.300764 0.953699
    outer loop
      vertex -11.4562 -1.00229 8.91154
      vertex -14.6515 -1.11156 8.946
      vertex -11.4419 -1.11156 8.946
    endloop
  endfacet
  facet normal 2.87596e-06 0.300687 0.953723
    outer loop
      vertex -11.4633 -0.841162 8.86074
      vertex -14.6515 -1.11156 8.946
      vertex -11.4562 -1.00229 8.91154
    endloop
  endfacet
  facet normal 0 0.300718 0.953713
    outer loop
      vertex -14.6515 -1.11156 8.946
      vertex -11.4633 -0.841162 8.86074
      vertex -14.6633 -0.841162 8.86074
    endloop
  endfacet
  facet normal -0 0.300718 0.953713
    outer loop
      vertex 11.4633 -0.841162 8.86074
      vertex 14.6515 -1.11156 8.946
      vertex 14.6633 -0.841162 8.86074
    endloop
  endfacet
  facet normal -2.87596e-06 0.300687 0.953723
    outer loop
      vertex 11.4562 -1.00229 8.91154
      vertex 14.6515 -1.11156 8.946
      vertex 11.4633 -0.841162 8.86074
    endloop
  endfacet
  facet normal 0 0.300764 0.953699
    outer loop
      vertex 14.6515 -1.11156 8.946
      vertex 11.4562 -1.00229 8.91154
      vertex 11.4419 -1.11156 8.946
    endloop
  endfacet
  facet normal 0 0.382674 0.923884
    outer loop
      vertex -11.4419 -1.11156 8.946
      vertex -14.6319 -1.37351 9.0545
      vertex -11.4074 -1.37351 9.0545
    endloop
  endfacet
  facet normal -7.6965e-07 0.382682 0.92388
    outer loop
      vertex -11.4419 -1.11156 8.946
      vertex -14.6441 -1.28119 9.01626
      vertex -14.6319 -1.37351 9.0545
    endloop
  endfacet
  facet normal 0 0.382669 0.923885
    outer loop
      vertex -14.6441 -1.28119 9.01626
      vertex -11.4419 -1.11156 8.946
      vertex -14.6515 -1.11156 8.946
    endloop
  endfacet
  facet normal 0.000165275 0.382663 0.923888
    outer loop
      vertex 14.6515 -1.11156 8.946
      vertex 14.6319 -1.37351 9.0545
      vertex 14.6441 -1.28119 9.01626
    endloop
  endfacet
  facet normal -0 0.382674 0.923884
    outer loop
      vertex 11.4419 -1.11156 8.946
      vertex 14.6319 -1.37351 9.0545
      vertex 14.6515 -1.11156 8.946
    endloop
  endfacet
  facet normal 0 0.382674 0.923884
    outer loop
      vertex 14.6319 -1.37351 9.0545
      vertex 11.4419 -1.11156 8.946
      vertex 11.4074 -1.37351 9.0545
    endloop
  endfacet
  facet normal 0 -0.461756 0.887007
    outer loop
      vertex -14.5988 1.625 9.18542
      vertex -11.4074 1.37351 9.0545
      vertex -11.3743 1.625 9.18542
    endloop
  endfacet
  facet normal 0 -0.461756 0.887007
    outer loop
      vertex -11.4074 1.37351 9.0545
      vertex -14.5988 1.625 9.18542
      vertex -14.6319 1.37351 9.0545
    endloop
  endfacet
  facet normal 0 -0.461756 0.887007
    outer loop
      vertex 14.5988 1.625 9.18542
      vertex 11.4074 1.37351 9.0545
      vertex 14.6319 1.37351 9.0545
    endloop
  endfacet
  facet normal 0 -0.461756 0.887007
    outer loop
      vertex 11.4074 1.37351 9.0545
      vertex 14.5988 1.625 9.18542
      vertex 11.3743 1.625 9.18542
    endloop
  endfacet
  facet normal 0 -0.537309 0.843385
    outer loop
      vertex -14.5673 1.86412 9.33776
      vertex -11.3743 1.625 9.18542
      vertex -11.3428 1.86412 9.33776
    endloop
  endfacet
  facet normal 0 -0.537309 0.843385
    outer loop
      vertex -11.3743 1.625 9.18542
      vertex -14.5673 1.86412 9.33776
      vertex -14.5988 1.625 9.18542
    endloop
  endfacet
  facet normal 0 -0.537309 0.843385
    outer loop
      vertex 14.5673 1.86412 9.33776
      vertex 11.3743 1.625 9.18542
      vertex 14.5988 1.625 9.18542
    endloop
  endfacet
  facet normal 0 -0.537309 0.843385
    outer loop
      vertex 11.3743 1.625 9.18542
      vertex 14.5673 1.86412 9.33776
      vertex 11.3428 1.86412 9.33776
    endloop
  endfacet
  facet normal 0 -0.301081 -0.953598
    outer loop
      vertex -11.4562 1.00229 15.0885
      vertex -14.6515 1.11156 15.054
      vertex -11.4419 1.11156 15.054
    endloop
  endfacet
  facet normal 1.47971e-05 -0.300688 -0.953723
    outer loop
      vertex -11.4633 0.841162 15.1393
      vertex -14.6515 1.11156 15.054
      vertex -11.4562 1.00229 15.0885
    endloop
  endfacet
  facet normal 0 -0.300846 -0.953673
    outer loop
      vertex -14.6515 1.11156 15.054
      vertex -11.4633 0.841162 15.1393
      vertex -14.6633 0.841162 15.1393
    endloop
  endfacet
  facet normal 0 -0.300846 -0.953673
    outer loop
      vertex 11.4633 0.841162 15.1393
      vertex 14.6515 1.11156 15.054
      vertex 14.6633 0.841162 15.1393
    endloop
  endfacet
  facet normal -1.47971e-05 -0.300688 -0.953723
    outer loop
      vertex 11.4562 1.00229 15.0885
      vertex 14.6515 1.11156 15.054
      vertex 11.4633 0.841162 15.1393
    endloop
  endfacet
  facet normal -0 -0.301081 -0.953598
    outer loop
      vertex 14.6515 1.11156 15.054
      vertex 11.4562 1.00229 15.0885
      vertex 11.4419 1.11156 15.054
    endloop
  endfacet
  facet normal 0 -0.793389 -0.608716
    outer loop
      vertex -14.4767 2.55263 14.007
      vertex -11.2161 2.48964 14.0891
      vertex -14.485 2.48964 14.0891
    endloop
  endfacet
  facet normal -3.88308e-06 -0.793463 -0.608618
    outer loop
      vertex -14.4524 2.66224 13.8641
      vertex -11.2161 2.48964 14.0891
      vertex -14.4767 2.55263 14.007
    endloop
  endfacet
  facet normal 0 -0.793436 -0.608654
    outer loop
      vertex -11.2161 2.48964 14.0891
      vertex -14.4524 2.66224 13.8641
      vertex -11.1778 2.66224 13.8641
    endloop
  endfacet
  facet normal 0 -0.793389 -0.608716
    outer loop
      vertex 11.2161 2.48964 14.0891
      vertex 14.4767 2.55263 14.007
      vertex 14.485 2.48964 14.0891
    endloop
  endfacet
  facet normal -0 -0.793436 -0.608654
    outer loop
      vertex 14.4524 2.66224 13.8641
      vertex 11.2161 2.48964 14.0891
      vertex 11.1778 2.66224 13.8641
    endloop
  endfacet
  facet normal 3.88308e-06 -0.793463 -0.608618
    outer loop
      vertex 11.2161 2.48964 14.0891
      vertex 14.4524 2.66224 13.8641
      vertex 14.4767 2.55263 14.007
    endloop
  endfacet
  facet normal 0 0.301081 -0.953598
    outer loop
      vertex -14.6515 -1.11156 15.054
      vertex -11.4562 -1.00229 15.0885
      vertex -11.4419 -1.11156 15.054
    endloop
  endfacet
  facet normal 1.47971e-05 0.300688 -0.953723
    outer loop
      vertex -14.6515 -1.11156 15.054
      vertex -11.4633 -0.841162 15.1393
      vertex -11.4562 -1.00229 15.0885
    endloop
  endfacet
  facet normal 0 0.300846 -0.953673
    outer loop
      vertex -11.4633 -0.841162 15.1393
      vertex -14.6515 -1.11156 15.054
      vertex -14.6633 -0.841162 15.1393
    endloop
  endfacet
  facet normal 0 0.300846 -0.953673
    outer loop
      vertex 14.6515 -1.11156 15.054
      vertex 11.4633 -0.841162 15.1393
      vertex 14.6633 -0.841162 15.1393
    endloop
  endfacet
  facet normal -1.47971e-05 0.300688 -0.953723
    outer loop
      vertex 14.6515 -1.11156 15.054
      vertex 11.4562 -1.00229 15.0885
      vertex 11.4633 -0.841162 15.1393
    endloop
  endfacet
  facet normal 0 0.301081 -0.953598
    outer loop
      vertex 11.4562 -1.00229 15.0885
      vertex 14.6515 -1.11156 15.054
      vertex 11.4419 -1.11156 15.054
    endloop
  endfacet
  facet normal 0 0.991444 -0.130535
    outer loop
      vertex -14.3248 -3.23763 12.2833
      vertex -11.0375 -3.20062 12.5644
      vertex -11.0258 -3.23763 12.2833
    endloop
  endfacet
  facet normal 0 0.991444 -0.130535
    outer loop
      vertex -11.0375 -3.20062 12.5644
      vertex -14.3248 -3.23763 12.2833
      vertex -14.333 -3.20062 12.5644
    endloop
  endfacet
  facet normal 0 0.991444 -0.130535
    outer loop
      vertex 14.3248 -3.23763 12.2833
      vertex 11.0375 -3.20062 12.5644
      vertex 14.333 -3.20062 12.5644
    endloop
  endfacet
  facet normal 0 0.991444 -0.130535
    outer loop
      vertex 11.0375 -3.20062 12.5644
      vertex 14.3248 -3.23763 12.2833
      vertex 11.0258 -3.23763 12.2833
    endloop
  endfacet
  facet normal 0 -0.216216 -0.976345
    outer loop
      vertex -11.4754 0.564356 15.2006
      vertex -14.6633 0.841162 15.1393
      vertex -11.4633 0.841162 15.1393
    endloop
  endfacet
  facet normal 0 -0.216216 -0.976345
    outer loop
      vertex -14.6633 0.841162 15.1393
      vertex -11.4754 0.564356 15.2006
      vertex -14.6754 0.564356 15.2006
    endloop
  endfacet
  facet normal 0 -0.216216 -0.976345
    outer loop
      vertex 11.4754 0.564356 15.2006
      vertex 14.6633 0.841162 15.1393
      vertex 14.6754 0.564356 15.2006
    endloop
  endfacet
  facet normal -0 -0.216216 -0.976345
    outer loop
      vertex 14.6633 0.841162 15.1393
      vertex 11.4754 0.564356 15.2006
      vertex 11.4633 0.841162 15.1393
    endloop
  endfacet
  facet normal 0 -0.9763 0.216423
    outer loop
      vertex -11.0568 3.13926 11.1588
      vertex -14.333 3.20062 11.4356
      vertex -14.3466 3.13926 11.1588
    endloop
  endfacet
  facet normal 0 -0.9763 0.216423
    outer loop
      vertex -14.333 3.20062 11.4356
      vertex -11.0568 3.13926 11.1588
      vertex -11.0375 3.20062 11.4356
    endloop
  endfacet
  facet normal 0 -0.9763 0.216423
    outer loop
      vertex 11.0568 3.13926 11.1588
      vertex 14.333 3.20062 11.4356
      vertex 11.0375 3.20062 11.4356
    endloop
  endfacet
  facet normal 0 -0.9763 0.216423
    outer loop
      vertex 14.333 3.20062 11.4356
      vertex 11.0568 3.13926 11.1588
      vertex 14.3466 3.13926 11.1588
    endloop
  endfacet
  facet normal 0 -0.4617 -0.887036
    outer loop
      vertex -11.4074 1.37351 14.9455
      vertex -14.5988 1.625 14.8146
      vertex -11.3743 1.625 14.8146
    endloop
  endfacet
  facet normal 0 -0.4617 -0.887036
    outer loop
      vertex -14.5988 1.625 14.8146
      vertex -11.4074 1.37351 14.9455
      vertex -14.6319 1.37351 14.9455
    endloop
  endfacet
  facet normal 0 -0.4617 -0.887036
    outer loop
      vertex 11.4074 1.37351 14.9455
      vertex 14.5988 1.625 14.8146
      vertex 14.6319 1.37351 14.9455
    endloop
  endfacet
  facet normal -0 -0.4617 -0.887036
    outer loop
      vertex 14.5988 1.625 14.8146
      vertex 11.4074 1.37351 14.9455
      vertex 11.3743 1.625 14.8146
    endloop
  endfacet
  facet normal 0 0.4617 -0.887036
    outer loop
      vertex -14.5988 -1.625 14.8146
      vertex -11.4074 -1.37351 14.9455
      vertex -11.3743 -1.625 14.8146
    endloop
  endfacet
  facet normal 0 0.4617 -0.887036
    outer loop
      vertex -11.4074 -1.37351 14.9455
      vertex -14.5988 -1.625 14.8146
      vertex -14.6319 -1.37351 14.9455
    endloop
  endfacet
  facet normal 0 0.4617 -0.887036
    outer loop
      vertex 14.5988 -1.625 14.8146
      vertex 11.4074 -1.37351 14.9455
      vertex 14.6319 -1.37351 14.9455
    endloop
  endfacet
  facet normal 0 0.4617 -0.887036
    outer loop
      vertex 11.4074 -1.37351 14.9455
      vertex 14.5988 -1.625 14.8146
      vertex 11.3743 -1.625 14.8146
    endloop
  endfacet
  facet normal 0 0.9763 -0.216423
    outer loop
      vertex -14.333 -3.20062 12.5644
      vertex -11.0568 -3.13926 12.8412
      vertex -11.0375 -3.20062 12.5644
    endloop
  endfacet
  facet normal 0 0.9763 -0.216423
    outer loop
      vertex -11.0568 -3.13926 12.8412
      vertex -14.333 -3.20062 12.5644
      vertex -14.3466 -3.13926 12.8412
    endloop
  endfacet
  facet normal 0 0.9763 -0.216423
    outer loop
      vertex 14.333 -3.20062 12.5644
      vertex 11.0568 -3.13926 12.8412
      vertex 14.3466 -3.13926 12.8412
    endloop
  endfacet
  facet normal 0 0.9763 -0.216423
    outer loop
      vertex 11.0568 -3.13926 12.8412
      vertex 14.333 -3.20062 12.5644
      vertex 11.0375 -3.20062 12.5644
    endloop
  endfacet
  facet normal 0 -0.953714 -0.300716
    outer loop
      vertex -14.3466 3.13926 12.8412
      vertex -11.0837 3.054 13.1116
      vertex -14.3655 3.054 13.1116
    endloop
  endfacet
  facet normal 0 -0.953714 -0.300716
    outer loop
      vertex -11.0837 3.054 13.1116
      vertex -14.3466 3.13926 12.8412
      vertex -11.0568 3.13926 12.8412
    endloop
  endfacet
  facet normal -0 -0.953714 -0.300716
    outer loop
      vertex 14.3466 3.13926 12.8412
      vertex 11.0837 3.054 13.1116
      vertex 11.0568 3.13926 12.8412
    endloop
  endfacet
  facet normal 0 -0.953714 -0.300716
    outer loop
      vertex 11.0837 3.054 13.1116
      vertex 14.3466 3.13926 12.8412
      vertex 14.3655 3.054 13.1116
    endloop
  endfacet
  facet normal 0 0.675495 -0.737365
    outer loop
      vertex -14.5102 -2.2981 14.2981
      vertex -11.3049 -2.08906 14.4896
      vertex -11.2585 -2.2981 14.2981
    endloop
  endfacet
  facet normal 0 0.675495 -0.737365
    outer loop
      vertex -11.3049 -2.08906 14.4896
      vertex -14.5102 -2.2981 14.2981
      vertex -14.5377 -2.08906 14.4896
    endloop
  endfacet
  facet normal 0 0.675495 -0.737365
    outer loop
      vertex 14.5102 -2.2981 14.2981
      vertex 11.3049 -2.08906 14.4896
      vertex 14.5377 -2.08906 14.4896
    endloop
  endfacet
  facet normal 0 0.675495 -0.737365
    outer loop
      vertex 11.3049 -2.08906 14.4896
      vertex 14.5102 -2.2981 14.2981
      vertex 11.2585 -2.2981 14.2981
    endloop
  endfacet
  facet normal 0 -0.382674 -0.923884
    outer loop
      vertex -11.4419 1.11156 15.054
      vertex -14.6319 1.37351 14.9455
      vertex -11.4074 1.37351 14.9455
    endloop
  endfacet
  facet normal 3.17529e-05 -0.382344 -0.92402
    outer loop
      vertex -11.4419 1.11156 15.054
      vertex -14.6441 1.28119 14.9837
      vertex -14.6319 1.37351 14.9455
    endloop
  endfacet
  facet normal 0 -0.382855 -0.923808
    outer loop
      vertex -14.6441 1.28119 14.9837
      vertex -11.4419 1.11156 15.054
      vertex -14.6515 1.11156 15.054
    endloop
  endfacet
  facet normal -0.00681609 -0.3831 -0.923682
    outer loop
      vertex 14.6515 1.11156 15.054
      vertex 14.6319 1.37351 14.9455
      vertex 14.6441 1.28119 14.9837
    endloop
  endfacet
  facet normal 0 -0.382674 -0.923884
    outer loop
      vertex 11.4419 1.11156 15.054
      vertex 14.6319 1.37351 14.9455
      vertex 14.6515 1.11156 15.054
    endloop
  endfacet
  facet normal -0 -0.382674 -0.923884
    outer loop
      vertex 14.6319 1.37351 14.9455
      vertex 11.4419 1.11156 15.054
      vertex 11.4074 1.37351 14.9455
    endloop
  endfacet
  facet normal 0 0.382674 -0.923884
    outer loop
      vertex -14.6319 -1.37351 14.9455
      vertex -11.4419 -1.11156 15.054
      vertex -11.4074 -1.37351 14.9455
    endloop
  endfacet
  facet normal 3.17529e-05 0.382344 -0.92402
    outer loop
      vertex -14.6441 -1.28119 14.9837
      vertex -11.4419 -1.11156 15.054
      vertex -14.6319 -1.37351 14.9455
    endloop
  endfacet
  facet normal 0 0.382855 -0.923808
    outer loop
      vertex -11.4419 -1.11156 15.054
      vertex -14.6441 -1.28119 14.9837
      vertex -14.6515 -1.11156 15.054
    endloop
  endfacet
  facet normal -0.00681609 0.3831 -0.923682
    outer loop
      vertex 14.6319 -1.37351 14.9455
      vertex 14.6515 -1.11156 15.054
      vertex 14.6441 -1.28119 14.9837
    endloop
  endfacet
  facet normal 0 0.382674 -0.923884
    outer loop
      vertex 14.6319 -1.37351 14.9455
      vertex 11.4419 -1.11156 15.054
      vertex 14.6515 -1.11156 15.054
    endloop
  endfacet
  facet normal 0 0.382674 -0.923884
    outer loop
      vertex 11.4419 -1.11156 15.054
      vertex 14.6319 -1.37351 14.9455
      vertex 11.4074 -1.37351 14.9455
    endloop
  endfacet
  facet normal 0 0.1305 -0.991448
    outer loop
      vertex -14.6754 -0.564356 15.2006
      vertex -11.4876 -0.283256 15.2376
      vertex -11.4754 -0.564356 15.2006
    endloop
  endfacet
  facet normal 0 0.1305 -0.991448
    outer loop
      vertex -11.4876 -0.283256 15.2376
      vertex -14.6754 -0.564356 15.2006
      vertex -14.6876 -0.283256 15.2376
    endloop
  endfacet
  facet normal 0 0.1305 -0.991448
    outer loop
      vertex 14.6754 -0.564356 15.2006
      vertex 11.4876 -0.283256 15.2376
      vertex 14.6876 -0.283256 15.2376
    endloop
  endfacet
  facet normal 0 0.1305 -0.991448
    outer loop
      vertex 11.4876 -0.283256 15.2376
      vertex 14.6754 -0.564356 15.2006
      vertex 11.4754 -0.564356 15.2006
    endloop
  endfacet
  facet normal 0 0.953714 0.300716
    outer loop
      vertex -11.0837 -3.054 10.8884
      vertex -14.3466 -3.13926 11.1588
      vertex -11.0568 -3.13926 11.1588
    endloop
  endfacet
  facet normal 0 0.953714 0.300716
    outer loop
      vertex -14.3466 -3.13926 11.1588
      vertex -11.0837 -3.054 10.8884
      vertex -14.3655 -3.054 10.8884
    endloop
  endfacet
  facet normal -0 0.953714 0.300716
    outer loop
      vertex 11.0837 -3.054 10.8884
      vertex 14.3466 -3.13926 11.1588
      vertex 14.3655 -3.054 10.8884
    endloop
  endfacet
  facet normal 0 0.953714 0.300716
    outer loop
      vertex 14.3466 -3.13926 11.1588
      vertex 11.0837 -3.054 10.8884
      vertex 11.0568 -3.13926 11.1588
    endloop
  endfacet
  facet normal 0 0.537309 0.843385
    outer loop
      vertex -11.3743 -1.625 9.18542
      vertex -14.5673 -1.86412 9.33776
      vertex -11.3428 -1.86412 9.33776
    endloop
  endfacet
  facet normal 0 0.537309 0.843385
    outer loop
      vertex -14.5673 -1.86412 9.33776
      vertex -11.3743 -1.625 9.18542
      vertex -14.5988 -1.625 9.18542
    endloop
  endfacet
  facet normal -0 0.537309 0.843385
    outer loop
      vertex 11.3743 -1.625 9.18542
      vertex 14.5673 -1.86412 9.33776
      vertex 14.5988 -1.625 9.18542
    endloop
  endfacet
  facet normal 0 0.537309 0.843385
    outer loop
      vertex 14.5673 -1.86412 9.33776
      vertex 11.3743 -1.625 9.18542
      vertex 11.3428 -1.86412 9.33776
    endloop
  endfacet
  facet normal 0 -0.887015 -0.461741
    outer loop
      vertex -14.3896 2.9455 13.3735
      vertex -11.144 2.81458 13.625
      vertex -14.4186 2.81458 13.625
    endloop
  endfacet
  facet normal 0 -0.887015 -0.461741
    outer loop
      vertex -11.144 2.81458 13.625
      vertex -14.3896 2.9455 13.3735
      vertex -11.115 2.9455 13.3735
    endloop
  endfacet
  facet normal -0 -0.887015 -0.461741
    outer loop
      vertex 14.3896 2.9455 13.3735
      vertex 11.144 2.81458 13.625
      vertex 11.115 2.9455 13.3735
    endloop
  endfacet
  facet normal 0 -0.887015 -0.461741
    outer loop
      vertex 11.144 2.81458 13.625
      vertex 14.3896 2.9455 13.3735
      vertex 14.4186 2.81458 13.625
    endloop
  endfacet
  facet normal 0 -0.887015 0.461741
    outer loop
      vertex -11.144 2.81458 10.375
      vertex -14.3896 2.9455 10.6265
      vertex -14.4186 2.81458 10.375
    endloop
  endfacet
  facet normal 0 -0.887015 0.461741
    outer loop
      vertex -14.3896 2.9455 10.6265
      vertex -11.144 2.81458 10.375
      vertex -11.115 2.9455 10.6265
    endloop
  endfacet
  facet normal 0 -0.887015 0.461741
    outer loop
      vertex 11.144 2.81458 10.375
      vertex 14.3896 2.9455 10.6265
      vertex 11.115 2.9455 10.6265
    endloop
  endfacet
  facet normal 0 -0.887015 0.461741
    outer loop
      vertex 14.3896 2.9455 10.6265
      vertex 11.144 2.81458 10.375
      vertex 14.4186 2.81458 10.375
    endloop
  endfacet
  facet normal 0 -0.923883 0.382674
    outer loop
      vertex -14.3655 3.054 10.8884
      vertex -11.1081 2.97642 10.7011
      vertex -11.0837 3.054 10.8884
    endloop
  endfacet
  facet normal 0 -0.923858 0.382736
    outer loop
      vertex -11.115 2.9455 10.6265
      vertex -14.3655 3.054 10.8884
      vertex -14.3896 2.9455 10.6265
    endloop
  endfacet
  facet normal 1.45511e-05 -0.923794 0.38289
    outer loop
      vertex -14.3655 3.054 10.8884
      vertex -11.115 2.9455 10.6265
      vertex -11.1081 2.97642 10.7011
    endloop
  endfacet
  facet normal 0 -0.923883 0.382674
    outer loop
      vertex 11.1081 2.97642 10.7011
      vertex 14.3655 3.054 10.8884
      vertex 11.0837 3.054 10.8884
    endloop
  endfacet
  facet normal -1.45511e-05 -0.923794 0.38289
    outer loop
      vertex 11.115 2.9455 10.6265
      vertex 14.3655 3.054 10.8884
      vertex 11.1081 2.97642 10.7011
    endloop
  endfacet
  facet normal 0 -0.923858 0.382736
    outer loop
      vertex 14.3655 3.054 10.8884
      vertex 11.115 2.9455 10.6265
      vertex 14.3896 2.9455 10.6265
    endloop
  endfacet
  facet normal 0 -0.991444 0.130535
    outer loop
      vertex -11.0375 3.20062 11.4356
      vertex -14.3248 3.23763 11.7167
      vertex -14.333 3.20062 11.4356
    endloop
  endfacet
  facet normal 0 -0.991444 0.130535
    outer loop
      vertex -14.3248 3.23763 11.7167
      vertex -11.0375 3.20062 11.4356
      vertex -11.0258 3.23763 11.7167
    endloop
  endfacet
  facet normal 0 -0.991444 0.130535
    outer loop
      vertex 11.0375 3.20062 11.4356
      vertex 14.3248 3.23763 11.7167
      vertex 11.0258 3.23763 11.7167
    endloop
  endfacet
  facet normal 0 -0.991444 0.130535
    outer loop
      vertex 14.3248 3.23763 11.7167
      vertex 11.0375 3.20062 11.4356
      vertex 14.333 3.20062 11.4356
    endloop
  endfacet
  facet normal 0 0.999048 -0.0436224
    outer loop
      vertex -14.3221 -3.25 12
      vertex -11.0258 -3.23763 12.2833
      vertex -11.0219 -3.25 12
    endloop
  endfacet
  facet normal 0 0.999048 -0.0436224
    outer loop
      vertex -11.0258 -3.23763 12.2833
      vertex -14.3221 -3.25 12
      vertex -14.3248 -3.23763 12.2833
    endloop
  endfacet
  facet normal 0 0.999048 -0.0436224
    outer loop
      vertex 14.3221 -3.25 12
      vertex 11.0258 -3.23763 12.2833
      vertex 14.3248 -3.23763 12.2833
    endloop
  endfacet
  facet normal 0 0.999048 -0.0436224
    outer loop
      vertex 11.0258 -3.23763 12.2833
      vertex 14.3221 -3.25 12
      vertex 11.0219 -3.25 12
    endloop
  endfacet
  facet normal 1.45511e-05 0.923794 -0.38289
    outer loop
      vertex -14.3655 -3.054 13.1116
      vertex -11.115 -2.9455 13.3735
      vertex -11.1081 -2.97642 13.2989
    endloop
  endfacet
  facet normal 0 0.923883 -0.382674
    outer loop
      vertex -14.3655 -3.054 13.1116
      vertex -11.1081 -2.97642 13.2989
      vertex -11.0837 -3.054 13.1116
    endloop
  endfacet
  facet normal 0 0.923858 -0.382736
    outer loop
      vertex -11.115 -2.9455 13.3735
      vertex -14.3655 -3.054 13.1116
      vertex -14.3896 -2.9455 13.3735
    endloop
  endfacet
  facet normal 0 0.923858 -0.382736
    outer loop
      vertex 14.3655 -3.054 13.1116
      vertex 11.115 -2.9455 13.3735
      vertex 14.3896 -2.9455 13.3735
    endloop
  endfacet
  facet normal -1.45511e-05 0.923794 -0.38289
    outer loop
      vertex 11.115 -2.9455 13.3735
      vertex 14.3655 -3.054 13.1116
      vertex 11.1081 -2.97642 13.2989
    endloop
  endfacet
  facet normal 0 0.923883 -0.382674
    outer loop
      vertex 11.1081 -2.97642 13.2989
      vertex 14.3655 -3.054 13.1116
      vertex 11.0837 -3.054 13.1116
    endloop
  endfacet
  facet normal 0 0.887015 0.461741
    outer loop
      vertex -11.144 -2.81458 10.375
      vertex -14.3896 -2.9455 10.6265
      vertex -11.115 -2.9455 10.6265
    endloop
  endfacet
  facet normal 0 0.887015 0.461741
    outer loop
      vertex -14.3896 -2.9455 10.6265
      vertex -11.144 -2.81458 10.375
      vertex -14.4186 -2.81458 10.375
    endloop
  endfacet
  facet normal -0 0.887015 0.461741
    outer loop
      vertex 11.144 -2.81458 10.375
      vertex 14.3896 -2.9455 10.6265
      vertex 14.4186 -2.81458 10.375
    endloop
  endfacet
  facet normal 0 0.887015 0.461741
    outer loop
      vertex 14.3896 -2.9455 10.6265
      vertex 11.144 -2.81458 10.375
      vertex 11.115 -2.9455 10.6265
    endloop
  endfacet
  facet normal 0 0.887015 -0.461741
    outer loop
      vertex -14.3896 -2.9455 13.3735
      vertex -11.144 -2.81458 13.625
      vertex -11.115 -2.9455 13.3735
    endloop
  endfacet
  facet normal 0 0.887015 -0.461741
    outer loop
      vertex -11.144 -2.81458 13.625
      vertex -14.3896 -2.9455 13.3735
      vertex -14.4186 -2.81458 13.625
    endloop
  endfacet
  facet normal 0 0.887015 -0.461741
    outer loop
      vertex 14.3896 -2.9455 13.3735
      vertex 11.144 -2.81458 13.625
      vertex 14.4186 -2.81458 13.625
    endloop
  endfacet
  facet normal 0 0.887015 -0.461741
    outer loop
      vertex 11.144 -2.81458 13.625
      vertex 14.3896 -2.9455 13.3735
      vertex 11.115 -2.9455 13.3735
    endloop
  endfacet
  facet normal 0 0.216452 0.976293
    outer loop
      vertex -11.4754 -0.564356 8.79937
      vertex -14.6633 -0.841162 8.86074
      vertex -11.4633 -0.841162 8.86074
    endloop
  endfacet
  facet normal 0 0.216452 0.976293
    outer loop
      vertex -14.6633 -0.841162 8.86074
      vertex -11.4754 -0.564356 8.79937
      vertex -14.6754 -0.564356 8.79937
    endloop
  endfacet
  facet normal -0 0.216452 0.976293
    outer loop
      vertex 11.4754 -0.564356 8.79937
      vertex 14.6633 -0.841162 8.86074
      vertex 14.6754 -0.564356 8.79937
    endloop
  endfacet
  facet normal 0 0.216452 0.976293
    outer loop
      vertex 14.6633 -0.841162 8.86074
      vertex 11.4754 -0.564356 8.79937
      vertex 11.4633 -0.841162 8.86074
    endloop
  endfacet
  facet normal 0 0.843365 -0.537341
    outer loop
      vertex -14.4186 -2.81458 13.625
      vertex -11.1778 -2.66224 13.8641
      vertex -11.144 -2.81458 13.625
    endloop
  endfacet
  facet normal 0 0.843365 -0.537341
    outer loop
      vertex -11.1778 -2.66224 13.8641
      vertex -14.4186 -2.81458 13.625
      vertex -14.4524 -2.66224 13.8641
    endloop
  endfacet
  facet normal 0 0.843365 -0.537341
    outer loop
      vertex 14.4186 -2.81458 13.625
      vertex 11.1778 -2.66224 13.8641
      vertex 14.4524 -2.66224 13.8641
    endloop
  endfacet
  facet normal 0 0.843365 -0.537341
    outer loop
      vertex 11.1778 -2.66224 13.8641
      vertex 14.4186 -2.81458 13.625
      vertex 11.144 -2.81458 13.625
    endloop
  endfacet
endsolid OpenSCAD_Model
